case,fold,category,id1,id2,target,q_ce,q_llm,name1,name2
label0_models_say_match,fold_01,Бытовая техника,635655277086,240518257448,0,0.997,1.0,"hisense rb-343d4cw1, холодильник, белый",холодильник с морозильником hisense rb343d4cw1 белый
label0_models_say_match,fold_02,Автотовары,412316929911,850403641166,0,1.0,0.997,датчик quattro freni qf02b00006,датчик quattro freni qf02b00006
label0_models_say_match,fold_04,Автотовары,292057924751,523986019316,0,1.0,0.997,miles ролик ремня грм mitsubishi galant/lancer/l200 2.0/2.4d -07 (ina 531019320) ag02016,ролик ремня грм mitsubishi galant/lancer/l200 2.0/2.4d -07 ag02016
label0_models_say_match,fold_01,Автотовары,292057841759,223338302547,0,0.998,0.996,лампа накаливания lynxauto l14621y,"lynxauto лампа автомобильная p21/5w, 10 шт. арт. l14621y"
label0_models_say_match,fold_04,Музыкальные инструменты,34359830476,420906887497,0,0.996,0.994,"d'andrea cp23 md blk - упаковка медиаторов, толщина: 0.73 мм, 72 шт.","d'andrea cp23 md blk медиаторы, толщина 0.73 мм, 72 шт"
label0_models_say_match,fold_02,Товары для животных,824633814537,274878056740,0,0.998,0.99,"миска ""мур-мяу"" для кошек 0,3 л, 14,5 x 14,5 x 4 см, голубая","пижон миска ""мур-мяу"" для кошек 0,3 л, 14,5 x 14,5 x 4 см, голубая"
label0_models_say_match,fold_02,Хобби и творчество,601295519483,824633762183,0,0.992,0.996,"пластилин восковой гамма ""пчелка"", 10 цветов, 123 гр, со стеком (280031н)","гамма / пластилин восковой ""пчелка"", 10 цветов, 123 гр, со стеком"
label0_models_say_match,fold_03,Автотовары,42949682211,188978573752,0,0.989,0.997,"g-energy synthetic active 5w-30, масло моторное, синтетическое, 5 л",g-energy / масло моторное g-energy synthetic active 5w30 5 л
label0_models_say_match,fold_04,Автотовары,644245226632,618475322112,0,0.992,0.992,"gazpromneft масло трансмиссионное, 4 л",масло gl-4 80w-85 4л gazpromneft 2389901366
label0_models_say_match,fold_03,Детские товары,360777309433,317827603414,0,0.995,0.989,"конструктор ""архитектура лондон"" 488 деталей",lion toys / конструктор архитектура лондон
label0_models_say_match,fold_02,Музыкальные инструменты,601295442584,94489346756,0,0.991,0.993,"gardenia / каподастр для акустической гитары, gp005","gp005 каподастр для акустической гитары, gardenia"
label0_models_say_match,fold_04,Бытовая химия,360777375600,584115628659,0,0.99,0.994,chirton / освежитель воздуха лайт эир шоколадное ассорти,"освежитель воздуха чиртон лайт эйр ""шоколадное ассорти"", 300 мл"
label0_models_say_match,fold_04,Автотовары,403727070501,386547188458,0,0.999,0.984,lynxauto / сайлентблок переднего рычага подвески -,"lynxauto сайлентблок, арт. c9251"
label0_models_say_match,fold_03,Бытовая техника,824633841597,266287977580,0,0.992,0.99,без бренда температурный датчик сушки для стиральных машин whirlpool вирпул 482000028298,температурный датчик сушки для стиральных машин whirlpool вирпул 482000028298
label0_models_say_match,fold_02,Бытовая техника,231928323057,566935762788,0,0.989,0.993,bbk вакуумный упаковщик bvs801,bbk / вакуумный упаковщик bvs801
label0_models_say_match,fold_02,Музыкальные инструменты,60129618064,395137157258,0,0.985,0.997,"a506p-sl комплект струн для электрогитары, никель, 9-42 alice","alice / струны для электрогитары alice a506p-sl, никель 9-42"
label0_models_say_match,fold_01,Канцелярские товары,60129579350,395137010891,0,0.993,0.988,"папка для тетрадей officespace ""artspace"", sweet dreams, 1 отделение, а5, 240х190х40 мм, пластик, на молнии (птл-715_48917)","папка для тетрадей officespace ""artspace"", sweet dreams, 1 отделение, а5, 240х190х40 мм, пластик, на молнии (птл-715_48917)"
label0_models_say_match,fold_01,Музыкальные инструменты,833223656431,773094195500,0,0.996,0.985,"classic s комплект струн для классической гитары, сталь/медь,сталь,никель, 10-38, thomastik kf110",струны для классической гитары thomastik-infeld classic s kf110 10-38
label0_models_say_match,fold_01,Хобби и творчество,214748409405,137438995539,0,0.991,0.989,"фартук-накидка с рукавами для труда и занятий творчеством юнландия синий, 50х65 см","фартук-накидка с рукавами для труда и занятий творчеством юнландия, 50х65 см, синий, 229185"
label0_models_say_match,fold_03,Электроника,670015008863,816043910301,0,0.986,0.994,медиаконвертер d-link dmc-f20sc-bxu/b1a,d-link медиаконвертер dmc-f20sc-bxu/b1a
label0_models_say_match,fold_03,Музыкальные инструменты,515396199790,661425014454,0,0.986,0.994,струны для акустической гитары ernie ball 2146,cтруны для акустической гитары ernie ball 2146
label0_models_say_match,fold_02,Автотовары,489626293983,841813653476,0,0.995,0.984,bosch / фильтр воздушный suzuki grand vitara jb (1.6/2.0),bosch фильтр воздушный арт. f026400125
label0_models_say_match,fold_03,Автотовары,730144448530,833223712204,0,0.994,0.985,js asakashi фильтр топливный арт. fs21005,js asakashi / топливный фильтр js fs21005
label0_models_say_match,fold_02,Автотовары,627065349816,773094209294,0,0.997,0.982,sailun ice blazer wst3 шины зимние 205/55  r16 94t шипованные,sailun / шины зимние шипованные 205/55r16 94t xl ice blazer wst3
label0_models_say_match,fold_01,Товары для животных,274877920600,558345916269,0,0.979,0.999,"туалет средний с сеткой 36 х 26 х 6,5 см, красный","no name туалет средний с сеткой 36 х 26 х 6,5 см, красный,"
label0_models_say_match,fold_01,Бытовая химия,541165944361,824633762257,0,0.98,0.997,airwick / освежитель воздуха airwick травяной чай и зимний лес 290 мл,"airwick освежитель воздуха, сибирская сказка травяной чай и зимний лес, 290 мл"
label0_models_say_match,fold_04,Музыкальные инструменты,609885398785,584115599261,0,0.984,0.993,"укулеле сопрано kaimana uk-21 ppm , цвет фиолетовый матовый",укулеле сопрано kaimana uk-21 ppm
label0_models_say_match,fold_03,Музыкальные инструменты,386547086353,584115577620,0,0.984,0.992,"комплект струн для акустической гитары olympia cta1152, 11-52",струны для акустической гитары olympia cta1152
label0_models_say_match,fold_04,Электроника,240518174870,695784798569,0,0.976,1.0,камера видеонаблюдения ip trassir tr-d2121ir3w 3.6-3.6мм цв. корп: белый (tr-d2121ir3w (3.6 mm)),камера видеонаблюдения ip trassir tr-d2121ir3w 3.6-3.6мм цв. корп.:белый (tr-d2121ir3w (3.6 mm))
label0_models_say_match,fold_03,Музыкальные инструменты,223338368317,197568506108,0,0.996,0.98,"bosstone gs-303rs ремень для гитары, тканевый с рисунком черепа, красный","bosstone gs-303rs ремень для гитары, тканевый красный с рисунком черепа"
label0_models_say_match,fold_04,Канцелярские товары,386547090559,747324441145,0,0.988,0.988,"стержень для гелевой ручки crown hi-jell hjr-200, 0.5 мм, 138 мм черный 12 шт.","стержень гелевый crown ""hi-jell"" черный, 138мм, 0,5мм (12 шт), hjr-200"
label0_models_say_match,fold_01,Дом и сад,326417526486,841813596886,0,0.992,0.982,аэлита / маттиола летний вечер,"маттиола летний вечер 0,5г"
label0_models_say_match,fold_02,Электроника,618475420241,592705607861,0,0.977,0.996,картридж лазерный cactus cs-tk8800c голубой (20000стр.) для kyocera ecosys p8060cdn,картридж лазерный cactus cs-tk8800c tk-8800c голубой (20000стр.) для kyocera ecosys p8060cdn
label0_models_say_match,fold_03,Хобби и творчество,807453912892,798863998591,0,0.989,0.984,"настольная игра ""дабл. смайлики"", 20 карточек","десятое королевство настольная игра «дабл. смайлики», 20 карточек"
label0_models_say_match,fold_01,Музыкальные инструменты,137439085550,369367251561,0,0.976,0.998,тюнер на прищепке musedo t-2046bd,тюнер musedo t-2046bd
label0_models_say_match,fold_03,Товары для животных,644245233619,730144547361,0,0.995,0.978,"пижон щётка - пуходёрка для среднешерстных животных, с каплями, 85 х 46 мм, черная","щётка - пуходёрка для среднешерстных животных, с каплями, 85 х 46 мм, черная, 1 шт."
label0_models_say_match,fold_01,Бытовая химия,695784805881,841813638254,0,0.987,0.986,средство для мытья пола grass arena с полирующим эффектом цветущий лотос 1л 1537427,"grass средство для пола с полирующим эффектом arena цветущий лотос, 1 л"
label0_models_say_match,fold_02,Дом и сад,781684057758,352187483043,0,0.991,0.981,"добрушский фарфоровый завод, тарелка мелкая ""лесовичок"", d - 17 см, рисунок микс","добрушский фарфоровый завод тарелка мелкая «лесовичок», d=17 см, рисунок микс"
label0_models_say_match,fold_01,Музыкальные инструменты,747324402597,395137114208,0,0.977,0.995,"трещотка-вертушка деревянная, fleet tc3181",трещотка fleet tc3181
label0_models_say_match,fold_01,Красота и гигиена,695784842079,618475368739,0,0.973,0.998,лесной бальзам зубная паста organic oils минеральное укрепление 75 мл,"зубная паста лесной бальзам organic oils минеральное укрепление, 75мл"
label0_models_say_match,fold_02,Продукты питания,695784710530,755914283517,0,0.974,0.998,"чай в пакетиках зеленый greenfield / гринфилд flying dragon классический, 100шт. / продукты питания",чай greenfield flying dragon зеленый 100 пакетиков
label0_models_say_match,fold_03,Спорт и отдых,807453900146,395137054865,0,0.977,0.993,"мастер к. бинокль 7х50, ""путешественник"", линзы рубин, с выемками на вставках","бинокль 7х50, ""путешественник"", линзы рубин, с выемками на вставках"
label0_models_say_match,fold_03,Дом и сад,652835126738,94489427301,0,0.987,0.983,"картридж сменный zein ps-10sl, полипропиленовая нить, 25 мкм","картридж сменный zein ps-10sl, полипропиленовая нить, 25 мкм"
label0_models_say_match,fold_02,Товары для животных,300647781686,592705628339,0,0.971,0.999,"корм влажный felix суп с говядиной для взрослых кошек, 48 г",влажный корм felix суп с говядиной для взрослых кошек 48 г
label0_models_say_match,fold_02,Спорт и отдых,412316920311,678604882686,0,0.971,0.999,"силиконовая приманка minoga action 4"" (6шт) 100мм, цвет 623","силиконовая приманка minoga action 4"" (6шт) 100мм, цвет 623"
label0_models_say_match,fold_04,Бытовая техника,584115629924,369367197616,0,0.979,0.99,scarlett утюг sc-si30k51,scarlett / утюг scarlett sc-si30k51 фиолетовый
label0_models_say_match,fold_04,Дом и сад,137439072670,463856534733,0,0.998,0.971,"органайзеры-пентаур / короб стеллажный для хранения с крышкой ""страны"", 38х25х25см","короб стеллажный для хранения с крышкой ""страны"", 38х25х25 см"
label0_models_say_match,fold_02,Музыкальные инструменты,635655230054,592705506500,0,0.979,0.99,"m221l синтезатор, 61 клавиша, medeli / m221l синтезатор, 61 клавиша, medeli",medeli m221l
label0_models_say_match,fold_03,Автотовары,824633777735,103079304107,0,0.984,0.984,felix / антифриз felix carbox x freeze красный 1 л 430206073,"x-freeze антифриз, 1 л"
label0_models_say_match,fold_03,Детские товары,292057794763,94489326455,0,0.998,0.969,"сималенд / конструктор мой мир, 83 детали","конструктор мой мир, 83 детали"
label0_models_say_match,fold_02,Дом и сад,652835158490,274878036808,0,0.997,0.969,"in mother's hands / матрёшка ""марина"", сине-белое платье, 3",матрешка 
label0_models_say_match,fold_01,Бытовая химия,506806259140,549755925688,0,0.967,0.999,"блок для очищения унитаза domestos power 5 trio «ледяная магнолия», 3 шт. по 55 г","блок для унитаза domestos power 5 trio ледяная магнолия, защита от микробов и налета, 55 г 3 шт."
label0_models_say_match,fold_01,Бытовая техника,532575981210,403726979978,0,0.968,0.997,"плитка электрическая настольная одноконфорочная белая, спираль, 220*67*225 мм, 230 в, 1 квт, шнур 0,8 м.","tdm electric плитка электрическая настольная одноконфорочная белая, спираль, 220*67*225 мм, 230 в, 1 квт, шнур 0,8 м."
label0_models_say_match,fold_01,Строительство и ремонт,652835173672,790274074241,0,0.991,0.974,"huter / мойка высокого давления, автомойка, минимойка huter m135-hp",мойка высокого давления huter m135-hp
label0_models_say_match,fold_03,Музыкальные инструменты,68719526984,395137043191,0,0.986,0.978,кейс для гитары gator gc-lps,"кейс gator gc-lps,пластиковый, для гитар типа лес пол, делюкс, черный, вес 3,81 кг"
label0_models_say_match,fold_02,Бытовая химия,188978612586,377957129757,0,0.978,0.986,"чистящее средство 750 мл, dosia (дося) ""лимон"", для сантехники, дезинфицирующий и отбеливающий эффект, гель","чистящее средство 750 мл, dosia (дося) ""лимон"", для сантехники, дезинфицирующий и отбеливающий эффект, гель"
label0_models_say_match,fold_02,Красота и гигиена,515396103415,274877998978,0,0.97,0.994,"queen fair зеркало настольное, двустороннее, с увеличением, зеркальная поверхность 14,2 х 17,6 см, цвет бежевый/белый","зеркало настольное, двустороннее, с увеличением, зеркальная поверхность 14,2 х 17,6 см, цвет бежевый/белый"
label0_models_say_match,fold_02,Строительство и ремонт,455266687495,455266687493,0,0.981,0.983,набор губцевого инструмента jcb 3 предмета jpl016,jcb набор губцевого инструмента 3 предм. jpl016
label0_models_say_match,fold_01,Строительство и ремонт,816043862420,438086739735,0,0.965,0.998,выключатель дифференциального тока (узо) 4п 32а 30ма тип ac 6ка узо-03 dekraft 14234dek,dekraft узо 4p 32а 30ма ac
label0_models_say_match,fold_02,Бытовая техника,51539655599,292057914384,0,0.98,0.983,philips / утюг philips dst3020/30,утюг philips dst3020/30
label0_models_say_match,fold_02,Музыкальные инструменты,103079289704,309237711909,0,0.99,0.973,струны для домры альт мозеръ da1,струны мозеръ для домры альт da1
label0_models_say_match,fold_02,Товары для животных,156183,515396197646,0,0.964,0.999,"triol / удочка-дразнилка монстрик, 60/500 мм","удочка-дразнилка для кошек ""монстрик"", 60/500мм, triol"
label0_models_say_match,fold_03,Канцелярские товары,446676655272,730144527569,0,0.988,0.975,"пенал-футляр стамм, 204 х 83 х 25 мм, пластиковый, красный металлик","стамм пенал-футляр стамм, 204 х 83 х 25 мм, пластиковый, красный металлик"
label0_models_say_match,fold_03,Хобби и творчество,764504267977,257698145490,0,0.991,0.972,"доляна молд «лепесток яблони», 2 части, 5,1×3,8 см, цвет микс","молд ""лепесток яблони"", 2 части, 5,1x3,8 см / 2581352"
label0_models_say_match,fold_02,Канцелярские товары,695784775205,352187367186,0,0.995,0.968,attache / стикеры с клеев.краем 76х76 розовый 100л,стикеры attache с клеев.краем 76х76 розовый 100л
label0_models_say_match,fold_03,Детские товары,730144539112,68719479974,0,0.965,0.997,"автоград джип радиоуправляемый «бигфут», 1:20, работает от аккумулятора, цвет чёрно-красный","джип радиоуправляемый бигфут, 1:20, работает от аккумулятора, цвет чёрно-красный"
label0_models_say_match,fold_02,Бытовая химия,515396182086,489626365895,0,0.982,0.981,"кондиционер для белья chirton ""цветущая скандинавия"", 2 л./в упаковке шт: 1","chirton кондиционер-ополаскиватель для белья цветущая скандинавия, 2000 мл"
label0_models_say_match,fold_01,Дом и сад,197568533834,154618947275,0,0.975,0.987,"тарелка круглая тропики, 20 см","дорого внимание тарелка «тропики», 20 см"
label0_models_say_match,fold_02,Хобби и творчество,824633815332,369367287539,0,0.98,0.981,"не определен проволока с ворсом для поделок и декора набор 50 шт, размер 1 шт. 30 × 0,6 см, цвет зелёный неон","проволока с ворсом для поделок и декора набор 50 штук, размер 1 шт. 30 х 0,6см, цвет зелёный неон"
label0_models_say_match,fold_01,Хобби и творчество,627065282387,833223694821,0,0.997,0.964,"нарды в мешочке с полем президент, 13 х 20 см","нарды в мешочке с полем ""президент"", 13 х 20 см"
label0_models_say_match,fold_01,Дом и сад,712964706519,498216343486,0,0.993,0.968,"шкатулка - купюрница ""розы"", белая, 8,5х17 см, лаковая миниатюра","без бренда шкатулка - купюрница «розы», белая, 8,5×17 см, лаковая миниатюра"
label0_models_say_match,fold_04,Музыкальные инструменты,549755904744,137439074162,0,0.983,0.978,"mz-chg-12-3skull2/b чехол для классической гитары, mezzo",чехол для классической гитары mezzo mz-chg-12-3skull2/b
label0_models_say_match,fold_04,Детские товары,163208775776,635655302311,0,0.972,0.986,полесье / набор для песка №182 - 7 предметов,набор для песка полесье №182 - 7 предметов
label0_models_say_match,fold_04,Бытовая химия,120259193398,773094122004,0,0.978,0.98,fairy / средство для мытья посуды зеленое яблоко 900 мл,"fairy средство для мытья посуды, зеленое яблоко, 900мл"
label0_models_say_match,fold_01,Хобби и творчество,472446464816,180388739554,0,0.959,0.999,"добрый мастер деревянные заготовки / декупаж, деревянная заготовка для творчества ""добрый мастер"" ""ангелочек""фанера 6,5*7,2см (5шт)","""добрый мастер"" деревянная заготовка для декупажа №11059 ""ангелочек"" 6,5*7,2см (5шт), дерево"
label0_models_say_match,fold_04,Спорт и отдых,214748474036,188978633215,0,0.992,0.966,игольчатый подшипник tohatsu 369-00043-0,kacawa игольчатый подшипник tohatsu 369-00043-0
label0_models_say_match,fold_04,Музыкальные инструменты,51539617020,128849062346,0,0.972,0.985,мостик для скрипки 3/4-4/4 wolf forte-secondo sr23,wolf forte-secondo sr23 - мостик для скрипки
label0_models_say_match,fold_04,Продукты питания,180388677648,309237685263,0,0.98,0.977,кофе в зернах today blend №8 200г 1шт,"today / кофе в зёрнах blend 8, today, 200 г, нидерланды"
label0_models_say_match,fold_04,Канцелярские товары,601295565131,773094235682,0,0.96,0.998,perfeo фотобумага а4 108 г/м2 матовая 500л,perfeo / фотобумага а4 108 г/м2 матовая 500л
label0_models_say_match,fold_04,Бытовая техника,489626356312,17179925664,0,0.993,0.964,"russell hobbs погружной блендер 24690-56 красный, красный",блендер russell hobbs 24690-56 красный
label0_models_say_match,fold_04,Бытовая техника,231928301112,670015062168,0,0.963,0.993,вакуумный упаковщик bbk bvs801,вакуумный упаковщик bbk bvs801 белый
label0_models_say_match,fold_04,Товары для животных,326417614943,206158465876,0,0.972,0.984,"сухой корм дарлинг для взрослых кошек, с мясом и овощами, 1,75 кг",darling корм сухой дарлинг для взрослых кошек с мясом и добавлением овощей 1.75кг
label0_models_say_match,fold_01,Хобби и творчество,300647774358,816043796900,0,0.968,0.988,игра настольная 'словодел',"десятое королевство настольная игра ""словодел"""
label0_models_say_match,fold_02,Спорт и отдых,575525683612,738734485346,0,0.976,0.98,песочный фильтр-насос bestway 58515 мощность 3028л/час,"фильтр-насос для бассейнов песочный 220-240v, 3028 л/ч, 58515"
label0_models_say_match,fold_01,Продукты питания,506806145923,455266537045,0,0.958,0.998,"миндаль в карамели metro chef, 150 г","metro chef миндаль в карамели, 150г"
label0_models_say_match,fold_03,Канцелярские товары,472446503930,34359833840,0,0.985,0.97,лупа ручная круглая 10x-70мм с подсветкой (10 led) kromatech th-7015,"kromatech / лупа th-7015 ручная круглая 10х, 70 мм, с подсветкой"
label0_models_say_match,fold_04,Хобби и творчество,670015054570,584115714184,0,0.977,0.977,сборная модель корабля звезда крейсер варяг,"звезда (zvezda) / модель сборная/крейсер ""варяг""/военная техника"
label0_models_say_match,fold_03,Детские товары,730144474017,472446439614,0,0.977,0.977,азбукварик / мультиплеер музыкальный хит-парад с огоньками,музыкальная игрушка азбукварик мультиплеер с огоньками музыкальный хит-парад
label0_models_say_match,fold_02,Бытовая химия,687194809602,85899504374,0,0.961,0.993,"отбеливатель бос плюс maximum, 600 г","бос / отбеливатель ""плюс maximum"" порошок 600г"
label0_models_say_match,fold_04,Товары для животных,231928322150,103079291537,0,0.956,0.998,"влажный корм для кошек pro plan delicate при чувствительном пищеварении с ягненком, 85 г х 26 шт","pro plan / влажный корм для кошек delicate, с ягненком 26х85 г"
label0_models_say_match,fold_02,Автотовары,283467860249,523986011101,0,0.979,0.975,parkmaster / парктроник (парковочный радар) parkmaster 34u-4-a (black),парктроник (парковочный радар) parkmaster 34u-4-a (black) для переднего или заднего бампера
label0_models_say_match,fold_04,Бытовая техника,816043816980,678604980647,0,0.954,0.999,увлажнитель воздуха stadler form oskar o-021,традиционный увлажнитель stadler form oskar black o-021
label0_models_say_match,fold_01,Бытовая химия,326417611172,541165959649,0,0.99,0.963,крем чистящий для кухни rocket soap белизна и свежесть 400 мл - 1 шт,rocket soap / крем чистящий для кухни белизна и свежесть 400 мл
label0_models_say_match,fold_04,Бытовая химия,670014904676,60129707281,0,0.983,0.97,"sanfor / чистящее средство 750 г, sanfor wc gel (санфор гель)","чистящее средство 750 г, sanfor wc gel (санфор гель) ""special black"", 1896  "
label0_models_say_match,fold_04,Дом и сад,292057836907,257698130946,0,0.963,0.99,"пакет ламинированный вертикальный, 31 х 40 х 11 см""с новым годом!"", холодное сердце","disney пакет ламинированный вертикальный, 31 х 40 х 11 см ""с новым годом!"", холодное сердце"
label0_models_say_match,fold_01,Бытовая техника,609885512537,343597415671,0,0.96,0.993,масляный радиатор ресанта ом-7нв,ресанта / масляный радиатор ресанта ом-7нв
label0_models_say_match,fold_03,Бытовая техника,395137149371,712964592651,0,0.958,0.994,газовая варочная поверхность beko hiag64225sb,газовая варочная поверхность beko hiag64225sb
label0_models_say_match,fold_04,Бытовая химия,489626341840,515396160183,0,0.988,0.964,grass / средство для мытья посуды velly premium лайм и мята 500мл,средство для мытья посуды grass velly premium лайм и мята 500мл
label0_models_say_match,fold_02,Бытовая химия,747324393844,42949697891,0,0.983,0.969,стиральный порошок ariel авт горный родник 20 стирок 3 кг.,"стиральный порошок ariel горный родник автомат, 3 кг"
label0_models_say_match,fold_01,Красота и гигиена,601295459249,360777306273,0,0.957,0.995,гель для умывания для всех типов кожи салициловый salizink/салицинк фл. 200мл,salizink / салициловый гель для умывания салицинк 200мл
label0_models_say_match,fold_04,Красота и гигиена,558345861960,670015062461,0,0.96,0.991,"сменные кассеты gillette fusion power 8 шт. для мужской бритвы, с 5 лезвиями, кассеты gillette. джилет фьюжн повер.",gillette / кассеты для бритья сменные лезвия мужские fusion 5 power 8шт
label0_models_say_match,fold_02,Хобби и творчество,146028928335,403727003607,0,0.994,0.957,"лесная мастерская конструктор деревянный «робот», 29 деталей","конструктор деревянный ""робот"", 29 деталей"
label0_models_say_match,fold_02,Бытовая техника,128849111914,51539704985,0,0.974,0.976,"il monte / варочная панель газовая, 30 см., стекло, bh-312g-nsd","варочная панель газовая, закаленное стекло, 30 см., автоподжиг, чугунные решетки, il monte bh-312g-nsd"
label0_models_say_match,fold_04,Бытовая техника,257698116302,85899501538,0,0.977,0.974,"korting стиральная машина kwm 42ls1267, белый",стиральная машина korting kwm 42ls1267
label0_models_say_match,fold_01,Музыкальные инструменты,25769839023,60129621469,0,0.992,0.958,la bella rx-n6c струны для бас-гитары,струны для бас-гитары la bella rx-n6c
label0_models_say_match,fold_02,Бытовая техника,274878031674,386547201486,0,0.967,0.983,"akel / мини-печь akel af-730, 1300 вт, 36 л, черная","akel мини-печь 4680009640542, черный"
label0_models_say_match,fold_02,Электроника,755914336064,146029001367,0,0.965,0.985,"benq 23.8"" монитор bl2485tc , черный",benq bl2485tc
label0_models_say_match,fold_04,Строительство и ремонт,335007599154,17179941450,0,0.986,0.964,"съёмник внутренних стопорных колец airline прямой сжим 7"" 180 мм at-icp7-02","съёмник внутренних стопорных колец ""прямой сжим"" 180мм airline at-icp7-02"
label0_models_say_match,fold_01,Товары для животных,300647858911,798863927116,0,0.98,0.97,"ошейник для животных двухслойный, с фастексом квадраты, 30 х 1 см, голубой, 1 шт.","ошейник / ошейник двухслойный с фастексом квадраты, 30 х 1 см, голубой"
label0_models_say_match,fold_01,Детские товары,506806161536,532575963227,0,0.991,0.959,"мягкая книжка-шуршалка развивающая по методике г. домана ""малыши"", 11х11 см","крошка я мягкая книжка-шуршалка развивающая по методике г. домана «малыши», 11х11 см"
label0_models_say_match,fold_01,Бытовая химия,94489433534,730144560490,0,0.959,0.989,аистенок. / мыло хозяйственное детское 200гр,"мыло хозяйственное аистенок 200 г, для детского белья"
label0_models_say_match,fold_02,Аптека,773094185478,584115646980,0,0.968,0.98,little doctor термометр электронный ld-300,термометр электр little doctor ld-300
label0_models_say_match,fold_03,Музыкальные инструменты,816043872075,343597405654,0,0.976,0.971,dunlop / 518rjprd primetone® john petrucci signature набор медиаторов,медиатор dunlop 518rjprd primetone john petrucci signature
label0_models_say_match,fold_04,Автотовары,841813614203,163208765625,0,0.953,0.995,шина 255/55r18 toyo proxes sport suv 109y,toyo proxes sport suv шины летние 255/55  r18 109y
label0_models_say_match,fold_04,Красота и гигиена,566935805387,309237811697,0,0.955,0.992,"тоник для лица сто рецептов красоты освежающий, увлажнение и свежесть, 250 мл (67972740)","тоник для лица сто рецептов красоты освежающий ""увлажнение и свежесть"", 250 мл"
label0_models_say_match,fold_02,Детские товары,274877965511,94489375517,0,0.964,0.984,мягкая игрушка budi basa ks22-193 кот басик с сердцем из фетра 22 см,"budi basa / мягкая игрушка кот басик с сердцем из фетра, 22 см"
label0_models_say_match,fold_01,Автотовары,120259182658,352187473210,0,0.957,0.99,автомобильные летние шины continental contiecocontact 6 215/60 r17 96h,continental contiecocontact 6 шины летние 215/60  r17 96h
label0_models_say_match,fold_04,Музыкальные инструменты,429496794406,652835107868,0,0.991,0.956,"мозеръ струны акустической гитары, сталь фрг + бронза 80/20 (.011-052)",мозеръ / струны мозеръ акустической гитары (.011-052)
label0_models_say_match,fold_03,Товары для животных,386547082355,137439042521,0,0.949,0.998,"не определен туалет глубокий с сеткой 36 х 25 х 9 см, жёлтый/ярко-зелёный","туалет глубокий с сеткой, ярко-зелёный/жёлтый, 36х25х9 см"
label0_models_say_match,fold_01,Бытовая техника,764504237000,17179883822,0,0.949,0.998,"galaxy индукционная настольная плита gl3064, черный",galaxy / плитка электрическая одноконфорочная индукционная gl3064
label0_models_say_match,fold_02,Красота и гигиена,661424982490,687194852582,0,0.951,0.995,fusion 5 / сменные кассеты gillette fusion 5 8 шт,сменные кассеты gillette fusion5 8 шт.
label0_models_say_match,fold_01,Музыкальные инструменты,68719509033,841813597498,0,0.995,0.951,гитарный комплект terris tc-038 bk starter pack,"terris классическая гитара tc-038 bk starter pack 6-струнная, корпус липа 7/8"
label0_models_say_match,fold_01,Хобби и творчество,584115642337,283467943622,0,0.98,0.966,puzzle time творческий набор пазлов «встречаем новый год»,"творческий набор пазлов ""встречаем новый год"""
label0_models_say_match,fold_03,Продукты питания,850403569857,163208803206,0,0.958,0.987,печенье сахарное falcone кантуччи с миндалем 200г италия,falcone / печенье cantucci кантуччи с миндалем 200 г
label0_models_say_match,fold_03,Товары для животных,68719618905,592705522375,0,0.974,0.972,"сухой корм для собак средних и крупных пород pro plan duo delice, с говядиной, 10 кг","pro plan / сухой корм duo delicе средних и крупных собак,говядина 10 кг"
label0_models_say_match,fold_03,Продукты питания,171798771536,111669197956,0,0.995,0.951,жокей карамель кофейный напиток 3в1 10 стиков (комплект 8 шт.) 6013010,жокей карамель кофейный напиток 3в1 10 стиков (комплект 8 шт.) 6013010
label0_models_say_match,fold_03,Товары для животных,420906930581,171798765593,0,0.984,0.961,neo loo life kocho наполнитель комкующийся для туалета кошек на основе дробленой древесины хвойных деревьев (12 + 12 л),наполнитель для кошачьего туалета neo loo life kocho наполнитель комкующийся для туалета кошек на основе дробленой древесины хвойных деревьев (12 + 12 л)
label0_models_say_match,fold_01,Хобби и творчество,498216356881,833223685491,0,0.982,0.963,"набор химические опыты 2 в 1 ""волшебный лизун и жвачка для рук""",без бренда набор химические опыты 2 в 1 волшебный лизун и жвачка для рук оп-084
label0_models_say_match,fold_04,Детские товары,695784719997,704374672903,0,0.956,0.989,"кукла-модель для девочки ""топ-модель лили"" шарнирная / 3043596",happy valley кукла-модель «топ-модель лили» шарнирная
label0_models_say_match,fold_01,Автотовары,721554517710,17179969486,0,1.0,0.945,наконечник рулевой ctr cem28,ctr / наконечник рулевой l-r ctr cem-28
label0_models_say_match,fold_03,Дом и сад,541166006797,798864026010,0,0.951,0.994,"без бренда покрывало детское тачки 1,5 сп, 145х210 см, микрофибра","покрывало детское 1,5 сп, тачки, 145х210 см, микрофибра"
label0_models_say_match,fold_03,Спорт и отдых,609885520822,618475403462,0,0.948,0.997,замок для велосипеда тросовый с ключом противоугонный 180см abus 3506k/180 черный,замок abus 3506k/180 black
label0_models_say_match,fold_03,Красота и гигиена,412316865921,161485,0,0.947,0.998,"some by mi / ^крем для лица beta-panthenol repair cream, 50 мл",some by mi beta panthenol repair cream восстанавливающий и успокаивающий крем для лица с пантенолом 50мл
label0_models_say_match,fold_03,Продукты питания,120259101669,51539633891,0,0.954,0.991,лебо / арабика кофе lebo extra жареный в зернах 1 кг.,"кофе жареный в зернах ""lebo extra"" 1000 гр арабика 100%. натуральный."
label0_models_say_match,fold_03,Бытовая техника,618475381624,395137010100,0,0.953,0.991,встраиваемая электрическая варочная панель krona vento 60 iv b,"krona индукционная варочная панель vento 60 iv b, слоновая кость"
label0_models_say_match,fold_02,Спорт и отдых,678604863041,670014931381,0,0.956,0.988,"камера kenda, 26x2.125-2.35"", 32мм, schrader","kenda камера kenda, 26x2.125-2.35"", 32мм, schrader"
label0_models_say_match,fold_02,Канцелярские товары,755914304526,266288064258,0,0.974,0.97,"brauberg комплект 12 шт, клей канцелярский двусторонний brauberg, 45 мл, с узким и широким аппликаторами, 227534","клей канцелярский двусторонний brauberg, комплект 12 штук, 45 мл, с узким и широким аппликаторами, 227534"
label0_models_say_match,fold_04,Продукты питания,103079221750,317827687348,0,0.973,0.971,увелка крупа перловая в пакетах для варки 5х80гр/5 шт,увелка / крупа перловая увелка в варочных пакетиках 80 г х 5 шт
label0_models_say_match,fold_02,Спорт и отдых,25769944432,128849048494,0,0.951,0.993,набор щеток stg yc798 (4 шт.),набор щеток для чистки велосипеда stg yc798 (4 штуки)
label0_models_say_match,fold_02,Электроника,360777257808,807454005667,0,0.949,0.995,"тонер-картридж nicom 106r02762 совместимый, желтый для xerox phaser 6020, 6022, workcentre 6025, 6027","картридж 106r02762 для phaser 6020/6022/6025/6027, желтый"
label0_models_say_match,fold_02,Бытовая техника,223338368762,42949698249,0,0.95,0.994,tefal / утюг fv9845 ultimate pure,ultimate pure fv9845 паровой утюг для удаления накипи
label0_models_say_match,fold_04,Детские товары,730144464411,352187432727,0,1.0,0.944,dominata / новогодняя мозаика для малышей,"мозаика ""нарядная ёлочка"", размер 17 х 12,5 х 2 см, кружок: 1,8 см, звезда: 2,4 см"
label0_models_say_match,fold_04,Канцелярские товары,549755913545,618475305691,0,0.952,0.992,"disney / блокнот а6, 32 листа на скрепке эльза. холодное сердце, 1 шт","блокнот на скрепке ""эльза"" холодное сердце, 32 листа, а6"
label0_models_say_match,fold_03,Мебель,266288070850,841813649856,0,0.947,0.997,стеллаж мэрдэс су (ш3в2)+6фг венге/карамель,"мэрдэс стеллаж су(ш3в2)+6фг кв карамель/венге, 145х34х216 см"
label0_models_say_match,fold_04,Строительство и ремонт,575525666294,566935788878,0,0.953,0.99,раковина 41 см grossman gr-3018,раковина-чаша grossman 41 gr-3018 белая
label0_models_say_match,fold_03,Бытовая техника,420906873738,764504338433,0,0.964,0.979,ресанта / радиатор масляный 1 квт до 15 кв. м. омпт-5н 67/3/2,масляный радиатор ресанта омпт- 5н 67/3/2
label0_models_say_match,fold_03,Продукты питания,231928381524,188978609775,0,0.945,0.997,мюсли 4 life хрустящие с клубникой 350г,мюсли 4life хрустящие strawberry клубничные 350гр
label0_models_say_match,fold_02,Бытовая техника,257698097932,17179929030,0,0.954,0.987,плита газовая лада nova rg 24042 w белый (полный г/к),плита газовая лада nova rg 24042 w белый (новая)
label0_models_say_match,fold_04,Аптека,601295433499,386547116041,0,0.969,0.972,лозартан таблетки п/о плен. 100мг 30шт,"лозартан, таблетки покрыт. плен. об. 100 мг (озон), 30 шт."
label0_models_say_match,fold_03,Бытовая химия,429496806737,231928305953,0,0.946,0.995,мелодия / освежители воздуха горный объем - 300 мл.,"освежитель воздуха аэрозольный 300 мл мелодия ""горный"", 601904"
label0_models_say_match,fold_03,Дом и сад,730144442005,687194854276,0,0.994,0.948,"пинцет для удаления костей из рыбы ""премиум"", 12 х 3 х 1.5 см","теропром пинцет для удаления костей из рыбы ""премиум"", 12 х 3 х 1.5 см"
label0_models_say_match,fold_01,Бытовая техника,429496826322,240518304703,0,0.967,0.974,"соковыжималка куряночка (садовая) свпп-201 без шинковки, 250вт, г.курск",спектр-прибор / соковыжималка куряночка свпп-201 без шинковки
label0_models_say_match,fold_01,Автотовары,103079272821,223338393911,0,0.998,0.943,мовиль воск агат profi 1000 мл,агат мовиль с воском (аэрозоль) 1000мл profi
label0_models_say_match,fold_03,Электроника,326417630628,790274096206,0,0.961,0.98,"батарейка литиевая , cr2032-2bl, 3в, блистер, 2 шт.","kodak батарейка литиевая cr2032-2bl, 3в, блистер, 2 шт."
label0_models_say_match,fold_02,Бытовая химия,214748444286,171798753075,0,0.976,0.965,fairy / fairy средство для мытья посуды сочный лимон 900 мл,средство для мытья посуды fairy сочный лимон 900 мл
label0_models_say_match,fold_02,Хобби и творчество,94489377792,377957188596,0,0.995,0.946,"арт узор, термоаппликация ""runaway"", 8,3 х 2,5 см, цвет чёрный, 5 штук","арт узор / термоаппликация runaway, 8,3 х 2,5 см, цвет чёрный"
label0_models_say_match,fold_01,Продукты питания,17179873294,627065311359,0,0.982,0.959,"компот фрутоняня из яблок, изюма и кураги, c 6 месяцев, 0.2 л, 18 уп.","компот фрутоняня из яблок, кураги и изюма с 6 месяцев 0,2 л 18 шт"
label0_models_say_match,fold_02,Дом и сад,171798789904,188978564230,0,0.948,0.992,"пакет ламинат вертикальный ""с днем рождения!"", человек-паук, 23х27х11,5 см","marvel пакет ламинат вертикальный ""с днем рождения!"", человек-паук, 23х27х11,5 см"
label0_models_say_match,fold_03,Спорт и отдых,601295460304,274878033253,0,0.945,0.995,"круг для плавания ""океан"", диаметр61 см, от 6-10 лет, 59242np intex","intex круг для плавания «океан», d=61 см, от 6-10 лет, цвет микс, 59242np intex"
label0_models_say_match,fold_04,Хобби и творчество,412316981176,755914279760,0,0.982,0.958,"kogarashi / алмазная мозаика с полным заполнением 20х30 ""кот"". холст","алмазная мозаика с полным заполнением 20х30 ""кот"", холст"
label0_models_say_match,fold_04,Детские товары,112436,472446498952,0,0.945,0.995,"milo toys мягкая игрушка с пледом «милашка», ""milo toys "", цвет розовый",мягкая игрушка с пледом милашка
label0_models_say_match,fold_02,Бытовая техника,609885470748,541165959355,0,0.95,0.989,отпариватель bbk egs-1204,bbk / ручной отпариватель egs-1204
label0_models_say_match,fold_03,Спорт и отдых,747324338956,609885392743,0,0.958,0.982,"круг для плавания водоворот d 91 см, от 9 лет, цвета микс, 59256np intex","intex круг для плавания «водоворот», d=91 см, от 9 лет, цвет микс, 59256np intex"
label0_models_say_match,fold_01,Хобби и творчество,712964612330,515396176621,0,0.957,0.982,"рама для картин и зеркал, 40 х 50 х 2.7 см, пластиковая, calligrata, серебро","calligrata рама для картин (зеркал) 40 х 50 х 2.7 см, пластиковая, calligrata 651628, серебро"
label0_models_say_match,fold_01,Детские товары,111669270394,566935706095,0,0.968,0.971,"unicon. магнитный конструктор magical magnet, 45 деталей, матовый","магнитный конструктор magical magnet, 45 деталей, детали матовые unicon"
label0_models_say_match,fold_02,Спорт и отдых,94489437707,309237701978,0,0.964,0.975,"бассейн надувной disney princess 122х25см, 140 л, bestway 91047",bestway / бассейн надувной bestway 91047 disney princess 122х25 см
label0_models_say_match,fold_03,Спорт и отдых,154618967155,180388699739,0,0.96,0.979,levenhuk / театральный бинокль-лорнет levenhuk broadway 325e черный,"театральный бинокль-лорнет levenhuk broadway 325e, черный"
label0_models_say_match,fold_02,Хобби и творчество,601295455622,300647734948,0,0.977,0.962,"шахматы магнитные, 19.5 х 19.5 см, чёрно-белые","без бренда шахматы магнитные, 19.5 х 19.5 см, чёрно-белые"
label0_models_say_match,fold_02,Бытовая химия,429496807639,575525737232,0,0.949,0.99,"chirton / сменный баллон для air wick чиртон «лазурный бриз», 250 мл","chirton сменный баллон освежителя воздуха фреш лайн лазурный бриз, 250 мл"
label0_models_say_match,fold_03,Детские товары,472446505610,163208825370,0,0.982,0.957,lego / конструктор х 19006 - сады ниндзяго сити,конструктор lego ninjago 71741 сады ниндзяго-сити
label0_models_say_match,fold_03,Бытовая химия,635655304026,214748514248,0,0.946,0.992,"стиральный порошок losk color, автомат, 2,7 кг","losk / стиральный порошок losk автомат color 2,7 кг"
label0_models_say_match,fold_01,Канцелярские товары,231928358898,627065372407,0,0.968,0.971,"devente записная книжка а4 64л кл devente.wild, тв обл иск кож, зол ср, ляс, бел бл70, т кор","записная книжка а4 64л кл devente.wild, тв обл иск кож,зол ср,ляс,бел бл70,т кор"
label0_models_say_match,fold_02,Бытовая химия,94489411334,128849150045,0,0.946,0.993,"кондиционер для белья lenor ""скандинавская весна"", 2 литра",lenor скандинавская весна / кондиционер для белья lenor скандинавская весна 2л
label0_models_say_match,fold_04,Спорт и отдых,558345760762,489626365710,0,0.947,0.992,игровые футбольные ворота dfc goal120t,ворота игровые dfc goal120t
label0_models_say_match,fold_04,Красота и гигиена,644245138987,42949675754,0,0.955,0.983,"тушь для ресниц belor design ""bad doll"", цветная, желтая, объемная","belordesign тушь для ресниц belor design bad doll объёмная, цветная, жёлтая"
label0_models_say_match,fold_03,Продукты питания,506806161043,154618961700,0,0.982,0.956,печенье посиделкино творожное с апельсиновыми цукатами 250 г,посиделкино / печенье посиделкино творожное апельсин цукаты 250 гр.
label0_models_say_match,fold_01,Канцелярские товары,429496799582,481036475722,0,0.975,0.963,"globen / глобус физический рельефный,210 мм","глобус физический рельефный, 210 мм"
label0_models_say_match,fold_02,Автотовары,146182,42949822229,0,0.977,0.961,подшипник 6202 2rs (180202) - 2 шт. 15х35х11 мм,"апп-групп подшипник универсальный, диаметр 15 мм, 2 шт., арт. 180202"
label0_models_say_match,fold_02,Хобби и творчество,223338399922,670015004643,0,0.986,0.952,"игрушка механическая ""овал"", 6х6 см","no name игрушка механическая «овал», 6х6 см"
label0_models_say_match,fold_03,Хобби и творчество,153665,721554576351,0,0.981,0.957,"буква-ленд / книжка ""пиши-стирай. найди отличия"" с маркером, 12 стр.","книжка с маркером ""пиши-стирай. найди отличия"", 12 стр."
label0_models_say_match,fold_01,Товары для животных,292057795538,163208898125,0,0.986,0.952,"сухой корм royal canin hypoallergenic dr 25 для кошек 0,5кг",canin / сухой корм hypoallergenic dr 25 для кошек при пищевой аллергии 500 гр
label0_models_say_match,fold_01,Бытовая техника,395137006978,755914312953,0,0.971,0.966,кофемолка электрическая lumme lu-2605,lumme / кофемолка электрическая lumme lu-2605
label0_models_say_match,fold_01,Строительство и ремонт,575525727243,695784736431,0,0.998,0.939,торцевая головка king tony 423009m,"головка торцевая глубокая двенадцатигранная 1/2"", 9 мм king tony 423009m"
label0_models_say_match,fold_02,Красота и гигиена,515396170601,764504351437,0,0.95,0.987,"swiss image крем для лица антивозрастной уход 26+, дневной, против первых признаков старения, 50 мл",крем для лица swiss image антивозрастной уход дневной 26+ (против первых признаков старения) 50 мл
label0_models_say_match,fold_01,Товары для животных,352187398438,463856488460,0,0.961,0.976,"сухой корм для щенков и молодых собак маленьких пород brit premium dog puppy and junior small, курица, 1 кг","корм brit premium dog puppy and junior small для щенков и молодых собак, с курицей 1 кг"
label0_models_say_match,fold_04,Хобби и творчество,369367240611,257698048030,0,0.949,0.988,"надувная песочница с блёстками, 60х45 см, цвет розовый","школа талантов надувная песочница с блестками, 60*45 см, цвет розовый 5088595"
label0_models_say_match,fold_01,Галантерея и аксессуары,764504205847,721554594850,0,0.963,0.974,"тундра / замок навесной кодовый, 'сердце', красный","замок навесной кодовый тундра ""сердце"", красный"
label0_models_say_match,fold_04,Строительство и ремонт,77309497095,773094148745,0,0.942,0.995,"электропила huter els-2,7p","huter / электропила цепная huter els- 2,7p"
label0_models_say_match,fold_02,Хобби и творчество,163208765412,257698089718,0,0.977,0.959,"лесная мастерская умное лото. кто где живёт, 24 фишки","умное лото. кто где живёт, 24 фишки"
label0_models_say_match,fold_03,Строительство и ремонт,747324421032,94489333518,0,0.952,0.984,потолочный светодиодный светильник lightstar urbano 214992,lightstar / светильник потолочный lightstar 214992
label0_models_say_match,fold_02,Канцелярские товары,566935684872,146028910814,0,0.937,0.999,"ручка шариковая uni jetstream, неавтоматическая, синяя, 0,7 мм","uni / ручка шариковая jetstream, неавтоматическая, синяя, 0,7 мм"
label0_models_say_match,fold_02,Товары для животных,798864000866,661425026215,0,0.965,0.97,"пушистое счастье лежанка для кошек на стяжке с ушками, цвет белый 55 см","лежанка для кошек на стяжке с ушками, цвет белый 55 см"
label0_models_say_match,fold_02,Детские товары,481036496133,438086792418,0,0.947,0.989,"whismsy / мягкая игрушка ""медведь"", с сердцем, 19 см, цвет белый","мягкая игрушка ""медведь с сердцем"", 19см"
label0_models_say_match,fold_02,Хобби и творчество,635655270041,575525690415,0,0.955,0.981,звезда / 3657 kamaz-43509 камаз -мастер докар,"сборная модель zvezda автомобиль ""kamaz-43509"", набор для сборки, масштабная модель 1:35, звезда арт. 3657"
label0_models_say_match,fold_01,Продукты питания,403727026404,25769939398,0,0.989,0.946,"kortez / фигурный шоколад ангелочки, с рождеством набор, 50 г","фигурный шоколад ""ангелочки, с рождеством"" набор, 50 г"
label0_models_say_match,fold_04,Бытовая химия,309237715520,781684104283,0,0.948,0.988,vesta / кондиционер для белья 1 л чарующий белый,"кондиционер для белья vesta ultra comfort, чарующий белый, 1л."
label0_models_say_match,fold_04,Бытовая химия,755914374454,558345871210,0,0.937,0.998,"средство для сантехники domestos универсальное свежесть атлантики 1,5 л","domestos / средство чистящее domestos свежесть атлантики 1шт*1,5л"
label0_models_say_match,fold_02,Бытовая техника,652835121185,240518229017,0,0.974,0.961,кулер sonnen fse-03bi 455744,"напольный кулер для воды sonnen fse-03bi нагрев/охлаждение, нижняя загрузка, 3 крана, графит 455744"
label0_models_say_match,fold_01,Строительство и ремонт,395137073722,764504225773,0,0.983,0.952,подвесной светильник g51209/1bk gerhort,gerhort / подвесной светильник g51209/1bk
label0_models_say_match,fold_04,Канцелярские товары,438086801436,429496848634,0,0.955,0.979,ограничитель-подставка для книг лондон 15х10х10см,"хорошие сувениры ограничитель-подставка для книг ""лондон"" 15х10х10см"
label0_models_say_match,fold_04,Хобби и творчество,111669155267,609885379206,0,0.982,0.952,"palma.store творчество / набор для опытов ""попрыгунчики"", 2 формы, 4 цвета","набор для опытов ""попрыгунчики"", 2 формы, 4 цвета"
label0_models_say_match,fold_04,Музыкальные инструменты,395137054680,335007469747,0,0.968,0.966,"terris tc-3901a na классическая гитара 4/4, цвет: натуральный",классическая гитара terris tc-3901a na
label0_models_say_match,fold_03,Красота и гигиена,352187423386,274877995115,0,0.953,0.981,"influence beauty тени для век жидкие interstellar c дуохромными сияющими частицами, 2,5 г, 03 розовый","жидкие тени influence beauty interstellar, тон 03 розовый, 2,5 мл"
label0_models_say_match,fold_01,Музыкальные инструменты,223338311398,481036458388,0,0.939,0.995,мостик скрипичный fom me-042 (1/2),мостик для скрипки fom me-042 1/2
label0_models_say_match,fold_04,Бытовая химия,627065289243,317827656509,0,0.95,0.983,"аэрозоль-репеллент от комаров дэта ""аква"", для чувствительной кожи, 150 мл",дэта / аква аэрозоль от комаров для чувствительной кожи фл. 150мл
label0_models_say_match,fold_02,Продукты питания,798863966085,120259108342,0,0.945,0.988,"koska / турецкие сладости / рахат лукум с розой, 250 г",koska рахат-лукум со вкусом розы 250г
label0_models_say_match,fold_01,Дом и сад,747324441538,343597443634,0,0.942,0.991,садовый насос metabo p 3300 g 600963000,насос садовый metabo p 3300 g (600963000)
label0_models_say_match,fold_03,Электроника,635655220865,335007528201,0,0.967,0.965,nv print / картридж для лазерного принтера nv-mltd111l,nv print (схожий с samsung mlt-d111l) для xpress m2020/m2020w/m2070/m2070w/m2070fw 1800k nv-mltd111l
label0_models_say_match,fold_03,Детские товары,678604915359,781684118229,0,0.985,0.947,"конструктор магнитный ""магический магнит"", 55 деталей","nobrand конструктор магнитный «магический магнит», 55 деталей"
label0_models_say_match,fold_04,Бытовая техника,635655311526,343597498332,0,0.987,0.944,манжета люка стиральной машины атлант 908092000500 узкая,"atlant манжета люка атлант, узкие машины 908092000500"
label0_models_say_match,fold_04,Товары для животных,352187371840,747324347592,0,0.978,0.953,grandorf / грандорф ягненок с индейкой для домашних 2кг,cухой корм для взрослых домашних кошек всех пород ягненок и индейка grandorf adult indoor lamb & turkey 2 кг
label0_models_say_match,fold_04,Товары для животных,39719,566935724059,0,0.972,0.959,monge / monge cat sterilised сухой корм с уткой для стер. кошек 10кг,"сухой корм monge pfb cat monoprotein sterilised для стерилизованных кошек, с уткой 10 кг"
label0_models_say_match,fold_01,Красота и гигиена,498216238841,120259226453,0,0.947,0.984,anua heartleaf pore control cleansing oil / гидрофильное масло для глубокого очищения пор-торговая точка,anua / гидрофильное масло anua heartleaf pore control cleansing oil
label0_models_say_match,fold_03,Продукты питания,163208892318,781684056381,0,0.979,0.952,"кофе в капсулах nespresso vertuo stormio, 10 шт.","кофе в капсулах nespresso vertuo stormio, 10 капсул, 230мл"
label0_models_say_match,fold_04,Бытовая техника,592705623707,300647723888,0,0.944,0.986,пылесос kelli kl-8005 красный,пылесос kelli kl-8005 красный
label0_models_say_match,fold_03,Хобби и творчество,455266623914,695784787117,0,0.992,0.938,"три совы / гравюра ""дом с маяком"", с эффектом золота, а3","гравюра с эффектом золота три совы ""дом с маяком"", а3"
label0_models_say_match,fold_02,Товары для животных,8590083089,103079275594,0,0.932,0.998,туалет zooexpress для грызунов угловой 33*19*18см / 1 шт,"zooexpress / туалет zooexpress для грызунов угловой, 33х19х18 см"
label0_models_say_match,fold_02,Автотовары,386547064835,188978718040,0,0.961,0.969,"airline канистра для гсм, 10 л",airline / канистра металлическая горизонтальная 10 л (acf-10h)
label0_models_say_match,fold_01,Детские товары,523986058624,549755876085,0,0.969,0.96,imtun / игрушка йо-йо трюковой металлический с подшипниками,игрушка йо-йо трюковой металлический с подшипниками
label0_models_say_match,fold_03,Хобби и творчество,712964730574,369367193269,0,0.953,0.977,"краситель выдумщики синтетический жидкий, зеленый, 15 г","выдумщики.ru краситель синтетический жидкий, зелёный, 15 г"
label0_models_say_match,fold_02,Спорт и отдых,755914245915,142432,0,0.963,0.967,bestway / бассейн надувной bestway 122х25см 51025,бассейн надувной круглый bestway 51025 122*25см
label0_models_say_match,fold_01,Продукты питания,17179874371,532576037826,0,0.968,0.961,"жокей / кофе жокей молотый классический,250г","кофе молотый жокей классический, 250 г"
label1_models_say_diff,fold_02,Дом и сад,773094114636,395137008501,1,0.066,0.004,"в центре океана: эссе, рассказы. сокуров а. т8 rugram","арт-сити картина ""интерьерная картина на холсте/большой кусок луга, альбрехт дюрер"", 60  х 40 см"
label0_models_say_match,fold_02,Хобби и творчество,103079369386,532575988051,0,0.955,0.974,"трафарет пластик ""большая снежинка"" 9х9 см",трафарет пластик 'большая снежинка' 9х9 см
label0_models_say_match,fold_02,Красота и гигиена,309237757447,644245209688,0,0.956,0.973,"queen fair пилка-наждак, абразивность 180/240, 18 см, цвет серый","пилка-наждак, абразивность 180/240, 18 см, цвет серый"
label0_models_say_match,fold_01,Хобби и творчество,300647739357,223338397189,0,0.941,0.989,"арт узор фетр мягкий 1 мм ""тёмно-синий"" набор 10 листов формат а4","арт узор фетр мягкий 1 мм ""тёмно-синий"", формат а4, 1 набор по 10 листов"
label0_models_say_match,fold_02,Детские товары,360777384670,317827716918,0,0.963,0.966,"игровой набор парикмахера ""причёски для принцессы"", в чемодане","игровой набор парикмахера причёски для принцессы, в чемодане"
label0_models_say_match,fold_01,Детские товары,206158444165,223338420703,0,0.965,0.964,"конструктор магнитный ""магический магнит"", 56 деталей","xinbida конструктор магнитный «магический магнит», 56 деталей"
label0_models_say_match,fold_03,Хобби и творчество,506806296764,506806188366,0,0.985,0.944,"классная раскраска ""паучок и его удивительные друзья""","barantsev раскраски / раскраска ""паучок и его удивительные друзья"""
label0_models_say_match,fold_04,Детские товары,197568533822,197568544491,0,0.971,0.958,пистолет водяной 7188b,водный пистолет игрушечный oubaoloon 7188b
label0_models_say_match,fold_01,Детские товары,249108235992,773094134902,0,0.934,0.994,полесье / набор детской посуды хозяюшка на 6 персон (v5) (38 элементов,"полесье, набор детской посуды ""хозяюшка"", на 6 персон, 38 элементов"
label0_models_say_match,fold_04,Бытовая химия,627065317220,197568561572,0,0.946,0.983,"grass / очиститель после ремонта cement remover, 1 л",средство для очистки после ремонта cement remover grass 1л
label0_models_say_match,fold_04,Бытовая химия,798864055378,695784854629,0,0.975,0.953,new progress активный кислород супер - пул 1 л,активный кислород супер - пул 1 л
label0_models_say_match,fold_02,Мебель,60129711412,489626408168,0,0.953,0.974,"стол садовый плетеный 4sis латте 160х90см из искусственного ротанга, столешница из закаленного стекла, 160 х 90 х 75 см (цвет: коричневый)","плетеный стол 4sis ""латте"" из искусственного ротанга 160х90см, цвет коричневый"
label0_models_say_match,fold_01,Продукты питания,455266578044,670014973469,0,0.957,0.97,"мистраль рис для плова традиционного, 900 г",рис мистраль для плова традиционного 900г
label0_models_say_match,fold_03,Спорт и отдых,171798827749,60129591425,0,0.931,0.997,"kal, малат магния 400, 90 таблеток","kal / малат магния, 400 мг, 90 таблеток"
label0_models_say_match,fold_04,Канцелярские товары,360777418660,111669238395,0,0.93,0.997,calligrata-tm / блок бумаги с клейким слоем 400 листов 8 цветов 76 мм х 76 мм флуоресцентный,"блок с липким краем 76 мм х 76 мм, 400 листов, флуоресцентный, 8 цветов, calligrata"
label0_models_say_match,fold_04,Бытовая химия,352187336332,687194793903,0,0.952,0.975,сонца / стиральный порошок для цветного sunday автомат 3 кг,sunday стиральный порошок 3000 г 30  стирок для цветных тканей
label0_models_say_match,fold_03,Товары для животных,188978609588,77309515498,0,0.955,0.971,"влажный корм для собак, solid natura holistic, говядина, упаковка 6 шт х 340 г","solid natura / влажный корм для собак holistic говядина, уп 6 шт х 340г"
label1_models_say_diff,fold_04,Ювелирные изделия,309237776123,377957249377,1,0.047,0.026,"sokolov цепь sokolov, белое золото, 585 проба, длина 40 см, средний вес 1.99 г","jewelry цепочка из родированного серебра 925 пробы / плетение колос / ширина 1,2 мм"
label0_models_say_match,fold_01,Бытовая химия,850403569400,352187440663,0,0.997,0.929,top house 180360,чистящее средство top house 180360
label0_models_say_match,fold_01,Продукты питания,8590025368,498216247337,0,0.949,0.977,кофе ambassador platinum растворимый 95г,кофе растворимый аmbassador platinum 95 грамм в стеклянной банке / амбассадор
label0_models_say_match,fold_04,Детские товары,678604946605,120259192101,0,0.996,0.93,"stellar / неваляшка малая ""аленушка"", 01698","неваляшка малая ""аленушка"""
label0_models_say_match,fold_02,Хобби и творчество,335007546584,455266681385,0,0.93,0.996,"молния металлическая, разъёмная 1 замок, на атласной тесьме, 4 мм, 70 см, цвет зеленый, 1 шт","riri молния металлическая, разъёмная 1 замок, на атласной тесьме, 4 мм, 70 см, цвет зеленый, 1 шт"
label0_models_say_match,fold_01,Галантерея и аксессуары,309237682979,51539645366,0,0.934,0.991,сумка baseus easyjourney series dark grey lbjx010013,сумка baseus easyjourney серая lbjx010013
label0_models_say_match,fold_04,Бытовая химия,481036342188,850403553397,0,0.95,0.976,grass / таблетки для посудомоечных машин экологичные crispi 100шт,"grass crispi экологичные таблетки для посудомоечных машин, 100 шт"
label0_models_say_match,fold_02,Детские товары,386547115055,326417523530,0,0.972,0.954,lego / конструктор technic 42130 bmw m1000rr,"лего technic серия, lego конструктор, лего 42130 bmw m 1000 rr, конструктор lego для мальчиков и девочки"
label0_models_say_match,fold_04,Бытовая химия,360777406102,798864014221,0,0.946,0.98,"grass концентрированное чистящее средство gloss concentrate, 1 литр",grass / чистящее средство gloss concentrate 1л
label0_models_say_match,fold_04,Музыкальные инструменты,317827611506,721554655976,0,0.948,0.977,"струны для акустической гитары ernie ball 2078 paradigm phosphor bronze 11-52 light лёгкое натяжение. повышенная прочность, долгий срок службы.","струны для акустической гитары, комплект из 6 струн, фосфорная бронза, ernie ball 2078 paradigm 11-52"
label0_models_say_match,fold_04,Спорт и отдых,94489284642,489626324150,0,0.989,0.936,жилет для плавания bestway надувной 51х46 см человек-паук 98014,denco store жилет для плавания
label0_models_say_match,fold_02,Бытовая химия,644245249677,77309424522,0,0.94,0.985,"comet / комет средство для унитаза лимон, 700 мл, 2 шт.","comet средство для туалета лимон, 700 мл , 2 шт/"
label0_models_say_match,fold_01,Бытовая химия,343597437458,558345899586,0,0.948,0.977,"акватория макси-пул-комплекс, 500мл",акватория / средство для бассейна акватория макси-пул-комплекс
label0_models_say_match,fold_01,Дом и сад,566935789272,773094166771,0,0.958,0.967,семена лука репчатого эксибишен,гавриш / семена лука репчатый эксибишен
label0_models_say_match,fold_01,Бытовая химия,68719537156,120259115844,0,0.992,0.933,brezo / brezo 97036 парфюмированная вода для утюгов 1л,"парфюмированная вода для утюгов, 1л brezo 97036"
label0_models_say_match,fold_01,Красота и гигиена,369367316917,395137109603,0,0.939,0.985,"nivea дезодорант стик женский жемчужная красота, 50мл",дезодорант-антиперспирант стик для тела nivea жемчужная красота женский 50 мл
label0_models_say_match,fold_04,Строительство и ремонт,764504263774,420906930769,0,0.931,0.993,замок навесной fuaro (фуаро) pl-protec-3075 3 ключа,fuaro / замок навесной fuaro pl-protec-3075 3 ключа блистер
label0_models_say_match,fold_04,Канцелярские товары,747324447674,335007551017,0,0.987,0.937,"artfox сумка для обуви «люблю скорость», непромокаемое полотно 41х30х0,5 см","сумка для обуви ""люблю скорость"",непромокаемое полотно 41х30х0,5 см"
label0_models_say_match,fold_01,Бытовая химия,51539691195,446676724866,0,0.93,0.994,aqualeon медленный стабилизированный хлор aqualeon комплексный таб. 200 гр,"медленный стабилизированный хлор aqualeon aqualeon, комплексный, 200 г, 1 шт"
label0_models_say_match,fold_01,Музыкальные инструменты,274878053581,781684084014,0,0.936,0.988,"flight fbg-2039 чехол для акустической гитары, утепленный (3мм)",flight / fbg 2039 чехол для акустической гитары утепленный (3мм)
label0_models_say_match,fold_02,Спорт и отдых,515396111699,489626304200,0,0.924,1.0,"бассейн надувной квадратный с навесом, intex 57470np 157х157х122см","бассейн надувной детский «домик», 157 х 157 х 122 см, с навесом, 57470np intex"
label0_models_say_match,fold_02,Хобби и творчество,764504208709,687194820240,0,0.929,0.995,"пазл ""маша и медведь - 2"", 35 элементов","step puzzle детский пазл ""маша и медведь - 2"" развивающий, игра-головоломка на развитие мелкой моторики и внимания, 35 элементов"
label0_models_say_match,fold_03,Спорт и отдых,335007552187,687194847157,0,0.933,0.99,"технок санки-ледянки ""машинка №1"", размер 77 х 38 см, цвета микс","санки-ледянки ""машинка №1"" 77х38см, микс"
label0_models_say_match,fold_03,Хобби и творчество,472446429151,747324391065,0,0.97,0.952,без бренда головоломка «танграм» с карточками (17 шт.),"головоломка ""танграм"" с карточками (17 шт.)"
label0_models_say_match,fold_01,Бытовая техника,755914328075,283467930178,0,0.95,0.973,"пылесос lg vk89309h, 2000вт, серебристый/черный [vk89309h.aksqcis](б/у)",пылесос lg vk89309h
label0_models_say_match,fold_03,Электроника,8590022188,498216338679,0,0.948,0.974,камера видеонаблюдения ip ezviz cs-h3c,"ip-камера ezviz cs-h3c (1080p,2.8mm ) 2.8-2.8мм цв. корп: белый"
label0_models_say_match,fold_04,Канцелярские товары,446676660939,137439051661,0,0.994,0.928,"фоамиран цветной а4 2мм 10л*10цв, остров сокровищ, иридисцентные цвета 665101","остров сокровищ пористая резина/фоамиран а4, 2 мм, остров сокровищ, 10 листов, 10 цветов, иридисцентные цвета, 665101"
label0_models_say_match,fold_02,Хобби и творчество,223338421040,34359845250,0,0.975,0.947,"puzzle time пазлы в упаковке «дедушка мороз», 35 элементов","пазлы в упаковке дедушка мороз, 35 элементов"
label0_models_say_match,fold_01,Детские товары,781684150130,42949704272,0,0.971,0.951,"игровой набор с проектором русская народная сказка , 3 сказки, световой эффект","zabiaka игровой набор с проектором ""русская народная сказка"", 3 сказки, световой эффект"
label0_models_say_match,fold_04,Бытовая химия,180388800976,154618966988,0,0.967,0.955,туалетный утенок / туалетный утенок для унитаза видимый эффект/900мл,чистящее средство туалетный утенок видимый эффект 900 мл
label0_models_say_match,fold_02,Бытовая химия,661425043310,120259131974,0,0.942,0.981,chirton освежитель воздуха light air тропическая ночь 300мл 2шт в уп,"chirton / освежитель воздуха ""тропическая ночь"", 300 мл 2шт"
label0_models_say_match,fold_01,Хобби и творчество,128849134804,790274026656,0,0.932,0.99,"десятое королевство / настольная игра веселые ходилки, 4 в 1","десятое королевство настольная игра ""веселые ходилки"" 4 в 1, для девочек"
label0_models_say_match,fold_01,Спорт и отдых,326417635094,635655274345,0,0.932,0.991,"не определен гимнастическая с палочкой grace dance, 4 м, цвет оранжевый","лента гимнастическая с палочкой grace dance , длина 4 м , цвет оранжевый"
label0_models_say_match,fold_02,Автотовары,730144581520,68719612344,0,0.985,0.937,сайлентблок задней поперечной тяги к-кт 2шт. бол.+мал lexus rx270 08> jikiu bhk21002,сайлентблок задней поперечной тяги к-кт! 2шт. бол.+мал. lexus rx270 08
label0_models_say_match,fold_03,Детские товары,635655282597,438086672093,0,0.965,0.957,"мягкая игрушка привидение с тыквой, цвет белый","не определен мягкая игрушка «привидение» с тыквой, цвет белый"
label0_models_say_match,fold_01,Товары для животных,386547176663,68719562869,0,0.942,0.979,little one фруктовая смесь - лакомство для всех видов грызунов 200г,little one snack fruit mix лакомство для грызунов “фруктовая смесь” (200 гр)
label0_models_say_match,fold_03,Красота и гигиена,833223808763,695784872854,0,0.96,0.962,"viking средство для душа, гель, 300 мл",viking / гель для душа пробуждение вулкана
label0_models_say_match,fold_02,Мебель,738734473722,77309516227,0,0.993,0.929,violet этажерка узкая 3-х ярусная на колесах (белая) 760306,violet этажерка узкая 3-х ярусная на колесах белая 760306
label0_models_say_match,fold_04,Строительство и ремонт,850403637722,506806169771,0,0.934,0.988,"ombra / 281201 рукоятка трещоточная 1/2""dr, металлическая ручка, 72 зубца","трещетка ""ombra"" (281201) 1/2"" dr, металлическая ручка"
label0_models_say_match,fold_02,Дом и сад,206158510510,257698088002,0,0.968,0.954,"горшок ""бонсай"" алый, 0,6 л/14х18 см","my sweet home / горшок ""бонсай"" алый, 0,6 л,14х18 см"
label0_models_say_match,fold_03,Бытовая техника,652835044896,850403626459,0,0.957,0.964,масляный радиатор ом- 5н (1 квт) ресанта 67/3/6,масляный радиатор ом-5н (1 квт) ресанта
label0_models_say_match,fold_03,Товары для животных,575525641794,412316870581,0,0.928,0.993,"ddstyle дунья догуш туалет экстра д/кошек с сеткой 49,5х36х12,5см","туалет для кошек с сеткой дунья догуш extra 49,5 36 12,5 см"
label0_models_say_match,fold_02,Хобби и творчество,68719544503,618475317234,0,0.956,0.965,"barantsev настольные игры / карточная игра ""отвечай или выполняй"", 50 карт","карточная игра ""отвечай или выполняй"", 50 карт"
label0_models_say_match,fold_02,Спорт и отдых,523986081870,506806144664,0,0.942,0.979,грипсы stels xh-gn01bl,stels / грипсы stels xh-gn01bl
label0_models_say_match,fold_03,Строительство и ремонт,523986043612,103079357361,0,0.96,0.961,смеситель agger brave а2321100 для ванны с душем,"agger / agger a2321100 смеситель универсальный для ванны, хром"
label0_models_say_match,fold_04,Детские товары,335007533755,558345922088,0,0.942,0.978,"игрушка - грелка с вишнёвыми косточками развивающая ""мишка""",крошка я развивающая игрушка - грелка с вишнёвыми косточками «мишка»
label0_models_say_match,fold_04,Бытовая химия,678604952691,240518172834,0,0.924,0.996,grass / средство для ванны и туалета универсальное dos-gel 750мл,"чистящее средство для туалета и ванной grass ""dos-gel"", 750 мл"
label0_models_say_match,fold_02,Дом и сад,309237655247,292057864273,0,0.925,0.995,"фигура садовая котёнок чёрнобелый, 14 см 12 см 20 см","садовый полистоун / фигура садовая котёнок чёрно-белый, 12x14x20 см"
label0_models_say_match,fold_03,Товары для животных,395137140969,687194828315,0,0.948,0.972,"пушистое счастье ошейник для собак и кошек с фастексом «неон», 30 х 1 см","пушистое счастье, ошейник для собак и кошек с фастексом ""неон"" , 30 х 1 см, цвет микс"
label0_models_say_match,fold_03,Детские товары,618475332934,463856624959,0,0.985,0.935,"макси-пазл ""щенячий патруль"", 35 элементов","step puzzle / макси-пазлы щенячий патруль, 35 деталей"
label0_models_say_match,fold_03,Спорт и отдых,601295535808,137439093510,0,0.923,0.997,"шапочка для плавания детская птички, тканевая, обхват 46-52 см","onlytop шапочка для плавания детская «птички», тканевая, обхват 46-52 см"
label0_models_say_match,fold_04,Продукты питания,755914303940,206158594861,0,0.949,0.971,"уксус kuhne яблочный 5%, 750 мл",kuhne / уксус яблочный натуральный 5% 750мл
label0_models_say_match,fold_04,Хобби и творчество,249108174104,120259169110,0,0.941,0.979,"набор для росписи керамической кружки ""девочка с пони"", 300 мл",без бренда набор для росписи керамической кружки «девочка с пони» 300 мл
label0_models_say_match,fold_01,Автотовары,60129647149,17179949249,0,0.965,0.955,landsail lsv88 195/80 r15 106s летняя,landsail lsv88 шины летние 195/80  r15 106s
label0_models_say_match,fold_03,Товары для животных,549755928504,317827640743,0,0.968,0.951,fiory / песок для птиц grit lemon лимон 1кг,fiory песок для птиц grit lemon лимон 1 кг
label0_models_say_match,fold_02,Бытовая химия,498216283831,343597528343,0,0.925,0.995,"средство для мытья пола grass floor wash нейтральное, концентрат, 5 л",grass / средство для мытья пола нейтральное floor wash 5л
label0_models_say_match,fold_01,Электроника,532576081910,154618868440,0,0.925,0.995,most / сетевой фильтр arg 3м (6 розеток) белый,сетевой фильтр most arg 3м (6 розеток) белый
label0_models_say_match,fold_01,Бытовая химия,360777304097,412316870582,0,0.948,0.972,ушастый нянь / гель для стирки,гель для стирки ушастый нянь 750 мл
label0_models_say_match,fold_03,Красота и гигиена,137439012956,111669264363,0,0.932,0.987,mukunghwa / зубная паста classic white отбеливающая двойного действия с микрогранулами с ароматом мяты 110 г,"mukunghwa зубная паста отбеливающая мята и ментол двойного действия с микрогранулами classic white, 110 г"
label0_models_say_match,fold_04,Бытовая химия,292057865413,644245102248,0,0.977,0.943,"капсулы для посудомоечной машины fairy ""platinum. all in 1. лимон"", 50шт., 8001841748412",капсулы для посудомоечных машин fairy platinum all in one лимон 50 шт
label0_models_say_match,fold_01,Строительство и ремонт,206158504790,266288012635,0,0.98,0.939,фреза угловая левая 0014j hss,фреза угловая левая 0014j hss для станка 100g2
label0_models_say_match,fold_01,Детские товары,180388733817,197568623954,0,0.986,0.933,"конструктор сити отпуск в доме на колесах, 10283",geniales / конструктор city - отпуск в доме на колесах
label0_models_say_match,fold_03,Красота и гигиена,86082,283467961942,0,0.96,0.959,рецепты бабушки агафьи аптечка агафьи маска-сияние для лица витаминная 100 мл,аптечка агафьи витаминная маска-сияние для лица для всех типов кожи 100мл
label0_models_say_match,fold_04,Бытовая техника,481036496208,309237742463,0,0.939,0.98,zipbaza / петля люка для стиральной машины electrolux 1327662001,петля для стиральной машины electrolux электролюкс 1327662001 (1327662)
label0_models_say_match,fold_03,Музыкальные инструменты,575525648084,532575984428,0,0.996,0.923,"000068uset new pst 5 universal set комплект тарелок 14""/16""/20"", paiste","комплект тарелок 14""/16""/20"" paiste 000068uset new pst 5 universal set комплект тарелок 14""/16""/20"""
label0_models_say_match,fold_01,Бытовая химия,249108204283,798863930887,0,0.996,0.923,"средство для мытья посуды velly ""бархатная фиалка"" 500 мл","средство для мытья посуды grass velly бархатная фиалка, 500 мл 125383"
label0_models_say_match,fold_04,Спорт и отдых,77309422626,42949779665,0,0.985,0.934,"кровать надувная full, 191 x 137 x 30 см, 67681 bestway","кровать надувная full, 191 x 137 x 30 см, 67681 bestway"
label0_models_say_match,fold_02,Бытовая химия,386547191905,231928293172,0,0.947,0.971,"стиральный порошок миф морозная свежесть автомат, 6 кг","миф / стиральный порошок миф ""морозная свежесть"", автомат, 6 кг"
label0_models_say_match,fold_01,Канцелярские товары,412316890794,42949726618,0,0.943,0.976,"гуашь 12 цветов ""гамма"" ""пчёлка"", 20 мл","гамма / гуашь ""пчелка"", 12 цветов, 20 мл, картон"
label0_models_say_match,fold_01,Бытовая химия,764504335498,223338404341,0,0.965,0.953,"средство для чистки cillit bang анти-жир+сияние, 750мл","cillit bang средство чистящее против жира - антижир + сияние, 750 мл"
label0_models_say_match,fold_01,Хобби и творчество,833223703672,532575962019,0,0.982,0.936,набор для творчества картина наклейками. фея-бабочка,школа талантов набор для творчества «картина наклейками. фея-бабочка»
label0_models_say_match,fold_03,Продукты питания,695784724307,240518193676,0,0.929,0.988,конфеты feletti momenti del cuore из молочного шоколада с начинкой пралине 300 г, momenti del cuore набор конфет из молочного шоколада  с начинкой пралине feletti  300 г 
label0_models_say_match,fold_01,Хобби и творчество,549755854471,171798837339,0,0.938,0.979,"не определен набор булавок, 2,3 см, 20 шт, цвет разноцветный","набор булавок, 2,3 см, 20 шт, цвет разноцветный"
label0_models_say_match,fold_04,Детские товары,283467958201,395137058219,0,0.971,0.946,"игрушечный робот-игрушка детская ""динозавр игрушечный тиранобот"", стреляет, свет, звук, работает от батареек  / 4388180","iq bot робот-игрушка «динозавр тиранобот», 4388180, стреляет, свет, звук, работает от батареек"
label0_models_say_match,fold_01,Детские товары,309237756582,300647780815,0,0.932,0.985,пазл step puzzle львенок и черепаха 35 элементов,степ пазл / макси-пазл 35 эл. львенок и черепаха (new)
label0_models_say_match,fold_01,Детские товары,575525633160,687194850100,0,0.976,0.941,"машина р/у 1:14 porsche 918 spyder, цвет белый 40mhz","rastar / машина р у 1:14 porsche 918 spyder, цвет белый 40mhz 70710w"
label0_models_say_match,fold_03,Товары для животных,429496788870,51539726893,0,0.952,0.965,"тм atlantis plast / туалет с сеткой №1 перламутровый, 36 х 26 х 6,5 см голубой","homecat atlantis лоток с сеткой для кошек, голубой перламутр, 36 х 26 х 6.5 см"
label0_models_say_match,fold_01,Детские товары,223338364623,824633749037,0,0.919,0.998,"мыльные пузыри формовые, микки маус 510 мл","disney мыльные пузыри формовые, микки маус 510 мл"
label0_models_say_match,fold_02,Строительство и ремонт,352187365200,704374774297,0,0.923,0.994,huter шланг высокого давления ar (71/5/7),"шланг высокого давления для huter ar, 71/5/7"
label0_models_say_match,fold_02,Спорт и отдых,377957180997,807453885063,0,0.923,0.993,виброхвост helios chubby 9см cola hs-4-045 (набор 5шт),"виброхвост / мягкая приманка helios chubby cola, 9 см, 5 шт. (hs 4 045)"
label0_models_say_match,fold_04,Хобби и творчество,154618978802,77309472866,0,0.964,0.952,"алмазная вышивка с полным заполнением ""кот"", холст 20 30 см","школа талантов алмазная мозаика с полным заполнением 20х30 ""кот"", холст"
label0_models_say_match,fold_02,Красота и гигиена,94489347585,506806180720,0,0.944,0.972,крем-гель детский моё солнышко абрикосовый остров для купания и душа 400 мл,моё солнышко / крем-гель детский для купания абрикосовый остров 400 мл.
label0_models_say_match,fold_03,Музыкальные инструменты,154618894571,635655220679,0,0.981,0.935,planet waves 25ss01-dx замшевый гитарный ремень,planet / 25ss01-dx замшевый гитарный ремень
label0_models_say_match,fold_02,Детские товары,420906913307,335007533439,0,0.937,0.979,машина грузовик самосвал 01401 стеллар,stellar / грузовик самосвал 01401
label0_models_say_match,fold_04,Бытовая техника,377957210099,609885464586,0,0.953,0.963,ariston накопительный водонагреватель superlux nts 80v,"накопительный водонагреватель superlux nts nts 80 v накопительный, электрический, 220 в, вертикальный, погружной тэн настенный напорный из эмалированной стали"
label0_models_say_match,fold_04,Товары для животных,171798721969,111669184685,0,0.919,0.997,ночной охотник / консервы для кошек кусочки в желе курица 415г,ночной охотник 415г консервы для кошек курица кусочки в желе
label0_models_say_match,fold_03,Красота и гигиена,841813702456,747324354011,0,0.924,0.992,concept оттеночный бальзам для волос эффект пепельный блонд 300мл blond explosion,"concept / оттеночный бальзам ""пепельный блонд"", 300 мл"
label0_models_say_match,fold_02,Аптека,60129563770,163208762053,0,0.918,0.998,тест-полоски для глюкометра диаконт (diacont) 50шт,diacont / тест-полоски для глюкометра диаконт diacont 50 шт в уп определение уровня глюкозы в крови
label0_models_say_match,fold_04,Товары для животных,824633860014,223338377552,0,0.925,0.991,корм сухой perfect fit sterile с курицей для кастрированных котов и стерилизованных кошек 650г,"корм сухой perfect fit для взрослых стерилизованных кошек, с курицей, 650 г"
label0_models_say_match,fold_01,Бытовая химия,515396102730,274878022652,0,0.961,0.954,капсулы для стирки персил пауэр капс 4в1 колор 28шт,капсулы для стирки персил 28 шт пауэр капс колор 4 в1
label0_models_say_match,fold_03,Музыкальные инструменты,661425043681,566935776500,0,0.932,0.984,alice a007d/bk-a - каподастр для акустической гитары,alice / каподастр для гитары alice a007d/bk-a черный
label0_models_say_match,fold_04,Детские товары,292057895231,841813638391,0,0.93,0.985,"no name / мягкая игрушка мишка, 25 см, цвет белый","мягкая игрушка ""мишка"", 25 см, цвет белый"
label0_models_say_match,fold_02,Музыкальные инструменты,833223778187,515396137117,0,0.978,0.937,классическая гитара belucci bc3805 bls,"belucci / гитара классическая 7/8 (38"") комплект bc3805 bls"
label0_models_say_match,fold_03,Строительство и ремонт,429496867792,300647756224,0,0.924,0.991,ресанта / лобзик электрический 650 вт электролобзик л-65/650,лобзик электрический л-65/650 ресанта
label0_models_say_match,fold_02,Музыкальные инструменты,223338381301,128849051272,0,0.983,0.932,"sw1020-4 губная гармошка, swan","sw1020-4 губная гармошка, swan"
label0_models_say_match,fold_03,Красота и гигиена,206158508811,292057804013,0,0.954,0.96,"мыло-крем жидкое officeclean professional ""антибактериальное"", с ромашкой, канистра, 5л","мыло-крем жидкое officeclean professional ""антибактериальное"", с ромашкой, 5 л (319534)"
label0_models_say_match,fold_01,Хобби и творчество,498216319239,584115666059,0,0.944,0.971,"nika мольберт детский, двусторонний «растущий», регулируется по высоте, размер 755 × 516 × 70 мм, микс","мольберт детский, двусторонний ""растущий"", регулируется по высоте, размер 755 x 516 x 70 мм"
label0_models_say_match,fold_03,Продукты питания,120259185311,841813700494,0,0.939,0.975,"кофе зерновой jardin эфиопия эйфория жаренный, 250г","jardin кофе в зернах euphoria, 250 г"
label0_models_say_match,fold_03,Дом и сад,446676735325,163208774709,0,0.924,0.99,"ланч-бокс foodvibes квадратный, 700 мл, ""единорог"" (4569090)","foodvibes / ланч-бокс квадратный ""единорог"" 700 мл"
label0_models_say_match,fold_03,Красота и гигиена,197568617812,188978584760,0,0.955,0.959,"пилка-наждак, абразивность 180/240, 18 см, цвет серый","без бренда пилка-наждак, абразивность 180/240, 18 см, цвет серый"
label0_models_say_match,fold_01,Продукты питания,8590045465,360777417674,0,0.93,0.984,"lofbergs / кофе в зёрнах 1кг / medium roast кофе лофбергс медиум/ ароматный кофе, вкусный кофе, в зернах","кофе в зернах lofbergs medium roast,1кг"
label0_models_say_match,fold_02,Продукты питания,498216278433,25769849011,0,0.964,0.949,набор имбирных пряников герои марвел 3 шт,art sweets / набор имбирных пряников герои марвел 3 шт
label0_models_say_match,fold_02,Детские товары,446676616349,94489387225,0,0.935,0.978,"музыкальная кукла ""волшебная русалка"", звук, свет","happy valley / музыкальная кукла волшебная русалка , звук, свет"
label0_models_say_match,fold_04,Спорт и отдых,257698163078,627065358787,0,0.928,0.985,kyoda / раттлин bar vib 90мм 27гр цвет p1752,воблер kyoda bar vib 90мм 27гр цвет p1752
label0_models_say_match,fold_02,Электроника,146420,68719491833,0,0.925,0.989,мышь беспроводная a4tech fstyler fg10 черный,"a4tech мышь беспроводная fstyler fg10, черный"
label0_models_say_match,fold_04,Строительство и ремонт,670014910655,62237,0,0.919,0.994,"ekf mcb4729-1-16c автоматический выключатель 1p 16а (c) 4,5ка ва 47-29 ekf basic",автоматический выключатель ekf 1p 16 ка 230 в mcb4729-1-16c 1 шт
label0_models_say_match,fold_01,Красота и гигиена,274878044019,94489354200,0,0.937,0.976,"runail пинцет скошенный, широкий, 9 см, цвет серебристый/золотистый, ru-0142","пинцет скошенный, широкий, 9 см, цвет серебристый/золотистый"
label0_models_say_match,fold_03,Бытовая химия,790274093111,532576042338,0,0.927,0.986,"pigeon corporation / кондиционер для белья 200 мл, flower festival","кондиционер-антистатик для белья pigeon ""spray flower festival"", 200 мл"
label0_models_say_match,fold_04,Хобби и творчество,214748421885,687194851411,0,0.968,0.945,"не определен набор для творчества. елочные шары под раскраску ""чудесные зверята"", 2 шт","набор для творчества. ёлочные шары под раскраску ""чудесные зверята"", набор 2 шт"
label0_models_say_match,fold_03,Мебель,420906836851,352187399071,0,0.954,0.96,"стол из массива сосны solarius, классика, лакированный, цвет венге, 90х60см","solarius / стол solarius, классика, лакированный, цвет венге, 90х60см"
label0_models_say_match,fold_01,Товары для животных,146029019579,412316956501,0,0.965,0.948,деревенские лакомства 79213270 холистик премьер сухой корм для собак мини-пород индейка с рисом 7кг,"деревенские лакомства / сухой корм для собак мелких пород индейка с рисом, 7кг"
label0_models_say_match,fold_02,Хобби и творчество,420906924413,601295507842,0,0.932,0.981,"бисер из стекла, 2,3 мм, цвет оранжевый, 10 упаковок","preciosa бисер из стекла, 2,3 мм, цвет оранжевый, 10 упаковок"
label0_models_say_match,fold_02,Бытовая химия,206158578976,498216207394,0,0.92,0.992,dr.tuttelle детский кондиционер 1000мл,кондиционер для стирки dr.tuttelle для детских вещей 1л
label0_models_say_match,fold_02,Бытовая химия,386547188422,790274040522,0,0.977,0.935,"стиральный порошок миф 2 кг, морозная свежесть, 13 стирок","миф. / стиральный порошок автомат морозная свежесть 13 стирок, 2кг"
label0_models_say_match,fold_01,Бытовая химия,721554649071,352187457965,0,0.973,0.939,"диффузор ароматический ""артдекор"", 100 мл, яблоко, ""богатство аромата""","не определен диффузор ароматический ""артдекор"", 100 мл, яблоко, ""богатство аромата"""
label0_models_say_match,fold_04,Детские товары,395137080111,687194902078,0,0.915,0.997,играем вместе настольная игра пинбол «ми-ми-мишки»,"играем вместе настольная игра пинбол ""ми-ми-мишки"""
label0_models_say_match,fold_03,Бытовая техника,180388774105,850403586207,0,0.979,0.933,отпариватель grand master gm-s205 professional красный .,отпариватель grand master gm-s205 professional красный
label0_models_say_match,fold_02,Товары для животных,523986095454,420906938771,0,0.935,0.977,"dogman игрушка для собак гантель звенящая, 12 см","игрушка dogman для собак гантель звенящая 12см , 1 шт"
label0_models_say_match,fold_02,Хобби и творчество,481036485705,386547067319,0,0.961,0.95,"тесьма с бусинками, 13 см, 5 0,5 м, цвет изумрудный/бежевый","без бренда тесьма с бусинками, 13 см, 5 ± 0,5 м, цвет изумрудный/бежевый"
label0_models_say_match,fold_04,Товары для животных,498216316273,798864004684,0,0.97,0.941,"сухой корм pro plan для щенков средних пород с чувствительным пищеварением, с высоким содержанием ягненка, пакет, 3 кг х 1 шт","pro plan / корм для средних щенков sensitive digestion, ягненок 3кг"
label0_models_say_match,fold_03,Хобби и творчество,764504200584,274877986784,0,0.987,0.925,эврики / набор для опытов живой брелок,"эврики, набор для опытов ""живой брелок"""
label0_models_say_match,fold_03,Спорт и отдых,403726954304,644245171356,0,0.911,1.0,bresser / бинокль детский junior 6x21,бинокль детский bresser junior 6x21
label0_models_say_match,fold_04,Хобби и творчество,8590055213,850403560960,0,0.934,0.977,"звезда / сборная модель машина тбмп т-15 ""армата"" военная техника",сборная модель российская тяжелая боевая машина пехоты тбмп т-15 армата
label0_models_say_match,fold_03,Электроника,34359879329,335007466037,0,0.918,0.993,сетевой фильтр buro bu-sp1.8_usb_2a-b 1.8м (6 розеток) черный 1 шт.,buro / сетевой фильтр bu-sp1.8 usb 2a-b 6 розеток черный
label0_models_say_match,fold_04,Электроника,386547185761,352187351651,0,0.935,0.976,wd / жесткий диск wd blue wd40ezaz/4tb,western digital 4 тб внутренний жесткий диск blue pc hdd 3.5 (wd40ezaz) 
label0_models_say_match,fold_04,Бытовая химия,300647761862,687194803440,0,0.94,0.971,стикер чистоты для унитаза туалетный утенок цитрус 3 шт.,"туалетный утенок стикер чистоты цитрус, 3 штуки в упаковке"
label0_models_say_match,fold_03,Спорт и отдых,206158458104,240518206959,0,0.943,0.968,discovery / плавающий бинокль breeze 7x50 solar,плавающий бинокль discovery breeze 7x50 solar
label0_models_say_match,fold_02,Спорт и отдых,17179931779,816043841589,0,0.945,0.965,stinger / блесна phantom 75/28 #sbr,блесна для рыбалки колеблющаяся (колебалка) stinger phantom 75/28 #sbr
label0_models_say_match,fold_02,Товары для животных,188978621143,575525642906,0,0.919,0.991,"flexi / рулетка-ремень для собак до 50 кг, 8 м, черная","flexi рулетка-ремень для собак до 50кг, 8м, черная (new comfort l tape 8m black) "
label0_models_say_match,fold_01,Бытовая химия,240518279436,601295561584,0,0.921,0.989,чистящее средство bagi classic шуманит жироудалитель 400 мл,"жироудалитель bagi ""шуманит"", 400 мл"
label0_models_say_match,fold_03,Хобби и творчество,618475358740,816043865160,0,0.996,0.913,русский стиль / умные игры на липучках сосчитай-ка! 04300,настольная игра русский стиль умные игры на липучках сосчитай-ка!
label0_models_say_match,fold_04,Бытовая химия,532576028841,575525640905,0,0.935,0.975,"ушастый нянь / гель для стирки детского белья, 1200 мл","гель для стирки детского белья ушастый нянь, 1.2л"
label0_models_say_match,fold_04,Хобби и творчество,498216362314,171798741648,0,0.931,0.978,"бусины для творчества пластик ""розовая сирень"" набор 20 гр d:1 см","арт узор бусины для творчества пластик ""розовая сирень"" набор 20 гр d=1 см"
label0_models_say_match,fold_03,Хобби и творчество,171798849285,678604995261,0,0.948,0.962,инновации для детей / набор юный химик малый. чернила для шпионов (опыты и экспери,набор для опытов и экспериментов инновации для детей юный химик малый. чернила для шпионов (опыты и
label0_models_say_match,fold_03,Товары для животных,8590028492,755914311429,0,0.919,0.99,"hill's / prescription diet c/d multicare urinary care при мкб, 400г","сухой диетический корм для кошек для профилактики цистита и лечения мочекаменной болезни (мкб), с курицей hill's prescription diet cat c/d multicare urinary care 400 г"
label0_models_say_match,fold_03,Красота и гигиена,214748366827,695784703234,0,0.921,0.988,туалетная бумага zewa natural comfort 3 слоя 12шт.,"бумага туалетная zewa natural comfort 3-х слойная, 12 шт в упаковке, 1 уп"
label0_models_say_match,fold_01,Товары для животных,463856587191,601295500293,0,0.96,0.949,аквариумное растение rabizy дерево 23х8х33 см,аквариумное растение rabizy дерево 23х8х33 см
label0_models_say_match,fold_01,Электроника,51539670239,420906808005,0,0.915,0.994,limeparts / блок питания для ноутбуков toshiba 19v 4.74a 90w 5.5x2.5 мм,блок питания для ноутбуков toshiba 19v 4.74a 90w 5.5x2.5
label0_models_say_match,fold_03,Дом и сад,154618963461,549755830394,0,0.924,0.985,hesi / стимулятор hesi power zyme 1000 мл (1 л),"стимулятор роста растений, hesi power zyme, 1л"
label0_models_say_match,fold_03,Строительство и ремонт,704374666429,51539664948,0,0.947,0.962,p.i.t. / электрофен phg2000-c,фен технический p.i.t. мастер phg2000-c
label0_models_say_match,fold_02,Продукты питания,781684181377,343597512602,0,0.995,0.913,"увелка / булгур в сливочно-чесночном соусе по-итальянски, 260 г",булгур увелка в сливочно-чесночном соусе по-итальянски 260г
label0_models_say_match,fold_03,Бытовая техника,506806214216,292057935094,0,0.925,0.983,мясорубка gastrorag hm-12ns,мясорубка gastrorag hm-12ns
label0_models_say_match,fold_01,Бытовая техника,798864033601,532576088228,0,0.917,0.992,"deerma / вертикальный пылесос deerma dx700s, проводной",вертикальный пылесос deerma dx700s
label0_models_say_match,fold_02,Спорт и отдых,309237717689,369367246281,0,0.912,0.996,"круг надувной для плавания ""морские приключения"", диаметр51 см, от 3-6 лет, 36113 bestway","круг надувной для плавания морские приключения, диаметр 51 см, от 3-6 лет, bestway"
label0_models_say_match,fold_03,Музыкальные инструменты,463856541485,790274043875,0,0.984,0.924,пластик для барабана dadi dht10,"пластик для барабанов 10"", прозрачный dadi dht10"
label0_models_say_match,fold_03,Хобби и творчество,377957150990,360777404786,0,0.948,0.96,"алмазная мозаика три совы ""летний пейзаж"", 30*40см, холст на деревянном подрамнике, картонная коробка с пластиковой ручкой","алмазная мозаика три совы ""летний пейзаж"", 30х40 см, холст на деревянном подрамнике, картонная коробка с пластиковой ручкой (амп3040_52932)"
label0_models_say_match,fold_02,Товары для животных,326417619508,120259123235,0,0.928,0.98,"cliny / подгузники 3-6 кгк202, s 10 шт",подгузники для собак и кошек cliny s 3-6 кг уп.10шт
label0_models_say_match,fold_03,Детские товары,549755910993,446676630252,0,0.947,0.96,"набор цветных кубиков, ""смешарики"", 20 штук, 4х4 см 4131402","nurtop / набор цветных кубиков, ""смешарики"", 20 элементов, 4х4 см"
label0_models_say_match,fold_01,Детские товары,807453989713,134638,0,0.948,0.96,"abtoys. / набор инструментов ""помогаю папе"", на блистере, с ручкой","набор инструментов abtoys помогаю папе, на блистере с ручкой"
label0_models_say_match,fold_01,Товары для животных,764504182258,635655198696,0,0.958,0.949,"не определен свитер меланжевый, размер xl (дс 35, ош 32, ог 50 см), синий","свитер меланжевый, размер xl (дс 35, ош 32, ог 50 см), синий"
label0_models_say_match,fold_03,Музыкальные инструменты,137438981888,841813660619,0,0.981,0.927,sigma gmc-ste+,электроакустическая гитара sigma gmc-ste+
label0_models_say_match,fold_04,Товары для животных,283467882152,128849138960,0,0.965,0.942,"homecat / когтеточка-столбик для кошек, серая, 29,5х29,5х50 см","когтеточка-столбик homecat для кошек ковролин, джут серый 295х295х500 65632"
label0_models_say_match,fold_04,Музыкальные инструменты,661425021794,103079254989,0,0.975,0.932,струны для акустической гитары ernie ball 2151,струны ernie ball 2151 (10/52)
label0_models_say_match,fold_03,Музыкальные инструменты,420906891697,377957268722,0,0.967,0.94,"uspr укулеле сопрано, палисандр, poni","uspr укулеле сопрано, палисандр, poni"
label0_models_say_match,fold_03,Музыкальные инструменты,635655278862,214748511306,0,0.964,0.944,"soundking / bxx002-5m кабель микрофонный, xlr female/male, 5м","bxx002-5m кабель микрофонный, xlr female/male, 5м, soundking"
label0_models_say_match,fold_04,Товары для животных,240518240105,240518219032,0,0.934,0.973,"сухой корм farmina n&d prime беззерновой для взрослых кошек, ягненок и черника, 1.5 кг","farmina / сухой корм для кошек farmina n&d prime lamb & blueberry, беззерновой, ягненок с черникой, 1,5кг"
label0_models_say_match,fold_01,Товары для животных,154618838555,833223787340,0,0.953,0.954,n1 №1 грейфер веревка для собак плетеная с мячом 33см,№1 грейфер веревка плетеная с мячом. 33см
label0_models_say_match,fold_04,Канцелярские товары,730144489464,128849144523,0,0.942,0.965,bic / карандаш чернографитный evolution эко hb с ластиком пласт.,"карандаш чернографитный evolution эко, hb, с ластиком, пластиковый"
label0_models_say_match,fold_04,Хобби и творчество,360777323957,34359769120,0,0.982,0.925,"плюх / слайм, с шариками, оранжевый, капсула 40 г","слайм, оранжевый, капсула с шариками 40 г"
label0_models_say_match,fold_04,Канцелярские товары,412316978500,77309485994,0,0.913,0.994,конверт белый с4 стрип security 229х324 100г фин 500шт уп,"bong конверты белый с4, стрип security 229х324 100г 500шт/ уп"
label0_models_say_match,fold_01,Бытовая химия,34359828280,292057883325,0,0.955,0.951,"средство для мытья пола mr.white ""лимон-апельсин"", концентрат, 5 л",mr. white средство для мытья пола mr.white optima концентрат лимон-апельсин 5л
label0_models_say_match,fold_03,Галантерея и аксессуары,188978650220,601295518580,0,0.91,0.997,"hasbro рюкзак детский, 23х21х10 см, my little pony","рюкзак детский, 23х21х10 см, my little pony"
label0_models_say_match,fold_01,Бытовая химия,687194846098,738734444125,0,0.943,0.962,grass / средство для уборки сантехнических блоков 600 мл gloss,"средство для уборки сантехнических блоков 600 мл grass gloss, кислотное, спрей, 221600, 1ед. в комплекте"
label0_models_say_match,fold_04,Бытовая химия,738734405196,403727053063,0,0.925,0.981,"средство для сантехники hg чистящее средство для акриловых ванн 0,5л",hg / чистящее средство для акриловых ванн 500 мл
label0_models_say_match,fold_02,Аптека,566935848501,146029035386,0,0.984,0.921,линзы air optix aqua 6 шт -5.25 радиус кривизны 8.6,"alcon / air optix aqua, 6 шт. r: 8.6, d: -5.25"
label0_models_say_match,fold_01,Музыкальные инструменты,687194914635,120259231840,0,0.92,0.986,струны для электрогитары elixir 10 46,elixir / струны
label0_models_say_match,fold_03,Бытовая химия,816043930157,352187353490,0,0.953,0.952,ваше хозяйство / гранулы от муравьев великий воин 150 г,великий воин от муравьев гранулы 150г.
label0_models_say_match,fold_03,Музыкальные инструменты,266287978661,566935788116,0,0.97,0.935,губная гармошка stagg bjh-b20 d,губная гармошка stagg bjh-b20 d
label0_models_say_match,fold_01,Дом и сад,223338378674,489626346507,0,0.947,0.959,"бокал, 160 мл, 6 шт",3045065 / бокал
label0_models_say_match,fold_04,Электроника,558345875974,644245238904,0,0.94,0.965,seagate 2 тб внутренний жесткий диск (st2000nm000a) ,"seagate / st2000nm000a exos 7e8 жесткий диск hdd 3,5"" 2тб, sata iii, буфер 256 mb, скорость 7200 rpm"
label0_models_say_match,fold_01,Строительство и ремонт,747324312320,51539623929,0,0.909,0.996,подвесной светильник hiper rosso h230-1,подвесной светильник hiper rosso h230-1 / e27 / 60 вт / серый
label0_models_say_match,fold_03,Хобби и творчество,661425084198,601295539914,0,0.995,0.91,"слайм ""стекло"" с фиолетовыми крупными блёстками",лепа слайм «стекло» с фиолетовыми крупными блёстками
label0_models_say_match,fold_02,Бытовая техника,420906902459,154618872621,0,0.925,0.98,"нож для мясорубки bosch №5 для mfw15... champion, philips hr7752, siemens, zelmer - 00020468 (420306564080)","bosch нож для мясорубки bosch, siemens, philips, №5, 1-сторонний, 00020468, 00620949, 420306564080"
label0_models_say_match,fold_02,Бытовая техника,489626391369,369367282634,0,0.914,0.99,bbk / микроволновая печь для кухни свч 17mws-794m/b-m 17 литров,микроволновая печь bbk 17mws-794m/b-m черная
label0_models_say_match,fold_03,Детские товары,721554625036,68719544303,0,0.976,0.928,юла карусель зефир,стеллар / юла-карусель зефир
label0_models_say_match,fold_02,Музыкальные инструменты,747324328647,584115575094,0,0.959,0.945,кастаньеты dekko g-8-6,dekko / dekko g-8-6 кастаньеты на ручке деревянные
label0_models_say_match,fold_03,Детские товары,712964586224,360777362607,0,0.984,0.92,"микроскоп детский""юный ученый"" кратность х100, х400, х1200, подсветка, цвет жёлтый","без бренда микроскоп детский «юный ученый» кратность х100, х400, х1200, подсветка, цвет жёлтый"
label0_models_say_match,fold_01,Продукты питания,231928343414,283467891939,0,0.959,0.945,"пюре ""маленькое счастье"" из яблок и персиков 90 г",маленькое счастье / детское фруктовое пюре яблоко-персик 12шт/90
label0_models_say_match,fold_04,Красота и гигиена,678604860835,27303,0,0.983,0.921,"шампунь для волос bioblas с маслом крапивы для придания объема тонким слабым волосам, 360мл","шампунь для волос bioblas с маслом крапивы для придания объема тонким слабым волосам, 360мл"
label0_models_say_match,fold_03,Бытовая химия,257698059937,472446532040,0,0.949,0.954,таблетки для пмм finish ultimate 44 штук,капсулы finish ultimate для посудомоечных машин 44 шт
label0_models_say_match,fold_02,Хобби и творчество,541165916666,670014968005,0,0.959,0.944,"queen fair замок-тогл ""цветок"" вороненая сталь, 16x14мм (набор 2шт), цвет серый","замок-тогл цветок вороненая сталь, цвет серый, 16*14 мм, 2 штуки"
label0_models_say_match,fold_04,Аптека,188978593521,532576087791,0,0.93,0.973,"индапамид+периндоприл, таблетки, 0,625 мг + 2 мг, 30 шт.","периндоприл плюс индапамид таблетки п/о плен. 0,625мг+2мг 30шт"
label0_models_say_match,fold_03,Хобби и творчество,678604925190,137439067718,0,0.928,0.975,"эврики микроскоп «юный исследователь», 7 предметов, кратность увеличения 100, 200, 300","микроскоп для детей (школьный), ""юный исследователь"", 7 предметов, кратность увеличения 100, 200, 300"
label0_models_say_match,fold_03,Музыкальные инструменты,34359871069,34359769444,0,0.913,0.99,fender woven 'running' logo ремень для гитары,fender woven -running- logo ремень для гитары
label0_models_say_match,fold_04,Спорт и отдых,833223764322,317827673261,0,0.903,1.0,"ekud компрессионный мешок, 19 литров (красный)","компрессионный мешок ekud, 19 литров (красный)"
label0_models_say_match,fold_02,Музыкальные инструменты,644245129703,249108119720,0,0.91,0.992,flight / fbg 2009 чехол для акустической гитары,чехол для акустической гитары flight fbg-2009
label0_models_say_match,fold_01,Бытовая химия,171798789242,833223704980,0,0.968,0.934,grass кондиционер для белья eva sensitive концентрированный канистра 5кг,grass / кондиционер для белья eva sensitive канистра 5кг
label0_models_say_match,fold_03,Канцелярские товары,111669205630,154618903119,0,0.954,0.948,"ежедневник а5, 80 л. тонкая обложка ""газ в пол""","kangaeru / ежедневник а5. 80 л. тонкая обложка ""газ в пол"""
label0_models_say_match,fold_01,Дом и сад,85899493289,369367201708,0,0.949,0.953,"диффузор ароматический с цветком хлопка нежный, 50 мл, ваниль,","не определен диффузор ароматический с цветком хлопка ""нежный"", 50 мл, ваниль,"
label0_models_say_match,fold_03,Строительство и ремонт,60129702171,369367348297,0,0.938,0.964,люстра divinare 2060/02 sp-5,"подвесной светильник divinare 2060/02 sp-5, серый металлик"
label0_models_say_match,fold_02,Бытовая химия,326417592482,541165997239,0,0.902,1.0,освежитель воздуха master fresh мохито 300 мл,"master fresh / освежитель воздуха спрей master fresh, мохито, 300 мл"
label0_models_say_match,fold_04,Бытовая техника,197568508462,575525678527,0,0.973,0.928,электробритва xiaomi showsee electric f1-r red,электробритва xiaomi showsee electric shaver f1-r red
label0_models_say_match,fold_01,Бытовая химия,360777262690,292057870123,0,0.914,0.987,"туалетный утенок / чистящее средство для сантехники активное, морской, 900 мл",чистящее средство туалетный утенок морской 900 мл
label0_models_say_match,fold_02,Детские товары,755914362994,644245096786,0,0.945,0.956,"не определен кукла dh2278d с аксессуарами, в коробке","игрушка кукла dh2278d с аксессуарами, в коробке"
label0_models_say_match,fold_02,Детские товары,60129552517,412316981230,0,0.97,0.932,"nobrand набор машин радиоуправляемых «полицейская погоня», 2 шт., 1:22, работают от батареек","набор машин радиоуправляемых полицейская погоня, 2 шт., 1:22, работают от батареек"
label0_models_say_match,fold_01,Детские товары,592705640969,231928370072,0,0.939,0.962,"воздушный змей ""анна и эльза"", холодное сердце, 70 x 105 см","не определен воздушный змей «анна и эльза», холодное сердце, 70 х 105 см"
label0_models_say_match,fold_03,Детские товары,60129695094,44223,0,0.965,0.936,мягкая плюшевая игрушка подушка гусь обнимусь 130 см,гусь обнимусь / мягкая игрушка подушка гусь обнимусь 130 см
label0_models_say_match,fold_03,Детские товары,42949682666,541165962435,0,0.976,0.925,"автоград погрузчик металлический «стройтехника», подвижные детали, с элементами из пластика","автоград, погрузчик металлический ""стройтехника"", подвижные детали, с элементами из пластика"
label0_models_say_match,fold_01,Хобби и творчество,292057873211,773094133471,0,0.969,0.931,"без бренда пуговица костюмная с проколами 32 "" ( 20 мм) № а008 черный, 1 шт. в заказе","пуговица костюмная с проколами 32 "" ( 20 мм) № а008 черный, 1 шт. в заказе"
label0_models_say_match,fold_04,Бытовая техника,154618923236,721554623448,0,0.915,0.985,масляный радиатор ом- 5н (1 квт) ресанта,"ресанта / радиатор масляный ом-5н, электрический обогреватель 1 квт"
label0_models_say_match,fold_01,Хобби и творчество,644245223798,850403527010,0,0.926,0.975,"геодом / фигурный пазл ""принцессы"" на подложке, 80 деталей","пазл фигурный на подложке. 80 деталей. замок принцессы. 30х30,5 см. геодом"
label0_models_say_match,fold_04,Товары для животных,128849139946,773094223096,0,0.954,0.947,"eukanuba puppy medium breed / сухой корм эукануба для щенков средних пород с курицей, 3 кг","eukanuba / eukanuba корм для щенков средних пород, курица 3 кг"
label0_models_say_match,fold_04,Красота и гигиена,695784846339,240518274911,0,0.953,0.948,"дезодорант axe dark temptation аэрозоль, 150мл",axe дезодорант-аэрозоль dark temptation 150 мл
label0_models_say_match,fold_03,Хобби и творчество,515396168606,412316991822,0,0.902,0.999,"время игры игра настольная падающая башня ""время игры"", 20.5 х 6.3 см, 54 бруска, брусок 6.3 х 1.1 х 2.1 см / 9223587","падающая башня ""время игры"" 20.5 х 6.3 см 54 бруска брусок 6.3 х 1.1 х 2.1 см"
label0_models_say_match,fold_02,Бытовая химия,42949813052,627065321231,0,0.901,0.999,сменный баллон для освежителя воздуха air wick freshmatic pure аэрозоль весеннее настроение 250 мл,air wick freshmatic pure сменный аэрозольный баллон сухого распыления к автоматическому освежителю воздуха весеннее настроение 250 мл
label0_models_say_match,fold_04,Красота и гигиена,85899390129,661425095941,0,0.974,0.926,"ручка-корректор erichkrause techno white ergo, 12 мл, с металлическим наконечником","ручка-корректор erichkrause techno white ergo, 12 мл, с металлическим наконечником"
label0_models_say_match,fold_02,Галантерея и аксессуары,790273990119,695784827261,0,0.915,0.985,90 points рюкзак,рюкзак унисекс xiaomi 90 points vibrant college casual backpack dark red
label0_models_say_match,fold_03,Детские товары,369367316287,463856505052,0,0.942,0.958,"набор бамбуковой посуды единорог , тарелка, миска, стакан, приборы, 5 предметов","крошка я набор бамбуковой посуды ""единорог"", тарелка, миска, стакан, приборы, 5 предметов"
label0_models_say_match,fold_04,Красота и гигиена,730144521315,721554619578,0,0.931,0.969,"l'oreal paris revitalift крем дневной против морщин для лица, 50 мл",l'oreal paris / крем для лица антивозрастной дневной revitalift 50мл
label0_models_say_match,fold_01,Канцелярские товары,128849106186,721554634980,0,0.946,0.954,"(5 шт.) - блокнот а5 (134х206 мм), 80 л., твёрдый, клетка, staff, ""pastel"", 114416 (арт. 114416)","staff блокнот а5 (134х206 мм), 80 л, твёрдый, клетка, staff, ""pastel"", 114416"
label0_models_say_match,fold_02,Спорт и отдых,94489358736,850403656630,0,0.909,0.991,bresser / бинокль lynx 8x42,бинокль bresser lynx 8x42
label0_models_say_match,fold_03,Канцелярские товары,240518181616,420906886278,0,0.9,0.999,art & craft альбом для рисования акварелью арт славянство и язычество,альбом для рисования арт славянство и язычество
label1_models_say_diff,fold_03,Электроника,171798790150,438086724939,1,0.092,0.009,mcover / чехол на realme gt master edition с принтом абстракция,"силиконовый чехол mcover для galaxy s20 fe (галакси с20фе), гравюра 2"
label0_models_say_match,fold_02,Красота и гигиена,120259132309,609885358968,0,0.903,0.996,"мой выбор / бурлящий шар бомбочка для ванн новогодний ""мой выбор"" на основе илецкой соли, сладкий шоколад, 140 г","бомбочка для ванн ""мой выбор"", с илецкой солью, сладкий шоколад, 140 г"
label0_models_say_match,fold_04,Товары для животных,532575994180,841813613066,0,0.933,0.966,"лакомство для собак triol косточки жевательные dental, 10см, 160г (уп.4шт.)","triol / косточки жевательные dental, 10см, (4шт.)"
label0_models_say_match,fold_04,Музыкальные инструменты,549755814012,206158581272,0,0.984,0.915,укулеле сопрано cascha hh-3964 linden series,"poni linden series укулеле сопрано, с чехлом, желтый, cascha hh-3964"
label0_models_say_match,fold_04,Музыкальные инструменты,773094243152,549755957010,0,0.926,0.973,veston kuc100 bk укулеле концерт серия q3,veston kuc100 bk - укулеле концерт
label0_models_say_match,fold_01,Детские товары,687194931739,463856474197,0,0.955,0.944,"полесье / игровой комплекс полесье кухня laura, с варочной панелью, в пакете 49896","игровой набор полесье ""кухня laura"" с варочной панелью, в пакете"
label0_models_say_match,fold_03,Дом и сад,833223805589,730144462222,0,0.915,0.984,"palisad / шланг поливочный армированный 4-х слойный luxe 50 м, 1/2""","шланг поливочный армированный 4-х слойный, 1/2, 50 м luxe palisad 67637"
label0_models_say_match,fold_04,Дом и сад,841813599354,163208890971,0,0.969,0.929,"венок праздничный морозное утро,45 см, ручная работа","венок праздничный ""морозное утро"",45 см, ручная работа"
label0_models_say_match,fold_02,Детские товары,292057880487,592705530352,0,0.981,0.917,"mangustin / кукла мягконабивная ""сонечка"" 30 см, со звуком, в платье","кукла мягконабивная сонечка 30см, со звуком, в платье"
label0_models_say_match,fold_03,Продукты питания,377957256585,455266665554,0,0.966,0.932,чай улун herbarus мятный спокойный 24*2г,"чай улун herbarus мятный спокойный, 24пак"
label0_models_say_match,fold_02,Музыкальные инструменты,566935788883,120259186323,0,0.905,0.992,"ремень для тенор/баритон саксофона, металлический крючок, rico sla12",rico sla12 ремень для саксофона тенор/баритон c подкладкой и металлическим крючком
label0_models_say_match,fold_03,Детские товары,292057931999,240518200121,0,0.969,0.929,"десятое королевство / кубики «домашние животные», 4 штуки, в коробке","развивающая игрушка кубики ""домашние животные"" (4шт) 00715 / 203228"
label0_models_say_match,fold_02,Музыкальные инструменты,773094248842,489626425298,0,0.917,0.98,flight dus321 mah - укулеле сопрано,"flight / dus321 mah укулеле сопрано, дерево, цвет натуральный, чехол в комплекте"
label0_models_say_match,fold_03,Спорт и отдых,25769861360,60129713447,0,0.911,0.987,блесна вращающиеся blue fox vibrax fluorescent №6 18гр. #sfr,блесна blue fox vibrax fluorescent №6 цвет sfr
label0_models_say_match,fold_03,Аптека,472446538209,601295552108,0,0.934,0.963,очки с футляром на магните santarelli мод. 2121 цвет 6 с флагманскими линзами glance 1.56 hmc/emi +5.00 рц 64-66,очки с футляром на магните santarelli мод. 2121 цвет 6 с флагманскими линзами glance 1.56 hmc/emi +5.00 рц 64-66
label0_models_say_match,fold_02,Товары для животных,558345771503,68719607433,0,0.908,0.989,"туалет глубокий с сеткой, ярко-зелёный/жёлтый, 36 х 25 х 9 см","не определен туалет глубокий с сеткой 36 х 25 х 9 см, жёлтый/ярко-зелёный"
label0_models_say_match,fold_02,Электроника,773094209575,142710,0,0.918,0.979,"блок питания chieftec silicon slc-850c (silicon slc-850c) черный - 850 вт, 80+bronze, apfc, atx 24-пин, 4 pin + 4 pin cpu, 9 sata, 6 x pci-e 6/8-пин","chieftec / блок питания atx chieftec silicon, slc-850c, 850w"
label0_models_say_match,fold_01,Красота и гигиена,94489387232,592705494311,0,0.94,0.957,тушь для ресниц oriflame 5в1 the one wonder lash 8мл,"многофункциональная тушь для ресниц 5 в 1 the one wonder lash, 8мл"
label0_models_say_match,fold_01,Бытовая химия,274877983535,609885361026,0,0.918,0.979,"очиститель после ремонта grass ""cement cleaner""(канистра 1 л)",grass / чистящее средство для уборки после ремонта cement remover 1л
label0_models_say_match,fold_01,Хобби и творчество,635655266042,420906943618,0,0.918,0.978,"нить вышивальная, бирюзовый, poly sheen, 200 м, 5 шт","amann group mettler нить вышивальная, бирюзовый, poly sheen, 200 м, 5 шт"
label0_models_say_match,fold_04,Красота и гигиена,652835123838,747324418329,0,0.934,0.962,rexona / антиперспирант стик champions 50 мл,"rexona антиперспирант-стик champions, мужской, 50 мл"
label0_models_say_match,fold_04,Электроника,68719595495,489626425481,0,0.906,0.99,fujifilm / фотокамера fujifilm instax mini 11 фиолетовая,"instax mini 11, purple фиолетовый"
label0_models_say_match,fold_01,Хобби и творчество,541166008367,532575990908,0,0.944,0.952,zvezda / сборная модель немецкий средний танк т-v пантера,сборная модель zvezda немецкий средний танк т-v пантера
label0_models_say_match,fold_02,Красота и гигиена,223338415790,42949731439,0,0.916,0.98,"без бренда дезодорант-антиперспирант спрей мужской rexona кобальт, 150 мл","rexona антиперспирант спрей men кобальт, 150 мл"
label0_models_say_match,fold_03,Аптека,274878019120,146028953813,0,0.986,0.91,"siberian wellness северная омега-3 essential fatty acids, сибирское, 60 капсул","северная омега-3 essential fatty acids, сибирское, 60 капсул"
label0_models_say_match,fold_02,Электроника,34359787859,154618920854,0,0.962,0.934,мышь a4tech bloody p81s черный оптическая (8000dpi) usb (8but) (p81s curve activated),"мышь a4tech bloody p81s, игровая, оптическая, проводная, usb, черный [p81s curve activated]"
label0_models_say_match,fold_01,Красота и гигиена,309237729765,764504256249,0,0.968,0.928,"dr.ceuracle тонер успокаивающий с центеллой - cica regen 92 toner, 120мл",dr.ceuracle / успокаивающий тонер с центеллой cica regen 92 toner 120ml
label0_models_say_match,fold_02,Красота и гигиена,747324471988,34359854340,0,0.946,0.949,"queen fair пинцет скошенный, узкий, 9 см, цвет серебристый","пинцет скошенный, узкий, 9 см, цвет серебристый"
label0_models_say_match,fold_03,Детские товары,223338305518,137439070483,0,0.903,0.992,"радиоуправляемая машинка rastar bmw x6, чёрный, 27mhz, 1:24 (31700b)",rastar / машина р/у 1:24 bmw x6 цвет чёрный 27mhz
label0_models_say_match,fold_03,Детские товары,223338346876,77309491403,0,0.921,0.975,"набор игровой ""мини касса"" с аксессуарами, световые и звуковые эффекты / 3826583","zabiaka набор игровой «мини касса» с аксессуарами, световые и звуковые эффекты"
label0_models_say_match,fold_01,Строительство и ремонт,369367206233,584115620385,0,0.916,0.98,детектор проводки-трассоискатель cem la-1012,детектор скрытой проводки (трассоискатель) cem la-1012
label0_models_say_match,fold_04,Красота и гигиена,438086733421,661424980860,0,0.914,0.981,дезинфектор для зубных щёток oclean s1,"ультрафиолетовый держатель-стерилизатор для зубных щеток oclean s1, серый"
label0_models_say_match,fold_01,Бытовая химия,764504339055,472446421273,0,0.966,0.93,биоактиватор свити ред 2в1 средство био бактерии для ямы садового туалета,не определен биоактиватор sviti red 2x100 грамм мощное средство биобактерии для ямы дачного туалета
label0_models_say_match,fold_03,Канцелярские товары,558345882597,850403647492,0,0.934,0.961,9342 micro printy карманная оснастка для печати,trodat / карманная оснастка для печати trodat micro printy 9342
label0_models_say_match,fold_04,Строительство и ремонт,77309517524,438086680332,0,0.908,0.987,"защелка (мод.3187), межкомнатная, фиксатор, цвет мат. хром","тундра защелка (мод.3187), межкомнатная, фиксатор, цвет хром"
label0_models_say_match,fold_03,Бытовая химия,429496806737,833223691188,0,0.936,0.959,мелодия / освежители воздуха горный объем - 300 мл.,"освежитель воздуха аэрозольный 300 мл мелодия ""горный"", 601904"
label0_models_say_match,fold_02,Бытовая техника,438086736457,481036343922,0,0.928,0.967,oasis тепловентилятор sb-20r 4640130905835,тепловой вентилятор oasis sb-20r
label0_models_say_match,fold_03,Хобби и творчество,704374700633,326417515789,0,0.915,0.98,"школа талантов магнит «прямоугольник» набор 7 шт, размер 1 шт. — 2 × 1 см","магнит ""прямоугольник"" набор 7 шт, размер 1 шт. 2х1 см"
label0_models_say_match,fold_02,Хобби и творчество,506806197480,77309561675,0,0.928,0.967,настольная игра монополия россия,настольная игра монополия - россия
label0_models_say_match,fold_02,Бытовая техника,515396211223,549755820565,0,0.922,0.973,indesit холодильник itr 4160 e,indesit / холодильник itr 4160 e
label0_models_say_match,fold_04,Бытовая химия,618475380121,377957240514,0,0.928,0.967,"barantsev защита от насекомых / спрей репеллентный от комаров ""тайга дэта"", 100 мл",тайга дэта спрей репеллентный от насекомых 100 мл.
label0_models_say_match,fold_02,Продукты питания,635655188643,369367247392,0,0.94,0.954,"chaokoh / кокосовое молоко, 250 мл","chaokoh кокосовое молоко, 250мл"
label0_models_say_match,fold_04,Детские товары,8590068243,575525677484,0,0.908,0.986,"happy valley кукла-сюрприз polly girl в шаре, с браслетом","happy valley кукла-сюрприз ""polly girl"" в шаре, с браслетом"
label0_models_say_match,fold_02,Канцелярские товары,51539707528,481036351107,0,0.937,0.958,"термоэтикетки 100х72 мм эко (диаметр втулки 40 мм, 6 рулонов по 500 этикеток)","тмграфика термоэтикетки эко 100х72мм, 500 шт. в рулоне (6 шт. в упаковке)"
label0_models_say_match,fold_01,Детские товары,77309549307,455266588630,0,0.901,0.994,"не определен мяч прыгун смешарики «крош и нюша», d=45 см, 350 г, цвет микс","мяч прыгун смешарики крош и нюша с ручками, d 45 см, цвета микс"
label0_models_say_match,fold_03,Спорт и отдых,60129602987,773094189359,0,0.912,0.983,санки надувные 125 см stels тюбинг тент без камеры сн040.125,санки надувные 125 см stels тюбинг тент без камеры сн040.125
label0_models_say_match,fold_04,Строительство и ремонт,240518315928,833223775725,0,0.93,0.964,"arlight светильник mag-flat-45-l1005-30w warm3000 (wh, 100 deg, 24v) (arlight, ip20 металл, 3 года)",трековый светодиодный светильник для магнитного шинопровода arlight mag-flat-45-l1005-30w warm3000 026962
label0_models_say_match,fold_02,Детские товары,670014986267,523986073005,0,0.948,0.946,"im.master, конструктор ""спортивная тачка"", радиоуправление, 1:10, 1887 деталей","im.master / конструктор спортивная тачка, радиоуправление, 1:10"
label0_models_say_match,fold_01,Бытовая техника,103079324471,188978676813,0,0.96,0.934,babyliss / триммер babyliss 7255pe,триммер babyliss 7255pe
label0_models_say_match,fold_02,Бытовая химия,300647845273,25769887674,0,0.908,0.986,золушка синька 50 порошок,золушка синька порошок 50г
label0_models_say_match,fold_03,Спорт и отдых,85899411348,335007481348,0,0.938,0.956,"налобный фонарь acebeam h30 cool white, 1 х 21700, диод cree xh-p 70.2/rg led, 9 режимов, 171 метр, 4000 люмен (комплект)","налобный фонарь acebeam h30 cool white, 21700, диод cree xh-p 70.2/rg led, 171 метр, 4000 люмен (комплект)"
label0_models_say_match,fold_01,Спорт и отдых,429496807706,137439008689,0,0.91,0.984,"блесна колеблющаяся lucky john juna 30мм 02,5г 029","lucky john / блесна колеб. lucky john juna длин.30мм02,5г 029"
label0_models_say_match,fold_01,Хобби и творчество,317827686470,274877959776,0,0.914,0.98,"без бренда набор для творчества. кружка под раскраску «с новым годом», 300 мл","набор для творчества. кружка под раскраску ""с новым годом"", 300 мл"
label0_models_say_match,fold_03,Канцелярские товары,8589988583,128849122204,0,0.904,0.989,гамма / гуашь художественная для рисования белила титановые 220 мл,"гуашь художественная, белила титановые, 220 мл, в банке, 1 шт."
label0_models_say_match,fold_03,Детские товары,541166020123,575525633954,0,0.924,0.97,"мягкая игрушка медведь фреди  латте, 50 см","любимая игрушка мягкая игрушка «медведь фреди» латте, 50 см"
label0_models_say_match,fold_01,Красота и гигиена,816043885204,274877928205,0,0.934,0.96,"шампунь pantene защита от потери волос, 400 мл",pantene / шампунь защита от потери волос 400 мл
label0_models_say_match,fold_03,Музыкальные инструменты,386547089719,506806181309,0,0.954,0.94,elixir / 14077 nanoweb medium,струны для бас гитары elixir nanoweb bass 45-105 14077
label0_models_say_match,fold_04,Хобби и творчество,764504340240,455266601659,0,0.902,0.992,без бренда головоломка «колумбово яйцо»,"головоломка ""колумбово яйцо"""
label0_models_say_match,fold_02,Бытовая химия,240518216325,764504191644,0,0.935,0.958,"пятновыводитель dr.beckmann ржавчина и дезодорант, 50 мл",dr.beckmann / др.бекманн эксперт пятновыводитель ржавчина дезодорант 50мл
label0_models_say_match,fold_04,Красота и гигиена,850403637682,764504215931,0,0.93,0.963,"splat / зубная паста splat отбеливание плюс для безопасного отбеливания и защиты эмали, 100 мл",зубная паста splat отбеливание плюс 100 мл (4603014001061)
label0_models_say_match,fold_03,Хобби и творчество,463856568818,17180002480,0,0.907,0.986,"тм эврики / набор для опытов ""извержение вулкана""","эврики, набор для опытов ""извержение вулкана"""
label0_models_say_match,fold_03,Бытовая техника,60129660063,790274130883,0,0.922,0.971,вертикальный проводной пылесос deerma dx700s,deerma / проводной вертикальный пылесос stick vacuum cleaner dx700s
label0_models_say_match,fold_04,Бытовая химия,463856619136,197568530376,0,0.913,0.98,"жидкое средство grass alpi для стирки концентрат жидкий 1,8 л","grass / концентрированное жидкое средство для стирки alpi 1,8 л"
label0_models_say_match,fold_01,Бытовая техника,704374706905,541165940475,0,0.951,0.943,конвектор eurolux ок-eu-1500,"конвектор ок-eu-1500 eurolux // 1500 вт, 2 режима, обогреваемая площадь до 20м3, термостат// обогреватель"
label0_models_say_match,fold_04,Дом и сад,541166034112,146029030990,0,0.988,0.905,"матрёшка божья коровка , зелёное платье, 5 кукольная, 10-12 см","матрёшка божья коровка, зелёное платье, 5 кукольная, 10-12"
label0_models_say_match,fold_01,Бытовая химия,274878031411,652835088452,0,0.937,0.956,средство для отбеливания изделий из пластика prosept 0.5 л,средство для отбеливания изделий из пластика prosept 0.5 л
label0_models_say_match,fold_03,Товары для животных,575525684757,395137090188,0,0.989,0.904,"деревенские лакомства для собак «нежное пюре из мяса утки"", 4х10 гр","деревенские лакомства нежное пюре для собак из мяса утки, 10г х 4шт"
label0_models_say_match,fold_02,Канцелярские товары,506806246400,360777324325,0,0.909,0.984,краски акварельные белые ночи 24цв кюветы 19420901941061,"невская палитра / краски акварельные художественные ""белые ночи"", 24 цвета"
label0_models_say_match,fold_04,Товары для животных,841813660904,661425109887,0,0.952,0.94,"корм сухой hill's prescription diet t/d dental care диетический для собак поддержания здоровья полости рта, с курицей 4 кг","hill's / t/d dental care для собак с курицей, 4 кг"
label0_models_say_match,fold_01,Бытовая химия,139031,541165936486,0,0.902,0.99,master fresh освежитель воздуха свежесть спа 300мл,master fresh / освежитель воздуха спрей master fresh свежесть спа 300 мл
label0_models_say_match,fold_03,Спорт и отдых,523986061891,115616,0,0.914,0.979,"гидролиния shiman0 bh59, комплект (гидролиния 2,5м + 4 оливки)",ztto / гидролиния shiman0 bh59
label0_models_say_match,fold_02,Спорт и отдых,532576020778,111669213490,0,0.96,0.933,"now foods / глицин now, 1000мг, 100 вег.капсул",now глицин glycine 1000 mg 100 капсул. повышает работоспособность. улучшает сон. снижает тревожность.
label0_models_say_match,fold_04,Хобби и творчество,369367257643,687194769403,0,0.982,0.91,"набор для творчества. кружка под раскраску ""весёлого нового года"", 300 мл","школа талантов / кружка под раскраску «весёлого нового года», 300 мл"
label0_models_say_match,fold_01,Детские товары,575525705679,42949824275,0,0.922,0.97,неваляшка стеллар кошечка алина малая,"неваляшка малая кошечка ""алина"""
label0_models_say_match,fold_02,Детские товары,257698065512,652835110649,0,0.944,0.948,"автоград машина «пожарная», стреляет водой, русская озвучка, световые и звуковые эффекты","машина пожарная , стреляет водой, русская озвучка, световые и звуковые эффекты"
label0_models_say_match,fold_04,Спорт и отдых,824633755428,231928341448,0,0.933,0.959,stg / шлем велосипедный защитный mv29-a,велошлем stg mv29-a
label0_models_say_match,fold_04,Красота и гигиена,42949749536,755914251502,0,0.94,0.952,"dr. ceuracle / reyouth moist sun spf 50, солнцезащитный крем spf 50","dr. ceuracle/крем солнцезащитный увлажняющий hyal reyouth moist sun spf50 spf50+ pa+, 50мл"
label0_models_say_match,fold_02,Хобби и творчество,197568635413,687194833911,0,0.919,0.974,"тм эврики / набор для опытов ""мой мини сад""","набор для опытов ""мой мини сад"", эврики"
label0_models_say_match,fold_04,Автотовары,721554621764,755914351727,0,0.914,0.978,"синтетическое моторное масло tcl high line 5w-40 sp/cf, 1 л, 1 шт.","tcl 5w-40, масло моторное, синтетическое, 1 л"
label0_models_say_match,fold_02,Бытовая техника,88607,824633728881,0,0.917,0.975,чайник tiffany / электрический чайник tiffany yl-960 / электрический чайник,tiffany электрический чайник tiffany yl-960
label0_models_say_match,fold_02,Детские товары,240518222201,309237799160,0,0.937,0.955,"newstore / машинка-сюрприз в банке, гоночные","машинка-сюрприз гоночные, в банке"
label0_models_say_match,fold_03,Мебель,816043800909,695784788920,0,0.923,0.969,"лига диванов угловой диван сенатор правый угол, экокожа, модель 27877","лига диванов диван-кровать, механизм еврокнижка, 232х150х85 см"
label0_models_say_match,fold_01,Бытовая техника,300647857006,489626341305,0,0.929,0.962,электромясорубка moulinex hv8 me688832,moulinex / мясорубка moulinex me688832
label0_models_say_match,fold_02,Хобби и творчество,326417636330,214748483445,0,0.939,0.953,kangaeru / атласная. 50 мм х 100 +- 5 м. цвет голубой,"лента атласная, 50 мм х 100 +/- 5 м, цвет голубой"
label0_models_say_match,fold_04,Продукты питания,807453909769,231928259316,0,0.947,0.945,"baker house шварцвальд торт бисквитный, 350 г",baker house / торт бекер хаус шварцвальд 350 гр.
label0_models_say_match,fold_01,Продукты питания,635655220906,8589988825,0,0.972,0.919,"кофе растворимый light katana, bushido, 100 г, швейцария - 1 шт.",бушидо / кофе растворимый light katana 100 г
label0_models_say_match,fold_01,Бытовая химия,635655193444,463856490779,0,0.927,0.965,sanfor / sanfor чистящее средство зелёное яблоко 10в1 universal 750г,"sanfor универсальное чистящее средство зеленое яблоко, 750 г"
label0_models_say_match,fold_01,Продукты питания,214748476105,438086745106,0,0.906,0.985,"урал-шок / посыпка кондитерская шарики, драже рисовое в глазури , украшение торта, выпечки, куличей 50 гр","урал-шок / посыпка кондитерская шарики, драже рисовое в глазури 50гр"
label0_models_say_match,fold_03,Музыкальные инструменты,257698151214,841813635315,0,0.912,0.979,ксилофон flight fx-12,flight fx-12 - ксилофон
label0_models_say_match,fold_03,Бытовая химия,249108192528,240518262279,0,0.979,0.913,"pigeon corporation / кондиционер для белья ""rich perfume signature"" (парфюмированный супер-концентрат с ароматом ледяной цветок ) 1 л",pigeon / кондиционер для белья ледяной цветок 1л
label0_models_say_match,fold_01,Красота и гигиена,575525736772,128849073635,0,0.955,0.935,"l'oreal paris крем ночной возраст эксперт 65+, 50 мл/",крем для лица loreal paris возраст эксперт 65+ ночной 50мл
label0_models_say_match,fold_01,Мебель,395137044249,833223808507,0,0.97,0.921,"кухня ""лондон"" 1,6 м - дуб белый/дуб крем","интерьер-центр кухня ""лондон"" 1,6 м - дуб белый/дуб крем"
label0_models_say_match,fold_03,Хобби и творчество,575525626031,360777261905,0,0.92,0.971,модель сборная звезда мста-с российская гаубица,сборная модель звезда (zvezda) российская 152-мм гаубица мста-с (5045)
label0_models_say_match,fold_04,Детские товары,764504269546,558345837121,0,0.906,0.985,uni-fortune / машина металлическая rmz city 1:64 форд f150 2018 uni fortune 344037sm,машинка металлическая uni-fortune rmz city 1:64 ford f150 2018
label0_models_say_match,fold_04,Бытовая химия,34359769479,317827596495,0,0.91,0.98,grass / антипыль чистящее средство полироль для уборки torus 600 мл,"очиститель-полироль для мебели grass torus, 600 мл"
label0_models_say_match,fold_03,Детские товары,154618912852,283467847654,0,0.96,0.93,"басик и ко / мягкая игрушка ""ли-ли в вязаном платье с сердцем""",мягкая игрушка budi basa кошка ли-ли в вязаном платье с сердцем
label0_models_say_match,fold_04,Спорт и отдых,850403533398,139627,0,0.915,0.975,"воблер tsuyoki adept 110 sp 11см. 13,3гр. hu",воблер tsuyoki adept 110sp hu
label0_models_say_match,fold_03,Бытовая техника,231928358192,506806228779,0,0.96,0.93,"hotpoint сигнальная лампочка для варочной плиты ariston аристон 144140, 273322","сигнальная лампочка для варочной плиты ariston аристон 144140, 273322"
label0_models_say_match,fold_04,Хобби и творчество,601295491520,369367242194,0,0.921,0.969,набор школа талантов для творчества «новогодняя гирлянда из ниток своими руками»,"школа талантов, набор для творчества ""новогодняя гирлянда из ниток своими руками"""
label0_models_say_match,fold_03,Детские товары,523986090553,609885523566,0,0.973,0.917,"store-m / набор животных «звери африки», 4 фигурок","набор животных ""звери африки"", 4 фигурок, 1 набор"
label0_models_say_match,fold_03,Бытовая химия,266288128981,515396082916,0,0.901,0.989,"чайка / порошок для стирки чайка балтийское море, автомат, 3 кг",чайка стиральный порошок 3000 г
label0_models_say_match,fold_01,Дом и сад,283467862880,601295464201,0,0.908,0.981,"набор церковных подсвечников, 6 шт, 3х4.5 см, оникс","no name набор церковных подсвечников, 6 шт, 3*4.5 см, оникс"
label0_models_say_match,fold_01,Автотовары,850403560990,197568558864,0,0.929,0.96,arivo ultra arz4 шины летние 225/55  r18 102v,arivo / шины летние 225/55r18 102v xl ultra arz4
label0_models_say_match,fold_03,Продукты питания,773094178730,171798705856,0,0.938,0.951,"чай althaus deli packs english breakfast 20 пакx1,75гр/уп","althaus / чай в пакетиках подарочный english breakfast 20*1,75"
label0_models_say_match,fold_02,Товары для животных,8590097201,206158477506,0,0.934,0.955,"корм для кошек hills 1,5кг prescription diet metabolic urinary stress feline для коррекции веса и поддержания здоровья при мкб с курицей сухой","hills prescription diet metabolic & urinary stress / лечебный корм хиллс для кошек коррекция веса и урология курица 1,5кг"
label0_models_say_match,fold_04,Бытовая химия,292057865413,214748502642,0,0.947,0.942,"капсулы для посудомоечной машины fairy ""platinum. all in 1. лимон"", 50шт., 8001841748412","fairy / капсулы для посудомоечной машины fairy platinum лимон, 50"
label0_models_say_match,fold_01,Спорт и отдых,584115622646,773094137703,0,0.91,0.978,"levenhuk / театральный бинокль broadway 325b, красный","театральный бинокль levenhuk broadway 325b, красный"
label0_models_say_match,fold_04,Бытовая химия,412316983303,360777341604,0,0.95,0.939,"wonder lab / антижир-гель для плит, духовых шкафов и грилей, 550 мл",wonder lab антижир эко средство для чистки кухонных плит и духовых шкафов и грилей 550 мл
label0_models_say_match,fold_02,Хобби и творчество,618475364431,730144490194,0,0.945,0.943,не определен аппликация круглыми стразами «девочка в море»,аппликация круглыми стразами девочка в море
label0_models_say_match,fold_01,Красота и гигиена,549755836110,231928277786,0,0.943,0.945,cos de baha / омолаживающий пептидный тонер pt m.a peptide facial toner,"cos de baha антивозрастной тоник для лица с пептидным комплексом и гиалуроновой кислотой pt m.a peptide facial toner, 200 мл"
label0_models_say_match,fold_03,Бытовая химия,360777256093,274878002828,0,0.948,0.94,little idea / гель для стирки master fresh color 3л,"master fresh  гель для стирки ""color"", 3000мл"
label0_models_say_match,fold_03,Канцелярские товары,833223771997,472446409723,0,0.941,0.947,"не определен карандаши акварельные набор 24 цвета, mondeluz 3724, в металлическом пенале","карандаши акварельные набор 24 цвета, mondeluz 3724, в металлическом пенале, блистер"
label0_models_say_match,fold_01,Строительство и ремонт,764504318117,403726963855,0,0.903,0.985,амперметр ekf ama-721 (без шкалы) аналоговый на панель 72х72 квадратный вырез трансформаторное подключение,ekf / амперметр ama-721 аналоговый на панель (72х72) ква
label0_models_say_match,fold_04,Товары для животных,60129548298,712964667493,0,0.953,0.935,"pro plan / sterilised утка в соусе, 85гр*26шт",purina pro plan cat nutrisavour sterilised duck / паучи пурина про план для стерилизованных кошек утка в соусе (цена за упаковку) 85г х 26шт
label0_models_say_match,fold_04,Хобби и творчество,137439088958,283467955666,0,0.91,0.978,"не определен карты игральные пластиковые, 54 шт, 30 мкм, 6.5 х 9 х 2 см","карты игральные пластиковые,  54 шт, 6.5х9х2 см, 30 мкр"
label0_models_say_match,fold_03,Товары для животных,137439062865,180388701078,0,0.972,0.916,"шлейка большая сложная зооник, ош 48-90 см, ог 56-90, ширина 3 см микс цветов","без бренда шлейка большая сложная зооник, ош 48-90 см, ог 56-90, ширина 3 см микс цветов"
label0_models_say_match,fold_01,Бытовая химия,523986160349,283467970889,0,0.96,0.928,"гель для стирки losk ""color"", для цветного белья, 1,3 л, 20 стирок",средство для стирки лоск color 1.3л
label0_models_say_match,fold_02,Продукты питания,627065322753,146028910323,0,0.959,0.929,"кофе в зёрнах кения аа+, 250 гр","gut кофе в зернах gutenberg кения аа+, 250 г"
label0_models_say_match,fold_01,Товары для животных,326417559688,309237748230,0,0.965,0.922,"monge dog bwild grain free беззерновой корм из лосося для взрослых собак всех пород, 12 кг",monge / monge dog bwild grain free для взрослых собак из лосося 12кг
label0_models_say_match,fold_03,Аптека,403727048633,678604955781,0,0.98,0.907,облучатель ультрафиолетовый кварцевый оуфк-09-1,гзас им. попова / облучатель ультрафиолетовый кварцевый оуфк-09-1
label0_models_say_match,fold_01,Бытовая химия,816043933092,257698145750,0,0.92,0.967,"glade / освежитель воздуха свежесть утра, 1шт х 269мл","glade освежитель воздуха automatic свежесть утра, 269 мл."
label0_models_say_match,fold_03,Спорт и отдых,738734449250,42949688632,0,0.953,0.934,"воблер usami green go 80s (тонущий, 80мм, 17,6гр, 5м), цвет 663","usami / воблер greengo 80s (17,6g.) 663"
label0_models_say_match,fold_04,Продукты питания,60129644172,154618945845,0,0.949,0.938,"конфеты желейные со вкусом барбариса, красный октябрь, 250 гр",красный октябрь / желейные со вкусом барбариса 250 г
label0_models_say_match,fold_01,Бытовая химия,34359847717,34359874808,0,0.946,0.941,"grass / средство для пола arena с полирующим эффектом, 1 л","средство с полирующим эффектом для пола ""arena"" 1 л"
label0_models_say_match,fold_03,Красота и гигиена,455266535333,360777295401,0,0.947,0.94,"esthetic house / шампунь для волос протеиновый cp-1 bc intense nourishing shampoo version 2.0, 500 мл","esthetic house женский корейский шампунь для ежедневного использования, бессульфатный, протеиновый cp-1 bc intense nourishing version 2.0, 500 мл"
label0_models_say_match,fold_04,Продукты питания,541165998212,446676623438,0,0.975,0.912,"чай greenfield summer bouquet травяной (2г х 100шт), 200г","чайный напиток в пакетиках greenfield summer bouquet, 100 шт"
label0_models_say_match,fold_04,Хобби и творчество,352187471229,206158534837,0,0.978,0.908,"настольная игра головоломка puzzle ""iq-блоки 12 элементов"" 1 вид, 5+","настольные игры от лисички / настольная игра головоломка puzzle ""iq-блоки. 12 элементов"""
label0_models_say_match,fold_02,Товары для животных,730144495885,755914351724,0,0.929,0.958,"сухой корм alleva holistic adult dog medium chicken & duck беззерновой для взрослых собак средних пород с курицей, уткой, алоэ вера и женьшенем (2 кг)","alleva / корм холистик для собак средних пород, 2 кг"
label0_models_say_match,fold_01,Детские товары,592705632302,438086748398,0,0.939,0.947,"басик и ко / игрушка ""ли-ли в розовом платье с люрексом"", 24 см",мягкая игрушка budi basa кошка ли-ли в розовом платье с люрексом 24 см
label0_models_say_match,fold_01,Спорт и отдых,635655169134,489626372880,0,0.903,0.983,"скакалка гимнастическая утяжелённая, длина 3 м, цвет мультицвет, с люрексом","grace dance скакалка гимнастическая утяжелённая, длина 3 м, цвет мультицвет, с люрексом"
label0_models_say_match,fold_02,Детские товары,395137127185,94489439626,0,0.921,0.965,"кукла шарнирная ""клуб девочек-волшебниц"" / 9088208",happy valley кукла шарнирная «клуб девочек-волшебниц»
label0_models_say_match,fold_04,Канцелярские товары,438086772726,833223822624,0,0.941,0.945,"набор обложек пп 10 шт, 232 х 440 мм, 80 мкм, erichkrause ""fizzy clear"", для учебников, с клеевым краем и клапаном в край, с тиснением","набор обложек пп 10 шт, 232 х 440 мм, 80 мкм, erichkrause ""fizzy clear"", для учебников, с клеевым краем, с тиснением"
label0_models_say_match,fold_03,Детские товары,704374757815,644245205967,0,0.914,0.971,три совы / обучающая игра рамка-вкладыш изучаем буквы,"обучающая игра три совы рамка-вкладыш ""изучаем буквы"", русский алфавит, дерево, яркие цвета"
label0_models_say_match,fold_01,Бытовая химия,68719564833,163208888463,0,0.928,0.957,"биолан / средство для мытья посуды апельсин и лимон 450г, 20 шт",средство для мытья посуды биолан апельсин и лимон 450гр
label0_models_say_match,fold_04,Дом и сад,395137102698,89874,0,0.938,0.947,"без бренда салфетница mercy, 13х9х3 см, цвет золотой","салфетница mercy, 13 9 3 см, цвет золотой"
label0_models_say_match,fold_04,Аптека,841813632537,66756,0,0.945,0.94,диклофенак гель для наружного применения 1% 40г,"диклофенак, гель 1%, 40 г"
label0_models_say_match,fold_01,Товары для животных,197568509066,481036370060,0,0.909,0.976,"пижон пеленки шестислойные гелевые для животных, 60 х 60 см, 5 шт","пеленки угольные шестислойные гелевые для животных, 60 х 60 см, 5 шт"
label0_models_say_match,fold_04,Бытовая техника,94489392345,566935686739,0,0.941,0.944,аэрогриль centek ct-1456 (red),"centek аэрогриль ct-1456, серебристый, красный"
label0_models_say_match,fold_02,Детские товары,618475399401,446676630365,0,0.978,0.907,"бластер abtoys мегабластер синий с 20 мягкими пулями, в коробке","бластер abtoys мегабластер синий с 20 мягкими пулями, в коробке"
label0_models_say_match,fold_03,Дом и сад,446676724118,549755847193,0,0.902,0.983,"lenardi банка для продуктов универсальная, 4 шт",lenardi / набор из 4 баночек 150 мл для специй с ложкой на подставке
label0_models_say_match,fold_02,Продукты питания,566935734269,764504280642,0,0.929,0.955,the spice kitchen / семена чиа для похудения и питания пищевые черные 1000 г,"чиа семена, семечки для похудения 1000 грамм, суперфуд для правильного питания, снижения веса с высоким содержанием белков и пищевой клетчатки, приготовления салатов супов йогуртов десертов коктейлей"
label0_models_say_match,fold_02,Бытовая техника,592705529322,377957194300,0,0.92,0.965,электрическая плитка злата-214т,настольная электрическая плитка злата 214т
label0_models_say_match,fold_04,Канцелярские товары,841813687225,171798724427,0,0.97,0.915,"губка магнитная для доски ""сказка"" текстиль 2,5x5,5x12,5 см","не определен губка магнитная для доски ""сказка"" текстиль 2,5×5,5×12,5 см"
label0_models_say_match,fold_01,Хобби и творчество,712964572395,412316906275,0,0.929,0.955,"трафарет ""геометрия"" 24х16 см","сималенд / трафарет ""геометрия"" 24х16 см"
label0_models_say_match,fold_03,Товары для животных,695784759783,515396166588,0,0.959,0.925,almo nature / для взрослых собак малых пород с лососем 2 кг,"сухой корм almo nature для собак малых пород с лососем, 2 кг"
label0_models_say_match,fold_02,Бытовая химия,661424997267,377957247042,0,0.905,0.979,чистящий спрей master fresh от налета и ржавчины 500мл,"master fresh / средство для удаления налета и ржавчины, 500 мл"
label0_models_say_match,fold_02,Бытовая техника,687194845263,850403563652,0,0.907,0.977,"willmark / чайник электрический willmark wek-1708g,",чайник электрический willmark wek-1708g стекло белый
label0_models_say_match,fold_01,Бытовая химия,171798789921,429496838738,0,0.908,0.976,"ника / средство моющее универсальное 1 кг ""универсал""","средство моющее универсальное ника ""универсал"", 1кг"
label0_models_say_match,fold_01,Бытовая химия,85899357032,575525725716,0,0.903,0.981,"ушастый нянь гель для мытья детской посуды, «ушастый нянь», дой-пак 500 мл, россия",гель для мытья посуды ушастый нянь 500мл
label0_models_say_match,fold_03,Строительство и ремонт,764504192591,94489320185,0,0.951,0.932,душевая кабина river dunay 110/80/24 mt r,душевая кабина river dunay 110/80/24 мт r
label0_models_say_match,fold_03,Дом и сад,635655173895,489626437889,0,0.914,0.97,без бренда фотоальбом на 200 фото 10х15 см кн. пер-т детский,фотоальбом на 200 фото 10х15 см кн. пер-т детский
label0_models_say_match,fold_02,Строительство и ремонт,412316877650,644245111783,0,0.919,0.965,канцелярский нож startul выдвижной 18 мм profi st0939,нож пистолетный с выдвижным лезвием 18мм + 5 лезвий startul profi (st0939)
label0_models_say_match,fold_02,Спорт и отдых,764504323947,592705557277,0,0.926,0.957,tsuyoki / воблер tsuyoki hard 90sp 259,воблер tsuyoki hard 90sp 259
label0_models_say_match,fold_04,Бытовая техника,154618926751,403726959759,0,0.95,0.933,"кофемолка электрическая centek ct-1360, 250вт, ротационный нож, пластик, белая.",кофемолка centek ct-1360 white
label0_models_say_match,fold_01,Строительство и ремонт,317827691828,274878021858,0,0.926,0.957,герметик силиконовый санитарный экон прозрачный 280 мл,экон / герметик силикон. санитар. экон прозрач. 280мл
label0_models_say_match,fold_03,Детские товары,455266609131,446676722686,0,0.935,0.948,"магнитный конструктор марблс , 52 детали","без бренда конструктор магнитный «марблс», 52 детали"
label0_models_say_match,fold_03,Электроника,326417631414,85899495645,0,0.931,0.951,lgxboom музыкальный центр lg xboom ck43,аудиосистема lg xboom ck43
label0_models_say_match,fold_04,Детские товары,781684143354,223338393329,0,0.941,0.941,"mum&baby соска-пустышка классическая, от 0 мес, латекс, ""котенок""","соска-пустышка классическая, от 0 мес., латекс, 'котенок'"
label0_models_say_match,fold_04,Бытовая химия,154618934536,816043835677,0,0.936,0.946,средство mr. muscle утренняя роса для стекол 500 мл,"средство для стекол и поверхностей mr. muscle утренняя роса, 500мл"
label1_models_say_diff,fold_04,Строительство и ремонт,721554556102,403727008625,1,0.097,0.021,обои флизелиновые lutece 0.53 м цвет оранжевый 51197320,"виниловый ламинат alpine floor sequoia lvt есо 6-2 секвойя коньячная 2,245 м2, толщиной 3,2 мм"
label0_models_say_match,fold_01,Детские товары,68719560844,489626285027,0,0.935,0.947,"кукла интерактивная алёна поёт, танцует, на пульте управления","happy valley / кукла интерактивная «алёна» поёт, танцует, на пульте управле"
label0_models_say_match,fold_01,Бытовая техника,352187458846,687194840862,0,0.949,0.932,вытяжка каминная купольная krona bella push button 500 белый,krona / krona bella 500 white push button вытяжка кухонная
label0_models_say_match,fold_01,Детские товары,60129630962,695784792078,0,0.927,0.954,"не определен электронный конструктор световой тоннель, 8 элементов","электронный конструктор ""световой тоннель"", 8 элементов"
label0_models_say_match,fold_01,Канцелярские товары,584115691589,257698141821,0,0.963,0.919,"набор кистей нейлон 5 штук, круглые, с цветными ручками, с резиновыми держателями","in mother's hands / набор кистей нейлон 5 штук, круглые, с ц"
label0_models_say_match,fold_04,Бытовая техника,249108230323,266288016212,0,0.94,0.941,dreame cordless vacuum cleaner v12 pro grey,"ручной пылесос dreame v12 pro cordless vacuum cleaner, серый"
label0_models_say_match,fold_01,Электроника,627065253312,77309450946,0,0.945,0.936,пульт для телевизора samsung le-37c652,пульт huayu для телевизора samsung le-37c652
label0_models_say_match,fold_03,Музыкальные инструменты,60129637391,103079263782,0,0.967,0.914,"feg/feg-kg-21-grey электрогитара, серая, foix",электрогитара foix feg/feg-kg-21-grey
label0_models_say_match,fold_03,Канцелярские товары,816043845045,180388644697,0,0.935,0.946,calligrata подставки для книг 2 штуки микс дино,"calligrata, подставки для книг 2 штуки микс дино"
label0_models_say_match,fold_03,Бытовая химия,257698048914,266288070780,0,0.926,0.955,средство для полировки хрома металлов final polish 600 мл,grass / полирующее средство для нержавеющей стали 600 мл
label0_models_say_match,fold_02,Хобби и творчество,42949784013,360777399594,0,0.971,0.909,"лесная мастерская набор для творчества ""фигурки. динозавры""","набор для творчества ""фигурки. динозавры"""
label0_models_say_match,fold_04,Хобби и творчество,575525747049,240518268068,0,0.915,0.965,"кубики игральные 1.6х1.6 см, набор 2 шт., пластик","без бренда кубики игральные 1.6х1.6 см, набор 2 шт, пластик"
label0_models_say_match,fold_01,Хобби и творчество,850403570970,566935818905,0,0.934,0.947,"nobrand бусины для творчества дерево ""разноцветные"" набор 30 гр 1х1 см","бусины для творчества дерево ""разноцветные"" набор 30 гр 1х1 см"
label0_models_say_match,fold_02,Музыкальные инструменты,627065290394,661424988577,0,0.958,0.922,/ струны для классической гитары 540 j,струны для гитары savarez 540j
label0_models_say_match,fold_04,Продукты питания,17179956488,120259118908,0,0.967,0.913,"вафли яшкино ""глазированные с орешками"", с какао, фундуком и арахисом, 200 г, яв218","яшкино / вафли с орешками с какао, фундуком и арахисом, 200 г"
label0_models_say_match,fold_02,Бытовая химия,8590013389,532576022930,0,0.926,0.954,чистый дом / зерновая приманка от крыс и мышей 200гр,зерновая приманка чистый дом от крыс и мышей 200 г
label0_models_say_match,fold_01,Бытовая техника,42949754636,188978679653,0,0.942,0.938,кофемашина автоматическая melitta caffeo varianza csp f570-102,кофемашина melitta caffeo f 570-102 varianza csp 1450вт черный
label0_models_say_match,fold_04,Бытовая химия,266287979041,584115608311,0,0.927,0.954,средство для мытья посуды fairy сочный лимон 5л,fairy / средство для мытья посуды 5л сочный лимон
label0_models_say_match,fold_02,Бытовая техника,249108179895,463856618111,0,0.907,0.973,пылесос bbk bv2512 белый/красный,bbk / пылесос bv2512
label0_models_say_match,fold_04,Спорт и отдых,352187357435,369367299246,0,0.979,0.902,воблер tsuyoki chef sr 40f silent 172,tsuyoki / воблер tsuyoki chef sr 40f silent #172 5гр
label0_models_say_match,fold_03,Детские товары,824633755474,747324348134,0,0.914,0.966,"мягкая игрушка abtoys домашние любимцы собачка хаски, 15 см","мягкая игрушка abtoys домашние любимцы собачка хаски, 15 см"
label0_models_say_match,fold_01,Детские товары,214748410247,566935691286,0,0.901,0.979,"томик / логический игровой набор башня. лес, 54 детали",развивающий логический игровой набор - башня томик (54 деревянных элемента)
label0_models_say_match,fold_03,Бытовая химия,188978611169,541165909113,0,0.905,0.975,"средство против водорослей aqualand альгицид, 5 л (350021)","aqualand средство против водорослей aqualand, альгицид непенящийся, 5 л"
label0_models_say_match,fold_03,Спорт и отдых,111669289347,8589934619,0,0.91,0.97,"балансир lucky john classic с тройником 60 мм, 18 г, 12hrt, 1 шт.",балансир lucky john classic-6 18g #12hrt
label0_models_say_match,fold_04,Дом и сад,17179878751,609885488438,0,0.908,0.972,"набор коробок upak land круглые, 5 в 1, ""кварц"" 23х23х25 - 15х15х15 см","upak land / набор круглых коробок 5 в 1 ""кварц"" 23 х 23 х 25 - 15 х 15 х 15 см"
label0_models_say_match,fold_03,Электроника,8590068274,292057900975,0,0.911,0.969,"jmgo проектор n1 ultra, модель j92-5d5, 3840×2160 4k, dlp, серый","jmgo / проектор jmgo n1 ultra, модель j92-5d5"
label0_models_say_match,fold_04,Бытовая техника,618475332814,197568525493,0,0.925,0.954,электробритва vgr v-332,"vgr электробритва для бритья головы и бороды v-332, золотой"
label0_models_say_match,fold_04,Бытовая техника,824633814494,807453942844,0,0.945,0.934,настольная плита homestar hs-1104,"homestar / плитка электрическая homestar hs-1104, 2 конф"
label0_models_say_match,fold_02,Красота и гигиена,420906940800,283467924804,0,0.926,0.953,"siberian wellness крем-комплекс для зрелой кожи, косметика с комплексом экстрактов сибирских эндемиков, 50мл, оригинал","крем-комплекс для зрелой кожи - косметика с комплексом экстрактов сибирских эндемиков, 50 мл"
label0_models_say_match,fold_03,Электроника,541165913430,292057895413,0,0.917,0.962,основная плата p150-2851v6.2 starwind sw-led50ua403,"материнская плата, p150-2851v6.2"
label0_models_say_match,fold_02,Музыкальные инструменты,317827726977,481036347250,0,0.932,0.947,veston gsa027 держатель настенный на эконом панель для гитары,veston / держатель настенный на эконом панель для гитары veston gs027 / цвет: чёрный
label0_models_say_match,fold_04,Бытовая химия,274878021880,481036429584,0,0.92,0.959,капсулы для посудомоечных машин finish quantum ultimate 45 шт,finish / капсулы для посудомоечных машин finish quantum ultimate
label0_models_say_match,fold_03,Канцелярские товары,188978604683,618475391407,0,0.944,0.935,"сейф aiko t-250 el для денег и документов для дома/офиса 250x350x250 мм, электронный замок",aiko / сейф для дома t-250 el
label0_models_say_match,fold_03,Детские товары,377957218445,635655301810,0,0.915,0.964,"retailoriginal store / мягкая игрушка «мишка лаппи», 23 см","мягкая игрушка ""мишка лаппи"", 23 см"
label0_models_say_match,fold_03,Канцелярские товары,128849086793,652835115209,0,0.907,0.971,клейкие закладки пластиковые 8 цветов по 20 листов 45х8 attache selection 5 штук в упаковке,"комплект 5 штук, клейкие закладки пласт. 8цв. по 20л. 45ммх8 attache selection"
label0_models_say_match,fold_04,Хобби и творчество,438086675474,377957216825,0,0.96,0.919,"школа талантов / набор с прядями, тату, стразами, в сумочке","набор с прядями, тату, стразами, в сумочке"
label0_models_say_match,fold_01,Бытовая химия,489626305662,25769880484,0,0.914,0.964,grass / полирующее средство для нержавейки final polish 600 мл,"средство полирующее для нержавеющей стали, полироль для стали и металлической поверхности grass ""final polish"" 600мл"
label0_models_say_match,fold_03,Товары для животных,498216239869,747324322745,0,0.904,0.974,игрушка для кошек gigwi -мышка с кошачей мятой 10 см,"gigwi / gigwi игрушка для кошек мышка с кошачей мятой, 10 см"
label0_models_say_match,fold_02,Бытовая техника,455266589840,171798825053,0,0.91,0.969,redmond / мультипекарь вафельница rmb-634/3 3 панели,"redmond мультипекарь rmb-634/3 700 вт, черный"
label0_models_say_match,fold_04,Канцелярские товары,171798808440,257698161252,0,0.913,0.965,"журнал учёта работы педагога дополнительного образования в объединении (секции, клубе, кружке) а4, 20 листов, обложка офсет 120 г/м2, блок писчая бумага 60 г/м2","учитель журнал учёта работы педагога дополнительного образования в объединении (секции, клубе, кружке) а4, 20 листов, обложка офсет 120 г/м², блок писчая бумага 60 г/м²"
label0_models_say_match,fold_03,Бытовая техника,515396167858,395137141068,0,0.923,0.955,bbk / соковыжималка jc060-h11,"bbk соковыжималка центробежная jc060-h11, белый, оранжевый"
label0_models_say_match,fold_04,Бытовая техника,523986133308,128849079072,0,0.928,0.949,мечта / электрическая настольная плитка мечта 212т черная,"мечта электрическая настольная плита 212т, черный"
label0_models_say_match,fold_03,Бытовая химия,240518227814,180388680170,0,0.941,0.936,"baimao / капсулы для стирки белья антибактериальные, 50шт","капсулы для стирки белья baimao антибактериальные, 50шт"
label0_models_say_match,fold_03,Хобби и творчество,687194794201,274877976663,0,0.926,0.952,настольная игра новогодний лабиринт,"настольная игра ""новогодний лабиринт"""
label0_models_say_match,fold_03,Спорт и отдых,670014986262,635655305657,0,0.905,0.972,lucky john / виброхвосты съедобные lj pro series joco shaker 4.5in (11.43)/mix 3шт.,виброхвосты съедобные lj pro series joco shaker 4.5in (11.43)/mix 3шт.
label0_models_say_match,fold_02,Бытовая техника,438086750557,94489327929,0,0.9,0.977,встраиваемая варочная панель gefest газовая pvg 2240 k33,газовая варочная панель gefest пвг 2240 к33
label0_models_say_match,fold_02,Бытовая химия,395137076333,154618920506,0,0.947,0.93,"domestos блок для очищения унитаза power 5, свежесть океана, защита от микробов и налета 55 гр, 2 уп",domestos / power 5 блок для унитаза свежесть океана 2х55 гр
label0_models_say_match,fold_04,Канцелярские товары,111669237267,104554,0,0.933,0.945,paw patrol / касса букв слогов и счета учим буквы и цифры а5 пвх,"касса букв, слогов и счета ""учим буквы и цифры"", а5, пвх, щенячий патруль"
label0_models_say_match,fold_01,Спорт и отдых,309237813591,438086765714,0,0.91,0.967,"виброхвост helios chebak 3,15""/8 см pearl 7шт. (hs-3-013), # 000124696",виброхвост helios chebak 8 см pearl hs-3-013 (набор 7 шт)
label0_models_say_match,fold_03,Детские товары,429496735581,146029003892,0,0.93,0.947,конструктор трансформер-динозавр 3 в 1 42106 qman 287 дет.,qman / конструктор 42106 красный динозавр 3 в 1
label0_models_say_match,fold_03,Строительство и ремонт,283467993681,549755860221,0,0.95,0.927,эмаль для бытовой техники с кисточкой kudo ku-7k1311,"kudo эмаль ku-7к1311, 0,015 л"
label0_models_say_match,fold_03,Детские товары,94489400402,395137034093,0,0.942,0.935,"без бренда набор детской бамбуковой посуды «коровка», тарелка, миска, стакан, приборы, 5 предметов","набор детской бамбуковой посуды ""коровка"", тарелка, миска, стакан, приборы, 5 предметов"
label0_models_say_match,fold_03,Музыкальные инструменты,352187413522,137439030505,0,0.912,0.965,vic firth 5bb барабанные палочки,vic firth / vic firth 5bb барабанные палочки
label0_models_say_match,fold_01,Продукты питания,601295482367,773094138153,0,0.947,0.929,"сахаровар / леденец на палочке ""динозаврики"", 15г","леденец на палочке ""динозаврики"", 15г"
label0_models_say_match,fold_02,Бытовая химия,8590072486,773094113723,0,0.908,0.968,"пятновыводитель жидкий для ковров и обивки мебели vanish oxi action pet clean expert, 750мл",vanish / средство для чистки ковров - кислородный пятновыводитель
label0_models_say_match,fold_03,Спорт и отдых,506806201882,627065376176,0,0.924,0.952,бинокль levenhuk karma base 8x42,levenhuk / бинокль karma base 8x42
label0_models_say_match,fold_03,Бытовая химия,257698094597,180388676683,0,0.901,0.975,clean&fresh / таблетки для посудомоечных машин 60 шт. clean&fresh all-in-1,"таблетки для посудомоечных машин 60 шт. clean&fresh all-in-1, c одной таблеткой очистителем, ут000000338  "
label0_models_say_match,fold_01,Аптека,214748456484,816043798454,0,0.925,0.951,"seni / прокладки урологические женские seni lady mini, 20 шт.",bella прокладки урологические seni lady mini 20шт
label0_models_say_match,fold_03,Музыкальные инструменты,206158495473,481036466987,0,0.913,0.962,акустическая гитара naranda dg120cbs,акустическая гитара с вырезом naranda dg120cbs
label0_models_say_match,fold_02,Бытовая техника,618475332424,635655274614,0,0.942,0.934,нет бренда / тэн стиральной машины 2000w l225мм samsung керам dc47-00033d,"тэн для стиральной машины samsung 2000w (dc47-00033d), с керамическим покрытием"
label0_models_say_match,fold_02,Дом и сад,120259120147,412316991368,0,0.907,0.968,коврик inspire lenzo 50x80 см полиэфир/резина цвет коричневый,"коврик inspire lenzo 50x80 см, полиэфиррезина, цвет коричневый"
label0_models_say_match,fold_04,Продукты питания,171798777443,429496878321,0,0.958,0.917,"рот фронт / карамель мятная, рот фронт","карамель мятная, рот фронт, 1000 гр"
label0_models_say_match,fold_02,Аптека,197568521306,420906829937,0,0.958,0.917,биоритм / анальный гель на водной основе intim bluz (50 г),анальный гель-лубрикант intim bluz - 50 гр.
label0_models_say_match,fold_02,Бытовая техника,618475336616,566935783417,0,0.931,0.944,polaris / блендер phb 1385 ручной (polaris),"polaris погружной блендер phb-1385, черный"
label0_models_say_match,fold_01,Строительство и ремонт,120259230217,472446475172,0,0.959,0.915,"переключатель 1-клавишный quteo, открытый монтаж, слоновая кость 782234 legrand","legrand / переключатель 1-клавишный quteo, 782234 legrand"
label0_models_say_match,fold_04,Хобби и творчество,635655235552,257698126577,0,0.934,0.94,"буква-ленд раскраска ""рисуем пальчиками. транспорт"", 16 стр.","раскраска ""рисуем пальчиками. транспорт"", 16 стр."
label0_models_say_match,fold_02,Строительство и ремонт,532576053574,549755839980,0,0.916,0.958,ресанта / перфоратор электрический ресанта п-28-800к (75/3/1) 800 вт,ресанта перфоратор п-28-800к 800 вт от сети
label0_models_say_match,fold_03,Дом и сад,575525652591,8589992637,0,0.942,0.932,"контейнер пищевой, 1 шт","альтернатива набор подносов для заморозки пельменей, 36×25×3 см, 3 шт, цвет микс"
label0_models_say_match,fold_03,Бытовая техника,618475319629,584115694925,0,0.911,0.962,вытяжка встраиваемая maunfeld crosby flat 52 нержавеющая сталь управление: кнопочное (1 мотор),вытяжка встраиваемая maunfeld crosby flat 52 серебристый
label0_models_say_match,fold_02,Хобби и творчество,77309446268,257698100124,0,0.959,0.915,"лас играс / карточная игра ""umomomento"", 70 карт","лас играс карточная игра ""umomomento"", 70 карт"
label0_models_say_match,fold_02,Продукты питания,747324358114,266287995134,0,0.944,0.929,lebo кофе в зернах extra 1кг,лебо / арабика кофе lebo extra жареный в зернах 1 кг.
label0_models_say_match,fold_04,Детские товары,300647760720,60129565313,0,0.935,0.938,"budibasa / мягкая игрушка кот басик baby в футболке со смайликом, 20 см",мягкая игрушка budi basa кот басик baby в футболке со смайликом 20 см
label0_models_say_match,fold_01,Бытовая химия,489626372668,231928326075,0,0.912,0.961,"домовой прошка гель от муравьев, 30 г","домовой прошка / гель от домашних муравьев, 30 г"
label0_models_say_match,fold_03,Музыкальные инструменты,369367270142,773094207588,0,0.945,0.928,классическая гитара 3/4 flight c-120 na 3/4,"flight c-120 na 3/4, классическая гитара"
label0_models_say_match,fold_03,Бытовая химия,171798827184,85899435875,0,0.93,0.943,"qualita кондиционер для белья, pure sensitive, ""детский"", 1 литр",qualita / кондиционер для детского белья pure sensitive дой-пак 1000мл
label0_models_say_match,fold_01,Канцелярские товары,730144577984,25769877277,0,0.903,0.97,новейшие технологии / накладки для упаковки корешков банкнот комплект 2000 шт,новейшие технологии этикетка для упаковки
label0_models_say_match,fold_02,Канцелярские товары,257698149137,266288049996,0,0.915,0.958,"штамп самонаборный trodat ideal 4911/db 38x14мм, 3 строки","4911/db typo ideal самонаборный,3 строки, 38х14мм, 1 касса, черный, синий"
label0_models_say_match,fold_01,Строительство и ремонт,352187376088,77309475788,0,0.944,0.929,"stayer / stayer procut 133мм, коронка би-металлическая,","биметаллическая коронка stayer procut 133 мм, 29547-133"
label0_models_say_match,fold_01,Продукты питания,695784793499,206158549309,0,0.93,0.943,кофе в зёрнах верона 1 кг,"кофе в зёрнах эспрессо-смесь ""верона"", уп. 1 кг gutenberg"
label0_models_say_match,fold_03,Хобби и творчество,420906954728,395137090905,0,0.903,0.969,stellar / мозаика детская 110 деталей (13 мм),стеллар stellar мозаика 110 дет. для малышей сферическая (диаметр 13 мм.) 01034
label0_models_say_match,fold_04,Канцелярские товары,137439044648,197568496515,0,0.91,0.962,colop / штамп стандартный pr. c20 3.57 медосмотр пройден в рамке,штамп стандартный pr. c20 3.57 со сл. медосмотр пройден  в рамке colop
label0_models_say_match,fold_04,Спорт и отдых,850403562975,489626437080,0,0.903,0.969,"набор поплавков, вес 8, 10, 15, 20, 25 г, набор 5 шт.",silariumo / набор поплавков вес 8 10 15 20 25 г набор 5 шт.
label0_models_say_match,fold_03,Бытовая техника,644245105956,481036424228,0,0.944,0.928,аксион м 35.02,"мясорубка аксион м 35.02, белый"
label0_models_say_match,fold_04,Красота и гигиена,317827696523,154618826842,0,0.939,0.933,шампунь schauma men intensive против перхоти для всех типов волос 380 мл (в заказе 1 штука),schauma / шампунь schauma мужской intensive 380 мл *1шт
label0_models_say_match,fold_04,Музыкальные инструменты,515396095323,773094206958,0,0.968,0.904,"gpb-01b педалборд на 4 педали с чехлом, guitto","педалборд на 4 педали с чехлом, guitto gpb-01b"
label0_models_say_match,fold_04,Хобби и творчество,197568537962,214748499095,0,0.949,0.923,"карты игральные пластиковые ""абстракция"", 54 шт, 9 х 6 см","не определен карты игральные пластиковые ""абстракция"", 54 шт, 9 х 6 см"
label0_models_say_match,fold_03,Мебель,532575947071,206158461692,0,0.92,0.952,кресло офисное norden бит / белый пластик / cиняя сетка / темно серая ткань,компьютерное кресло norden бит белый пластик / cиняя сетка / темно серая ткань
label0_models_say_match,fold_02,Спорт и отдых,257698158733,80921,0,0.922,0.95,"now / now zinc picolinate, цинк пиколинат 50 мг - 60 капсул",цинк пиколинат now zinc picolinate 50 mg - 60 veg capsules
label0_models_say_match,fold_01,Бытовая техника,85899486609,601295477933,0,0.95,0.922,морозильная камера liebherr fnf 5207,liebherr fnf 5207
label0_models_say_match,fold_01,Музыкальные инструменты,77309526216,764504228793,0,0.969,0.903,маракас dekko m0 bl,маракасы dekko m0 bl
label0_models_say_match,fold_02,Спорт и отдых,816043910947,120259180656,0,0.942,0.93,"не определен поводок ""струна"", диаметр 0.4 мм, тест 17 кг, 12.5 см, 5 шт.","поводок ""струна"", диаметр 0.4 мм, тест 17 кг, 12.5 см, 5 шт"
label0_models_say_match,fold_02,Детские товары,103079264580,841813696395,0,0.915,0.957,"трактор инерционный ""фермер"", с прицепом","автоград трактор инерционный «фермер», с прицепом"
label0_models_say_match,fold_04,Дом и сад,841813692554,652835172711,0,0.912,0.96,"шафран / супница риштанская керамика атлас, 23 см","супница риштанская керамика ""атлас"", 23 см"
label0_models_say_match,fold_01,Мебель,188978724292,609885412125,0,0.953,0.919,прямой диван медиус лига диванов 107063,"лига диванов диван-кровать, механизм выкатной, 195х103х76 см"
label0_models_say_match,fold_04,Бытовая химия,274878005581,128849098289,0,0.944,0.928,"автоматический освежитель воздуха air wick нежность шелка и лилии, 250мл",освежитель воздуха air wick freshmatic нежный шелк и лилия автоматический 250 мл
label0_models_say_match,fold_03,Товары для животных,146028944087,704374775034,0,0.954,0.917,"туалет ""мур-мяу"" для кошек, с сеткой, 33,2 х 25,6 х 7,2 см, зелёный",хозяйский выбор / туалет для кошек пластиковый 332*256*72мм с сеткой
label0_models_say_match,fold_02,Хобби и творчество,77309565575,34359875123,0,0.919,0.952,"сималенд / трафарет ""листья"" 16х24 см","трафарет ""листья"" 16х24 см / 9911770"
label0_models_say_match,fold_02,Детские товары,695784782934,661425068407,0,0.93,0.941,"без бренда машина радиоуправляемая «хот-род», эффект дыма, свет и звук, работает от аккумулятора, цвет зелёный","машина радиоуправляемая ""хот-род"", эффект дыма, свет и звук, работает от аккумулятора, цвет зелёный"
label0_models_say_match,fold_04,Товары для животных,214748383643,60129603880,0,0.916,0.955,"сухой корм farmina для кошек farmina vet life struvite 0,4 кг фармина корм при мочекаменной болезни мкб, для растворения струвитных уролитов, курица","farmina / vet life feline struvite management для кошек 0,4 кг"
label0_models_say_match,fold_01,Аптека,71743,154618962854,0,0.949,0.922,"vitamuno новогодний медовый бальзам алтайский ""анти-простудный"", 250 мл","новогодний медовый бальзам алтайский анти-простудный, 250 мл"
label0_models_say_match,fold_02,Канцелярские товары,584115619970,352187420833,0,0.903,0.968,"печать с эмблемой хоккейного клуба ""детройт ред уингз""","colop печать с эмблемой хоккейного клуба ""детройт ред уингз"""
label0_models_say_match,fold_04,Товары для животных,661425105503,446676716848,0,0.949,0.921,"sirius / корм сухой для кошек лосось и рис 1,5кг","сухой корм для взрослых кошек, лосось и рис тм sirius 1,5кг"
label0_models_say_match,fold_03,Детские товары,601295528971,807453958453,0,0.938,0.932,"конструктор магнитный, 62 детали","конструктор магнитный, 62 детали"
label0_models_say_match,fold_02,Хобби и творчество,618475387316,841813644394,0,0.948,0.923,"напольная мозаика-пазл ""цветочки"" 25 фишек,4 шт","русский стиль / цветочки, мозаика напольная, 25 элементов"
label0_models_say_match,fold_01,Товары для животных,171798829151,747324455413,0,0.961,0.91,"trixie. игрушка для собак ""мяч"" с пищалкой. диаметр 7 см, розовый. (33677)",trixie / *33677 игрушка мяч 7см
label0_models_say_match,fold_03,Детские товары,498216258281,790274011340,0,0.917,0.954,полесье автомобиль-самосвал «гоша»,автомобиль-самосвал гоша
label0_models_say_match,fold_04,Дом и сад,695784708760,120259152987,0,0.932,0.938,"стакан гранёный в подарочной упаковке ""антистресс"" 250 мл","не определен стакан гранёный в подарочной упаковке ""антистресс"" 250 мл"
label1_models_say_diff,fold_01,Одежда,292057896152,592705561472,1,0.054,0.076,sarkech / брюки джоггеры,комплект одежды zara
label0_models_say_match,fold_02,Музыкальные инструменты,644245170927,420906879389,0,0.913,0.957,"davinci df-50a np - гитара акустическая шестиструнная, цвет неоново-розовый",/ df-50a np гитара акустическая
label0_models_say_match,fold_01,Мебель,420906896007,678604987743,0,0.907,0.963,"bauedge / комплект для ванной, 2 предмета: тумба с раковиной","тумба bau dream blackwood 35 с ящиком, графит, раковина bau cerama mini 33х28, белая"
label0_models_say_match,fold_04,Музыкальные инструменты,712964731930,764504203159,0,0.951,0.919,струны для акустической гитары la bella 7gpt extra light 10-50,струны для акустической гитары 10-50 la bella 7gpt
label1_models_say_diff,fold_01,Мебель,532575961025,8590074387,1,0.054,0.076,"канц письменный стол, 150х24х120 см","канц стол приставной угловой канц, 600х600х750 мм, без опоры, цвет бук невский, пк34.10"
label0_models_say_match,fold_04,Детские товары,687194835006,188978590944,0,0.916,0.954,"no name музыкальная игрушка аккордеон «музыкальный взрыв», 13 клавиш, работает от батареек, цвета микс","музыкальная игрушка аккордеон ""музыкальный взрыв"", 13 клавиш, работает от батареек, 837927"
label0_models_say_match,fold_01,Товары для животных,618475372876,335007592655,0,0.917,0.953,"корм для собак сухой award / авард для взрослых животных всех пород, гранулы, с ягненком и индейкой с добавлением яблока и черники 2кг / зоотовары",award / сухой корм для собак всех пород с ягненком и индейкой 2 кг
label0_models_say_match,fold_01,Хобби и творчество,755914382032,300647835020,0,0.933,0.936,"набор нашивок ""hand made"", 5 x 1,5 см, 10 шт","арт узор набор нашивок «hand made», 5 х 1,5 см, 10 шт"
label0_models_say_match,fold_04,Детские товары,163208767913,627065286990,0,0.924,0.945,кот батон 70 см мягкая игрушка 70 см рыжий,"maxitoys мягкая игрушка «кот батон», цвет рыжий, 70 см"
label0_models_say_match,fold_01,Хобби и творчество,60129672910,120259221085,0,0.932,0.937,"пластилин №1 school colorpics набор 12цв 240г, со стеком","пластилин №1 school colorpics, со стеком, набор 12 цветов, 240 г, 3 упаковки"
label0_models_say_match,fold_04,Спорт и отдых,249108122264,214748389061,0,0.919,0.95,"балансир для рыбалки aqua classic-5 56mm цвет 019 (флуоресцентный окунь), 2 штуки","балансир для зимней рыбалки aqua classic-5 56,0mm, вес - 11,0g, цвет 019 (флуоресцентный окунь) (набор 2 шт)"
label0_models_say_match,fold_02,Бытовая техника,635655167567,712964731284,0,0.93,0.939,сальник 35x62/75x7/10 бака стиральной машины / slb004ar,ariston / сальник бака стиральной машины 082696
label0_models_say_match,fold_03,Продукты питания,558345841059,42949752080,0,0.935,0.934,"чай ahmad tea earl grey черный с ароматом бергамота (2г х 25 пак), 50г",чай черный ahmad tea earl grey 25х2г
label0_models_say_match,fold_04,Бытовая техника,206158447706,747324352556,0,0.925,0.943,анод магниевый 230d22+10m5,"итатэн анод ""итатэн"" 230d22+10m5, магниевый, d=22 мм, l=230 мм"
label0_models_say_match,fold_03,Бытовая химия,609885360351,395137067557,0,0.904,0.965,золушка / подвесной блок с запахом лаванды защита от моли,золушка средство эффект-антимоль от моли подвесной блок лаванда
label0_models_say_match,fold_02,Бытовая химия,163208896198,412316874091,0,0.903,0.966,kao / жидкость чистящая magiсclean для ванны против плесени 820мл,"kao / жидкость чистящая для ванны ""magiсclean"" (предотвращающая образование розовой и чёрной плесени, с антибактериальным эффектом, аромат зелёных трав) 820 мл"
label0_models_say_match,fold_03,Канцелярские товары,678604882701,601295561964,0,0.907,0.962,"сима-ленд рюкзак панда, 28*14*43, отд на молнии, 3 н/кармана, розовый 9870191","рюкзак на молнии, 3 наружных кармана, цвет розовый, 28х14х43 см, панда на дереве"
label0_models_say_match,fold_01,Электроника,532575956323,283467861726,0,0.901,0.967,mobapost / дисплей для huawei nova 3 в сборе с тачскрином черный,дисплей для huawei nova 3 в сборе с тачскрином
label0_models_say_match,fold_03,Бытовая химия,592705554569,34359880036,0,0.943,0.925,"чистящее средство для стекол мистер мускул утренняя роса, с нашатырным спиртом, 500 мл",mr. muscle средство для мытья стекол и зеркал мистер мускул утренняя роса
label0_models_say_match,fold_03,Дом и сад,369367355686,51539707832,0,0.951,0.917,"страна карнавалия / шар латексный 12"" «самому крутому» 5 шт.","шар латексный 12"" страна карнавалия ""самому крутому"" 5 шт."
label0_models_say_match,fold_04,Строительство и ремонт,824633806042,523986099041,0,0.942,0.927,круглый канальный вентилятор tube 200 xl,shuft / вентилятор канальный круглый tube 200 xl
label0_models_say_match,fold_04,Детские товары,738734526527,807453973603,0,0.923,0.945,dc accessories / полесье кран 61355 №2 на колёсиках в/п,башенный кран №2 на колесиках (79х22х65см) в/п 61355 (полесье)
label0_models_say_match,fold_02,Аптека,386547222863,188978572179,0,0.912,0.956,тонкие презервативы ganzo sence - 12 шт.,"ganzo презервативы ""sense"", ультратонкие, 12 шт"
label0_models_say_match,fold_01,Детские товары,833223725989,489626365612,0,0.91,0.958,"мягкая игрушка maxitoys jack&lin зайка с розовым сердцем, 25 см","jack&lin / мягкая игрушка ""зайка лин"" с розовым сердцем, 25 см"
label0_models_say_match,fold_01,Бытовая химия,592705600436,506806167512,0,0.93,0.938,"чистящий крем cif ultra white, 450мл","универсальное чистящее средство cif ultra white, 450мл"
label0_models_say_match,fold_01,Дом и сад,51539657078,489626308217,0,0.938,0.929,"сахарница риштанская керамика ""узоры"", 500 мл, синяя / 9408724","шафран сахарница риштанская керамика ""узоры"", 500 мл, синяя"
label0_models_say_match,fold_03,Красота и гигиена,558345767034,506806245043,0,0.909,0.958,element / тоник для лица корея с гиалуроновой кислотой 200мл,"element тоник для лица с гиалуроновой кислотой, 200мл"
label0_models_say_match,fold_03,Строительство и ремонт,584115595820,58757,0,0.908,0.96,"автоматический выключатель ekf 2p 25а (c) 4,5ка ва 47-29 basic mcb4729-2-25c","автоматический выключатель ekf ва 47-29 (mcb4729-2-25c) 2p 25а тип c 4,5 ка 400 в на din-рейку"
label0_models_say_match,fold_01,Бытовая химия,549755839808,197568571214,0,0.913,0.954,"аэрозоль gardex extreme от комаров, 100 мл","спрей-аэрозоль от комаров, клещей и мошки ультра эффект ""gardex extreme"", 100 мл"
label0_models_say_match,fold_01,Детские товары,420906812841,575525750853,0,0.927,0.941,"сюжетно-ролевые игрушки mary poppins стиральная машина умный дом, 453174","стиральная машина mary poppins ""умный дом"" коралл (453174)"
label0_models_say_match,fold_04,Бытовая химия,231928345310,472446492513,0,0.957,0.911,grass / чистящее средство для кухни azelit 600 мл,моющее средство grass azelit для кухни 600 мл
label0_models_say_match,fold_04,Бытовая техника,558345808985,103079337294,0,0.924,0.943,"пылесос delta lux dl-0848 черный с синим: 2200 вт, мешок для сбора пыли, мощн.всас 400вт","пылесос delta dl-0848, черный/синий"
label0_models_say_match,fold_03,Продукты питания,266288063252,678604838183,0,0.923,0.944,kimbo aroma intenso,кофе в зернах kimbo aroma intenso 1кг 1шт
label0_models_say_match,fold_04,Детские товары,34359848363,549755909501,0,0.93,0.937,"мягкая игрушка коала, 25 см",forсhildren / мягкая игрушка коала 25 см цвет серый
label0_models_say_match,fold_03,Музыкальные инструменты,51539637110,309237677906,0,0.928,0.939,"струны для акустической гитары, калибр 10-49, посеребренная медь, мозеръ aс10",мозеръ as 10 10 струны для акустической гитары
label0_models_say_match,fold_03,Детские товары,687194796510,142708,0,0.931,0.936,"крошка я / книжка для ванной ""транспорт би-бип""",книжка для ванны транспорт би-бип
label0_models_say_match,fold_01,Дом и сад,506806258916,549755929045,0,0.925,0.942,"без бренда сувенир «слон тоша», 9х11см, гжель , цвет","сувенир слон тоша, 9х11 см, гжель"
label1_models_say_diff,fold_02,Обувь,42949713808,678604882503,1,0.065,0.068,rammaz / весенниее ботинки fitzsimmons citylite,ботинки maneki neko
label0_models_say_match,fold_01,Хобби и творчество,403727018834,584115630591,0,0.957,0.91,"пластилин 10 цветов, koh-i-noor детский, 200 г","пластилин 10 цветов, koh-i-noor детский, 200 г, европодвес"
label0_models_say_match,fold_02,Хобби и творчество,94489330106,481036350177,0,0.941,0.926,набор металлических головоломок умные гвозди,puzzle набор металлических головоломок «умные гвозди»
label0_models_say_match,fold_03,Бытовая техника,747324451513,644245184706,0,0.93,0.937,водонагреватель накопительный вн-10н ресанта,ресанта / водонагреватель накопительный ресанта вн-10н (10 литров)
label0_models_say_match,fold_02,Аптека,463856613990,60129590555,0,0.923,0.943,гидрокортизон мазь туба 1% 10г,"гидрокортизон, мазь 1%, туба 10 г"
label0_models_say_match,fold_01,Детские товары,481036412515,412317006350,0,0.905,0.962,"без бренда парковка полицейский участок, с металлическими машинкой и вертолётом","парковка ""полицейский участок"", с металлическими машинкой и вертолётом"
label0_models_say_match,fold_03,Канцелярские товары,42949752265,558345752863,0,0.947,0.919,"artfox скетчбук а5, 40 л 100 г/м2 ""искусство""","скетчбук ""искусство"" а5, 40 л, 100 г/м"
label0_models_say_match,fold_01,Продукты питания,395137008239,292057807249,0,0.938,0.928,"bucheron / конфеты шоколадные, excellence, с миндалем, 190 грамм",набор конфет bucheron excellence с миндалем (новый год) 190 грамм
label0_models_say_match,fold_01,Красота и гигиена,206158462418,652835031539,0,0.916,0.95,chocolatte / бальзам-блеск для губ помадка мятная,бальзам-блеск для губ chocolatte помадка мятная 1 штука
label0_models_say_match,fold_04,Товары для животных,343597418648,747324338481,0,0.947,0.919,"корм сухой для собак pro plan / проплан optidigest sensitive digestion для взрослых животных средних пород при чувствительном пищеварении, ягненок 3кг / зоотовары","сухой корм pro plan для собак средних пород с чувствительным пищеварением, с ягненком, 3 кг"
label0_models_say_match,fold_01,Детские товары,94489395127,309237809964,0,0.92,0.946,"маша и медведь / домино «маша и медведь», 28 деталей","гелий домино ""маша и медведь"""
label0_models_say_match,fold_02,Музыкальные инструменты,34359838000,8590097396,0,0.952,0.914,губная гармоника диатоническая easttop pro60 d,"easttop pro60 d диатоническая губная гармошка, d"
label0_models_say_match,fold_04,Хобби и творчество,149677,644245177847,0,0.951,0.915,"woodlandtoys / магнитная рыбалка ""ёлочка"", деревянная игра с удочкой","развивающая игра, головоломка. магнитная рыбалка ""ёлочка"""
label0_models_say_match,fold_01,Красота и гигиена,369367242278,566935757785,0,0.903,0.963,"blend-a-med зубная паста pro-expert крепкие зубы тонизирующая мята, 75 мл, 2 шт",blend-a-med / blend-a-med pro-expert мята 75 мл 2 шт
label0_models_say_match,fold_03,Детские товары,446676674226,446676733829,0,0.945,0.921,автоград / толокар ночной гонщик звуковые эффекты цвет белый,"толокар ночной гонщик , звуковые эффекты, цвет белый"
label0_models_say_match,fold_03,Бытовая техника,343597471316,721554595653,0,0.928,0.937,"отпариватель для одежды ручной futula st2300, парогенератор с вертикальным отпариванием 1600 вт, белый",ручной отпариватель futula st2300 00-00214371
label0_models_say_match,fold_01,Дом и сад,747324372492,163208861726,0,0.949,0.916,"семена флокс мерцающая звезда 0,2гр.","агрэкс семена цветов флокс мерцающая звезда, 0,2 г"
label0_models_say_match,fold_04,Бытовая техника,352187392635,670014984265,0,0.958,0.907,"тэн 1600w для lg, samsung с отверстием, l171мм (htr007lg), b3406050","без бренда тэн стиральной машины 1600w lg с/о 171*135мм backer, htr007lg"
label0_models_say_match,fold_01,Бытовая техника,747324421518,171798782704,0,0.944,0.921,/ кофемолка mkm 6000/6003 bosh,кофемолка bosch tsm 6a013b
label0_models_say_match,fold_01,Бытовая техника,455266621953,438086676338,0,0.915,0.95,"veorra / мешки бумажные для пылесоса fv96a2.51.00 15 л, 4 шт","мешки бумажные для строительного пылесоса practyl 15 л, 4 шт."
label0_models_say_match,fold_01,Красота и гигиена,644245230925,300647722844,0,0.946,0.919,"набор маникюрный детский: ножницы, щипчики, пилочка, пинцет, цвет бирюзовый","крошка я / набор маникюрный детский: ножницы, щипчики, пилочка, пинцет"
label0_models_say_match,fold_03,Бытовая химия,541165992292,266288022358,0,0.916,0.948,"спрей от комаров gardex с алоэ вера, 250 мл","спрей от комаров gardex с алоэ вера 0% спирта, 250 мл"
label0_models_say_match,fold_04,Бытовая химия,523986035059,249108108625,0,0.905,0.959,"air wick / освежитель воздуха air wick ""французская ривьера"", 290 мл.",освежитель воздуха air wick француз ривьера: морск волна и легк бриз 290 мл
label0_models_say_match,fold_02,Детские товары,781684090930,77309510222,0,0.934,0.93,"робот полесье деформ, самолет инерционный, в коробке (79022)",робот деформ самолет инерционный (в коробке)
label0_models_say_match,fold_03,Товары для животных,360777309548,446676724928,0,0.911,0.953,farmina n&d cat 5кг низкозерновой курица и гранат сухой для кошек,farmina / корм n&d cat 5 кг курица и гранат
label0_models_say_match,fold_04,Бытовая химия,420906812182,575525728387,0,0.938,0.926,"средство для мытья посуды ""ромашка и витамин е"", 900 мл",аоs / средство для мытья посуды ромашка и витамин е 900 мл
label0_models_say_match,fold_04,Дом и сад,695784838460,549755853806,0,0.939,0.924,снегоуборщик бензиновый huter sgc 4000b,снегоуборщик huter sgc 4000b
label0_models_say_match,fold_02,Бытовая техника,111669264493,120259115007,0,0.933,0.93,"прибор со сменными панелями redmond мультипекарь skybaker rmb-m657/1s, черный","redmond skybaker rmb-m657/1s, мультипекарь, черный"
label0_models_say_match,fold_04,Автотовары,292057869435,188978676146,0,0.903,0.961,лампа h8 12v (35w) yellow,лампа h8 12v 35w pgj19-1 yellow l10835y
label0_models_say_match,fold_03,Товары для животных,163208864272,755914297045,0,0.916,0.947,"sirius корм для щенков всех пород, ягненок и рис 15 кг",sirius / sirius для щенков и молодых собак ягненок и рис sirius(15кг)
label0_models_say_match,fold_02,Дом и сад,128849149013,309237714961,0,0.921,0.942,"кокосовые таблетки jiffy-7с, 10 шт (25 мм)",jiffy / кокосовые таблетки для рассады джиффи-7c
label0_models_say_match,fold_01,Красота и гигиена,103079338247,146029017637,0,0.914,0.949,"uriage / урьяж первый очищающий пенящийся крем, 500 мл",uriage очищающий пенящийся крем cleansing cream (500 мл)
label0_models_say_match,fold_04,Бытовая химия,798863997480,489626294664,0,0.927,0.935,"средство grass azelit gel анти-жир бережный уход для плит, духовок и грилей 500 мл","grass средство для чистки плит azelit антижир 500мл гель свч, грили, коптильни"
label0_models_say_match,fold_04,Канцелярские товары,730144600775,25769928186,0,0.927,0.935,"no name краситель ""джинса"" фиолетовый, 10 гр",краска для ткани
label0_models_say_match,fold_02,Продукты питания,25769857554,197568637232,0,0.936,0.926,"шоколад аленка молочный, 90г","красный октябрь / шоколад аленка молочный, 90г"
label0_models_say_match,fold_02,Дом и сад,25769948014,274877998307,0,0.915,0.947,"без бренда полка для ванной угловая 3-х ярусная, 19x19x41 см, цвет хром","полка для ванной комнаты угловая 3 ярусная, 1 шт"
label0_models_say_match,fold_01,Канцелярские товары,94489283446,317827660904,0,0.939,0.923,"ручка-корректор erichkrause techno white ergo, 22105, 12 мл","erichkrause / ручка-корректор techno white ergo, 12мл"
label0_models_say_match,fold_01,Канцелярские товары,377957241319,644245159763,0,0.912,0.95,"erich krause / ручка гелевая erich krause ""g-cube"" - (12 шт)","ручка гелевая erichkrause g-cube, цвет чернил черный (всего 12 шт., в коробке по 12 шт.) (46447)"
label0_models_say_match,fold_01,Бытовая химия,352187326582,377957273177,0,0.95,0.912,hygiene / гель для стирки цветок пиона 1800 мл,hygiene гель для стирки жидкий порошок парфюмированный цветок пиона (1800мл) expert wash peony blossom
label0_models_say_match,fold_04,Бытовая химия,481036486798,541165988456,0,0.954,0.908,"блок для унитаза domestos power 5 свежесть лайма защита от микробов и налета, 2х55 гр",domestos / domestos блок для унитаза power 5 свежесть лайма 55 г х 2 уп
label0_models_say_match,fold_01,Хобби и творчество,506806179819,506806289589,0,0.916,0.945,лото дорожное stellar азбука-математика,stellar / лото азбука-математика
label0_models_say_match,fold_02,Бытовая техника,326417515288,618475397663,0,0.96,0.9,холодильник side by side hyundai cs4502f нержавеющая сталь,hyundai / холодильник cs4502f
label0_models_say_match,fold_02,Товары для животных,747324430579,360777405764,0,0.935,0.926,сухой корм purina one природа здоровья с курицей повседневный для кошек 680 г,"сухой корм purinа one для взрослых кошек, природа здоровья, курица 680 г"
label0_models_say_match,fold_04,Продукты питания,137438959800,352187377987,0,0.915,0.946,попкорн сладко-солёный демерара 4 пачки х 80 г bio popcorn corincorn,corincorn / попкорн готовый сладко-соленый демерара (4 пачки в коробке)
label0_models_say_match,fold_01,Хобби и творчество,833223795622,601295496953,0,0.942,0.918,cosmodrome games / настольная игра имаджинариум добро,"игра настольная cosmodrome games ""имаджинариум. добро"", картонная коробка"
label0_models_say_match,fold_03,Спорт и отдых,661425065117,188978604093,0,0.904,0.956,"minoga / силикон прим minoga jagger 2,0""(8шт) 50мм, 1,6гр, цв 003","minoga мягкая приманка для рыбалки, 50 мм"
label0_models_say_match,fold_01,Бытовая химия,661425051221,781684181775,0,0.907,0.953,master fresh освежитель воздуха севильский мандарин 300мл,master fresh / освежитель воздуха спрей master fresh севильский мандарин
label0_models_say_match,fold_04,Бытовая химия,670015021320,292057829217,0,0.926,0.934,grass / гель-концентрат для стирки белья grass alpi color 5кг,"жидкое средство для стирки grass гель-концентрат для цветных вещей alpi color gel, 5кг"
label0_models_say_match,fold_04,Хобби и творчество,68719529981,798864027260,0,0.918,0.941,пазл castorland улицы парижа 500 деталей,"пазл 500 эл. castorlаnd ""париж"""
label0_models_say_match,fold_04,Красота и гигиена,730144443017,206158473095,0,0.941,0.919,"viking гель-шампунь для тела и волос ""сила прибоя"", 300 мл",viking / гель-шампунь сила прибоя 300 мл
label0_models_say_match,fold_01,Электроника,755914319271,51539714974,0,0.919,0.941,видеокамера xiaomi mi home security camera 360 1080p,mi / видеокамера home security camera 360
label0_models_say_match,fold_03,Канцелярские товары,85899486706,489626417607,0,0.906,0.953,"рюкзак молодёжный devente business 44 х 32 х 15 см, 19л, эргономичная спинка",devente рюкзак подростковый devente. business 44*32*15 см 1отд. перед. карм. черный 7032269
label0_models_say_match,fold_01,Детские товары,17179960815,25769878840,0,0.908,0.95,"коляска-трансформер  фантазия малин.,45х38х54см","mary poppins / коляска-трансформер фантазия, малиновая, 45х38х54 см 67321"
label0_models_say_match,fold_03,Спорт и отдых,369367269942,549755856008,0,0.911,0.947,детский велосипед giant arx 16 f/w,велосипед детский giant arx 16 f/w
label1_models_say_diff,fold_01,Спорт и отдых,816043879066,369367259182,1,0.071,0.07,"очки защитные спортивные copozz рц 64-66, с диоптриями -2.25 / солнцезащитные очки","очки защитные спортивные copozz рц 56-58, с диоптриями +3.75 / солнцезащитные очки"
label0_models_say_match,fold_03,Бытовая химия,575525657835,128849026882,0,0.941,0.917,"kao cucute порошок для посудомоечных машин, с дезинфицирующим эффектом с ароматом грейпфрута, 900 г. (м/у)","kao cucute for dishwasher citric acid effect порошок для посудомоечных машин, с лимонной кислотой и ароматом грейпфрута, мягкая упаковка, 900г"
label0_models_say_match,fold_02,Детские товары,532576100532,463856535714,0,0.917,0.942,"конструктор пластиковый серии архитектура ""пизанская башня"", 1580 деталей",вселенная конструкторов / architecture конструктор архитектура пизанская башня пиза
label0_models_say_match,fold_01,Продукты питания,180388696976,601295457461,0,0.935,0.923,"кофе московская кофейня на паяхъ коломбо растворимый, ст/б, 95г...",московская кофейня на паяхъ / кофе коломбо растворимый сублимированный 95гр
label0_models_say_match,fold_01,Детские товары,146028935746,609885470285,0,0.915,0.944,"электронный обучающий плакат zabiaka ""умная азбука"", работает от батареек, для детей","zabiaka / обучающий плакат умная азбука, работает от батареек"
label0_models_say_match,fold_02,Канцелярские товары,833223745976,498216303828,0,0.956,0.902,"сумка для обуви, отдел на молнии, наружный карман, цвет розовый/голубой","textura сумка для обуви, отдел на молнии, наружный карман, цвет розовый/голубой"
label0_models_say_match,fold_02,Дом и сад,292057819611,472446480835,0,0.923,0.935,микробиологическое удобрение для восстановления плодородности почвы байкал эм-1 500 мл. (улучшенная формула),baikal / удобрение байкал эм 1 500 мл
label0_models_say_match,fold_04,Музыкальные инструменты,103079251648,240518266081,0,0.916,0.941,"remo controlled sound 22 clear black dot bass пластик для бас-бочки 22""",пластик для барабана remo cs-1322-10- controlled sound 22 clear black dot bass
label0_models_say_match,fold_03,Спорт и отдых,51539736625,352187345475,0,0.922,0.935,"набор для пикника следопыт holiday пластик, на 6 персон, контейнер pf-cws-ps02","набор для пикника следопыт «holiday» пластик, на 6 персон, контейнер"
label0_models_say_match,fold_04,Продукты питания,412316906543,292057862418,0,0.904,0.953,корейский суп из морских водорослей мисо-суп со шпинатом и креветками furmi 5 шт х 10г,furmi набор корейский мисо-суп со шпинатом и креветками 5 х 10гр
label0_models_say_match,fold_01,Дом и сад,764504196638,369367229369,0,0.925,0.932,"триммер электрический huter get-1200sl для стрижки травы и газона, ширина обработки 42см, мощность 1200вт, катушка с леской и режущий диск в комплекте",huter / электрический триммер get-1200sl садовый для травы
label0_models_say_match,fold_03,Хобби и творчество,635655210916,584115691684,0,0.956,0.9,"наполнение для слайма, светится в темноте (набор 5 цветов) по 5 г","с / наполнение для слайма, светится в темноте (набор 5 цветов)"
label0_models_say_match,fold_01,Музыкальные инструменты,386547184250,300647866723,0,0.914,0.943,струны для классической гитары 3/4 - d'addario ej27n 3/4 ,d addario / d addario ej-27n струны для классической гитары
label0_models_say_match,fold_04,Строительство и ремонт,850403647340,455266610422,0,0.948,0.908,sturm / мойка высокого давления pw9219,мойка высокого давления sturm! pw9219
label0_models_say_match,fold_04,Бытовая техника,532576076856,816043924296,0,0.901,0.955,электрическая зубная щетка oral-b io series 10 stardust white белая,oral-b / электрическая зубная щетка io 10 stardust white
label0_models_say_match,fold_02,Детские товары,824633767120,94489281053,0,0.908,0.948,"музыкальная игрушка ""пчёлка жу-жу"", звуковые и световые эффекты, 1 шт.","zabiaka музыкальная игрушка «пчёлка жу-жу», свет, звук"
label0_models_say_match,fold_03,Галантерея и аксессуары,17179881995,566935838928,0,0.928,0.928,"кошелек детский nazamok kids ""зайчик в юбочке"" 11х9 см / вместительный / один отдел / для девочки",кошелек детский nazamok «зайчик в юбочке»
label0_models_say_match,fold_02,Бытовая техника,214748399062,738734487036,0,0.932,0.923,"babyliss фен-щетка для волос as960e 1000 вт, кол-во насадок 4, темно-розовый",babyliss as 960e
label0_models_say_match,fold_02,Товары для животных,807453991080,8590016011,0,0.913,0.942,сухой корм для взрослых собак средних и крупных пород alleva equilibrium sensitive с океанической рыбой 12 кг,alleva / для собак с океанической рыбой 12кг
label0_models_say_match,fold_02,Продукты питания,360777305089,438086753131,0,0.946,0.909,"кофе растворимый nescafe gold barista, 170 г",кофе nescafe gold barista сублимированный растворимый 170 г
label0_models_say_match,fold_02,Хобби и творчество,429496800413,257698043131,0,0.905,0.949,"экономическая игра ""money polys. magic"", 7","экономическая игра лас играс ""money polys magic"" (4131861)"
label0_models_say_match,fold_02,Бытовая химия,17180009598,687194834543,0,0.911,0.943,моющее средство grass с полирующим эффектом для пола arena цветущий лотос,средство для пола с полирующим эффектом arena grass цветущий лотос 1 л
label0_models_say_match,fold_04,Хобби и творчество,369367321544,523986015783,0,0.904,0.95,"""яйцо на подставке"" 4,8*7см (3шт), деревянная заготовка для декупажа №11643","добрый мастер деревянные заготовки / декупаж, деревянная заготовка для творчества ""добрый мастер"" ""яйцо на подставке"" 4,8*7см, 3мм(3шт)"
label0_models_say_match,fold_04,Спорт и отдых,721554517180,266287973743,0,0.911,0.944,"тонар черпак рыбака ""тонар"" спортивный t-ifs-02 1550737",черпак рыбака спортивный t-ifs-02
label0_models_say_match,fold_02,Товары для животных,429496746408,240518257077,0,0.939,0.916,flexi / рулетка xs (до 8 кг) 3 м трос,"flexi (флекси) рулетка-трос для собак до 8кг, 3м (black design xs cord 3m) розовая"
label0_models_say_match,fold_03,Продукты питания,790274129180,584115566359,0,0.944,0.91,"яшкино яшкино, вафли с какао, шоколадные,3 шт по 200 г","яшкино вафли шоколадные, 200 г, 3 уп"
label0_models_say_match,fold_03,Хобби и творчество,841813748349,558345915881,0,0.928,0.926,"арт узор / пайетки ""круг"" сиреневые набор 30 гр","пайетки ""круг"" сиреневые набор 30 гр d:2 см"
label0_models_say_match,fold_02,Хобби и творчество,481036484703,223338441072,0,0.907,0.947,пазл prime 3d 500 волк,"prime 3d / пазл 3d 500 деталей, волк"
label0_models_say_match,fold_03,Продукты питания,755914272051,403727063141,0,0.924,0.93,фиточай в фильтр пакетах 20 шт./ травяной сбор иван-чая листья,"не определен травяной сбор «иван-чая листья», фильтр-пакет, 20 шт."
label0_models_say_match,fold_04,Продукты питания,764504340956,292057933184,0,0.904,0.949,чипсы картофельные pringles paprika со вкусом паприки 165 г,pringles / чипсы принглс паприка 165 гр. (польша)
label0_models_say_match,fold_01,Хобби и творчество,120259113600,635655235334,0,0.905,0.948,"набор королева бусинка bondibon, в банке 17х6 см.",bondibon. / набор королева бусинка bondibon. в банке 17х6 см.
label0_models_say_match,fold_01,Бытовая химия,343597444834,438086759840,0,0.926,0.927,бреф средство чистящее для унитаза bref сила-актив лимонная свежесть 50г х 2шт,"bref, подвесной блок для унитаза сила-актив, лимонная свежесть, 2 штуки по 50 грамм, блистер"
label0_models_say_match,fold_04,Бытовая химия,781684050073,446676746307,0,0.948,0.905,synergetic / ср-во для мытья посуды с ароматом алоэ 500мл,средство synergetic для мытья посуды алоэ 0.5l 4623721671463
label0_models_say_match,fold_02,Бытовая техника,163208788261,25769888811,0,0.947,0.906,ультразвуковой увлажнитель leberg lh-19,увлажнитель воздуха leberg lh-19 белый
label0_models_say_match,fold_02,Бытовая химия,798863940110,128849161806,0,0.941,0.912,гель для стирки 2л passion gold sport,passion gold / гель для стирки спортивных вещей 2 л
label0_models_say_match,fold_04,Красота и гигиена,146028907547,335007543922,0,0.915,0.937,"tnl professional гель моделирующий tnl builder gel прозрачный, 10 мл , 1 шт.","гель моделирующий tnl builder gel прозрачный, 10 мл"
label0_models_say_match,fold_02,Детские товары,214748414330,781684142108,0,0.925,0.926,lego / бионикл/613-1/ экиму - создатель масок/ 94 детали,конструктор экиму-создатель масок
label0_models_say_match,fold_03,Детские товары,566935730165,343597431803,0,0.907,0.945,"развивающие карточки мульти пульти ""на ферме"", 36 штук (рк_28364)",мульти-пульти / развивающие карточки мульти-пульти
label0_models_say_match,fold_03,Детские товары,42949706906,609885519970,0,0.911,0.94,"не определен машина радиоуправляемая «джип-акробат», 4wd, управление жестами, работает от аккумулятора, цвет синий","машина радиоуправляемая ""джип-акробат"", 4wd, управление жестами, работает от аккумулятора, цвет синий"
label0_models_say_match,fold_04,Спорт и отдых,850403659883,274878022305,0,0.909,0.942,"коврик для йоги fm-101, pvc, 173x61x0,6 см, фиолетовый","без бренда коврик для йоги 173 х 61 х 0,6 см, цвет фиолетовый 3098553"
label0_models_say_match,fold_03,Хобби и творчество,197568522806,592705524394,0,0.911,0.94,"фломастеры, 24 цвета, в пластиковой коробке, вентилируемый колпачок, ""кисти""","не определен фломастеры, 24 цвета, в пластиковой коробке, вентилируемый колпачок, ""кисти"""
label0_models_say_match,fold_02,Бытовая техника,137438986453,712964625610,0,0.948,0.902,водонагреватель electrolux ewh 30 royal silver,водонагреватель electrolux ewh 30 silver
label0_models_say_match,fold_02,Бытовая техника,300647857814,678604924180,0,0.907,0.944,"беспроводной пылесос dyson v12 detect slim absolute, серый, оранжевый",dyson v12 detect slim absolute 3207328
label0_models_say_match,fold_04,Галантерея и аксессуары,498216291624,42949712917,0,0.934,0.916,citizen / часы citizen eco drive bm8475-26e,наручные часы citizen bm8475-26e
label0_models_say_match,fold_01,Красота и гигиена,111669220712,446676705016,0,0.945,0.906,"/ матирующий тональный крем ""спокойное сияние"", 30 мл","матирующий тональный крем ""спокойное сияние"", 30 мл"
label0_models_say_match,fold_03,Хобби и творчество,541165920094,661425049018,0,0.933,0.917,"не определен декор для творчества «бабочка», двухслойный, набор 12 шт, размер 1 шт. — 5 × 4 см, цвет голубой","декор для творчества ""бабочка"", двухслойный, набор 12 шт., размер 1 шт. - 5 х 4 см, цвет голубой"
label0_models_say_match,fold_02,Музыкальные инструменты,498216243678,635655240888,0,0.91,0.941,flight / f-230c na фолк гитара с вырезом,flight f-230c na - гитара акустическая шестиструнная
label0_models_say_match,fold_01,Товары для животных,326417650801,833223788938,0,0.926,0.924,"не определен ошейник кошачий с пряжкой в форме кошки, ширина 1 см, розовый","ошейник кошачий с пряжкой в форме кошки, ширина 1 см, розовый"
label0_models_say_match,fold_01,Спорт и отдых,249108208399,721554650353,0,0.93,0.92,"58480 детский надувной круглый бассейн 152x56 см, 360 л, intex ""аквариум"", надувное дно, 6+",intex / детский надувной бассейн аквариум 58480 размер 152x56см
label0_models_say_match,fold_01,Строительство и ремонт,670014990020,223338308608,0,0.915,0.935,вихрь / торцовочная пила пт-255пл вихрь,торцовочная пила вихрь пт-255пл 72/18/3
label0_models_say_match,fold_01,Музыкальные инструменты,446676712510,523986034117,0,0.908,0.942,"казу music life, красный","music life музыкальный инструмент казу music life, красный"
label0_models_say_match,fold_03,Детские товары,386547130548,137438974797,0,0.939,0.91,кассон / автомобиль тюльпан б + шарики 3-305,автомобиль игрушечный тюльпан б + шарики 3-305  
label0_models_say_match,fold_04,Красота и гигиена,747324429975,601295466578,0,0.9,0.949,esthetic house увлажняющий шампунь для волос cp-1 daily moisture natural shampoo 500 мл,"esthetic house / шампунь для волос ""увлажнение"" cp-1, 500 мл"
label0_models_say_match,fold_04,Бытовая химия,678604923359,523986079087,0,0.917,0.932,"средство для мытья полов аист жасмин и яблоневый цвет, 950мл, дезинфицирующее (4303020084), 10шт.",средство для мытья пола аист жасмин и яблоневый цвет 950 мл
label0_models_say_match,fold_02,Детские товары,498216342714,627065340040,0,0.935,0.914,"мягкая игрушка ""кукла"", в шляпке и платьишке, цвета микс","лесная сказка мягкая игрушка «кукла», в шляпке и платьишке, цвета микс"
label0_models_say_match,fold_01,Товары для животных,137439082801,438086735867,0,0.937,0.912,hill's / диетический для собак при расстройствах пищеварения 1.5кг,"сухой диетический корм для собак hill's prescription diet gastrointestinal biome при расстройствах пищеварения и для заботы о микробиоме кишечника, c курицей (1,5 кг)"
label0_models_say_match,fold_04,Детские товары,300647744651,446676624952,0,0.936,0.912,"развивающий набор ""графические диктанты"", пиши стирай, уровень 1","iq-zabiaka / развивающий набор графические диктанты, пиши стирай"
label0_models_say_match,fold_03,Детские товары,446676699087,438086728483,0,0.919,0.93,"noname конструктор магнитный «дино», 7 деталей","конструктор магнитный ""дино"", 7 деталей"
label0_models_say_match,fold_01,Детские товары,730144459702,300647817968,0,0.917,0.931,"азбукварик пианино для малышей ""волшебные нотки""","музыкальная игрушка азбукварик пианино ""волшебные нотки"" 20 песеок и мелодий"
label0_models_say_match,fold_04,Красота и гигиена,704374671675,154618832099,0,0.931,0.918,sargan / лосьон для тела 'sargan' туба 30 мл.,"лосьон для тела ""sargan"" туба 30 мл, 20 штук"
label0_models_say_match,fold_04,Красота и гигиена,309237720979,60129563120,0,0.904,0.943,"татуировка на тело ""набор трайбл"" 9х16 см","no name татуировка на тело ""набор трайбл"" 9х16 см"
label0_models_say_match,fold_01,Строительство и ремонт,42949801688,85899346721,0,0.944,0.903,эпоксидная затирка diamant 009 хамелеон 1 кг,затирка diamant 009 хамелеон 1 кг
label0_models_say_match,fold_01,Красота и гигиена,627065227630,214748514349,0,0.917,0.93,schauma / шампунь энергия природы 400 мл,"schauma шампунь энергия природы, для нормальных волос, мягкость и гладкость, 400 мл"
label0_models_say_match,fold_02,Хобби и творчество,481036395962,309237739331,0,0.911,0.935,"домино ""классическое"", 28 шт, костяшка 4 х 2 х 0.5 см","без бренда домино ""классическое"", 28 шт, костяшка 4 х 2 х 0.5 см, микс"
label0_models_say_match,fold_01,Аптека,670014964390,68719588904,0,0.915,0.932,протефикс / фиксирующий крем экстра-сильный для зубных протезов 47 гр,крем для зубных протезов фиксирующий экстра сильный premium protefix/протефикс 47г
label0_models_say_match,fold_01,Бытовая техника,85899426027,17179943977,0,0.905,0.942,"oursson ek1732w, электрочайник, темная вишня",электрочайник oursson ek1732w/dc красный
label0_models_say_match,fold_04,Детские товары,309237647700,77309562157,0,0.919,0.927,"машинка stellar грузовик с ковшом, 01463",стеллар stellar грузовик с ковшом 01463
label0_models_say_match,fold_01,Товары для животных,747324366541,506806285661,0,0.915,0.931,"сухой корм для щенков мелких пород monge speciality, с ягненком и рисом, 2,5 кг","monge / корм для щенков monge dog speciality, ягненок, рис 2,5 кг"
label0_models_say_match,fold_01,Дом и сад,188978666100,781684173657,0,0.906,0.941,"сувенир дерево ""жираф"" 100 см",сувенир дерево жираф 100 см
label0_models_say_match,fold_01,Хобби и творчество,352187364337,463856579647,0,0.942,0.905,"я сам / набор для опытов ""моё удивительное тело""","набор для опытов ""мое удивительное тело"""
label0_models_say_match,fold_02,Красота и гигиена,592705499091,841813641977,0,0.91,0.936,o.b. / тампоны mini procomfort 16 шт,o.b. тампоны procomfort mini №16 / прокомфорт мини 16 штук
label0_models_say_match,fold_01,Бытовая техника,747324428523,94489368732,0,0.932,0.914,хозтовары / чайник электрический,"kelli электрический чайник kl-1404, светло-розовый"
label1_models_say_diff,fold_02,Аптека,635655297514,94489359745,1,0.082,0.073,астигматические линзы alcon precision1 for astigmatism (toric) 30 линз sph -6.50 cyl -0.75 axis 180,"контактные линзы alcon precision1 for astigmatism 30 линз sph -6,50 cyl -1,75 axis 170"
label1_models_say_diff,fold_01,Аптека,326417538301,730144584931,1,0.033,0.122,"астигматические линзы adria o2o2 toric, ежемесячные, sph -7,00, cyl -0,75, ax 010, 6 шт.","контактные линзы adria o2o2 toric, 6 шт., r 8,6, d -6, cyl: -2,25, aх: 180"
label0_models_say_match,fold_04,Детские товары,25769864130,206158432536,0,0.919,0.926,кот батон 110 см мягкая игрушка 110 см рыжий,мир плюшевых игрушек / мягкая игрушка кот батон рыжий 110 см
label0_models_say_match,fold_02,Бытовая химия,343597472300,592705558195,0,0.913,0.932,"жидкое средство для стирки qualita, гель, универсальное, 1 л","хозлэнд / жидкое средство для стирки qualita, гель, универсальное, 1 л"
label1_models_say_diff,fold_03,Электроника,566935818488,730144511425,1,0.14,0.015,"international rectifier транзистор irlb3036 to-220, mosfet транзистор: n-ch, 60в, 270а","транзистор bta212-800b to-220, симистор, 800в, 12а"
label0_models_say_match,fold_03,Товары для животных,34359753522,105765,0,0.906,0.939,котяра наполнитель минеральный комкующийся 4200г.,"котяра / наполнитель для кошек 10 л, 4.2 кг"
label0_models_say_match,fold_01,Мебель,695784765511,781684087610,0,0.927,0.917,зеркало-шкаф aquanet латина 100 белый,зеркальный шкаф aquanet латина 100 белый
label0_models_say_match,fold_02,Хобби и творчество,635655176325,790274059413,0,0.909,0.935,"замок автоматический для молнии ""трактор"", №8, 10 шт, цвет чёрный никель","дверь в лето рукоделие / замок автоматический для молнии ""трактор"", №8, 10 шт"
label0_models_say_match,fold_04,Канцелярские товары,17179962738,798864068779,0,0.91,0.934,"centropen / фломастеры ""washable"", 30 цветов, смываемые", набор фломастеров
label0_models_say_match,fold_02,Канцелярские товары,455266571124,214748511461,0,0.91,0.934,"бумага цветная а4 80г/м2 500л интенсив желтый, 1 шт. в заказе",бумага цветная а4 500л calligrata интенсив желтый 80г/м2
label0_models_say_match,fold_01,Канцелярские товары,730144531692,695784765092,0,0.915,0.929,"бумага цветная а4, 50 листов ""неон"", жёлтая, 80 г/м ","calligrata бумага цветная а4, 50 листов, неон жёлтая, плотность 80г/м2"
label0_models_say_match,fold_02,Красота и гигиена,17179877073,369367266437,0,0.902,0.942,unilever подарочный набор бархатные ручки funny animals крем для рук 3х45 мл,"ккк / бархатные ручки набор кремов funny animals, 3х45 мл"
label0_models_say_match,fold_02,Бытовая химия,670015002065,300647781591,0,0.927,0.916,"средство для чистки ванн sanfor ""лимонная свежесть"", 750 г",sanfor / средство чистящее для ванн лимонная свежесть 750 г
label0_models_say_match,fold_01,Электроника,180388683967,360777390594,0,0.912,0.931,origberry / дисплей для prestigio multipad pmt3087 3g,дисплей для планшета multipad pmt3087 3g
label0_models_say_match,fold_03,Бытовая химия,678604842730,661424965415,0,0.914,0.929,"нпо гарант бромадиолон 0,25%, 1л, концентрат от крыс, мышей, грызунов","бромадиолон 1л. 0,25% средство против крыс и мышей"
label1_models_say_diff,fold_04,Канцелярские товары,695784723040,83205,1,0.127,0.03,"bruno visconti ежедневник недатированный a5 (14.8 × 21 см), листов: 136","копибланк (2 шт.), журнал дезинфекции холодильников (100 лист, полист. нумерация, тв. переплёт)"
label0_models_say_match,fold_02,Канцелярские товары,120259114403,300647801247,0,0.905,0.937,"линейка с держателем 20 см, пластиковая, прозрачная, бесцветная","erichkrause / линейка с держателем 20 см, прозрачная, пластиковая"
label0_models_say_match,fold_01,Товары для животных,111669173181,549755945645,0,0.903,0.939,"рюкзак для переноски животных пушистое счастье ""кусь, кусь, кусь"" 31х23х30 см",пушистое счастье / рюкзак для переноски животных
label0_models_say_match,fold_01,Бытовая химия,601295491912,652835151189,0,0.907,0.934,"моё солнышко мое солнышко бальзам после укусов насекомых детский 2,8","бальзам детский после укусов насекомых мое солнышко 2,8 гр."
label0_models_say_match,fold_02,Электроника,412316995293,635655226200,0,0.902,0.94,"меридиан-07af turbo уличная антенна locus для цифрового тв, dvb-t2, активная",антенна для цифрового тв locus меридиан-07af turbo уличная с усилителем в комплекте с инжектором питания для телевизоров со встроенным тюнером dvb-t2
label0_models_say_match,fold_01,Канцелярские товары,369367345041,773094222517,0,0.902,0.939,альбом планшет д/пастелей palazzo бабочка а-3 20 л. 4цвета пб/а3,"планшет для пастели а3, 20 листов, 4 цвета ""бабочка"", блок 200 г/м"
label0_models_say_match,fold_04,Канцелярские товары,575525706177,781684066498,0,0.91,0.931,подставки для книг 2 штуки микс космос,не определен подставки для книг 2 штуки микс космос
label0_models_say_match,fold_03,Бытовая техника,566935806676,575525660873,0,0.909,0.932,ariston накопительный водонагреватель fais nts50v,fais водонагреватель накопительный nts 50v 1.5k (fa)
label0_models_say_match,fold_04,Товары для животных,103079263273,627065372363,0,0.934,0.907,"pro plan veterinary diets / корм сухой nf renal для кошек 1,5 кг","pro plan renal для кошек 1,5 кг."
label0_models_say_match,fold_04,Бытовая химия,94489285617,755914318712,0,0.924,0.917,cредство от укусов кровососущих reftamid baby детский 100мл,"рефтамид / аэрозоль от комаров детский, 100м"
label0_models_say_match,fold_01,Бытовая техника,395137132415,240518286672,0,0.907,0.934,холодильник pozis rk-103,"pozis / холодильник rk-103, белый"
label0_models_say_match,fold_03,Электроника,171798728728,704374700707,0,0.913,0.927,"кабель usb hoco x14 times speed type-c, 1 м, черный","hoco / usb кабель x14 times speed, type-c, 2 а, 1м"
label0_models_say_match,fold_01,Хобби и творчество,781684114838,609885486660,0,0.933,0.908,набор стилиста играем вместе царевны 319772,"играем вместе / набор стилиста ""царевны"""
label0_models_say_match,fold_01,Продукты питания,730144581286,609885400471,0,0.933,0.907,jacobs / кофе monarch original стики 26 шт по 1.8г,"кофе растворимый порционный jacobs monarch, сублимированный, 1,8 г, пакетик, 26 штук"
label0_models_say_match,fold_04,Детские товары,140635,283467967999,0,0.912,0.929,"no name мягкая игрушка «авокадо», заяц, 25 см","мягкая игрушка авокадо, заяц, 25 см"
label0_models_say_match,fold_02,Хобби и творчество,17179928912,249108216880,0,0.917,0.924,"силиконовая форма ""тюльпан триумф""",hobbypage / форма силиконовая для мыла тюльпан триумф
label0_models_say_match,fold_01,Ювелирные изделия,841813603226,266288116083,0,0.901,0.939,"masterica / цепь нонна из сереброа 925 пробы, размер 45 см","мастерица, цепь нонна серебро 925 размер 45 см, цепочка серебряная на шею под подвеску, кулон, амулет, крестик, оберег, медальон, талисман, шарм, цепь для бусин, женская, для девочки"
label0_models_say_match,fold_03,Бытовая техника,266288116591,566935750427,0,0.931,0.909,"иглы для швейной машины organ супер стрейч, № 75-90, упаковка 10 шт (organ.стрч.75-90/10)",carsshell / organ иглы супер стрейч 10/75-90
label0_models_say_match,fold_01,Красота и гигиена,558345863571,223338350485,0,0.932,0.908,svr topialyse гель очищающий для лица и тела 200 мл,svr топиализ гель очищающий 200 мл
label0_models_say_match,fold_04,Бытовая химия,549755945982,412316901906,0,0.913,0.927,"чистин / средство для мытья пола, морская волна 1 л",чистин средство для мытья пола морская волна 1000мл
label0_models_say_match,fold_01,Хобби и творчество,790274133284,584115666634,0,0.906,0.933,"карты таро, ""эротическое. 78 оттенков страсти"", 78 карт, 18+","знак судьбы / карты таро ""78 оттенков страсти"" 78 карт 18+"
label0_models_say_match,fold_03,Продукты питания,652835065967,481036337863,0,0.921,0.917,"кофе молотый lavazza qualita oro, 250 г","/ кофе молотый ""qualita oro"", 250г"
label0_models_say_match,fold_03,Продукты питания,670015010054,463856550209,0,0.917,0.921,нутриция нутридринк компакт протеин со вкусом ванили бут.125мл №4,nutridrink (nutricia) смесь для специализированного питания нутридринк компакт протеин вкус ванильный 125 мл 4 шт. в уп
label0_models_say_match,fold_03,Товары для животных,618475431886,463856528770,0,0.918,0.92,лакомство inaba ciao churu bee для взрослых собак для поддержки жкт запеченные трубочки с куриным филе 80 гр (1 шт),"inaba чуру-би запечёные трубочки для здоровья жкт, куриное филе для собак 80г"
label0_models_say_match,fold_01,Дом и сад,42949747717,687194906663,0,0.934,0.904,маска зебра албезия 50 см,"маска ""зебра"" албезия 50 см"
label0_models_say_match,fold_03,Товары для животных,309237816839,42949729175,0,0.914,0.924,gourmet gold / gourmet gold с говядиной 24 шт по 85 гр,"gourmet gold влажный консервированный корм для кошек ""нежная начинка с говядиной"", 85гр, 24шт"
label0_models_say_match,fold_03,Дом и сад,455266604627,712964697378,0,0.926,0.911,"крючок мебельный cappio uniq, двухрожковый, цвет черный","крючок мебельный cappio uniq, двухрожковый, цвет черный"
label0_models_say_match,fold_01,Бытовая техника,163208810145,489626412536,0,0.927,0.91,инверторная сплит система haier jade dc-inverter as25s2sj1fa-g/1u25mecfra gold (сплит-система инвертор / jade dc-inverter / haier),кондиционер настенный сплит-система haier as25s2sj1fa-g/1u25mecfra золотистый
label0_models_say_match,fold_04,Красота и гигиена,111669190287,541165966894,0,0.907,0.93,"hasbro набор детских татуировок переводок ""трансформеры""","набор детских татуировок переводок ""трансформеры"""
label0_models_say_match,fold_01,Хобби и творчество,120259226672,369367314930,0,0.925,0.912,"disney пластилин мягкий «детский», 10 цветов, 150 г, тачки",пластилин 10цв 150г тачки
label0_models_say_match,fold_01,Бытовая техника,558345850705,798863917089,0,0.917,0.92,oral-b / сменные насадки oral-b 3d white cleanmaximiser 4шт.в уп.,"насадки oral-b 3d white cleanmaximiser для электрической зубной щетки, 4 шт, для отбеливания"
label0_models_say_match,fold_01,Детские товары,824633795972,94489438554,0,0.933,0.904,"набор цветных кубиков, смешарики, 20 шт., 4 4 см","теропром набор цветных кубиков, ""смешарики"", 20 элементов, 4х4 см"
label0_models_say_match,fold_01,Бытовая техника,841813600242,120259206005,0,0.927,0.909,"gefest газовая варочная панель газовая варочная поверхность пвг 2232-01, черный",gefest / встраиваемая газовая варочная панель гефест пвг 2232-01
label0_models_say_match,fold_01,Музыкальные инструменты,249108176389,472446533393,0,0.907,0.929,"mssc8-nat classics series ремень для гитары, хлопок, цвет натуральный, levy's",levy's ремень для гитары levys mssc8-nat
label0_models_say_match,fold_01,Красота и гигиена,25769957206,300647828572,0,0.904,0.932,"schwarzkopf professional bonacure moisture kick кондиционер смываемый для сухих, нормальных и вьющихся волос, 200 мл",schwarzkopf professional / кондиционер moisture kick bonacure 200мл
label0_models_say_match,fold_04,Детские товары,687194786089,523986146455,0,0.902,0.934,мягкая плюшевая игрушка подушка гусь обнимусь 130 см,добрушкин / мягкая игрушка подушка большой гусь обнимусь 130 см
label0_models_say_match,fold_01,Строительство и ремонт,558345828944,188978651622,0,0.908,0.927,"мойка высокого давления , минимойка ресанта мр-140 (140 бар, 1650вт, с функцией самовсасывания)",ресанта / мойка высокого давления мр 140
label0_models_say_match,fold_02,Продукты питания,438086681582,764504341147,0,0.905,0.93,"масло рыжиковое organic altay, 250 мл","organic altay / масло рыжиковое, 250 мл. специалист. original altay"
label0_models_say_match,fold_03,Электроника,68719555466,515396083244,0,0.917,0.918,"6.6"" смартфон samsung galaxy a14 128 гб зеленый","samsung смартфон galaxy a14 6/128 гб, зеленый"
label0_models_say_match,fold_01,Бытовая техника,687194843395,704374731512,0,0.927,0.908,лопатка(тестомешалка) для хлебопечи panasonik sd-2510wts,технохелп / лопатка для хлебопечек panasonic sd-2510wts
label0_models_say_match,fold_03,Бытовая техника,558345810262,25769944566,0,0.909,0.924,xiaomi / фен для волос xiaomi mijia negative ion hair dryer,фен xiaomi hair dryer h101 pink
label0_models_say_match,fold_01,Спорт и отдых,627065288434,34359846378,0,0.921,0.912,"in mother's hands / плот для плавания ""фламинго"", 173 x 170","""фламинго"", 173 х 170 см, 41119 "
label0_models_say_match,fold_01,Дом и сад,652835131690,635655285346,0,0.917,0.915,"/ гирлянда ""занавес"" 2 x 1.5 м, ip20, проз","гирлянда ""занавес"" 2 х 1.5 м."
label0_models_say_match,fold_01,Детские товары,412316990497,601295448868,0,0.927,0.906,"одежда для пупса: платье розовое в цветочек, с бантиком","одежда для пупса: платье розовое в цветочек, с бантиком"
label0_models_say_match,fold_03,Автотовары,386547217723,841813710174,0,0.923,0.91,подушка заднего дифференциала для mitsubishi pajero mini (h5_a) 0.7 4wd febest mmh58dm,"опора заднего дифференциала febest mmh58dm mitsubishi pajero mini h53, 58a 1998.08-"
label0_models_say_match,fold_04,Хобби и творчество,283467873852,120259096088,0,0.915,0.917,степ пазл step puzzle-60 &quot;король лев&quot; (81114),пазл step puzzle король лев 60 элементов
label0_models_say_match,fold_02,Товары для животных,317827662857,695784718502,0,0.905,0.927,"сухой корм для кошек grandorf (грандорф) lamb & brown rice indoor, ягнёнок с рисом 2 кг","grandorf / корм сухой для домашних кошек grandorf с ягнёнком и рисом, 2 кг"
label0_models_say_match,fold_03,Дом и сад,747324332297,841813721484,0,0.922,0.909,"без бренда фоторамка пластик ""gallery"" 20х30 см белый (пластиковый экран)","фоторамка пластик gallery 20х30 см, 641761 белый (пластиковый экран)"
label0_models_say_match,fold_04,Мебель,231928398831,231928386867,0,0.907,0.924,стул sht-st29/s130 hd,стул sheffilton sht-st29/s130 hd
label0_models_say_match,fold_02,Спорт и отдых,670015022002,326417540321,0,0.902,0.93,"мяч детский кнр ""арбузик"" 22 см, 60 г (7413822)","noname мяч детский «арбузик» 22 см, 60 г"
label0_models_say_match,fold_03,Спорт и отдых,824633729123,455266554645,0,0.931,0.9,nika снегокат,"nika снегокат тимка спорт 4-1 ""граффити"", цвет красный"
label0_models_say_match,fold_01,Детские товары,360777263162,94489426338,0,0.929,0.901,"iq-zabiaka счётные палочки по методике кюизенера, 32 шт, в пакете","счётные палочки по методике кюизенера, 32 шт."
label0_models_say_match,fold_03,Электроника,850403681504,171798737718,0,0.913,0.917,"bfcopper пластик bestfilament, 1.75 мм, 500 г","пластик bfcopper bestfilament для 3d-принтера медный 1,75 мм 0,5 кг"
label0_models_say_match,fold_02,Хобби и творчество,833223788962,549755962927,0,0.913,0.917,"декоративная арт узор с бусинами, 13 мм, 4,5 ± 0,5 м, цвет белый","лента декоративная с бусинами, 13 мм, 4,5 -0,5 м, цвет белый"
label0_models_say_match,fold_02,Музыкальные инструменты,498216285492,695784787182,0,0.924,0.906,kremona / f65cw performer series fiesta электро-акустическая гитара,"f65cw performer series fiesta электро-акустическая гитара, с вырезом, kremona"
label0_models_say_match,fold_01,Детские товары,489626327989,395137091156,0,0.905,0.924,"кружка детская nd play / влад а4, огонь (в подарочной упаковке), мал., 230 мл, стекло","nd play кружка детская nd play. влад а4, огонь (в подарочной упаковке), 230 мл, стекло"
label0_models_say_match,fold_01,Дом и сад,721554584782,584115653899,0,0.914,0.915,"коврик этель ""паутинка"" 60х90 см, 50% хл, 50% п/э","коврик этель ""паутинка"" 60*90 см, 50% хл, 50% п/э"
label0_models_say_match,fold_04,Электроника,489626353419,798863970226,0,0.915,0.914,"songle srd-05vdc-sl-c, реле 10а, 5v",реле srd-05vdc-sl-c
label0_models_say_match,fold_01,Красота и гигиена,498216244245,231928289149,0,0.923,0.906,"сима-ленд татуировка на тело ""цветочки"" 10х15 см","татуировка на тело ""цветочки"" 10х15 см"
label0_models_say_match,fold_03,Хобби и творчество,541165990892,481036481636,0,0.921,0.908,"набор для рисования светом эврики,  доска напиши и сотри, машинка","эврики / набор для рисования светом + доска напиши и сотри, машинки"
label0_models_say_match,fold_03,Электроника,146028899380,712964594835,0,0.922,0.906,kingston / накопитель ssd 960gb (sa400s37/960g),kingston 960 гб внутренний ssd-диск a400 (sa400s37/960g)
label0_models_say_match,fold_01,Строительство и ремонт,635655268117,240518238202,0,0.904,0.924,вихрь / плиткорез электрический вихрь эп-180 72/22/1,электрический плиткорез эп-180 вихрь
label1_models_say_diff,fold_02,Обувь,738734468069,146028927609,1,0.155,0.017,кроссовки jordan air jordan 7,nike / nike air max 2090
label0_models_say_match,fold_02,Товары для животных,403726939074,850403561726,0,0.902,0.926,"homepet / ошейник ромбы для собак, кожаный построченный с тиснением","homepet ошейник ромбы, кожаный простроченный с тиснением, коричневый, 30 мм, 35-45 см"
label0_models_say_match,fold_01,Спорт и отдых,678604993688,206158554518,0,0.913,0.915,"life extension / комплекс витаминов группы b, 60 шт","life extension bioactive complete b-complex, комплекс витаминов группы b, 60 капсул"
label0_models_say_match,fold_02,Строительство и ремонт,292057809934,506806263013,0,0.914,0.913,автомобильная мойка huter w105-gs (минимойка),huter / мойка высокого давления huter w105-gs
label0_models_say_match,fold_01,Строительство и ремонт,627065242446,420906950172,0,0.914,0.913,"набор сверл по металлу, 1-10мм (через 0,5мм), hss, 19шт.","sparta / набор сверл по металлу, 1-10 мм, через 0,5 мм, hss, 19 шт"
label0_models_say_match,fold_01,Хобби и творчество,412316955436,360777385551,0,0.913,0.914,набор для творчества lol surprise апликация из фольги kawaii queen & crystal queen,"премьера паблишинг / аппликация фольгой lol surprise ""kawaii queen crystal"
label0_models_say_match,fold_02,Детские товары,17179992481,377957215998,0,0.92,0.906,радиоуправляемый вертолет syma s107h rtf 2.4ghz с барометром арт.s107h,р/у вертолет syma s107h с барометром
label0_models_say_match,fold_01,Детские товары,68719497968,661425106509,0,0.911,0.915,коляска 2 в 1 bugaboo fox 5 graphite/midnight black/grey melange,"коляска 2 в 1 bugaboo fox 5 graphite, grey melange, midnight black"
label0_models_say_match,fold_02,Детские товары,609885386629,506806141969,0,0.91,0.915,"не определен игрушка «обезьяна», работает от батареек, танцует, световые и звуковые эффекты","игрушка ""обезьяна"", работает от батареек, танцует, световые и звуковые эффекты"
label0_models_say_match,fold_01,Мебель,627065354317,429496770108,0,0.921,0.904,"лига диванов кухонный угловой диван лофт левый угол, рогожка, микровельвет, модель 104606l","лига диванов угловой диван ,197х136х85см"
label0_models_say_match,fold_04,Канцелярские товары,747324386188,438086753952,0,0.902,0.923,noname набор маркеров профессиональных двусторонних 60 штук/60 цветов,набор маркеров профессиональных двусторонних 60 штук/60 цветов
label0_models_say_match,fold_04,Музыкальные инструменты,274878023664,317827672505,0,0.912,0.912,la bella / струны для электрогитары la bella 20pcm,комплект струн для электрогитары плоская оплетка 012-052 la bella 20pcm
label0_models_say_match,fold_03,Хобби и творчество,223338346759,824633800752,0,0.907,0.917,"ножницы для вышивания ""цапельки"", 4,5"", 11,4 см, цвет золотой",арт узор-tm / ножницы вышивальные цапельки цвет золотой
label0_models_say_match,fold_04,Дом и сад,627065252361,180388752945,0,0.918,0.906,"barantsev фотоальбомы / фотоальбом fotografia на 200 фото, 10x15 см., ""пейзаж""","фотоальбом fotografia на 200 фото ""пейзаж"" 10x15 см"
label0_models_say_match,fold_01,Бытовая техника,670014990211,257698101538,0,0.909,0.915,/ i-m 3020 b индукционная варочная поверхность,индукционная варочная поверхность nordfrost i-m 3020 b
label0_models_say_match,fold_04,Дом и сад,111669217574,781684196729,0,0.905,0.919,huter / измельчитель садовый электрический 2.5 квт esh-2500 70/13/11,"huter садовый измельчитель,2500вт"
label0_models_say_match,fold_02,Детские товары,781684064001,798863996918,0,0.922,0.902,вертолет арктика 291,нордпласт / вертолет арктика н-291
label0_models_say_match,fold_01,Музыкальные инструменты,523986142313,77309543130,0,0.902,0.922,aquila / red 89u струны для укулеле баритон low d,струны для укулеле баритон aquila red series 89u
label0_models_say_match,fold_01,Бытовая химия,661424965930,403727042836,0,0.913,0.91,air wick / сменный флакон для диффузора аромамасел дикий гранат 19 мл,"air wick сменный флакон для диффузора аромамасел, дикий гранат, 19 мл"
label0_models_say_match,fold_02,Товары для животных,738734439881,352187358697,0,0.915,0.908,"корм для рыб тропических tetramin (тетра) 10л (2,1кг) хлопья - 1 шт","tetra тетра 769939 tetramin корм для тропических рыб, хлопья 10л"
label0_models_say_match,fold_01,Музыкальные инструменты,764504252693,103079246639,0,0.906,0.916,akai / midi клавиатура akai professional mpk mini 3,akai pro mpk mini mk3 usb миди-клавиатура
label1_models_say_diff,fold_03,Музыкальные инструменты,352187357991,34359857635,1,0.074,0.104,акустическая гитара fabio fb-d38s sapele,j.karlsson ma141c гитара акустическая с анкером
label0_models_say_match,fold_01,Товары для животных,627065350732,455266632345,0,0.904,0.917,"farmina n&d для кошек1,5кг курица с гранатом для стерилизованных и кастрированных","farmina / farmina n&d lg корм д/стерилизованных кошек и котов 1,5кг"
label0_models_say_match,fold_02,Электроника,824633722631,824633851182,0,0.901,0.921,"realme смартфон 11 8/128 гб, золотой",realme / смартфон 11 8/128gb gold
label0_models_say_match,fold_02,Детские товары,369367315687,824633759634,0,0.905,0.916,десятое королевство / конструктор металлический - 3,металлический конструктор десятое королевство №3 (2079)
label0_models_say_match,fold_01,Детские товары,231928401908,274877921253,0,0.903,0.918,/ машина металл hyundai santafe soft инерционный,"машина метал. технопарк hyundai santafe soft 12 см, двери, багаж, инерц, синий, кор. 338056"
label1_models_say_diff,fold_02,Одежда,446676745528,532575974822,1,0.174,0.004,брюки zolla,водолазка zolla
label0_models_say_match,fold_02,Детские товары,755914346862,678604867821,0,0.911,0.91,игрушка заводная 'кролик',"kangaeru / заводная игрушка ""кролик"""
label0_models_say_match,fold_03,Хобби и творчество,214748407412,163208877769,0,0.904,0.916,эврики / набор для опытов мой мини сад,"набор для опытов эврики ""мой мини сад"""
label0_models_say_match,fold_01,Спорт и отдых,180388630323,163208825230,0,0.902,0.917,"мелатонин strongman в таблетках 5 мг 90 шт для мужчин и женщин / витаминный комплекс для здоровья нервной системы, крепкого сна, против стресса и усталости",strong wall / мелатонин для сна 5 мг таблетки 90 шт
label0_models_say_match,fold_02,Хобби и творчество,558345885474,214748384157,0,0.905,0.912,"puzzle головоломка ""умные гвозди"" №14 113767","головоломка ""умные гвозди"" номер 14"
label0_models_say_match,fold_03,Ювелирные изделия,618475382110,635655288107,0,0.905,0.911,красная пресня / ювелирное кольцо из серебра,кольцо из серебра без камней оксидирование красная пресня б2309532
label1_models_say_diff,fold_03,Аптека,292057903430,704374722375,1,0.041,0.144,"myday / 1-day myday / -9,50 / 8,4 / 30 шт.","1-day myday / -3,00 / 8,4 / 30 шт. (0 / рос. размер 1)"
label0_models_say_match,fold_01,Автотовары,206158556481,764504272142,0,0.905,0.91,ремень приводной для а/м renault logan (04-) с гур и a/c trialli 5pk1750 trialli арт. 5pk1750,"integer ремень поликлиновой, арт. 5pk1750, 1 шт."
label0_models_say_match,fold_04,Продукты питания,300647769743,231928293599,0,0.907,0.907,"ferragosto груши половинки в легком сиропе, ferragosto, 1шт. по 3100 мл",груши половинки ferragosto 3100мл консервированные
label0_models_say_match,fold_03,Бытовая техника,687194927455,206158529046,0,0.91,0.904,духовой шкаф oasis d-mn5,духовой шкаф электрический making oasis everywhere d-mn5 нержавеющая сталь
label0_models_say_match,fold_03,Бытовая техника,498216342595,730144592985,0,0.903,0.91,кофемашина капсульная scishare capsule coffee machine mini s1201,капсульная кофемашина xiaomi scishare capsule coffee machine mini s1201 gray eu
label0_models_say_match,fold_02,Бытовая химия,412316971153,171798783819,0,0.909,0.904,soda / сода кальцинированная 600гр,сода кальцинированная 600г
label0_models_say_match,fold_04,Канцелярские товары,8589996051,627065288807,0,0.906,0.907,"резак для бумаги роликовый а5, до 3 листов, безопасное лезвие, длина реза 220мм, в блистере","не определен роликовый резак для бумаги а5, до 3 листов, безопасное лезвие, длина реза 220 мм, в блистере"
label0_models_say_match,fold_01,Бытовая химия,103079216196,575525667604,0,0.903,0.91,миф / стиральный порошок морозная свежесть 1 кг,"миф порошок стиральный автомат 3в1 морозная свежесть, 1кг"
label0_models_say_match,fold_02,Детские товары,240518272329,25769828928,0,0.905,0.907,"робот ""авиабот""",автоботы робот «авиабот»
label0_models_say_match,fold_01,Канцелярские товары,120259240133,592705487056,0,0.905,0.907,"набор настольный детский ""единорог"" (подставка+2 карандаша+линейка+точилка+ластик+блок 8 листов)","calligrata набор настольный детский ""единорог"" (подставка+2 карандаша+линейка+точилка+ластик+блокнот 8 листов)"
label0_models_say_match,fold_02,Продукты питания,773094162392,850403663635,0,0.906,0.904,tan cuong hoang binh / чай черный листовой black tea - op 100 г,"чай tan cuong hoang binh черный opa (black tea), 100 г"
label0_models_say_match,fold_03,Детские товары,678604982837,730144578954,0,0.904,0.906,"набор инструментов ""юный строитель""","без бренда набор инструментов «юный строитель», 11 предметов"
label1_models_say_diff,fold_01,Ювелирные изделия,455266630074,661424993003,1,0.076,0.116,"серьги из белого золота diamant 52-120-01945-1, фианит","diamant, серьги из белого золота с бриллиантами, 52-220-02092-1, декоративные, 585 проба"
label0_models_say_match,fold_01,Хобби и творчество,34359876853,807453922594,0,0.907,0.902,"арт узор / ручка для сумки, 55 см, цвет золотой","ручка для сумки, 55 см, цвет золотой"
label0_models_say_match,fold_02,Товары для животных,498216301959,738734384538,0,0.905,0.903,"золотой кот кукурузный наполнитель грызунов, кроликов ""золотой кот"", 3 литра.",золотой кот наполнитель впитывающий
label0_models_say_match,fold_02,Детские товары,223338329044,103079356786,0,0.906,0.902,"мягкая игрушка зайка с розовым сердцем , 25 см",jack&lin / зайка с розовым сердцем 25 см
label1_models_say_diff,fold_01,Бытовая химия,154618844859,541165975417,1,0.147,0.047,средство для мытья пола synergetic цитрусовая свежесть 750мл,"гель для мытья посуды synergetic апельсин, биоразлагаемый 0,5л"
label0_models_say_match,fold_02,Хобби и творчество,773094239965,188978675296,0,0.903,0.904,"игра настольная ""фанты. для веселой компании"" / 7998096",десятое королевство / настольная игра фанты
label0_models_say_match,fold_02,Детские товары,472446541257,292057929240,0,0.902,0.903,"конструктор dodge charger доминика торетто / ferrari mercedes lamborghini chevrolet city technic minifigures racing series nissan классик / конструирование для детей, подросткам, взрослым",конструктор машина / прототип dodge charger доминика торетто
label1_models_say_diff,fold_01,Одежда,429496734251,506806199184,1,0.114,0.081,джинсы t.one symbol,defaeco / брюки вельветовые бананы мом на резинке
label0_models_say_match,fold_02,Дом и сад,395137130066,25769956627,0,0.901,0.903,"доляна / мельница дуновение леса, 21х4,5 см, кера","мельница для специй доляна ""дуновение леса"", 21x4,5 см, керамический механизм, цвет светлое дерево"
label1_models_say_diff,fold_03,Хобби и творчество,85899373260,8589984317,1,0.027,0.17,addi / спицы addiclassic №2.75 150 см + рулетка сантиметр,спицы addiclassic №12 40 см + рулетка сантиметр
label1_models_say_diff,fold_04,Товары для животных,541166013656,463856602759,1,0.138,0.06,"monge dog monoprotein mini корм для щенков мелких пород с ягненком и рисом 2,5 кг",monge / monge dog для собак ягненок 12 кг
label0_models_say_match,fold_04,Красота и гигиена,773094218841,51539629670,0,0.9,0.902,"farmstay увлажняющий крем для лица с коллагеном, 100г","кремный / увлажняющий крем для лица farmstay, с коллагеном, 100 мл"
label0_models_say_match,fold_02,Детские товары,644245116496,146029018414,0,0.901,0.901,"unkai / музыкальная гитара весёлые зверята, игрушечная, звук, цвет жёлтый","музыкальная гитара ""веселые зверята"", звук, цвет желтый"
label1_models_say_diff,fold_03,Бытовая техника,790274120386,257698108779,1,0.198,0.002,микроволновая печь beko mgf23330w white,ctv / монитор видеодомофона белый ctv-m1701s
label1_models_say_diff,fold_04,Хобби и творчество,335007595938,249108118897,1,0.194,0.019,"artwood пазл деревянный, головоломка, с фигурками, развивающий, большой из дерева 230 деталей 46х23 см аниме моя геройская академия - 326",пазл магнитный 29x20 см dead cells - 1 
label1_models_say_diff,fold_03,Электроника,326417646751,455266596338,1,0.179,0.036,"чехол-книжка на xiaomi 12 pro / 12s pro / сяоми 12/12s про несколько карманов для карт,со 2 шнурком (длинный +короткий),черный",mypads / чехол-книжка для samsung galaxy m21 sm-m215 / m30s / сам...
label1_models_say_diff,fold_03,Автотовары,154618950379,154618984067,1,0.213,0.003,rapid p309 шины летние 185/55  r15 82v,kumho / шины автомобильные
label1_models_say_diff,fold_01,Обувь,678604848001,455266633518,1,0.206,0.014,"кроссовки adidas ultraboost, размер 9, синий",кроссовки warrior
label1_models_say_diff,fold_03,Строительство и ремонт,77309537624,85899439039,1,0.175,0.048,"элеектрический двигатель iek 3ф.аир 80b6 380в 1,1квт 1000об/мин 3081 drive drv080-b6-001-1-1030",электродвигатель аир drive 3ф 56b2 380в 0.25квт 3000об/мин 2081 iek drv056-b2-000-3-3020
label1_models_say_diff,fold_03,Хобби и творчество,644245177543,377957233896,1,0.221,0.003,машинка hot wheels fpy86-hcj89 premium car culture металлическая 94 bugatti eb110,"автомобиль 2017 ford gt, revell, 07678"
label1_models_say_diff,fold_03,Музыкальные инструменты,171798815485,300647777221,1,0.104,0.123,акустическая гитара parkwood s-camper-wbag-op,"mfg-rs flamenco series классическая гитара, martinez"
label1_models_say_diff,fold_04,Обувь,326417617404,352187393298,1,0.201,0.027,jordan / кроссовки джорданы,кроссовки warrior
label1_models_say_diff,fold_02,Строительство и ремонт,18734,558345772390,1,0.161,0.068,"бур по бетону sds plus с двойной резьбой 14х460 мм, mos 32557м",бур по бетону sds plus с двойной резьбой 14х160 мм mos
label1_models_say_diff,fold_03,Галантерея и аксессуары,197568540784,386547183894,1,0.127,0.102,oharles & aeith / сумка через плечо,сумка на плечо тоут
label1_models_say_diff,fold_03,Музыкальные инструменты,8590063493,807453948554,1,0.083,0.151,"d'andrea tpg351 .71md - медиатор гитарный (упаковка), 12 шт., 0.71 мм, средний",d'andrea rg351 .96hv медиатор гитарный (упаковка) количество: 72 шт. материал: целлулоид толщин
label1_models_say_diff,fold_03,Музыкальные инструменты,601295437331,695784784175,1,0.206,0.035,"15147 nanoweb отдельная струна для акустической гитары, бронза 80/20, .047, elixir","nanoweb отдельная струна для акустической гитары, бронза 80/20, .042, elixir 15142"
label1_models_say_diff,fold_04,Музыкальные инструменты,180388656450,592705620182,1,0.201,0.04,мундштук для тенор саксофона yanagisawa №7 эбонитовый,мундштук для баритон саксофона №9 эбонитовый
label1_models_say_diff,fold_01,Хобби и творчество,807453975955,850403659560,1,0.086,0.157,спицы носочные 20104 2.75mm-15 cm symfonie  wood  knitpro,"20111 knit pro спицы чулочные symfonie 5мм/20см, дерево, многоцветный, 5шт"
label1_models_say_diff,fold_02,Обувь,807453859824,403726927562,1,0.195,0.052,"nike кеды nike, размер 43 eu, белый",кроссовки enkei
label1_models_say_diff,fold_02,Строительство и ремонт,120259178809,575525690481,1,0.104,0.144,мебельный щит лдсп 16мм 200х230 c кромкой 1мм цвет дуб дымчатый,без бренда мебельный щит лдсп 16мм 250х230 c кромкой 1мм цвет дуб дымчатый
label1_models_say_diff,fold_02,Обувь,841813601004,8590032267,1,0.173,0.075,sirius plus / полуботинки,кеды рабочие savel орион
label1_models_say_diff,fold_02,Строительство и ремонт,180388723419,506806213133,1,0.199,0.05,"lugaabrasiv луга круг шлифовальный луга 125 х 16 х 32 мм, 63с, f60, (k, l)","круг шлифовальный, 200 х 20 х 32 мм, 63с, f60, (k, l) ""луга"" россия"
label1_models_say_diff,fold_02,Хобби и творчество,738734397344,240518266297,1,0.064,0.185,"рама багетная 30x45 для картин на холсте, пластиковая, без стекла и задника, всеподрамники","рама багетная 30x35 для картин на холсте, пластиковая, без стекла и задника, всеподрамники"
label1_models_say_diff,fold_02,Аптека,8589947244,214748499941,1,0.047,0.204,"avaira астигматические линзы vitality toric 6 линз 6 линз ось 150 оптическая сила цилиндра -2.25, 6 шт., -1.50 / 8.5/-2.25/150, 2 недели","линзы контактные coopervision vitality toric 6 шт. -1,5/1,25/140"
label1_models_say_diff,fold_04,Бытовая химия,180388747634,137439031032,1,0.236,0.017,кондиционер-ополаскиватель для белья clean home хлопковые сны 900мл,биогель clean home пятновыводитель активный кислород 400 мл
label1_models_say_diff,fold_02,Продукты питания,154618913763,609885451799,1,0.197,0.058,"зелёный чай ""глинтвейн"" 50гр с 23 февраля","кладовая кавказа иван чай с травами ""краснополянский успокаивающий"" 50гр"
label1_models_say_diff,fold_01,Электроника,309237680342,446676730756,1,0.2,0.054,чип-резистор smd 1206 56ком 5% 50штук,без бренда чип-резистор smd 0805 1.1ком 5% 50штук
label1_models_say_diff,fold_03,Строительство и ремонт,463856624438,360777360838,1,0.191,0.068,"винт с потайной головой и внутренним шестигранником din 7991 нержавеющий а2 ( aisi 304 ) м5х16, 10 шт","без бренда винт с потайной головой и внутренним шестигранником din 7991 нержавеющий а2 ( aisi 304 ) м3х35, 10 шт"
label1_models_say_diff,fold_04,Аптека,472446408617,566935808036,1,0.033,0.226,очки с футляром-змейка melorsch мод. 2110 цвет 6 с линзами ecoplus 1.56 hmc -6.00 рц 60-62,очки с футляром-змейка melorsch мод. 2110 цвет 6 с линзами ecoplus 1.56 hmc -8.00 рц 58-60
label1_models_say_diff,fold_04,Обувь,343597392553,206158496391,1,0.098,0.162,кроссовки geox,кеды geox
label1_models_say_diff,fold_04,Продукты питания,429496807388,652835038884,1,0.158,0.103,"лимонад калинов апельсин, 1.5 л, 6 шт.","лимонад калинов ""манго"", 6 шт по 1,5 л"
label1_models_say_diff,fold_04,Спорт и отдых,231928340099,257698066887,1,0.229,0.032,"горный велосипед stinger 29 graphite std зеленый, алюминий, размер 18",велосипеды гибриды мужские merida crossway 10 (2022)
label1_models_say_diff,fold_02,Товары для животных,206158458701,240518241883,1,0.223,0.039,almo nature корм для взрослых собак с курицей (medium&chicken),"корм для взрослых собак с рыбой, 12 кг"
label1_models_say_diff,fold_04,Строительство и ремонт,128849111653,489626369619,1,0.17,0.094,югсталь шпилька крепежная 10 x 400 мм 5 шт,шпилька крепежная
label1_models_say_diff,fold_02,Спорт и отдых,523986078652,180388798401,1,0.173,0.091,"воблер german magneto #c112, 87 мм, 36 гр, плавающий, до 8 м","воблер condor ' lucky strike' happy fish размер 100 мм, вес 30.0 гр, заглубление 0- 3,5м, цв 147# / на судака / окуня / щуку"
label1_models_say_diff,fold_04,Продукты питания,317827678975,455266573548,1,0.232,0.033,"образ жизни алтая мука овсяная цельнозерновая для выпечки, 5 кг","гречка зеленая /образ жизни алтая/ натуральная для полезных блюд и проращивания, высший сорт, 5 кг"
label1_models_say_diff,fold_02,Ювелирные изделия,541165980362,558345884873,1,0.121,0.147,"браслет из красного золота, р. 17 585gold 505008521",золото дисконт цепочка золото красное 585 пробы
label1_models_say_diff,fold_01,Галантерея и аксессуары,790274087024,721554517883,1,0.199,0.07,dior очки солнцезащитные,polaroid / солнцезащитные очки модные
label1_models_say_diff,fold_04,Продукты питания,377957145302,549755865554,1,0.22,0.048,"самарский здоровяк каша ""самарский здоровяк” №72 пшенично-рисовая с пробиотиком, 250 г. х 3 пакета","каша ""самарский здоровяк"" №70 пшеничная с арахисом и грецким орехом, 250 г. х 3 пакета"
label1_models_say_diff,fold_01,Одежда,661424977367,326417549279,1,0.241,0.033,sela / шорты для мальчика короткие летние на резинке хлопковые,рубашка sela
label1_models_say_diff,fold_02,Товары для животных,438086793189,369367228756,1,0.237,0.04,"brit / premium пауч для кошек (кусочки в желе) форель, 85г х 14шт","паучи (влажный корм) brit premium cat для взрослых кошек, тунец в желе, 85г х 14шт"
label1_models_say_diff,fold_03,Мебель,360777296196,420906804206,1,0.063,0.217,"без бренда мебельный фасад выс.1170 х шир.560 мм лдсп с кромкой 1мм, цвет-сосна санторина","мебельный фасад выс.1710 х шир.560 мм лдсп с кромкой 1мм,цвет-сосна санторина"
label1_models_say_diff,fold_02,Одежда,214748484758,103079315898,1,0.187,0.093,футболка albert&gloria,футболка happyfox
label1_models_say_diff,fold_03,Одежда,197568627372,25769964204,1,0.275,0.005,брюки lisik.,"сима-ленд платье сима-ленд, размер 54, черный"
label1_models_say_diff,fold_04,Электроника,523986074943,154618948095,1,0.27,0.01,картридж cc533a (304a) magenta для принтера hp color laserjet cm2320n; cm2320nf,"nv print картридж c-718 magenta для принтера кэнон, canon i-sensys mf8380cdw; mf8340cdn"
label1_models_say_diff,fold_02,Аптека,68719609329,206158440399,1,0.107,0.176,астигматические линзы miru 1 month for astigmatism 6 линз sph -2.75 cyl -0.75 axis 160,"miru 1 month for astigmatism (6 линз) 8.6, cyl:-1.75, axis: 80, -2.75"
label1_models_say_diff,fold_02,Мебель,816043827461,850403548651,1,0.281,0.003,kogarashi / стул туристический трёхногий. 220 х 200 х 300 мм.,"maclay пляжный зонт,180см,зеленый"
label1_models_say_diff,fold_01,Красота и гигиена,515396128930,635655226120,1,0.249,0.035,шампунь exxe ufc ultimate freshness против перхоти 400 мл,"гель для душа exxe ufc ultimate freshness ""тонизирующий"" 400 + 150 мл"
label1_models_say_diff,fold_02,Электроника,154618869857,635655219563,1,0.087,0.198,системный блок bonuspk 3741537,"bonuspk системный блок мощный компьютер для игр bonuspk o3740415 (intel core i7-12700f (3.6 ггц), ram 16 гб, ssd 500 гб, hdd 1000 гб, nvidia geforce rtx 3060 ti (8 гб), windows 10 pro), черный"
label1_models_say_diff,fold_03,Спорт и отдых,781684184353,438086775714,1,0.261,0.027,"велосипед stinger 26"" laguna evo se алюминий",blackaqua велосипед black aqua cross 1221 v 20 (лайм) 2022 г
label1_models_say_diff,fold_01,Бытовая химия,738734521720,120259228999,1,0.221,0.068,sikobrand / tide color аква пудра 6 кг,tide стиральный порошок аква пудра автомат color 10 стирок 1500 гр
label1_models_say_diff,fold_03,Аптека,68719509055,403727023407,1,0.077,0.212,"acuvue астигматические линзы 1-day moist for astigmatism 30 линз/8.5/цилиндр -1.25/ось 20, 30 шт., -1.25 / 8.5/-1.25/20, 1 день",acuvue / 1day moist for astigmatism 30/-5.50/-1.25/90
label1_models_say_diff,fold_01,Мебель,352187452307,463856487829,1,0.108,0.181,"solarius односпальная кровать, 100х200 см",кровать solarius kompakt80lak-full 80x200 см массив сосны цвет сосна
label1_models_say_diff,fold_04,Автотовары,472446546023,412316956065,1,0.287,0.002,rapid ice knight 235/55 r 18 100 t зима нешипованная,royal black royal black explorer 215/45 r18 93w - mow шины летние 215/45  r18 93w
label1_models_say_diff,fold_01,Спорт и отдых,584115644537,816043793898,1,0.232,0.057,не определен профессиональные незапотевающие удобные очки для плавания при близорукости (с диоптриями -6.0),профессиональные незапотевающие удобные очки для плавания при близорукости (с диоптриями -7.5)
label1_models_say_diff,fold_02,Музыкальные инструменты,661425062297,618475427311,1,0.13,0.161,электрогитара bosstone sg-04hh bk+bag,электрогитара
label1_models_say_diff,fold_04,Строительство и ремонт,738734409813,171798813455,1,0.24,0.051,"дифференциальный автомат ekf proxima авдт-63, 50а/100ма, характеристика c, электронный, тип a, 6ка da63-50-100e","ekf дифференциальный автомат 2p 16а 30ма, a, 1 шт."
label1_models_say_diff,fold_01,Обувь,850403653268,850403618385,1,0.159,0.134,полуботинки рабочие savel демисезон,сириус / полуботинки рабочие
label1_models_say_diff,fold_02,Электроника,180388754516,644245126737,1,0.212,0.081,"микросхема sp483een-l/tr so8, enhanced low emi half-duplex rs-485 transceiver, adm483","без бренда микросхема aoz1033ai so8, 3а dc-dc преобразователь"
label1_models_say_diff,fold_01,Музыкальные инструменты,85899397506,266287990099,1,0.191,0.103,гитара классическая 1/2 naranda cg220-1/2,классическая гитара pierre cesar mcg944wa
label1_models_say_diff,fold_01,Продукты питания,755914386086,111669248117,1,0.25,0.044,кофе эфиопия иргачиф арабика в зернах 1 грейд - 50г - чай.ru,"чай.ru / кофе ""амаретто"" ароматизированный - 50г - чай.ru"
label1_models_say_diff,fold_04,Музыкальные инструменты,214748439370,841813740661,1,0.133,0.162,sevillia ic-120h na - гитара классическая,sevillia iw-240m na акустическая гитара
label1_models_say_diff,fold_03,Товары для животных,77309413102,541165950745,1,0.101,0.196,sirius / сухой корм для стерилизованных кошек курица и индейка 10 кг,"sirius полнорационный сухой premium корм для котят, с мясом индейки, 1.5 кг"
label1_models_say_diff,fold_02,Обувь,721554645056,833223691579,1,0.17,0.127,полусапоги spur,"не определен ботильоны, размер 39, черный"
label1_models_say_diff,fold_02,Бытовая химия,326417594904,283467985013,1,0.23,0.067,моющее средство для очистки фасадов (кислотное) 5 кг clean&green cg8052,"моющее средство для кухни ""shine"" (антижир) 5,5 кг. clean&green cg8068"
label1_models_say_diff,fold_02,Строительство и ремонт,446676713979,94489307697,1,0.263,0.037,выключатель автоматический модульный 2п b 10а 6ка nb1-63 (r) chint 179642,выключатель автоматический модульный 2п c 3а 6ка nb1-63 (r) chint 179662
label1_models_say_diff,fold_01,Красота и гигиена,42949799549,463856484361,1,0.291,0.013,"leo's / шампунь elseve для жирных волос, 400 мл","l'oreal paris бальзам для волос, 200 мл"
label1_models_say_diff,fold_02,Хобби и творчество,17179875512,618475325627,1,0.271,0.033,000 / на берегу андаманского моря 40х50,dvekartinki алмазная мозаика на подрамнике 40x50 см полная выкладка круглые стразы 40х50красочные скалы бали
label1_models_say_diff,fold_01,Музыкальные инструменты,352187329587,618475404671,1,0.291,0.015,"sxl080 xl nickel wound отдельная струна для бас-гитары, никелированная, .080, d'addario","xl nickel wound отдельная струна для бас-гитары, никелированная, .065, d'addario sxl065"
label1_models_say_diff,fold_01,Бытовая химия,43524,197568521379,1,0.293,0.015,"средство для мытья ""умка"", для детской посуды, 1 л","умка жидкое средство для стирки ""умка"", гель, для стирки детского белья, 1 л"
label1_models_say_diff,fold_03,Одежда,618475330953,549755929524,1,0.274,0.036,бюстгальтер lauma,бюстгальтер женский mia-amore 45k21 белый 75j
label1_models_say_diff,fold_04,Обувь,695784843112,300647788863,1,0.11,0.201,полуботинки enrico fantory,enrico fantory / ботинки
label1_models_say_diff,fold_01,Электроника,128849109045,738734470435,1,0.291,0.021,гидрогелевая пленка на vivo x 70 pro plus / виво x 70 про плюс / x 70 pro +,new armor / защитная гидрогелевая пленка на vivo x 90 pro plus
label1_models_say_diff,fold_03,Дом и сад,498216210493,609885379910,1,0.261,0.052,"доляна / салфетки на стол - 2шт, для сервировки,новый год","коврик для кухонных полок, ящиков, холодильника, 30х30 см, 1 шт"
label1_models_say_diff,fold_03,Бытовая техника,386547066388,403726957163,1,0.296,0.019,gorenje / холодильник двухкамерный rk6191es4,"midea холодильник mdrb521mie46od, серебристый"
label1_models_say_diff,fold_04,Спорт и отдых,523986040615,635655285611,1,0.242,0.073,звено соединительное быстроразъёмное 10 мм,зубр / карабин винтовой с муфтой диаметр 8 мм оцинкованный 20 шт
label1_models_say_diff,fold_04,Продукты питания,17179970299,94489342142,1,0.241,0.077,trawa / сыродавленное миндальное масло холодного отжима 250мл,"масло грецкого ореха trawa сыродавленное 250мл, россия( 1 штука в заказе)"
label1_models_say_diff,fold_01,Детские товары,231928251845,652835149844,1,0.277,0.042,металлическая машинка бмв черная,"sweet home модель машины toyota land cruiser 1:32 свет, звук, инерция"
label1_models_say_diff,fold_03,Детские товары,317827690240,429496733187,1,0.281,0.039,"без бренда машина перевёртыш радиоуправляемая ""полиция"", работает от батареек, цвет синий","машина перевёртыш радиоуправляемая ""полиция"", работает от батареек, цвет красный"
label1_models_say_diff,fold_04,Продукты питания,712964658563,8590060555,1,0.211,0.109,bliz&ko / зеленый чай клубника со сливками 100 г,"настоящий листовой китайский чай улун черная смородина рассыпной, 100 грамм"
label1_models_say_diff,fold_02,Обувь,541166018320,764504239046,1,0.103,0.218,"rieker rieker, размер 38, коричневый",ботинки remonte большие размеры
label1_models_say_diff,fold_03,Бытовая химия,627065357690,549755875113,1,0.29,0.03,освежитель воздуха симфония ландыш 300 мл,освежитель воздуха симфония антитабак 300 мл
label1_models_say_diff,fold_01,Аптека,8590010950,34359776709,1,0.05,0.271,"1-day acuvue moist multifocal / мультифокальные линзы 1-day acuvue moist multifocal, r 8.4, -3.50, high, 30 линз",moist multifocal мультифокальные линзы +4.50 / low(слабая аддидация) / 8.4 / 14.3 / 30 штук (линз) однодневные контактные линзы. acuvue 1-day moist multifocal (акувью 1 день мойст мультифокальные)
label1_models_say_diff,fold_02,Спорт и отдых,687194926644,506806164510,1,0.265,0.056,"монофильная прозрачная калиброванная леска для рыбалки без памяти флюорокарбоновое покрытие zander master extra 50 м, 0,105 мм х 1,6 кг","монофильная прозрачная калиброванная леска для рыбалки без памяти флюорокарбоновое покрытие zander master extra 50 м, 0,181 мм х 5,2 кг"
label1_models_say_diff,fold_01,Хобби и творчество,781684086465,163208852793,1,0.278,0.043,вышивочка бисер / набор для вышивания,"алмазная мозаика ""весеннее утро"", картина диамант, 35х43,7"
label1_models_say_diff,fold_01,Спорт и отдых,730144560382,515396117799,1,0.273,0.049,"воблеры для рыбалки grfish striker 90f-dr, l13","lucky craft lucky craft, воблер slur body blow s, kanimiso"
label1_models_say_diff,fold_01,Продукты питания,609885428462,824633799539,1,0.248,0.074,батончик мюсли mindy's с кокосом 35 г (30 штук в упаковке),батончик мюсли mindy's с бананом 35 г (30 штук в упаковке)
label1_models_say_diff,fold_01,Продукты питания,369367338879,661425068408,1,0.278,0.044,кофе bushido kodo сублимированный молотый в растворимом 95г.,"fresco / кофе fresco arabica blend натуральный растворимый, 100г"
label1_models_say_diff,fold_02,Хобби и творчество,274878045726,163208775903,1,0.172,0.15,"nobrand картина по номерам на холсте с подрамником «леопард», 40 х 30 см",алмазная мозаика на подрамнике с полным заполнением грациозный леопард 40х50см
label1_models_say_diff,fold_03,Обувь,163208839907,816043887305,1,0.218,0.105,кроссовки adidas originals adidas,new-shoes / кроссовки forum low off
label1_models_say_diff,fold_01,Ювелирные изделия,17179963948,77309444651,1,0.077,0.246,trade_jewelry / кольцо из серебра 925 (покрытие золото 585),trade jewelry кольцо серебро 925 пробы
label1_models_say_diff,fold_04,Обувь,644245222156,438086710533,1,0.099,0.228,converse / кеды,кеды converse
label1_models_say_diff,fold_01,Одежда,730144462829,790274093054,1,0.296,0.03,трусы janira,"janira трусы janira, размер l, белый"
label1_models_say_diff,fold_04,Музыкальные инструменты,343597409534,575525735841,1,0.273,0.054,"extend-o-grip тренажер для пальцев, регулируемый, черный, flanger fa-10p-b","pu-mmb6 звукосниматель магнитный, басовый, 6 струн, metallor"
label1_models_say_diff,fold_04,Электроника,833223744635,25769844150,1,0.273,0.054,print rite картридж лазерный print-rite tfk906bprj pr-tn324k tn324k черный (26000стр.) для konica minolta bizhub c258/c308/c368,картридж лазерный print-rite tfk909yprj pr-tn324y tn324y желтый (26000стр.) для konica minolta bizhub c258/c308/c368
label1_models_say_diff,fold_01,Продукты питания,412316866211,85899457655,1,0.26,0.068,макаронные изделия bottega del sole спагетти 500 г 5 шт,макаронные изделия bottega del sole фетучини 500 г 5 шт
label1_models_say_diff,fold_02,Ювелирные изделия,566935741064,266288074024,1,0.182,0.146,poemiq / золотая цепочка на шею женская 375 пробы,"poemiq цепочка позолоченная серебряная 925, ""ролло"" / без огранки, полновесная"
label1_models_say_diff,fold_01,Товары для животных,661425001433,266288070776,1,0.282,0.046,happy jungle / корм для декоративных крыс 900 г,"корм сухой для волнистых попугаев happy jungle, 900г"
label1_models_say_diff,fold_02,Галантерея и аксессуары,670014934347,360777349835,1,0.188,0.141,"наручные часы longines the longines master collection, серебряный, белый",longines часы наручные механические
label1_models_say_diff,fold_01,Одежда,532575975312,790274116271,1,0.161,0.17,комплект одежды fresh blossom,win fashion / футболка с принтом
label1_models_say_diff,fold_01,Электроника,523986110800,438086670394,1,0.299,0.032,вчехле / чехол книжка для xiaomi poco m5 / поко м5,чехол книжка elitcase для tecno spark 20 pro / техно спарк 20 про (тёмно-коричневая)
label1_models_say_diff,fold_02,Одежда,206158511019,481036457942,1,0.101,0.231,"krasar футболка krasar, размер m, серый, синий",футболка beloc
label1_models_say_diff,fold_04,Обувь,420906857897,798864039629,1,0.28,0.053,кроссовки nike air force 1,exowaysneakers / кроссовки sb dunk low
label1_models_say_diff,fold_04,Электроника,523986145094,661425015884,1,0.275,0.058,mietubl гидрогелевая защитная пленка антишпион / anty-spy / анти-шпион для coolpad cool s глянцевая,гидрогелевая приватная/ антишпион пленка для samsung a20s / на весь экран
label1_models_say_diff,fold_02,Музыкальные инструменты,128849080773,429496865428,1,0.115,0.22,"sclsnt silena классическая гитара, newtone",классическая гитара cort ac200-nat
label1_models_say_diff,fold_03,Бытовая техника,25769903331,670014910852,1,0.281,0.054,"indesit холодильник ds 4160 e, бежевый",холодильник leran cbf 205 w
label1_models_say_diff,fold_03,Одежда,343597462101,292057832869,1,0.099,0.236,timang / платье праздничное мини,платье max mara
label1_models_say_diff,fold_02,Галантерея и аксессуары,515396212242,60129546340,1,0.18,0.156,adidas рюкзак,adidas / сумка через плечо подростковая
label1_models_say_diff,fold_02,Ювелирные изделия,798863925207,644245142789,1,0.237,0.099,"sokolov, кольцо из серебра с фианитом, 94013560, 925 проба","кольцо из серебра р. 19 sokolov 94013761, фианит"
label1_models_say_diff,fold_01,Дом и сад,455266608617,103079308836,1,0.272,0.064,"best favors свеча ароматическая ""абрикос"", 15 см, 1 шт","свеча ароматическая в банке stella fragrance ""cinnamon orange"", соевый воск, 50 гр."
label1_models_say_diff,fold_02,Галантерея и аксессуары,463856527710,395137087449,1,0.224,0.112,anyijmo очки солнцезащитные,"солнцезащитные очки ray-ban ray-ban rb 4165 710/13 rb 4165 710/13, коричневый"
label1_models_say_diff,fold_02,Музыкальные инструменты,266288023185,34359814261,1,0.273,0.063,"лаг барабана, односторонний, 25мм, ldrums tl01-025scr","лаг барабана, односторонний, 38мм, ldrums tl01-038scr"
label1_models_say_diff,fold_03,Спорт и отдых,257698139092,343597413058,1,0.169,0.173,"grfish grfish, воблер 75f-sr, l24","daiwa, воблер s hunter 3 9f, l.inako"
label1_models_say_diff,fold_04,Обувь,214748469278,34359853947,1,0.218,0.124,резиновые сапоги дарина,резиновые сапоги дарина
label1_models_say_diff,fold_01,Товары для животных,816043929669,163208837136,1,0.257,0.086,"куртка для собак с утяжкой. размер 18 (дс 40 см, ог 50 см, ош 38 см), золото-красная","не определен куртка для собак с утяжкой размер 10 (дс 25, ог 34, ош 24), золото-красная"
label1_models_say_diff,fold_01,Продукты питания,223338347749,712964638834,1,0.168,0.177,сироп proffsyrup vanilla ваниль 1л,proffsyrup / сироп ванильный - 250 мл (для кофе и коктейлей)
label1_models_say_diff,fold_03,Галантерея и аксессуары,790273995998,377957241586,1,0.057,0.289,polaroid очки солнцезащитные glasses-polaroid-men,polaroid / солнцезащитные очки
label1_models_say_diff,fold_01,Спорт и отдых,438086750629,833223706654,1,0.271,0.076,гейнер для набора массы mutant mass 2720 гр тройной шоколад и ванильное мороженое,"mutant / гейнер мутант масс mutant mass, 2270 г (5lb)"
label1_models_say_diff,fold_02,Ювелирные изделия,738734403300,747324451699,1,0.202,0.146,niagara jewelry серьги ювелирные золото белое 585 пробы,niagara jewelry / ювелирные серьги
label1_models_say_diff,fold_03,Хобби и творчество,128849020568,180388685504,1,0.19,0.157,пластика - полимерная глина 56г классический черный,artifact пластика - полимерная глина 56г классический серый
label1_models_say_diff,fold_03,Музыкальные инструменты,120259110165,601295458424,1,0.272,0.078,"15156 nanoweb отдельная струна для акустической гитары, бронза 80/20, .056, elixir","nanoweb отдельная струна для акустической гитары, бронза 80/20, .059, elixir 15159"
label1_models_say_diff,fold_01,Продукты питания,489626330083,618475363928,1,0.25,0.1,"каша ""самарский здоровяк"" №36 пшенично-гречневая с расторопшей и топинамбуром, 250 г.","самарский здоровяк / №72 каша пшенично-рисовая с пробиотиком, 250 г."
label1_models_say_diff,fold_02,Музыкальные инструменты,532575964141,111669238953,1,0.137,0.215,"w81-12e-wbag-op электро-акустическая гитара 12-струнная с чехлом, parkwood",cort / af510e-op standard series электро-акустическая гитара
label1_models_say_diff,fold_01,Музыкальные инструменты,60129550302,51539699429,1,0.123,0.23,"ortega r121g-3/4 family series классическая гитара 3/4, глянцевая, с чехлом",классическая гитара cort ac100 op
label1_models_say_diff,fold_04,Электроника,42949769172,506806250754,1,0.264,0.089,"aoc 24"" монитор 24g2ze, черный","27"" монитор aoc черный 165hz 1920x1080 ips"
label1_models_say_diff,fold_01,Продукты питания,300647747390,17179903305,1,0.297,0.057,"совушкин дом / гвоздика молотая, гвоздика для чая, 50 грамм","горчичный порошок, 50г, совушкин дом"
label1_models_say_diff,fold_04,Галантерея и аксессуары,532575993155,635655192928,1,0.254,0.1,pinko сумка на плечо кросс-боди,adem / сумка багет женская сумка
label1_models_say_diff,fold_01,Спорт и отдых,103079312550,687194769829,1,0.256,0.098,"велосипед format 1415 27,5 2021 m зеленый","forward горный велосипед sporting 29 2.0 d рост 17"" 2022, 29, 2022"
label1_models_say_diff,fold_02,Мебель,51539631047,257698155161,1,0.131,0.224,компьютерный стол woodville 287123,"компьютерный стол, 60х50х100 см"
label1_models_say_diff,fold_04,Строительство и ремонт,231928356028,128849159419,1,0.268,0.087,смеситель для душа kludi ameo 41028 0575 хром,смеситель для раковины roca atlas 75a3290c0m
label1_models_say_diff,fold_03,Дом и сад,420906942452,266288101358,1,0.2,0.159,без бренда фотоальбом традиционный на 30 листов 29х29 см свадебный,"фотоальбом на 200 фото 10х15 см, свадебный"
label1_models_say_diff,fold_04,Музыкальные инструменты,317827633277,292057881916,1,0.223,0.136,скрипка antonio vl-28m 1/4,скрипка antonio lavazza vl-28m 1/8
label1_models_say_diff,fold_04,Строительство и ремонт,85899439503,42813,1,0.233,0.127,автоматический выключатель chint nxb-63s 2p b6 а 4.5 ка 296773,"автоматический выключатель 2 полюса 10а 4,5ка (в) chint (комплект 4шт)"
label1_models_say_diff,fold_02,Галантерея и аксессуары,566935729308,352187394379,1,0.104,0.257,swarovski ожерелье,swarovski / браслет swarovski 5373230
label1_models_say_diff,fold_02,Бытовая химия,335007488753,523986050862,1,0.291,0.07,"no name гель для мытья посуды русская выгода ""лимон"", 5 л","средство для мытья пола любаша ""лимон"", пэт, 5 л"
label1_models_say_diff,fold_03,Галантерея и аксессуары,549755887672,515396203660,1,0.251,0.111,солнцезащитные очки унисекс ray-ban rb3648 голубые,ray-ban очки солнцезащитные
label1_models_say_diff,fold_02,Галантерея и аксессуары,68719551072,601295576696,1,0.259,0.103,"чехол на чемодан 24, цвет чёрный","чехол на чемодан 20"", цвет чёрный"
label1_models_say_diff,fold_03,Хобби и творчество,790274061902,515396159039,1,0.132,0.23,000 - art- набор для вышивания картины / вышивка китайским бисером.пристань 24*30 см,"алмазная мозаика на подрамнике пристань, картина диамант, 43,7х35см"
label1_models_say_diff,fold_04,Обувь,601295465708,601295435546,1,0.236,0.127,шлепанцы adidas,"adidas шлепанцы adidas, размер eu 44,5, черный"
label1_models_say_diff,fold_03,Спорт и отдых,300647726759,309237721305,1,0.152,0.212,раттлин tsuyoki agudo 80s soft al013,tsuyoki / воблер strateg 90s #z024 28 гр
label1_models_say_diff,fold_03,Бытовая техника,584115626227,68719567735,1,0.292,0.072,"lg холодильник ga-b419 sdjl графит (fnf), серый","встраиваемый комбинированный холодильник, белый smeg c41941f1"
label1_models_say_diff,fold_03,Электроника,618475370632,249108224812,1,0.278,0.087,inktec / чернила для epson xp-600 / xp-605 и др.,hp тонер
label1_models_say_diff,fold_01,Музыкальные инструменты,352187382045,188978590027,1,0.247,0.118,"sr2635 java трости для саксофона альт №3,5 (10шт) vandoren","vandoren sr2615 трости для саксофона альт №1,5 (10шт)"
label1_models_say_diff,fold_04,Мебель,738734414799,137439063896,1,0.11,0.256,"лига диванов угловой диван, механизмпантограф,372х165х90см",лига диванов угловой диван пекин угол левый
label1_models_say_diff,fold_02,Музыкальные инструменты,635655323149,395137079200,1,0.21,0.156,terris / pluc 23 bk укулеле концерт,veston kus100 bk - укулеле сопрано
label1_models_say_diff,fold_03,Музыкальные инструменты,609885406641,481036421256,1,0.252,0.114,"dm8500 комплект струн для укулеле сопрано, dean markley","dean markley / комплект струн для бахо кинто, 28-78"
label1_models_say_diff,fold_01,Продукты питания,197568597495,446676609381,1,0.232,0.135,wowman health подарочный набор wowman crazy box матча зеленая (япония)/голубая матча (тайский синий чай)/чай с бергамотом классический,подарочный набор wowman crazy box матча зеленая (япония)/голубая матча (тайский синий чай)/чай гречишный манго
label1_models_say_diff,fold_02,Обувь,206158505524,704374647741,1,0.216,0.151,полуботинки мужские alessio nesca 211699 коричневые 40 ru,туфли broadway
label1_models_say_diff,fold_02,Обувь,249108238119,171798773851,1,0.171,0.196,dr.martens / ботинки,ботинки dr. martens
label1_models_say_diff,fold_01,Музыкальные инструменты,17179930675,661424971567,1,0.153,0.215,dr bka-13 - струны для акустической гитары,dr / bke-10/52 black beauties струны для электрогитары
label1_models_say_diff,fold_02,Мебель,609885466808,60129614395,1,0.071,0.298,"е1 шкаф-купе 1,8 экспресс 3-х дверный 180 х 240 х 60 фотопечать на стекле №1020 пионы венге","шкаф-купе 2,1 экспресс 3-х дверный 210 х 240 х 60 фотопечать на стекле №1020 пионы бетон"
label1_models_say_diff,fold_01,Мебель,566935715933,171798846966,1,0.129,0.24,"монолит стол приставной полукруг ""монолит"", 1400х700х750 мм, без опор (640137), цвет бук бавари","монолит письменный стол, 150х30х120 см"
label1_models_say_diff,fold_01,Красота и гигиена,395137082906,360777416312,1,0.123,0.248,рецепты бабушки агафьи / бальзам для волос кедровый питание и укрепление 500мл,"рецепты бабушки агафьи шампунь-настой для волос питание и укрепление кедровый, 500 мл, 3 шт"
label1_models_say_diff,fold_03,Спорт и отдых,120259216103,833223819695,1,0.282,0.088,"giant talon 29 3 (2023) black, xl","велосипед горный для взрослых дисковый 27,5 дюймов 7 скоростей черный рама 18,5"""
label1_models_say_diff,fold_04,Музыкальные инструменты,798864003315,146028978741,1,0.187,0.184,скрипка ars music 024a размер 1/2,скрипка hora skr100-1/4 студенческая в футляре с смычком
label1_models_say_diff,fold_03,Хобби и творчество,60129566969,618475394622,1,0.22,0.15,"алмазная мозаика на подрамнике ""святой приподобный сергий радонежский "", икона 17х23, диамант",000 almaznaja mozaica / набор для вышивания 12х16см
label1_models_say_diff,fold_04,Спорт и отдых,120259160297,274877911887,1,0.249,0.123,"блесна вращающаяся / sprut alba ball system #1 (65mm/3,5g/bks)",блесна вращающаяся / sprut alba ball system #3 (65mm/7g/sbko)
label1_models_say_diff,fold_03,Одежда,103079322425,455266604521,1,0.154,0.219,пеньюар aurella,не определен прозрачная сетчатая сорочка рубашка
label1_models_say_diff,fold_02,Электроника,850403581818,790274078706,1,0.188,0.19,"юкомс системный блок gamer rule на базе core i5-12400f | gtx 1660 6gb | бп 450w 80+ bronze | ssd m2 nvme | win 10 pro | white game case_hdd 1tb / ssd 480 gb / 16gb ddr4 (intel core i5-12400f (2.5 ггц), ram 16 гб, ssd 480 гб, hdd 1000 гб, nvidia geforce gtx 1660 (6 гб), windows 10 pro), черный","игровой pc юкомс i5-12400f, gtx 1660 super 6gb, ssd 120gb, 16gb ddr4, бп 450w, win 10 pro, white game case"
label1_models_say_diff,fold_03,Обувь,360777337541,283467876504,1,0.228,0.149,adidas originals кеды stan smith,кроссовки adiads one
label1_models_say_diff,fold_01,Продукты питания,455266673977,738734470443,1,0.171,0.208,wowman / набор crazy box чай ройбуш+улун те гуань инь,подарочный набор wowman crazy box чай ройбуш классический/улун медовая дыня/чай с бергамотом классический
label1_models_say_diff,fold_02,Одежда,661425100198,369367191657,1,0.269,0.111,чулки kaftan,"cubu / набор женских следков basic 3 пары,р. 36-39 (23-25 см)"
label1_models_say_diff,fold_04,Спорт и отдых,300647747144,352187450873,1,0.207,0.175,"груз чебурашка vj (5 шт) разборная 26 гр, цв. зелёный","volga jig груз чебурашка vj (10 шт) разборная 26 гр, цв. чёрный"
label1_models_say_diff,fold_01,Обувь,661425087801,712964686678,1,0.174,0.208,кроссовки nike harper's bazaar (журнал),без бренда / кроссовки женские спортивные кожаные
label1_models_say_diff,fold_04,Галантерея и аксессуары,377957194828,566935840839,1,0.203,0.179,skmei часы наручные,daniel klein / часы наручные daniel klein dk-1547-1
label1_models_say_diff,fold_02,Ювелирные изделия,773094207073,558345785186,1,0.194,0.189,krastsvetmet цепочка нц22-050-3#0.50,"krastsvetmet цепь krastsvetmet, серебро, 925 проба, золочение, длина 65 см, средний вес 4.45 г, золотой"
label1_models_say_diff,fold_02,Одежда,60129618547,618475409411,1,0.169,0.216,рубашка lukanclan весь мир моды,рубашка acoola
label1_models_say_diff,fold_03,Автотовары,549755828327,326417606138,1,0.245,0.141,накидка на заднее автомобильное сиденье,накидка на автомобильное сидение
label1_models_say_diff,fold_01,Спорт и отдых,188978682720,515396200482,1,0.202,0.184,"momoi / монофильная леска для рыбалки pro-max ice stop 0,085 мм 5 шт","монофильная леска для рыбалки momoi pro-max ice stop 0,117 мм, 1,5 кг, 30 м, прозрачная, barrier pack, 3 штуки"
label1_models_say_diff,fold_03,Аптека,498216221105,163208871049,1,0.13,0.256,"acuvue / 1-day acuvue moist for astigmatism -6.0 -1.75 120, 30шт",1-day acuvue moist for astigmatism (30 линз)/-6.00/-0.75/170
label1_models_say_diff,fold_02,Аптека,747324360167,25769865272,1,0.132,0.255,"контактные линзы acuvue oasys for astigmatism with hydraclear plus 6 линз -0,50/-1,25/30","acuvue oasys with hydraclear plus for astigmatism (6 линз) bc 8,6 sph -0.50 cyl -2,25 axis 30"
label1_models_say_diff,fold_03,Музыкальные инструменты,34359868674,429496790643,1,0.286,0.102,струна e для скрипки pirastro eudoxa medium ball 314121,струна d для скрипки pirastro eudoxa 16 1/4 p214321
label1_models_say_diff,fold_02,Красота и гигиена,635655250015,807453930249,1,0.238,0.149,lanvin / marry me парфюмерная вода 30 ml,lanvin marry me ланвин мери ми парфюмерная вода 75 мл
label1_models_say_diff,fold_03,Хобби и творчество,128849125580,249108193511,1,0.293,0.095,"набор бусин ""рукоделие"" пластик, диаметр 8 мм, 25 грамм, голубой, 2 набора","рукоделие набор бусин ""рукоделие"" пластик, диаметр 3 мм, 25 гр, голубой"
label1_models_say_diff,fold_03,Обувь,781684122076,532575972954,1,0.121,0.267,bulvar / кроссовки,кроссовки bul`var
label1_models_say_diff,fold_04,Продукты питания,206158475419,128849101241,1,0.225,0.163,оливковое масло costa d'oro extra virgin нерафинированное 1 л,costa d&#39;oro оливковое масло costa d'oro extra virgin нерафинированное 500 мл
label1_models_say_diff,fold_04,Строительство и ремонт,781684105146,824633746375,1,0.268,0.123,"настенный газовый котел ferroli vitabel c24, двухконтурный (открытая камера)","котел газовый ferroli vitabel f 18 квт (двухконтурный, закрытая камера сгорания)"
label1_models_say_diff,fold_01,Галантерея и аксессуары,687194861335,197568542194,1,0.218,0.174,louis vuitton сумка на плечо,reva bags / сумка женская маленькая
label1_models_say_diff,fold_01,Строительство и ремонт,481036375311,627065299481,1,0.243,0.149,дюбель удлиненный желтый полипропилен потай 12х120 (20 шт),мастерболтиков дюбель удлиненный желтый полипропилен потай 12х200 (20 шт)
label1_models_say_diff,fold_03,Одежда,644245191266,163208771477,1,0.156,0.237,"костюм nsd-style , размер 54 , синий",комплект одежды eco foff
label1_models_say_diff,fold_01,Товары для животных,317827635667,833223669562,1,0.253,0.141,"homecat / кукурузный наполнитель для кошачьего туалета,6 л",homecat ecoline комкующийся наполнитель для кошачьих туалетов с ароматом яблока - 12 л
label1_models_say_diff,fold_04,Галантерея и аксессуары,790274110782,403727063313,1,0.261,0.133,casio часы наручные наручные mtp-1374d-1a,наручные часы мужские casio mtp-1374l-1a черные
label1_models_say_diff,fold_01,Музыкальные инструменты,17179982736,197568637248,1,0.222,0.173,скрипка студенческая strunal 29wa-3/4,hans klein va-20 - альт струнный 16
label1_models_say_diff,fold_04,Обувь,541165933759,283467989668,1,0.216,0.183,ботинки мужские tendance hz207b-15-b12 черные 41 eu,ботинки officine creative
label1_models_say_diff,fold_01,Мебель,695784784292,309237742659,1,0.103,0.296,столешница для кухни скиф 2600х600x38мм с кромкой. цвет - сахара белая,столешница для кухни размер 2300х600x38мм с кромкой. цвет - сахара белая
label1_models_say_diff,fold_03,Товары для животных,85899428722,532575956989,1,0.231,0.168,monge / сухой корм для собак всех пород с мясом дикого кабана 12кг,monge bwild dog low grain низкозерновой корм из мяса дикого кабана для взрослых собак всех пород 2.5 кг
label1_models_say_diff,fold_04,Обувь,532575954138,781684135833,1,0.225,0.175,туфли kapika,"kapika туфли kapika, размер 36, черный"
label1_models_say_diff,fold_02,Одежда,764504241540,206158556779,1,0.291,0.111,"не определен брюки , размер l, белый",брюки спортивные danner
label1_models_say_diff,fold_01,Продукты питания,369367208772,420906834776,1,0.274,0.128,rioba / чай rioba/риоба в ассортименте,"rioba чай зеленый байховый для заваривания в чайнике молочный улун (5г х 20шт), 100г"
label1_models_say_diff,fold_02,Ювелирные изделия,515396086616,730144473997,1,0.159,0.244,серьги ювелирные золото красное 375 пробы,"the jeweller серьги the jeweller, красное золото, 375 проба, топаз, голубой"
label1_models_say_diff,fold_02,Детские товары,51539681009,566935722405,1,0.186,0.218,lovular подгузники giraffe m (6-11 кг) 60 шт,подгузники lovular giraffe s 4-8 кг 66 шт
label1_models_say_diff,fold_01,Одежда,730144448454,712964652883,1,0.202,0.203,купальник раздельный feabrate,lovse / купальник раздельный бикини с юбкой с высокой посадкой
label1_models_say_diff,fold_01,Ювелирные изделия,77309517077,549755850897,1,0.165,0.24,"кольцо женское из красного золота с жемчугом, фианитом 585gold 201013167, р. 18",эстет кольцо 01к3111542-1
label1_models_say_diff,fold_04,Спорт и отдых,42949815070,541165987347,1,0.253,0.153,giant велосипед двухколесный спортивный горный городской дорожный 28 дюймов мужской женский подростковый,kms / велосипед взрослый 29''pro x2 21'' рост 175-190 см
label1_models_say_diff,fold_01,Бытовая химия,68719590241,360777322123,1,0.157,0.249,"ласка / гель для стирки ласка для черного и темного, 3 л, 50 стирок","гель для стирки ласка эффект восстановления, для черного и темного, 1 л, 16 стирок 2 штуки"
label1_models_say_diff,fold_02,Спорт и отдых,678604881440,197568591724,1,0.246,0.162,силиконовая приманка intech l3ong heel 4 (6 шт.) #15,"kosadaka / виброхвост kosadaka awaruna 65, 11шт., цвет yfg"
label1_models_say_diff,fold_01,Обувь,712964634664,60129575713,1,0.169,0.239,кроссовки nike jordan,exowaysneakers / кроссовки sb dunk low
label1_models_say_diff,fold_02,Галантерея и аксессуары,532576086115,25769830899,1,0.145,0.265,polaroid / солнцезащитные очки трендовые,celine очки солнцезащитные
label1_models_say_diff,fold_04,Электроника,721554549763,128849060267,1,0.243,0.168,без бренда аккумуляторная батарея для maxvi c25,аккумуляторная батарея для maxvi m1
label1_models_say_diff,fold_03,Музыкальные инструменты,438086718809,850403573574,1,0.254,0.157,струны для скрипки 4/4 la bella 630,"комплект струн для скрипки размером 3/4, сталь, la bella 630-3/4"
label1_models_say_diff,fold_04,Бытовая химия,412317001280,85899382745,1,0.281,0.131,cif / средство для удаления пятен cif professional 500 мл. х 2 шт.,cif professional чистящее средство для стекол и блестящих поверхностей 500 мл. спрей х 2 шт
label1_models_say_diff,fold_03,Дом и сад,584115612726,635655317700,1,0.295,0.117,"не определен свеча из соевого воска в стакане с деревянным фитилем ""нежная орхидея"", 65 гр","best favors свеча ароматическая ""абрикос"", 15 см, 1 шт"
label1_models_say_diff,fold_03,Аптека,128849121091,68719511848,1,0.287,0.125,"контактные линзы alcon precision1 for astigmatism, 30 линз, sph -2,50 cyl -0,75 axis 90",астигматические линзы alcon precision1 for astigmatism (toric) 30 линз sph -2.50 cyl -1.75 axis 90
label1_models_say_diff,fold_02,Ювелирные изделия,240518299633,240518195888,1,0.298,0.118,"sokolov, золотой браслет, 551050502, лав, украшение из красного золота 585 пробы","diamant online браслет diamant online, золото, 585 проба, длина 16 см."
label1_models_say_diff,fold_01,Музыкальные инструменты,764504187757,326417612617,1,0.265,0.152,fender mm stratocaster hard tail black - электрогитара,электрогитара raptor plus black sss black
label1_models_say_diff,fold_03,Электроника,206158538774,395137040061,1,0.226,0.195,пульт irc-123f elenberg (универсал) для домашнего кинотеатра ht-111 ht-410 музыкального центар mc-4080 телевизора ltv-3231,пульт irc-276f sagemcom (универсал) пду ресивера нтв-плюс dsi87-1 hd
label1_models_say_diff,fold_03,Одежда,326417534977,352187398807,1,0.149,0.272,/ футболка женская принт рисунок самурай,футболка customarket
label1_models_say_diff,fold_04,Обувь,566935743427,197568554269,1,0.248,0.174,туфли in-step,"in step мокасины in step, размер 46, коричневый"
label1_models_say_diff,fold_04,Обувь,197568625765,343597470611,1,0.238,0.185,"inuovo сандалии inuovo, размер 37, черный",босоножки inuovo
label1_models_say_diff,fold_01,Одежда,377957249266,377957221133,1,0.212,0.212,футболка glowpoint роблокс,printplace / футболка мем skibidi toilet скибиди туалет
label1_models_say_diff,fold_04,Аптека,8590060928,661425044428,1,0.221,0.204,cooper vision / линзы астигматические vitality toric +2.00 -0.75 80,"coopervision астигматические линзы avaira vitality toric, 6 шт. , +2.00, 8.5, -1.75, 20, 2 недели "
label1_models_say_diff,fold_01,Товары для животных,412316890187,154618833237,1,0.15,0.276,"деревенские лакомства нежное пюре для собак из говядины, 10г х 4шт","деревенские лакомства для собак нежное пюре из мяса утки, 4 шт, 10 г"
label1_models_say_diff,fold_04,Спорт и отдых,687194884468,103079233119,1,0.284,0.142,"поплавок namazu pro 132-040, вес 4 гр. 1(штука)","поплавок namazu pro 132-100, вес 10 гр, 5 шт. np132-100"
label1_models_say_diff,fold_02,Товары для животных,180388672680,154618931313,1,0.254,0.172,легкое лакомство tit bit для кошек сушеное легкое говяжье (8 гр),titbit / легкое баранье 10г
label1_models_say_diff,fold_03,Хобби и творчество,292057832881,824633726290,1,0.185,0.241,"лас играс 3d ручка, набор pcl пластика светящегося в темноте, мод. pn015, цвет голубой","3d ручка, набор pcl пластика светящегося в темноте, мод. pn013, цвет розовый / 9755265"
label1_models_say_diff,fold_03,Ювелирные изделия,781684159598,17179958761,1,0.21,0.217,"sokolov подвеска sokolov, красное золото, 585 проба, фианит",подвеска золото красное 375 пробы
label1_models_say_diff,fold_02,Музыкальные инструменты,249108165798,103079362654,1,0.167,0.26,"anyijmo акустическая гитара kang-4140 6-струнная, корпус ель 41""","cort / l200f-atv-sg luce электро-акустическая гитара,"
label1_models_say_diff,fold_01,Одежда,670014965911,721554626212,1,0.154,0.274,футболка deep purple,"dreamshirts studio футболка dreamshirts studio, размер 7-8 лет, черный"
label1_models_say_diff,fold_03,Строительство и ремонт,137439065160,824633768025,1,0.162,0.268,площадка торцевая d125 era (125птм),площадка торцевая era 115птм d115 мм 180х250 мм сталь
label1_models_say_diff,fold_01,Одежда,231928248054,670015009940,1,0.191,0.24,костюм спортивный,birdo / костюм теплый оверсайз с начесом
label1_models_say_diff,fold_03,Обувь,146029033190,146028900918,1,0.278,0.153,ботинки timberland,свечин п. а. / зимние ботинки из натуральной кожи тимберленд
label1_models_say_diff,fold_01,Продукты питания,755914339280,154618930485,1,0.298,0.135,краситель пищевой food colours 66г. 1шт.,"food colours краситель пищевой гелевый food colours, красный, 20 г"
label1_models_say_diff,fold_01,Галантерея и аксессуары,8589955433,326417667288,1,0.259,0.177,hermes зонт полуавтомат,teffi / зонт женский автомат антиветер
label1_models_say_diff,fold_04,Строительство и ремонт,541165977214,781684075627,1,0.287,0.149,краскопульт pegas pneumatic верхний бак сопло 2мм 2708,"краскопульт hvlp 1,0 мм,  28-115 л/мин, 2,1 бар, верхний бачок 100 мл automaster"
label1_models_say_diff,fold_04,Товары для животных,420906877753,309237751952,1,0.24,0.197,"деревенские лакомства холистик премьер корм для собак средних и крупных пород, ягненок с рисом 12 кг","корм деревенские лакомства холистик премьер для собак средних и крупных пород, говядина с рисом, 12 кг"
label1_models_say_diff,fold_02,Музыкальные инструменты,687194870323,94489297736,1,0.245,0.193,подставка для скрипки 1/2 josef teller jt01042-1/2,"student no9 подставка для скрипки 1/8, josef teller jt0109-1/8"
label1_models_say_diff,fold_03,Дом и сад,309237724947,575525768753,1,0.268,0.171,"best favors свеча ароматическая ""абрикос"", 15 см, 1 шт","не определен свеча-цилиндр ароматическая витая ""гардения жасминовидная"", 7,5х10 см"
label1_models_say_diff,fold_01,Детские товары,68719568367,8589986949,1,0.287,0.154,машинка металлическая uni-fortune rmz city 1:64 dodge challenger srt demon 2018 (цвет желтый),toptrade / коллекционная модель chevrolet camaro kinsmart 15 см
label1_models_say_diff,fold_04,Ювелирные изделия,446676609679,42949789078,1,0.238,0.204,браслет из красного золота р. 18 эстет 01б012990,эстет браслет браслет из комбинированного золота 585 пробы без вставок 01б012997. размер 17
label1_models_say_diff,fold_02,Продукты питания,747324312755,506806182127,1,0.253,0.19,подарочный набор wowman crazy box голубая матча (тайский синий чай)/матэ/чай с бергамотом классический,wowman / набор чай голубая матча/улун дыня/те гуань инь
label1_models_say_diff,fold_01,Дом и сад,171798768313,515396131411,1,0.241,0.203,"estudi blanco тюль высота 280 см, ширина 300 см, крепление - лента, белый","тюль micasa gera 300х280&nbsp;см, золотой"
label1_models_say_diff,fold_01,Обувь,824633845797,412316990452,1,0.25,0.194,кроссовки котофей,кроссовки котофей
label1_models_say_diff,fold_03,Ювелирные изделия,549755815115,601295515070,1,0.262,0.184,"diamant цепь diamant, серебро, 925 проба, родирование, длина 45 см, средний вес 2.01 г","цепочка на шею женская, плетение ""лав"" с алмазной гранью, 55 см. цепь из серебра для девочки, девушки, женщины, серебро 925 пр."
label1_models_say_diff,fold_04,Обувь,670014990260,197568581893,1,0.209,0.237,asics / кроссовки спортивные,кроссовки asics
label1_models_say_diff,fold_04,Одежда,137439055640,103079249574,1,0.268,0.179,"бейсболка тт, тт",your number / бейсболка
label1_models_say_diff,fold_04,Хобби и творчество,34359754902,515396124425,1,0.266,0.182,"печать для сургуча с деревянной ручкой ""космонавт в космосе"" 9х2,5х2,5 см","nobrand печать для сургуча с деревянной ручкой ""виноград"" 9х2,5х2,5 см"
label1_models_say_diff,fold_01,Одежда,635655162310,240518258970,1,0.248,0.204,шорты ray,ray / шорты спортивные
label1_models_say_diff,fold_03,Строительство и ремонт,77309513692,146029037129,1,0.26,0.192,"труба круглая нержавеющая aisi 304 диаметр 18 мм. стенка 1,5 мм. длина 1800 мм. ( 180 см ) трубка зеркальная электросварная аиси нержа","стан труба круглая нержавеющая aisi 304 диаметр 18 мм. стенка 1,5 мм. длина 1500 мм. ( 150 см ) трубка зеркальная электросварная аиси нержа"
label1_models_say_diff,fold_03,Ювелирные изделия,395137002895,523986130166,1,0.165,0.288,young moon jewels / серьги из серебра 925 пробы,valtera серьги ювелирные серебро родированное 925 пробы
label1_models_say_diff,fold_01,Строительство и ремонт,609885377835,755914324899,1,0.215,0.238,белгородский абразивный завод лента шлифовальная 915 мм 50  мм p180,белгородский абразивный завод / шлифовальная кк 10jw p800 50х915мм
label1_models_say_diff,fold_04,Бытовая техника,206158505516,60129669207,1,0.296,0.157,scarlett sc-ek27g53 1.7l,pioneer / чайник pioneer ke811g
label1_models_say_diff,fold_03,Бытовая техника,755914314137,111669290191,1,0.288,0.168,"""трубка силиконовая (внутренний диаметр 9мм, толщина стенки 1,5мм, длина 3 метра)""","без бренда трубка (шланг) силиконовая (внутренний диаметр 8мм, толщина стенки 1мм, длина 5 метров)"
label1_models_say_diff,fold_04,Товары для животных,188978717481,274878013497,1,0.257,0.199,almo nature / корм для собак крупных пород с говядиной 12кг,корм для взрослых собак крупных пород с лососем 12кг
label1_models_say_diff,fold_02,Канцелярские товары,670014905324,773094241147,1,0.22,0.237,блокнот brauberg 100х150 мм а6 vista gradient под кожу гибкий срез фольга 80 л. 112101,"ежедневник недатированный а5 (138x213 мм), no name vista, под кожу, гибкий, 136 л., gradient, 112033 1 шт."
label1_models_say_diff,fold_04,Обувь,68719624237,292057884138,1,0.256,0.203,коньки хоккейные onlitop,onlitop / коньки хоккейные
label1_models_say_diff,fold_04,Галантерея и аксессуары,498216220940,128849113549,1,0.192,0.267,omax / наручные часы omax quartz hsj743g003,наручные часы omax quartz hsj739g013
label1_models_say_diff,fold_03,Ювелирные изделия,103079239968,266288029906,1,0.287,0.173,красцветмет цепочка нц22-053-3#0.60,"krastsvetmet цепь krastsvetmet, серебро, 925 проба, золочение, длина 60 см, средний вес 6.13 г, золотой"
label1_models_say_diff,fold_02,Товары для животных,730144597067,601295567712,1,0.209,0.251,"alphapet wow superpremium сухой корм для стерилизованных кошек, c цыпленком - 7 кг",alphapet / alphapet superpremium корм для котят цыпленок 7кг х 5шт
label1_models_say_diff,fold_03,Галантерея и аксессуары,515396075651,644245229089,1,0.216,0.245,noname / визитница,noname визитница
label1_models_say_diff,fold_03,Спорт и отдых,429496858803,833223791930,1,0.234,0.227,воблер плавающий lucky john pro series basara f 04.00/302,lucky john воблер плавающий lj pro series basara f 05.60/301
label1_models_say_diff,fold_04,Музыкальные инструменты,171798807062,154618840026,1,0.256,0.205,"fante акустическая гитара ft-r38b-bk 6-струнная,","ижевский завод т.и.м. акустическая гитара, ижевский завод т. и. м 1c-bk"
label1_models_say_diff,fold_01,Обувь,8589998582,506806148175,1,0.183,0.28,дутики basvello,volta / дутики
label1_models_say_diff,fold_03,Электроника,652835090471,231928263814,1,0.275,0.188,"apple смартфон iphone 15 plus dual sim 6/256 гб, черный","смартфон apple iphone 15 256 гб, dual nano sim, черный"
label1_models_say_diff,fold_04,Обувь,670015017103,644245231156,1,0.186,0.281,кроссовки nike кеды,sakenov / jordan 4
label1_models_say_diff,fold_01,Продукты питания,214748443840,721554540063,1,0.206,0.265,подарочный набор сладостей barbaris24 №68,подарочный набор сладостей barbaris24 №58
label1_models_say_diff,fold_01,Музыкальные инструменты,678604924780,850403609000,1,0.242,0.23,струна для электрогитары 31 - d'addario nynw031,"струны daddario nynw059, в оплетке - (59)"
label1_models_say_diff,fold_02,Ювелирные изделия,171798782131,34359783167,1,0.296,0.176,platina кольцо из красного золота 585 пробы c бриллиантом,"кольцо из красного золота р. 19,5 platina jewelry 01-5242-00-501-1110-38, фианит"
label1_models_say_diff,fold_03,Музыкальные инструменты,687194839185,85899464069,1,0.282,0.191,"струны daddario nynw063, в оплетке - (63)",струна для электрогитары 17 - d'addario nynw017
label1_models_say_diff,fold_03,Одежда,498216324235,575525741729,1,0.181,0.293,свитшот lanccircle,eder / толстовка плюшевая
label1_models_say_diff,fold_02,Одежда,68719603509,695784796160,1,0.198,0.276,angel a / куртка для осень-весна длинная,пальто пуховое aiwa
label1_models_say_diff,fold_04,Хобби и творчество,360777334698,558345853435,1,0.261,0.215,не определен выкройка бумажная бомбер леон,выкройка бумажная рубашка бенито
label1_models_say_diff,fold_04,Детские товары,652835120030,420906871698,1,0.187,0.289,"не определен универсальная москитная сетка для детской коляски см 60х100, на резинке, цвет белый","крошка я, универсальная москитная сетка на детскую коляску 120х140 см, цвет белый"
label1_models_say_diff,fold_03,Музыкальные инструменты,850403627147,833223656574,1,0.26,0.218,струны для электрогитары elixir 12450 nanoweb light 10-46,"струны для электрогитары, комплект из 6 струн, стальные, elixir 12052 10-46"
label1_models_say_diff,fold_03,Детские товары,455266663694,335007481088,1,0.209,0.268,"мягкая игрушка ""кролик"", цвет розовый, виды микс","без бренда мягкая игрушка «кролик», цвет голубой, виды микс"
label1_models_say_diff,fold_04,Обувь,154618936816,68719585386,1,0.205,0.273,босоножки dino ricci select,босоножки женские velvet 510-01-ig-17-pp голубые 37 ru
label1_models_say_diff,fold_01,Обувь,25769897662,833223779797,1,0.255,0.224,туфли basvello,rintomani / туфли
label1_models_say_diff,fold_04,Музыкальные инструменты,335007564187,110949,1,0.238,0.242,dr / струны для бас-гитары dr neon hidef yellow nyb5-45 45-125,"комплект струн для 7-струнной электрогитары, никелированные, с покр., 10-56, neon yellow dr nye7-10"
label1_models_say_diff,fold_04,Обувь,730144551188,549755878437,1,0.252,0.23,кроссовки asics,asics / кроссовки gel nyc
label1_models_say_diff,fold_02,Хобби и творчество,128849061237,51539689439,1,0.193,0.293,"tulip спицы круговые knina swivel 6мм/40см, бамбук, натуральный, tulip, ks-400600","спицы круговые ""knina swivel"" 4мм/40см, бамбук, натуральный, tulip, ks-400400"
label1_models_say_diff,fold_02,Галантерея и аксессуары,773094240140,438086814425,1,0.264,0.223,наручные часы мужские emporio armani ar60053 серебристые,emporio armani часы наручные кварцевые
label1_models_say_diff,fold_01,Одежда,60129708623,566935846920,1,0.265,0.222,"janira трусы janira, размер 54, черный",трусы janira
label1_models_say_diff,fold_01,Электроника,609885495356,841813607673,1,0.28,0.209,"умные часы ii-x, 46mm, черный",oppo / электронные смарт-часы watch 2 pro
label1_models_say_diff,fold_04,Ювелирные изделия,481036503065,798863965432,1,0.238,0.251,эстет браслет браслет из комбинированного золота 585 пробы без вставок 01б062985. размер 22,"эстет браслет эстет, красное золото, 585 проба, длина 18 см."
label1_models_say_diff,fold_04,Продукты питания,721554623947,231928295953,1,0.271,0.219,"svay / чай svay bergamot-orange черн.с бергамотом, 20пак","чай svay black assam черн., 20пак."
label1_models_say_diff,fold_02,Детские товары,317827583803,137439079913,1,0.281,0.211,"пистолет ""высшая лига"", с гильзами, стреляет мягкими пулями, цвет красный","не определен пистолет «диско страйк», стреляет дисками, цвета микс"
label1_models_say_diff,fold_01,Канцелярские товары,515396175155,446676722982,1,0.259,0.235,"реалист обложки для переплета картонные, текстура: кожа, 230г/м2, а4, бежевый","обложки для переплета картонные, текстура: кожа, 230г/м2, а4, черные, 100 шт."
label1_models_say_diff,fold_02,Детские товары,377957151245,420906924443,1,0.23,0.264,"мягкая игрушка ""авокадо"", 70 см","подарок / мягкая игрушка ""авокадо"", 65 см"
label1_models_say_diff,fold_01,Одежда,274877967764,163208801039,1,0.276,0.219,"jolidon купальник jolidon, размер xxl, белый с синим",купальник слитный jolidon
label1_models_say_diff,fold_01,Мебель,704374715173,721554519473,1,0.23,0.266,"не определен табурет ""премиум"" - серый (экокожа) / хром","табурет ""премиум"" - белый (экокожа) / хром"
label1_models_say_diff,fold_04,Музыкальные инструменты,730144455615,403727071046,1,0.298,0.201,"invotone / acm1010fs/bk микрофонный кабель, длина 10 м","invotone acm1005s/bk - микрофонный кабель, 6,3 джек стерео <-> xlr (папа), длина 5 м (черный)"
label1_models_say_diff,fold_04,Электроника,249108176940,120259145709,1,0.238,0.262,vosk / защитная пленка антишпион oppo k5,гидрогелевая защитная пленка антишпион для телефона oppo reno 10
label1_models_say_diff,fold_03,Спорт и отдых,68719617696,360777405068,1,0.234,0.272,"lucky john / блесна колеб. lucky john cleo длин.34мм03,5г 022","блесна колеб. lucky john cleo длин.31мм/02,5г 029"
label1_models_say_diff,fold_03,Спорт и отдых,180388706817,523986140825,1,0.287,0.219,"напиток sportinia, л-карнитин, 500 мл., вкус малины, 12 шт.",sportinia / sn напиток л-карнитин 12 шт по 500 мл гранат
label1_models_say_diff,fold_02,Аптека,300647809695,317827690991,1,0.28,0.228,"acuvue oasys with hydraclear plus forastigmatism 6 линз bc 8,6 sph -7.00 cyl -0,75 axis 40","acuvue oasys with hydraclear plus for astigmatism (6 линз) bc 8,6 sph -7.00 cyl -0,75 axis 60"
label1_models_say_diff,fold_03,Товары для животных,635655253536,790274010436,1,0.293,0.215,"сухой корм pro plan (проплан) optisavour sterilised для стерилизованных кошек и кастрированных котов, с треской и форелью, 0.4кг (400г), пакет","pro plan / pro plan sterilised для пожилых кошек, индейка, 0,4 кг"
label1_models_say_diff,fold_01,Красота и гигиена,712964705862,231928360214,1,0.246,0.263,"rrc blackberry and bay, 25 мл (2018) духи 25 мл",parf mall / по мотивам wood sage & sea salt 25 мл
label1_models_say_diff,fold_03,Хобби и творчество,584115608146,721554635278,1,0.232,0.277,"альбом для рисования а4, 16 листов на скрепке calligrata, обложка мелованная бумага 120 г/м2, внутренний блок офсет 100 г/м2","calligrata альбом для рисования а4, 24 листа на скрепке calligrata, обложка мелованный картон, внутренний блок офсет 100 г/м²"
label1_models_say_diff,fold_04,Канцелярские товары,695784864237,317827661824,1,0.298,0.213,бумага широкоформатная attache economy 80г 620x175 76.2мм,бумага широкоформатная attache economy 80г 420x175 76.2мм
label1_models_say_diff,fold_03,Детские товары,403726930681,292057893657,1,0.278,0.234,кукла мягконабивная 28см groeg (41024),кукла lamagik мягконабивная 28см neimi (41044)
label1_models_say_diff,fold_02,Строительство и ремонт,549755902091,841813653593,1,0.299,0.213,"головка торцевая thorvik multiprof 1/2"" 11мм","mp01221 головка торцевая multiprof 1/2""dr, 21 мм, thorvik"
label1_models_say_diff,fold_01,Строительство и ремонт,601295562323,146029049108,1,0.221,0.291,"iek / трансформатор тока тти-60 600/5а 10ва класс 0,5s и (10шт)","трансформатор тока тти-60 1000/5а 10ва 0,5s iek"
label1_models_say_diff,fold_01,Ювелирные изделия,94489329228,438086725233,1,0.278,0.237,цепочка из серебра 65 см бронницкий ювелир 810400227,браслет серебро 925 пробы на руку женский
label1_models_say_diff,fold_03,Ювелирные изделия,601295423261,455266629659,1,0.261,0.254,"кольцо из белого золота р. 19 эстет 01к127960, фианит",эстет кольцо золото желтое 585 пробы
label1_models_say_diff,fold_01,Красота и гигиена,670015020135,609885446503,1,0.26,0.256,"флакон 50 мл стеклянный с крышкой с капельницей, 10 штук",купи-флакон / флакон с пластиковой крышкой 10 мл стеклянный
label1_models_say_diff,fold_04,Мебель,240518249690,687194880858,1,0.22,0.296,"шкаф-купе 1,8 экспресс 3-х дверный 180х240х60 (2 зеркала лдсп) сонома",е1 шкаф-купе экспресс 3-x дв 180 x 240 x 45 (2 зеркала лдсп) сонома
label1_models_say_diff,fold_04,Дом и сад,120259166783,180388697076,1,0.3,0.217,ароматические кубики аурасо паяльник ароматический воск для аромалампы 9 штук,"сладкий табак - аромакубики аурасо, воск для аромалампы, 9 штук"
label1_models_say_diff,fold_04,Бытовая химия,335007575511,566935691695,1,0.264,0.254,grass / средство для мытья полов floor wash 250мл,"grass средство для мытья пола ""floor wash"" 1000мл"
label1_models_say_diff,fold_04,Галантерея и аксессуары,317827717343,807453910163,1,0.295,0.223,"не определен рюкзак , фактура гладкая, коричневый",sofi sumki рюкзак
label1_models_say_diff,fold_01,Хобби и творчество,352187417563,807453976503,1,0.283,0.239,"спицы прямые gamma сталь, d 1,5 мм, 35 см, 2 шт, под никель (mkp-r)",спицы gamma прямые kn2h металл d 2.5 мм 35 см 2 шт с покрытием
label1_models_say_diff,fold_01,Автотовары,231928394147,755914318752,1,0.246,0.277,dkc / маркер для кабеля сечением 0.5-1.5мм символ (-) mk (10шт),маркер для кабеля 1.5-2.5мм символ 6 (уп.200шт) дкс mkf6s2
label1_models_say_diff,fold_02,Галантерея и аксессуары,489626333979,850403655806,1,0.25,0.275,aishaalzhan / сумка guees/гесс,guess рюкзак
label1_models_say_diff,fold_01,Обувь,146028917405,300647724000,1,0.282,0.245,кроссовки puma,"puma кроссовки puma, размер 40,5, белый"
label1_models_say_diff,fold_02,Строительство и ремонт,627065303627,523986128916,1,0.281,0.251,"сверло по металлу, винтовое garwin gm-sg0460 4.6 x 80 мм","сверло спиральное по металлу 2,4 мм, din 338, hss-g, 5xd, ha, тип n"
label1_models_say_diff,fold_03,Музыкальные инструменты,25769820414,738734529210,1,0.249,0.283,"wild celluloid медиаторы, 12шт, целлулоид, 0,96мм, d'andrea twc351.096hv",d'andrea медиатор dandrea rwd351 .46
label1_models_say_diff,fold_01,Обувь,85899491229,300647790658,1,0.238,0.296,сапоги aurorastar,сапоги aurorastar
label1_models_say_diff,fold_03,Строительство и ремонт,695784816160,841813719677,1,0.293,0.243,schneider electric авдт со встр. защ. от сверхтоков 1p+n 20а 30ма ac с диф-101. 15158dek dekraft (5шт.),dekraft дифференциальный автомат 2p 32а
label1_models_say_diff,fold_01,Обувь,25769934119,841813750267,1,0.242,0.295,полуботинки enrico fantory,enrico fantory / полуботинки
label1_models_say_diff,fold_01,Товары для животных,420906824214,566935717709,1,0.272,0.267,"корм сухой royal canin ""maine coon adult"", для кошек породы мейн-кун в возрасте старше 15 месяцев, 4 кг","сухой корм для кошек canin maine coon adult, 0,4 кг"
label1_models_say_diff,fold_01,Ювелирные изделия,635655162032,343597459236,1,0.262,0.278,diamant кольцо 94-310-00356-1,"diamant кольцо diamant, серебро, 925 проба, фианит, корунд синтетический, размер 16.5"
label1_models_say_diff,fold_02,Красота и гигиена,300647767439,627065369513,1,0.266,0.274,"enigma / черные ресницы энигма микс 0,12/d/7-13mm 16линий","enigma черные ресницы  микс 0,07/d/7-13 mm (16 линий)"
label1_models_say_diff,fold_01,Одежда,764504328101,420906943191,1,0.283,0.258,костюм спортивный yamiwoo,костюм спортивный
label1_models_say_diff,fold_04,Красота и гигиена,214748442259,68719596757,1,0.27,0.271,прокладки ежедневные naturella normal с ароматом ромашки 52 шт,naturella 208 шт ежедневные лайт ромашка прокладки
label1_models_say_diff,fold_02,Галантерея и аксессуары,558345857070,60129672866,1,0.298,0.244,"emporio armani наручные часы emporio armani, синий",emporio armani часы наручные кварцевые
label1_models_say_diff,fold_01,Строительство и ремонт,506806223413,773094218471,1,0.274,0.27,душевая кабина niagara classic ng-33084-14lbk 100x80,душевая кабина niagara classic ng-33184-14lbkt 110x80
label1_models_say_diff,fold_01,Ювелирные изделия,403726977151,163208879869,1,0.249,0.299,585gold цепочка золото красное 585 пробы,цепочка из золота 70 см :susy 321-01-0070-30176
label1_models_say_diff,fold_04,Обувь,326417641552,112121,1,0.267,0.281,кеды вамлю chuck 70,кеды женские converse 162050 черные 42 eu
label1_models_say_diff,fold_03,Товары для животных,601295482228,68719505072,1,0.277,0.271,"пижон, ошейник кожаный на синтепоне, безразмерный, 83 х 4,5 см, обхват шеи 20-71 см, чёрный","пижон ошейник комбинированный кожа/брезент, безразмерный, 83 х 4,5 см, ош 20-70 см, синий"
label1_models_say_diff,fold_02,Спорт и отдых,369367227032,206158477123,1,0.284,0.268,"насадки рыболовные / товары для рыбалки, прикормка",насадки рыболовные
label1_models_say_diff,fold_03,Товары для животных,438086801508,618475379480,1,0.287,0.265,влажный корм для кошек nature's table кусочки в соусе с курицей 28 шт х 85 г,"nature's table / влажный корм для взрослых кошек, индейка в cоусе 28х85гр"
label1_models_say_diff,fold_01,Дом и сад,472446497053,523986021136,1,0.276,0.287,/ крючки для полотенец,крючки для полотенец
label1_models_say_diff,fold_01,Галантерея и аксессуары,798863985920,206158569600,1,0.288,0.28,queen fair / браслет женский,queen fair браслет
label1_models_say_diff,fold_04,Мебель,403727024295,309237792029,1,0.283,0.294,шкаф пенал stella polar концепт 36 sp-00000146 с бельевой корзиной белый,колонна gradeonika 240 48183
label1_models_say_diff,fold_03,Товары для животных,171798743994,335007516080,1,0.298,0.288,"не определен толстовка с юбочкой ""косточки"", размер xxl (дс 45, ош 45, ог 55 см), бело-розовая","толстовка с юбочкой ""косточки"", размер xl (дс 40, ош 40, ог 50 см), розовая"
label1_models_say_diff,fold_04,Галантерея и аксессуары,283467939008,128849040729,1,0.298,0.29,"наручные часы pierre lannier 306f628, серебряный",женские механические часы pierre lannier 311d601 с гарантией
label1_models_say_diff,fold_03,Канцелярские товары,755914290755,721554508891,1,0.297,0.296,этикетки самоклеящиеся promega label 18х12 мм/230шт. на листе а4 100 листов в упаковке,"этикетки самоклеящиеся promega label серебристые, 45,7x21,2мм,48шт на лис а"
