fold,category,id1,id2,target,q_ce,q_llm,name1,name2
fold_01,Хобби и творчество,37296,635655220293,0,0.938,0.873,"/ настольная игра ""скажи иначе вечеринка""","игра настольная ""alias ""скажи иначе. вечеринка"", компактная версия, tactic, 53370"
fold_01,Бытовая химия,43524,197568521379,1,0.293,0.015,"средство для мытья ""умка"", для детской посуды, 1 л","умка жидкое средство для стирки ""умка"", гель, для стирки детского белья, 1 л"
fold_01,Аптека,71743,154618962854,0,0.949,0.922,"vitamuno новогодний медовый бальзам алтайский ""анти-простудный"", 250 мл","новогодний медовый бальзам алтайский анти-простудный, 250 мл"
fold_01,Продукты питания,96969,360777280976,1,0.312,0.715,alcotec / дрожжи турбо alcotec 48 classic,"дрожжи alcotec 48 classic, 5х130 гр (алкотек 48 классик спиртовые, 5 штук в комплекте)"
fold_01,Детские товары,99283,103079302399,0,0.931,0.864,"синтезатор музыкальный взрыв, 49 клавиш, работает от сети и от батареек","zabiaka синтезатор «музыкальный взрыв», 49 клавиш, работает сети и от батареек"
fold_01,Хобби и творчество,121575,816043869064,0,0.942,0.62,take it easy / нарды деревянные,"нарды ""охотники на привале"", деревянная доска 50 х 50 см, с полем для игры в шашки"
fold_01,Хобби и творчество,124327,712964612502,0,0.943,0.885,"набор для рисования светом ""новогодний сюрприз""","starpony настольные игры / набор для рисования светом ""новогодний сюрприз"""
fold_01,Дом и сад,8589950841,240518270955,0,0.949,0.791,"копилка-банка металл ""копилка для заветных желаний""","не определен копилка-банка металл ""копилка для заветных желаний"""
fold_01,Галантерея и аксессуары,8589955433,326417667288,1,0.259,0.177,hermes зонт полуавтомат,teffi / зонт женский автомат антиветер
fold_01,Продукты питания,8589961428,77309558246,1,0.167,0.534,печенье belvita утреннее со злаками и йогуртовой начинкой 253г х 3шт,печенье belvita утреннее с йогуртовой начинкой 253 г
fold_01,Детские товары,8589976937,635655233353,0,0.925,0.874,"конструктор sluban ""розовая мечта"", 117 деталей, пластик, в коробке (m38-b0921a)",sluban / конструктор розовая мечта
fold_01,Дом и сад,8589978073,68719499678,1,0.133,0.327,ковровая дорожка 100х550 см на войлочной основе,star-carpet / ковровая дорожка 100х500 см p2421a1r51 на войлочной основе
fold_01,Обувь,8589998582,506806148175,1,0.183,0.28,дутики basvello,volta / дутики
fold_01,Аптека,8590010950,34359776709,1,0.05,0.271,"1-day acuvue moist multifocal / мультифокальные линзы 1-day acuvue moist multifocal, r 8.4, -3.50, high, 30 линз",moist multifocal мультифокальные линзы +4.50 / low(слабая аддидация) / 8.4 / 14.3 / 30 штук (линз) однодневные контактные линзы. acuvue 1-day moist multifocal (акувью 1 день мойст мультифокальные)
fold_01,Обувь,8590024627,85899483721,1,0.224,0.584,brutale / кроссовки мужские джорданым,кроссовки nike jordan
fold_01,Продукты питания,8590025368,498216247337,0,0.949,0.977,кофе ambassador platinum растворимый 95г,кофе растворимый аmbassador platinum 95 грамм в стеклянной банке / амбассадор
fold_01,Продукты питания,8590027382,369367307897,0,0.931,0.818,кофе в капсулах nespresso genova livanto 10 капсул,"кофе в капсулах nespresso ispirazione genova livanto, 10 шт."
fold_01,Продукты питания,8590045465,360777417674,0,0.93,0.984,"lofbergs / кофе в зёрнах 1кг / medium roast кофе лофбергс медиум/ ароматный кофе, вкусный кофе, в зернах","кофе в зернах lofbergs medium roast,1кг"
fold_01,Красота и гигиена,8590049489,8590075963,1,0.349,0.691,актив-бальзам витамин e идеальные губы 12 мл,либридерм / витамин е актив-бальзам идеальные губы 12мл/2уп
fold_01,Красота и гигиена,8590053594,171798781559,1,0.229,0.569,"syoss / syoss бальзам color, для окрашенных и мелированных волос, легкое расчесывание, 450 мл","syoss color бальзам , для окрашенных и мелированных волос, легкое расчесывание, 450 мл 4 шт"
fold_01,Бытовая химия,8590078837,171798782250,1,0.19,0.569,"чистолюб гель для кухни антижир, 500 г",чистолюб / чистолюб антижир гель для кухни 500г/10шт
fold_01,Продукты питания,17179873294,627065311359,0,0.982,0.959,"компот фрутоняня из яблок, изюма и кураги, c 6 месяцев, 0.2 л, 18 уп.","компот фрутоняня из яблок, кураги и изюма с 6 месяцев 0,2 л 18 шт"
fold_01,Продукты питания,17179874371,532576037826,0,0.968,0.961,"жокей / кофе жокей молотый классический,250г","кофе молотый жокей классический, 250 г"
fold_01,Бытовая химия,17179909900,163208802823,0,0.927,0.795,"не определен кондиционер для белья "" лаванда и хлопок"", выгодная стирка- 1 л",кондиционер для белья выгодная стирка 1л лаванда и хлопок 1 шт.
fold_01,Музыкальные инструменты,17179930675,661424971567,1,0.153,0.215,dr bka-13 - струны для акустической гитары,dr / bke-10/52 black beauties струны для электрогитары
fold_01,Ювелирные изделия,17179963948,77309444651,1,0.077,0.246,trade_jewelry / кольцо из серебра 925 (покрытие золото 585),trade jewelry кольцо серебро 925 пробы
fold_01,Бытовая химия,17179970329,807453864495,0,0.946,0.813,"средство для выгребных ям и септиков ""доктор робик"" 109, 75 грамм, 2 штуки",биоактиватор доктор робик для септиков и выгребных ям 75г / 2 шт
fold_01,Продукты питания,17179975414,111669243338,1,0.266,0.68,"greenfield / чай spring melody, 9шт х 150г (100 пакетиков)","чай greenfield ""spring melody"", черный, с ароматом мяты, чабреца, 100 фольг. пакетиков по 1,5г"
fold_01,Музыкальные инструменты,17179982736,197568637248,1,0.222,0.173,скрипка студенческая strunal 29wa-3/4,hans klein va-20 - альт струнный 16
fold_01,Музыкальные инструменты,17180018813,352187342411,1,0.275,0.403,d'addario rgc10asx300,rico rgc10ssx350 - трости для саксофона сопрано - 3.5 (10шт)
fold_01,Музыкальные инструменты,17180019608,188978589634,1,0.272,0.442,"ac107-n комплект струн для классической гитары, нейлон, посеребренные, alice","ac107bk-h комплект струн для классической гитары, черный нейлон, alice"
fold_01,Музыкальные инструменты,25769839023,60129621469,0,0.992,0.958,la bella rx-n6c струны для бас-гитары,струны для бас-гитары la bella rx-n6c
fold_01,Продукты питания,25769879707,352187357443,1,0.351,0.27,"кофе молотый 250 г cupsburg бразилия моджиана свежеобжаренный кофе молотый арабика 100%, капсбург","cupsburg coffee кофе в зернах 250 г cupsburg бразилия суль-де-минас, свежеобжаренный кофе в зернах арабика 100%, капсбург"
fold_01,Мебель,25769885792,292057779750,1,0.304,0.611,"stylint шкаф кровать трансформер с креплением к стене, stylint, бонн элегант (угол справа), 90х200, венге магия","шкаф кровать трансформер с креплением к стене, stylint, бонн элегант (угол справа), 90х200, белый"
fold_01,Детские товары,25769894607,652835039106,0,0.926,0.897,"весна-киров / кукла милана праздничная 1 со звуковым устройством, 70 см","кукла ""милана праздничная"" со звуковым устройством, 70 см"
fold_01,Обувь,25769897662,833223779797,1,0.255,0.224,туфли basvello,rintomani / туфли
fold_01,Музыкальные инструменты,25769930343,618475409376,0,0.928,0.791,струны для акустической гитары alice a206-sl,alice / струны для акустической гитары alice a206-sl (11-52)
fold_01,Мебель,25769932564,601295572062,1,0.388,0.565,"merdes компьютерный стол, 96х160х216 см",мэрдэс стол компьютерный домино ср-720/140
fold_01,Обувь,25769934119,841813750267,1,0.242,0.295,полуботинки enrico fantory,enrico fantory / полуботинки
fold_01,Детские товары,34359755276,798863999334,0,0.954,0.756,"конструктор qs08 майнкрафт / minecraft my world совместим с конструкторами (650 деталей, светодиодная подсветка) 44090",игрушки детские / конструктор minecraft веселая вечеринка
fold_01,Детские товары,34359755724,326417572836,0,0.978,0.898,"мягкая игрушка ""зайка в сарафане"", 16 см","ukiyo star / мягкая игрушка ""зайка в сарафане"". 16 см"
fold_01,Детские товары,34359776967,695784762042,0,0.952,0.865,"retailoriginal store / электронная головоломка «авокадо», 13 игр","funny toys электронная головоломка ""авокадо"", 13 игр"
fold_01,Музыкальные инструменты,34359790556,309237778303,1,0.396,0.484,"graftonite мундштук для саксофона альт, b3, rico rrgmpcasxb3",rico rrgmpcasxa7 мундштук для саксофона
fold_01,Товары для животных,34359798516,231928302228,1,0.334,0.278,"canin сухой корм rc mini adult для мелких собак, 800 г","royal canin mini adult корм сухой для взрослых собак мелких размеров от 10 месяцев, 2 кг"
fold_01,Ювелирные изделия,34359800792,343597511630,1,0.3,0.694,"sokolov, кольцо из золота с фианитами, 018953, украшение из красного золота 585 пробы",sokolov / ювелирное кольцо женское из золота 585
fold_01,Одежда,34359814679,180388716046,1,0.318,0.172,купальник слитный atlantic beach,"atlantic beach купальник atlantic beach, размер 40, фиолетовый"
fold_01,Бытовая химия,34359828280,292057883325,0,0.955,0.951,"средство для мытья пола mr.white ""лимон-апельсин"", концентрат, 5 л",mr. white средство для мытья пола mr.white optima концентрат лимон-апельсин 5л
fold_01,Музыкальные инструменты,34359837026,103079369420,1,0.348,0.588,"стойка для клавишных (синтезатора) soundking df029, c плавной регулировкой высоты",tempo / ks110 стойка клавишная
fold_01,Бытовая химия,34359847717,34359874808,0,0.946,0.941,"grass / средство для пола arena с полирующим эффектом, 1 л","средство с полирующим эффектом для пола ""arena"" 1 л"
fold_01,Детские товары,42949700022,833223806586,0,0.934,0.748,"лесная мастерская / набор мебели для кукол ""гостиная""",набор мебели для кукол детская
fold_01,Музыкальные инструменты,42949739717,360777329411,1,0.378,0.492,пластик для барабана remo sn-0016-00 batter silentstroke 16,remo ba-0116-00- ambassador 16' coated однослойный матовый пластик
fold_01,Дом и сад,42949747717,687194906663,0,0.934,0.904,маска зебра албезия 50 см,"маска ""зебра"" албезия 50 см"
fold_01,Бытовая техника,42949754636,188978679653,0,0.942,0.938,кофемашина автоматическая melitta caffeo varianza csp f570-102,кофемашина melitta caffeo f 570-102 varianza csp 1450вт черный
fold_01,Музыкальные инструменты,42949761538,25769919216,1,0.36,0.328,струны для электрогитары dr string nmce-11,dr nmca-11 hi-def neon струны для акустической гитары с люминесцентным покрытием разноцветные 11
fold_01,Одежда,42949772600,438086708693,1,0.316,0.495,комплект одежды little world of alena,little world of alena / костюм для малыша/ летний/ трикотажный/ костюм для мальчика
fold_01,Красота и гигиена,42949799549,463856484361,1,0.291,0.013,"leo's / шампунь elseve для жирных волос, 400 мл","l'oreal paris бальзам для волос, 200 мл"
fold_01,Строительство и ремонт,42949801688,85899346721,0,0.944,0.903,эпоксидная затирка diamant 009 хамелеон 1 кг,затирка diamant 009 хамелеон 1 кг
fold_01,Ювелирные изделия,51539641057,335007451113,1,0.388,0.448,"sokolov, крест из комбинированного золота с гравировкой, 121222, православные, 585 проба","gold center крестик gold center, красное золото, 585 проба"
fold_01,Дом и сад,51539657078,489626308217,0,0.938,0.929,"сахарница риштанская керамика ""узоры"", 500 мл, синяя / 9408724","шафран сахарница риштанская керамика ""узоры"", 500 мл, синяя"
fold_01,Продукты питания,51539664082,386547072218,1,0.332,0.356,"чай травяной спокойствие-баланс, herbarus, 35 г, москва - 1 шт.",herbarus / чай травяной спокойствие баланс 24пак.
fold_01,Одежда,51539664890,223338314634,1,0.349,0.435,la maurelle / комплект нижнего белья с юбкой,комплект белья hypnose
fold_01,Бытовая химия,51539691195,446676724866,0,0.93,0.994,aqualeon медленный стабилизированный хлор aqualeon комплексный таб. 200 гр,"медленный стабилизированный хлор aqualeon aqualeon, комплексный, 200 г, 1 шт"
fold_01,Музыкальные инструменты,60129550302,51539699429,1,0.123,0.23,"ortega r121g-3/4 family series классическая гитара 3/4, глянцевая, с чехлом",классическая гитара cort ac100 op
fold_01,Канцелярские товары,60129569096,292057847598,0,0.921,0.848,fractal paint трансфер для декупажа переводной рисунок для поверхностей 005 (а4),"декупажная карта fractal paint a4 (21 × 29.7 см), листов: 1"
fold_01,Канцелярские товары,60129579350,395137010891,0,0.993,0.988,"папка для тетрадей officespace ""artspace"", sweet dreams, 1 отделение, а5, 240х190х40 мм, пластик, на молнии (птл-715_48917)","папка для тетрадей officespace ""artspace"", sweet dreams, 1 отделение, а5, 240х190х40 мм, пластик, на молнии (птл-715_48917)"
fold_01,Красота и гигиена,60129612738,292057910629,1,0.304,0.516,"белита / набор mens club: гель для душа, шампунь-кондиционер","белита шампунь-кондиционер для волос mens club, свежесть и укрепление, 300 мл, 2 шт"
fold_01,Детские товары,60129630962,695784792078,0,0.927,0.954,"не определен электронный конструктор световой тоннель, 8 элементов","электронный конструктор ""световой тоннель"", 8 элементов"
fold_01,Автотовары,60129647149,17179949249,0,0.965,0.955,landsail lsv88 195/80 r15 106s летняя,landsail lsv88 шины летние 195/80  r15 106s
fold_01,Хобби и творчество,60129672910,120259221085,0,0.932,0.937,"пластилин №1 school colorpics набор 12цв 240г, со стеком","пластилин №1 school colorpics, со стеком, набор 12 цветов, 240 г, 3 упаковки"
fold_01,Музыкальные инструменты,60129682733,386547071698,0,0.984,0.78,"pioneer ddj-200 двухканальный контроллер для rekordbox dj, wedj, djay, edjing mix",контроллер для dj pioneer ddj-200
fold_01,Одежда,60129708623,566935846920,1,0.265,0.222,"janira трусы janira, размер 54, черный",трусы janira
fold_01,Музыкальные инструменты,68719509033,841813597498,0,0.995,0.951,гитарный комплект terris tc-038 bk starter pack,"terris классическая гитара tc-038 bk starter pack 6-струнная, корпус липа 7/8"
fold_01,Бытовая химия,68719532440,85899455631,1,0.396,0.336,средство для мытья посуды fairy нежные руки ромашка и витамин е 450мл,жидкость для мытья посуды fairy нежные ручки ромашка и витамин e 900 мл
fold_01,Бытовая химия,68719537156,120259115844,0,0.992,0.933,brezo / brezo 97036 парфюмированная вода для утюгов 1л,"парфюмированная вода для утюгов, 1л brezo 97036"
fold_01,Детские товары,68719560844,489626285027,0,0.935,0.947,"кукла интерактивная алёна поёт, танцует, на пульте управления","happy valley / кукла интерактивная «алёна» поёт, танцует, на пульте управле"
fold_01,Бытовая химия,68719564833,163208888463,0,0.928,0.957,"биолан / средство для мытья посуды апельсин и лимон 450г, 20 шт",средство для мытья посуды биолан апельсин и лимон 450гр
fold_01,Детские товары,68719568367,8589986949,1,0.287,0.154,машинка металлическая uni-fortune rmz city 1:64 dodge challenger srt demon 2018 (цвет желтый),toptrade / коллекционная модель chevrolet camaro kinsmart 15 см
fold_01,Бытовая химия,68719590241,360777322123,1,0.157,0.249,"ласка / гель для стирки ласка для черного и темного, 3 л, 50 стирок","гель для стирки ласка эффект восстановления, для черного и темного, 1 л, 16 стирок 2 штуки"
fold_01,Электроника,68719604745,146028946394,1,0.391,0.372,"гайка т-образная м3 профиль 20, 20 шт. tridipro",аксессуар для принтеров bestfilament (00872)
fold_01,Ювелирные изделия,68719610514,816043822640,1,0.141,0.407,"серьги пусеты золотые женские 585 пробы ювелирные sokolov, сережки гвоздики с камнями фианитами",sokolov / серьги гвоздики золотые 585 пробы пусеты ювелирные
fold_01,Продукты питания,77309479443,652835080735,1,0.132,0.732,"kuhne горчица острая дижонская, 250 мл, 4 шт","kuhne горчица острая дижонская, 250 мл, 2 шт"
fold_01,Ювелирные изделия,77309481828,472446488085,1,0.308,0.815,"кольцо женское из красного золота 585 пробы с фианитами (арт. 01-10010-2530) (17,5)",gold center / кольцо женское из красного золота 585 пробы без вставок (арт
fold_01,Ювелирные изделия,77309517077,549755850897,1,0.165,0.24,"кольцо женское из красного золота с жемчугом, фианитом 585gold 201013167, р. 18",эстет кольцо 01к3111542-1
fold_01,Продукты питания,77309520217,42949794214,1,0.342,0.389,"жокей / кофе жокей по-восточному молотый, 450г","кофе молотый жокей по-восточному натуральный жареный, 250г"
fold_01,Хобби и творчество,77309525249,128849105911,0,0.936,0.858,"игрушка детская телескоп ""юный астроном"", 20х, 30х, 40х","без бренда телескоп детский ""юный астроном"", 20х, 30х, 40х"
fold_01,Музыкальные инструменты,77309526216,764504228793,0,0.969,0.903,маракас dekko m0 bl,маракасы dekko m0 bl
fold_01,Канцелярские товары,77309562079,807453998465,0,0.941,0.699,"delucci ручка шариковая, толщина линии: 0.7 мм, цвет: синий, 1 шт.","ручка шариковая delucci ""vestito"" синяя, 1,0мм, корпус черный лак/золото, поворотн, подарочная упаковка"
fold_01,Канцелярские товары,85899348473,77309495340,1,0.328,0.41,мастер-класс / краска масляная 46мл краплак красный прочный,"краска масляная 46мл, краплак розовый мастер-класс невская палитра ( в заказе 1 штука)"
fold_01,Музыкальные инструменты,85899397506,266287990099,1,0.191,0.103,гитара классическая 1/2 naranda cg220-1/2,классическая гитара pierre cesar mcg944wa
fold_01,Бытовая техника,85899486609,601295477933,0,0.95,0.922,морозильная камера liebherr fnf 5207,liebherr fnf 5207
fold_01,Обувь,85899491229,300647790658,1,0.238,0.296,сапоги aurorastar,сапоги aurorastar
fold_01,Дом и сад,85899493289,369367201708,0,0.949,0.953,"диффузор ароматический с цветком хлопка нежный, 50 мл, ваниль,","не определен диффузор ароматический с цветком хлопка ""нежный"", 50 мл, ваниль,"
fold_01,Продукты питания,85899494727,764504235077,1,0.354,0.386,"грецкий орех неочищенный, в скорлупе чили, 500г","не определен грецкий орех очищенный 500 грамм, чили"
fold_01,Канцелярские товары,94489283446,317827660904,0,0.939,0.923,"ручка-корректор erichkrause techno white ergo, 22105, 12 мл","erichkrause / ручка-корректор techno white ergo, 12мл"
fold_01,Строительство и ремонт,94489304041,790274112671,0,0.982,0.836,дрель ударная электрическая 3000 об/мин 750 вт вихрь,ударная дрель вихрь ду-850
fold_01,Продукты питания,94489304644,85899502191,1,0.217,0.593,пюре картофельное роллтон с жар.луком (стак) 40г -24шт,"роллтон / картофельное пюре с курицей, 40 г 24 штуки в упаковке"
fold_01,Ювелирные изделия,94489329228,438086725233,1,0.278,0.237,цепочка из серебра 65 см бронницкий ювелир 810400227,браслет серебро 925 пробы на руку женский
fold_01,Красота и гигиена,94489387232,592705494311,0,0.94,0.957,тушь для ресниц oriflame 5в1 the one wonder lash 8мл,"многофункциональная тушь для ресниц 5 в 1 the one wonder lash, 8мл"
fold_01,Ювелирные изделия,94489425017,412316931792,1,0.343,0.838,"sokolov, кольцо из золота с изумрудом, 3010588, украшение из красного золота 585 пробы","sokolov кольцо sokolov, красное золото, 585 проба, изумруд, размер 18.5"
fold_01,Бытовая химия,94489433534,730144560490,0,0.959,0.989,аистенок. / мыло хозяйственное детское 200гр,"мыло хозяйственное аистенок 200 г, для детского белья"
fold_01,Детские товары,94489438382,738734484102,0,0.945,0.732,"автоград грузовик металлический «урал «армия», инерция, масштаб 1:43, цвет зелёный","грузовик металлический ""урал ""армия"", инерция, масштаб 1:43, цвет зелёный"
fold_01,Продукты питания,103079216095,747324471747,1,0.34,0.827,"морские чипсы нори из морских водорослей 4,5гр х 3уп.","чипсы из морской капусты, 3 уп х 4,5 г"
fold_01,Автотовары,103079272821,223338393911,0,0.998,0.943,мовиль воск агат profi 1000 мл,агат мовиль с воском (аэрозоль) 1000мл profi
fold_01,Канцелярские товары,103079283134,120259214236,0,0.957,0.816,"календарь/календарь настольный дерево ""котенок иман"" 20х17х5 см","сималенд / календарь настольный дерево ""котёнок иман"" 20х17х5 см"
fold_01,Строительство и ремонт,103079294574,369367279276,1,0.246,0.479,приставка доп. контакты ax-3m/40 к контактору nxc-06m 12m код.925184 chint (5шт.в упак.),приставка доп. контакты ax-3m/11 к контактору nxc-06m~12m chint 925190
fold_01,Спорт и отдых,103079312550,687194769829,1,0.256,0.098,"велосипед format 1415 27,5 2021 m зеленый","forward горный велосипед sporting 29 2.0 d рост 17"" 2022, 29, 2022"
fold_01,Автотовары,103079317696,85899462679,1,0.39,0.019,рычаг подвески прав ford focus i 08/98 - 11/04 ,lynx auto / пружины подвески задние ford focus i 98-
fold_01,Бытовая техника,103079324471,188978676813,0,0.96,0.934,babyliss / триммер babyliss 7255pe,триммер babyliss 7255pe
fold_01,Автотовары,103079362115,730144614359,1,0.31,0.012,michelin alpin 6 215/60 r17 100h зимняя,michelin alpin a6 шины зимние 195/65  r15 95t нешипованные
fold_01,Музыкальные инструменты,111669198623,377957184300,0,0.929,0.793,terris / уценка! tpb-43 bk бас-гитара,бас-гитара terris tpb-43 bk
fold_01,Красота и гигиена,111669220712,446676705016,0,0.945,0.906,"/ матирующий тональный крем ""спокойное сияние"", 30 мл","матирующий тональный крем ""спокойное сияние"", 30 мл"
fold_01,Продукты питания,111669233549,163208891400,0,0.956,0.796,кофе в зернах jardin colombia supremo 1кг 1шт,"кофе в зернах jardin ""colombia supremo"" (""колумбия супремо""), 1000 г, вакуумная упаковка, 0605-8, 1ед. в комплекте"
fold_01,Музыкальные инструменты,111669251698,532576018300,1,0.267,0.756,укулеле-сопрано tutti  jr-110 bl ,tutti / укулеле сопрано jr-10
fold_01,Продукты питания,111669267721,335007592896,0,0.95,0.804,"kurukahveci / молотый кофе kurukahveci mehmet efendi турецкий, 500г","кофе молотый турецкий kurucahveci mehmet efendi 100 % натуральная арабика для турки, кофемашины в банке 500 гр"
fold_01,Детские товары,111669270394,566935706095,0,0.968,0.971,"unicon. магнитный конструктор magical magnet, 45 деталей, матовый","магнитный конструктор magical magnet, 45 деталей, детали матовые unicon"
fold_01,Мебель,120259120175,558345876118,1,0.4,0.528,"тумба подвесная sanstar велья 50 с раковиной фостер 50 (комплект) для ванной комнаты, белая","подвесная тумба sanstar велья 50 с раковиной енисей 50 (комплект) для ванной комнаты, белая 387.1-1.4.1.кени"
fold_01,Обувь,120259132970,403727017988,1,0.246,0.683,кеды vans,vans / кеды
fold_01,Ювелирные изделия,120259145513,566935782041,1,0.174,0.432,"серьги из красного золота 585gold 602000616, фианит",585gold серьги ювелирные золото красное 585 пробы
fold_01,Автотовары,120259146299,249108148295,1,0.379,0.009,стойка амортизационная double force (fr) double force df334172,молдинг лобового стекла (сверху) honda cr-v 11-18 flexline арт. fl-3516bt
fold_01,Автотовары,120259182658,352187473210,0,0.957,0.99,автомобильные летние шины continental contiecocontact 6 215/60 r17 96h,continental contiecocontact 6 шины летние 215/60  r17 96h
fold_01,Хобби и творчество,120259184989,738734397681,0,0.933,0.834,"арт узор / атласная ""с днём защитника отечества"" (1шт)","лента атласная арт узор ""с днем защитника отечества"", 25 ммх18 +- 1 м"
fold_01,Продукты питания,120259201099,489626305918,1,0.21,0.589,"кофе в капсулах ambassador ""blue label"", для кофемашин nespresso, 10 шт. х 5 г","ambassador / кофе в капсулах ambassador blue label, 7 упаковок по 10 капс"
fold_01,Продукты питания,120259206444,68719602913,1,0.398,0.818,каша овсяная с бананом и семенами чиа компас здоровья шоу-бокс 30 гр х 10 шт,каша заварная овсяная с бананом и семенами чиа компас здоровья 30 г
fold_01,Музыкальные инструменты,120259207450,266288116600,1,0.357,0.6,"classical student 1c ez классическая гитара, со звукоснимателем, alhambra 6.801","798 1c ht 3/4 классическая гитара 3/4, alhambra"
fold_01,Одежда,120259216755,764504231505,1,0.307,0.343,win_hp fashion / свитер женский оверсайз длинный вязаный с принтом,свитер gareni
fold_01,Хобби и творчество,120259226672,369367314930,0,0.925,0.912,"disney пластилин мягкий «детский», 10 цветов, 150 г, тачки",пластилин 10цв 150г тачки
fold_01,Строительство и ремонт,120259230217,472446475172,0,0.959,0.915,"переключатель 1-клавишный quteo, открытый монтаж, слоновая кость 782234 legrand","legrand / переключатель 1-клавишный quteo, 782234 legrand"
fold_01,Аптека,128849054103,661424988382,1,0.355,0.278,acuvue oasys with transitions (6 линз) (-1.25/8.4),"acuvue / oasys multifocal 6pk / 8.4 / -1.25, mid"
fold_01,Спорт и отдых,128849075273,42949791489,1,0.248,0.557,"восстановление science in sport (sis) rego cherry juice 5 x 30 мл, вишня",science in sports (sis) / rego cherry juice для восстановления после тренировок 10 шт
fold_01,Одежда,128849081963,695784712922,1,0.247,0.642,freeshka / футболка светящаяся в темноте с принтом аниме hello kitty,футболка nuy nuy мультфильмы
fold_01,Бытовая техника,128849101274,120259151252,1,0.396,0.078,кофемолка kitfort кт-7123 200 вт цвет серебристый,"bq кофемолка cg1000 300 вт, объем 50 г"
fold_01,Канцелярские товары,128849106186,721554634980,0,0.946,0.954,"(5 шт.) - блокнот а5 (134х206 мм), 80 л., твёрдый, клетка, staff, ""pastel"", 114416 (арт. 114416)","staff блокнот а5 (134х206 мм), 80 л, твёрдый, клетка, staff, ""pastel"", 114416"
fold_01,Музыкальные инструменты,128849107035,283467846415,1,0.204,0.332,струны для электрогитары d'addario epn115,струны для электрогитары daddario ehr370
fold_01,Электроника,128849109045,738734470435,1,0.291,0.021,гидрогелевая пленка на vivo x 70 pro plus / виво x 70 про плюс / x 70 pro +,new armor / защитная гидрогелевая пленка на vivo x 90 pro plus
fold_01,Строительство и ремонт,128849110500,635655180806,0,0.924,0.752,"maytoni встраиваемый светильник gyps modern dl002-1-01-w, gu10, 50 вт",maytoni / светильник встраиваемый gyps dl002-1-01-w
fold_01,Хобби и творчество,128849134804,790274026656,0,0.932,0.99,"десятое королевство / настольная игра веселые ходилки, 4 в 1","десятое королевство настольная игра ""веселые ходилки"" 4 в 1, для девочек"
fold_01,Обувь,128849150218,171798853620,1,0.205,0.389,dlr / кроссовки женские и мужские,кроссовки nike
fold_01,Канцелярские товары,128849158387,824633751193,1,0.328,0.213,лунная кошка / блокнот недатированный гримуар,записная книжка bibablyke
fold_01,Автотовары,128849158975,566935783610,1,0.371,0.253,сайлентблок,jikiu сайлентблок
fold_01,Ювелирные изделия,137439005422,206158506754,1,0.253,0.522,"не определен серьга красное золото, 585 проба, длина 1 см",585gold серьги ювелирные золото красное 585 пробы
fold_01,Мебель,137439014412,60129583371,1,0.262,0.688,"комод, 8 ящ., 180х70x90 см",не определен комод франц 8 ящ. графит
fold_01,Ювелирные изделия,137439022828,412316996345,1,0.292,0.42,"кольцо из розового золота 585 пробы с фианитами для женщин (арт. к13216087) (17,5)","the jeweller кольцо the jeweller, красное золото, 585 проба, фианит, размер 16.5"
fold_01,Канцелярские товары,137439029626,17112,1,0.383,0.332,"клейкая лента torso, прозрачная, двусторонняя, акриловая, 40 мм x 2 м","torso / клейкая torso, прозрачная, двусторонняя, акриловая, 2"
fold_01,Продукты питания,137439080187,678604883248,1,0.359,0.725,закуска семилукская трапеза тещин язык 460г,"семилукская трапеза / закуска овощная ""тёщин язык"", острый, 460 г"
fold_01,Товары для животных,137439082801,438086735867,0,0.937,0.912,hill's / диетический для собак при расстройствах пищеварения 1.5кг,"сухой диетический корм для собак hill's prescription diet gastrointestinal biome при расстройствах пищеварения и для заботы о микробиоме кишечника, c курицей (1,5 кг)"
fold_01,Музыкальные инструменты,137439085550,369367251561,0,0.976,0.998,тюнер на прищепке musedo t-2046bd,тюнер musedo t-2046bd
fold_01,Строительство и ремонт,137439085801,292057812671,1,0.159,0.715,лампа накаливания дс 230-60вт e27 8109012 ( упак.15шт.),"favor лампочка лампа накаливания дс 230-60вт e27, 5 шт."
fold_01,Красота и гигиена,146028897288,85899494514,0,0.929,0.882,"londa professional impressive volume shampoo - лонда шампунь для объема волос, 1000мл",londa professional / шампунь для объема impressive volume 1000 мл
fold_01,Обувь,146028917405,300647724000,1,0.282,0.245,кроссовки puma,"puma кроссовки puma, размер 40,5, белый"
fold_01,Мебель,146029002732,429496877730,1,0.367,0.513,"стеллаж для ванной унитаз, 40х30х150 см","noname стеллаж над унитазом, 48x156x26 см, цвет белый./в упаковке шт: 1"
fold_01,Товары для животных,146029019579,412316956501,0,0.965,0.948,деревенские лакомства 79213270 холистик премьер сухой корм для собак мини-пород индейка с рисом 7кг,"деревенские лакомства / сухой корм для собак мелких пород индейка с рисом, 7кг"
fold_01,Канцелярские товары,146029019958,781684182453,1,0.39,0.589,"школьный пенал мягкий, 19 7 см, синий цвет","milo toys пенал школьный мягкий, 19 × 7 см, сиреневый цвет"
fold_01,Товары для животных,154618838555,833223787340,0,0.953,0.954,n1 №1 грейфер веревка для собак плетеная с мячом 33см,№1 грейфер веревка плетеная с мячом. 33см
fold_01,Продукты питания,154618842921,532576073521,1,0.335,0.417,чай фруктовый таёжный сбор зелёный,natural sorts / чай фруктовый таёжный сбор
fold_01,Бытовая химия,154618844859,541165975417,1,0.147,0.047,средство для мытья пола synergetic цитрусовая свежесть 750мл,"гель для мытья посуды synergetic апельсин, биоразлагаемый 0,5л"
fold_01,Обувь,154618846664,764504300234,1,0.312,0.671,new balance 1906d / кроссовки new balance,кроссовки new balance 1906
fold_01,Хобби и творчество,154618860614,489626278575,0,0.936,0.335,mellingward / деревянная кормушка для птиц,"kopмушка для птиц ""гараж"", 15 х 14 х 17 см"
fold_01,Бытовая химия,154618931947,257698082477,1,0.257,0.583,"synergetic средство для мытья посуды ""лимон"",500 мл, 2 штуки","synergetic / средство для мытья посуды сочный лимон, 500мл"
fold_01,Продукты питания,154618973391,601295557718,1,0.302,0.687,"лапша быстрого приготовления пулькоги рамен со вкусом говядины samyang, 3*80г.",лапша ramen бульгоги / самянг рамен со вкусом говядины 80гр. (корея)
fold_01,Бытовая техника,163208810145,489626412536,0,0.927,0.91,инверторная сплит система haier jade dc-inverter as25s2sj1fa-g/1u25mecfra gold (сплит-система инвертор / jade dc-inverter / haier),кондиционер настенный сплит-система haier as25s2sj1fa-g/1u25mecfra золотистый
fold_01,Хобби и творчество,163208815559,292057884546,0,0.964,0.869,"оберег ""авто-домовенок от гаи"", 8 см","master оберег «авто-домовенок от гаи», 8 см"
fold_01,Спорт и отдых,163208842016,558345875086,1,0.368,0.197,блесна колебалка akara 1057 cleo 35 гр. 116,akara блесна колеблющаяся akara fishing expert series cleo ( 25гр/010)
fold_01,Галантерея и аксессуары,163208852543,747324427443,1,0.325,0.66,кожаный брелок с гравировкой лучшая машина - новая машина корона,"/ брелок "" лучшая машина - новая машина! вино"""
fold_01,Продукты питания,163208858651,8590061542,1,0.348,0.124,кофе в зернах бразилия суль-де-минас свежая обжарка 500 гр,мега-медиа / кофе в зернах эфиопия иргачефф нат 500 гр свежая обжарка
fold_01,Музыкальные инструменты,163208872181,206158586887,1,0.382,0.343,"kepma eace natural электроакустическая гитара, цвет натуральный, в комплекте 3м кабель","kepma edc natural matt акустическая гитара, цвет натуральный"
fold_01,Канцелярские товары,171798696838,85899452022,1,0.269,0.855,woodyname / деревянный блокнот с именем нора,"woodyname блокнот a5 (14.8 × 21 см), листов: 80"
fold_01,Строительство и ремонт,171798703121,824633782381,1,0.344,0.452,"смеситель для ванны cron cn2265, хром",смеситель для ванны cron с длинным изливом cn2266
fold_01,Спорт и отдых,171798718593,154618935745,0,0.928,0.732,"не определен фляжка real man, 150 мл","фляжка real man, 150 мл"
fold_01,Автотовары,171798768232,231928339065,1,0.356,0.275,"накидки для ленд ровер дискавери (2004-2009) внедорожник 5 дверей / land rover discovery на весь салон tour, алькантара, бежевый","автопилот накидки для ленд ровер дискавери (2004-2009) внедорожник 5 дверей / land rover discovery на передние сиденья tour, алькантара, коричневый"
fold_01,Дом и сад,171798768313,515396131411,1,0.241,0.203,"estudi blanco тюль высота 280 см, ширина 300 см, крепление - лента, белый","тюль micasa gera 300х280&nbsp;см, золотой"
fold_01,Бытовая химия,171798789242,833223704980,0,0.968,0.934,grass кондиционер для белья eva sensitive концентрированный канистра 5кг,grass / кондиционер для белья eva sensitive канистра 5кг
fold_01,Ювелирные изделия,171798792500,17180030437,1,0.375,0.502,"585gold браслет золото красное 585 пробы, плетение ромб","браслет из красного золота, р. 17 585gold 505008388"
fold_01,Мебель,171798795800,274877989828,1,0.104,0.782,"не определен шкаф распашной ""мальм"" белый шагрень","шкаф распашной, 80х55х220 см"
fold_01,Бытовая химия,171798805280,25769926262,0,0.927,0.774,"grass / эко средство для мытья посуды пенка crispi, 550мл","средство для мытья посуды ""crispi"" пенка с соком груши и экстрактом базилика (флакон 550 мл)125455"
fold_01,Товары для животных,171798829151,747324455413,0,0.961,0.91,"trixie. игрушка для собак ""мяч"" с пищалкой. диаметр 7 см, розовый. (33677)",trixie / *33677 игрушка мяч 7см
fold_01,Детские товары,171798841802,240518296620,0,0.921,0.804,"без бренда конструктор винтовая мозайка «пуговки шестеренки», 3 в 1, с шуруповертом, 147 деталей","конструктор винтовой ""пуговки и шестеренки"", 3 в 1, с шуруповёртом, 147 деталей и 12 карточек"
fold_01,Спорт и отдых,171798844716,644245247118,1,0.359,0.514,тейлспиннер tc-1 15г #08 серебро-желтый,uf studio / тейл-спиннер наш тс-1 15гр #06 черный-желтый
fold_01,Продукты питания,180388631475,197568565185,1,0.279,0.428,печенье kellogg's extra с шоколадом и апельсином 150 г,"kellogg's extra / печенье гранола сдобное с шоколадом и карамелью, 150 г."
fold_01,Красота и гигиена,180388671446,592705599681,1,0.307,0.437,"клементин и мандарин - масляные духи аурасо, духи-масло, женские, мужские, унисекс, флакон роллер","аурасо / имбирь - масляные духи, унисекс, флакон роллер"
fold_01,Продукты питания,180388675063,635655310689,1,0.365,0.725,"tess / чай зеленый tess lime в пакетиках, 25 шт (2 уп)","tess чай зеленый style, 25 пакетиков по 1,8 г, 2 уп"
fold_01,Мебель,180388690333,824633812976,1,0.323,0.583,табурет для кухни комплект 4шт лофт,табурет для кухни мк фобос лофт 4 шт
fold_01,Продукты питания,180388696976,601295457461,0,0.935,0.923,"кофе московская кофейня на паяхъ коломбо растворимый, ст/б, 95г...",московская кофейня на паяхъ / кофе коломбо растворимый сублимированный 95гр
fold_01,Обувь,180388717978,446676650875,1,0.275,0.47,scoreboard / кроссовки nike спортивные,кроссовки nike
fold_01,Детские товары,180388733817,197568623954,0,0.986,0.933,"конструктор сити отпуск в доме на колесах, 10283",geniales / конструктор city - отпуск в доме на колесах
fold_01,Бытовая техника,180388742469,163208806484,0,0.925,0.798,"тэн (нагревательный элемент) 2050w длинный прямой без отверстия l 240, irca",irca тэн 2050w прямой без отверстия под датчик l=240 whirlpool 481225928697
fold_01,Хобби и творчество,180388744222,386547131592,0,0.966,0.831,"набор для рисования ""гонки"" в пакете",школа талантов / набор для рисования гонки в пакете
fold_01,Красота и гигиена,180388766547,266287977198,1,0.243,0.635,ушастый нянь / детское жидкое мыло пантенол 300мл х 6шт,ушастый нянь жидкое мыло 300 мл
fold_01,Хобби и творчество,188978571035,532576059642,1,0.365,0.212,"рукоделие, фигурный дырокол ""рукоделие"" № 233 cd-99s ""коляска"" 7х4,1х4,5 см, 2 штуки","рукоделие фигурный дырокол ""рукоделие"" № 063 cd-99s ""стюпня"" 7х4,1х4,5 см"
fold_01,Одежда,188978589443,395137056268,1,0.33,0.317,sarstyle / водолазка женская с длинным рукавом,водолазка mea lifestyle
fold_01,Галантерея и аксессуары,188978600695,300647865225,1,0.162,0.589,casio часы наручные кварцевые,"не определен наручные часы, серебряный"
fold_01,Обувь,188978602968,51459,1,0.234,0.31,nike / кроссовки nike спортивные кеды для бега,кроссовки nike
fold_01,Автотовары,188978626391,309237670521,1,0.389,0.189,s&k барабан тормозной,барабан тормозной
fold_01,Хобби и творчество,188978662301,51539712182,0,0.982,0.711,/ головоломки,"головоломка игры разума ""умные гвозди""16, 1 шт."
fold_01,Ювелирные изделия,188978679603,678604965813,1,0.384,0.798,platina кольцо из белого золота 585 пробы c бриллиантом,"platina кольцо platina, белое золото, 585 проба, родирование, бриллиант, размер 18.5, серебряный"
fold_01,Спорт и отдых,188978682720,515396200482,1,0.202,0.184,"momoi / монофильная леска для рыбалки pro-max ice stop 0,085 мм 5 шт","монофильная леска для рыбалки momoi pro-max ice stop 0,117 мм, 1,5 кг, 30 м, прозрачная, barrier pack, 3 штуки"
fold_01,Детские товары,188978699374,146028893532,0,0.966,0.899,конструктор lego vidiyo 43106 битбокс диджея единорога,lego / конструктор lego vidiyo битбокс диджея единорога 43106
fold_01,Мебель,188978724292,609885412125,0,0.953,0.919,прямой диван медиус лига диванов 107063,"лига диванов диван-кровать, механизм выкатной, 195х103х76 см"
fold_01,Бытовая химия,197568520101,34359743257,1,0.281,0.675,"tiret. / очиститель для стиральных машин, 250 мл","tiret очиститель для стиральных машин 250 мл,2шт."
fold_01,Строительство и ремонт,197568525023,386547096789,1,0.327,0.196,kaiser смеситель для кухни 2 в 1 kaiser 31244-3 бронза,смеситель для кухни под фильтр zorg sanitary бронза
fold_01,Обувь,197568530472,360777391438,1,0.193,0.312,/ кроссовки,кроссовки nike air force 1
fold_01,Дом и сад,197568533834,154618947275,0,0.975,0.987,"тарелка круглая тропики, 20 см","дорого внимание тарелка «тропики», 20 см"
fold_01,Музыкальные инструменты,197568560165,197568533662,1,0.381,0.179,трости для саксофона сопрано vandoren java red cut sr302r №2,"sr2635r red cut трости для саксофона альт №3,5 (10шт) vandoren"
fold_01,Ювелирные изделия,197568585396,8589963739,1,0.32,0.214,"аналемма цепочка золото белое 585 пробы, плетение сингапур",аналемма / золотая цепочка 585 проба якорная
fold_01,Хобби и творчество,197568590569,850403657158,1,0.223,0.422,"алмазная мозаика на подрамнике, набор для творчества, картина для выкладки стразами 33*43 см, алмазная россыпь",алмазная россыпь / алмазная мозаика 33х43см без подрамника
fold_01,Продукты питания,197568597495,446676609381,1,0.232,0.135,wowman health подарочный набор wowman crazy box матча зеленая (япония)/голубая матча (тайский синий чай)/чай с бергамотом классический,подарочный набор wowman crazy box матча зеленая (япония)/голубая матча (тайский синий чай)/чай гречишный манго
fold_01,Детские товары,197568615105,816043814801,0,0.929,0.477,"мягкая игрушка ""ли-ли baby в вязаном жилете"", 20 см",budi basa / мягкие игрушки
fold_01,Хобби и творчество,197568628449,240518222916,0,0.964,0.89,"арт узор фетр жёсткий ""ярко-оранжевый"" 1 мм (набор 10 листов) формат а4","фетр жесткий 1 мм ""ярко-оранжевый"" набор 10 листов формат а4"
fold_01,Обувь,197568629552,283467862783,1,0.309,0.815,new balance / кроссовки 574,кроссовки new balance new balance 574
fold_01,Детские товары,206158444165,223338420703,0,0.965,0.964,"конструктор магнитный ""магический магнит"", 56 деталей","xinbida конструктор магнитный «магический магнит», 56 деталей"
fold_01,Красота и гигиена,206158480177,549755947544,0,0.939,0.802,manyo / пенка для глубокого очищения пор с церамидами,"manyo factory пенка для лица для глубокого очищения пор с керамидами pure&deep cleansing foam, 100ml / пенка для умывания / корейская пенка для лица / средство для умывания / пенка для лица корея / для снятия макияжа"
fold_01,Продукты питания,206158487280,403726996411,1,0.26,0.891,"украшения для торта. сахарная картинка на торт ""бабочки"". декор для выпечки",без бренда сахарная картинка для торта бабочки декор для выпечки
fold_01,Одежда,206158491815,128849089617,1,0.4,0.454,платье dencop,queen star / платье
fold_01,Строительство и ремонт,206158504790,266288012635,0,0.98,0.939,фреза угловая левая 0014j hss,фреза угловая левая 0014j hss для станка 100g2
fold_01,Детские товары,206158532639,755914266086,0,0.948,0.721,конструктор город мастеров большие кубики:домик 25 дет. 259672,"конструктор город мастеров ""большие кубики, домик"" (25 дет.)"
fold_01,Спорт и отдых,206158535830,326417546243,1,0.368,0.226,"набор силиконовых приманок на судака helios ""река"", 5 шт. (hs-zr-set1)","набор силиконовых приманок helios ""большая глубина"", 5 шт. (hs-gd-set1)"
fold_01,Продукты питания,206158541657,249108106823,1,0.367,0.618,макаронные изделия maltagliati рожок крупный № 96 450 г,"макаронные изделия maltagliati 078 спираль, 450 г"
fold_01,Бытовая техника,206158579729,781684072342,0,0.946,0.72,nordfrost / холодильник nordfrost nr 506 b,"nordfrost холодильник nr 506 b, белый"
fold_01,Хобби и творчество,214748409405,137438995539,0,0.991,0.989,"фартук-накидка с рукавами для труда и занятий творчеством юнландия синий, 50х65 см","фартук-накидка с рукавами для труда и занятий творчеством юнландия, 50х65 см, синий, 229185"
fold_01,Хобби и творчество,214748417692,103079288362,1,0.368,0.905,"сима-ленд оберег ""домовой с подковой на удачу"", 20-21 см","оберег ""домовой в кепке с подковой"", лен, 20 см"
fold_01,Канцелярские товары,214748431317,523986079877,0,0.989,0.885,"пенал 2 секции, 125 х 205 х 40 мм, calligrata 30п26/2 ""авокадо кедавра"", в стиле гарри поттера, ламинированный картон","пенал 2 секции, 125 х 205 х 40 мм, calligrata 30п26/2 ""авокадо кедавра"", в стиле гарри поттера, ламинированный картон"
fold_01,Продукты питания,214748443840,721554540063,1,0.206,0.265,подарочный набор сладостей barbaris24 №68,подарочный набор сладостей barbaris24 №58
fold_01,Аптека,214748456484,816043798454,0,0.925,0.951,"seni / прокладки урологические женские seni lady mini, 20 шт.",bella прокладки урологические seni lady mini 20шт
fold_01,Продукты питания,214748481785,120259151265,1,0.351,0.523,набор чая maitre de the цветы 120г 1уп,maitre / чай maitre de the цветы 12 вкусов 60 пак./уп
fold_01,Мебель,214748486520,549755919950,1,0.4,0.821,"bauedge тумба с раковиной и выпуском (тумба подвесная bau dream blackwood 80 + раковина санфаянс накладная прямоугольная bau hotel 51х37, белая, выпуск)","тумба с раковиной и выпуском (тумба подвесная bau blackwood 80, раковина накладная прямоугольная bau hotel 51х37, выпуск клик-клак белый)"
fold_01,Электроника,223338299858,730144551382,1,0.292,0.686,чехол guess для iphone 15 pro g cube hard magsafe коричневый,guess / чехол на iphone 15 pro magsafe из экокожи pu leather
fold_01,Музыкальные инструменты,223338311398,481036458388,0,0.939,0.995,мостик скрипичный fom me-042 (1/2),мостик для скрипки fom me-042 1/2
fold_01,Продукты питания,223338347749,712964638834,1,0.168,0.177,сироп proffsyrup vanilla ваниль 1л,proffsyrup / сироп ванильный - 250 мл (для кофе и коктейлей)
fold_01,Строительство и ремонт,223338374481,137439035571,1,0.354,0.221,трансформатор тока тти-а 20/5а кл. точн. 0.5s 5в. а iek itt10-3-05-0020,"iek трансформатор тока тти-а 60/5а 5ва класс 0,5"
fold_01,Красота и гигиена,223338375090,94489317331,1,0.335,0.608,bella / ватные диски 100 шт пакет,"диски ватные bella cotton 100 шт, 2 уп "
fold_01,Дом и сад,223338378674,489626346507,0,0.947,0.959,"бокал, 160 мл, 6 шт",3045065 / бокал
fold_01,Бытовая техника,223338394252,8590017348,1,0.384,0.151,швейная машина necchi 4323 а белая,necchi швейная машина 4222
fold_01,Продукты питания,223338398588,137439060142,1,0.152,0.683,приправа maggi для курицы чеснок-лук-имбирь-морковь 20 г (в заказе 1 штука),maggi / приправа для ароматной курицы 20 г/4 шт
fold_01,Мебель,223338422581,34359779223,1,0.378,0.391," этажерка для обуви, металл, 38х72х63 см","recom подставка для обуви «аскания», 2 яруса, 70×33 см"
fold_01,Одежда,231928248054,670015009940,1,0.191,0.24,костюм спортивный,birdo / костюм теплый оверсайз с начесом
fold_01,Продукты питания,231928249893,558345765723,1,0.381,0.269,здороведа суп турецкий 6 порций 250 г,"суп ""итальянский"", 250 г"
fold_01,Детские товары,231928251845,652835149844,1,0.277,0.042,металлическая машинка бмв черная,"sweet home модель машины toyota land cruiser 1:32 свет, звук, инерция"
fold_01,Мебель,231928287064,833223764614,1,0.39,0.566,угловой диван лига диванов эмир бс левый угол,"лига диванов угловой диван ,250х150х85см"
fold_01,Мебель,231928324001,627065367970,1,0.385,0.769,тахта лига диванов селена левая бежевый/коричневый (велюр),"кушетка тахта селена левая, рогожка бежевая и серая"
fold_01,Аптека,231928331846,678604894309,0,0.942,0.765,очки dario мод. 310418 цвет 3 с линзами glance -3.25 рц 62-64,очки dario мод. 310418 цвет 3 с линзами glance cr-39 -3.25 рц 62-64
fold_01,Ювелирные изделия,231928343142,120259121369,1,0.382,0.454,voronin silver шнурок гайтан,voronin silver / гайтан шнурок из коричневого шелка
fold_01,Продукты питания,231928343414,283467891939,0,0.959,0.945,"пюре ""маленькое счастье"" из яблок и персиков 90 г",маленькое счастье / детское фруктовое пюре яблоко-персик 12шт/90
fold_01,Обувь,231928347948,773094157979,1,0.256,0.304,полусапоги,onlyboots / ботильоны на каблуке демисезонные
fold_01,Канцелярские товары,231928358898,627065372407,0,0.968,0.971,"devente записная книжка а4 64л кл devente.wild, тв обл иск кож, зол ср, ляс, бел бл70, т кор","записная книжка а4 64л кл devente.wild, тв обл иск кож,зол ср,ляс,бел бл70,т кор"
fold_01,Строительство и ремонт,231928377018,309237676408,1,0.221,0.56,"душевая кабина мономах б/к 120/80/44 мз l , б/крыши, 1200*800*2060, асимметричная","душевая кабина мономах 120x90х206 профиль хром, стекло прозрачное с рисунком, левая"
fold_01,Автотовары,231928394147,755914318752,1,0.246,0.277,dkc / маркер для кабеля сечением 0.5-1.5мм символ (-) mk (10шт),маркер для кабеля 1.5-2.5мм символ 6 (уп.200шт) дкс mkf6s2
fold_01,Детские товары,231928403629,300647773647,0,0.999,0.892,"развивающий набор цилиндров ""больше-меньше"", цветные msn17065","не определен развивающий набор цилиндров «больше-меньше», цветные msn17065"
fold_01,Бытовая химия,240518279436,601295561584,0,0.921,0.989,чистящее средство bagi classic шуманит жироудалитель 400 мл,"жироудалитель bagi ""шуманит"", 400 мл"
fold_01,Продукты питания,249108141711,206158510558,0,0.951,0.469,"леденцы 911 шалфей, липа, витамин с, 50 г","леденцы ""911"" без сахара, шалфей, липа, витамин с, 50 г"
fold_01,Детские товары,249108151854,386547146114,0,0.93,0.282,"junfa toys игрушка для малышей. развивающий центр музыкальный планшет потеша, со световыми и звуковыми эффектам","игрушка для малышей. развивающий центр ""музыкальный планшет ""потеша"", со световыми и звуковыми эффек"
fold_01,Бытовая химия,249108169119,77309526040,0,0.939,0.864,жидкость для мытья посуды aos эко уголь 450 мл,"средство для мытья посуды, эко уголь"
fold_01,Детские товары,249108180094,549755916764,0,0.937,0.788,"пирамидка ""ежики"" / 5431731","""стеллар"" / пирамидка ""ежики"""
fold_01,Обувь,249108183963,335007524008,1,0.251,0.435,ralf ringer / ботинки демисезонные,ботинки ralf ringer
fold_01,Бытовая химия,249108204283,798863930887,0,0.996,0.923,"средство для мытья посуды velly ""бархатная фиалка"" 500 мл","средство для мытья посуды grass velly бархатная фиалка, 500 мл 125383"
fold_01,Спорт и отдых,249108208399,721554650353,0,0.93,0.92,"58480 детский надувной круглый бассейн 152x56 см, 360 л, intex ""аквариум"", надувное дно, 6+",intex / детский надувной бассейн аквариум 58480 размер 152x56см
fold_01,Аптека,249108214298,386547124773,1,0.341,0.438,линза для очков rodenstock сферическая 1.6 solitaire protect 2 (sp2),rodenstock 1.6 perfalit solitaire protect plus 2
fold_01,Ювелирные изделия,249108217729,721554521859,1,0.386,0.552,"sokolov, кольцо из золота с хризопразом и фианитом, 716558, украшение из красного золота 585 пробы","sokolov кольцо sokolov, красное золото, 585 проба, хризопраз, размер 17"
fold_01,Ювелирные изделия,249108218924,300647716954,1,0.342,0.36,аргента серебряная столовая ложка визит позолота,аргента сувенир ювелирный серебро
fold_01,Детские товары,249108235992,773094134902,0,0.934,0.994,полесье / набор детской посуды хозяюшка на 6 персон (v5) (38 элементов,"полесье, набор детской посуды ""хозяюшка"", на 6 персон, 38 элементов"
fold_01,Дом и сад,257698081082,609885445367,1,0.337,0.604,"часы настенные, серия: кухня, ""сервировка"", плавный ход, d-20 см","без бренда часы настенные, серия: кухня, ""сервировка"", плавный ход, d 19 см"
fold_01,Автотовары,257698107898,541166007957,1,0.357,0.002,pirelli 315/45 r21 scorpion winter 116v,pirelli scorpion winter шины зимние 295/35  r22 108w нешипованные
fold_01,Продукты питания,257698128102,94489299354,1,0.355,0.305,"кофе в капсулах nespresso бленд vaniglia, 10 капсул",nespresso / кофе в капсулах caramello 10 шт.
fold_01,Галантерея и аксессуары,266287981877,781684183201,1,0.128,0.391,hn fashions / модные солнцезащитные очки (тренд 2024),house очки солнцезащитные
fold_01,Бытовая химия,266287992396,309237740515,0,0.923,0.891,чистый дом / дуст от домашних и садовых муравьев,дуст от домашних и садовых муравьев (без запаха) чистый дом
fold_01,Музыкальные инструменты,266287995993,764504198392,1,0.398,0.807,solo / solo чг1/2 чехол для гитары 1/2,solo чгк 2/1 - чехол для классической гитары
fold_01,Строительство и ремонт,266288014614,154618954173,1,0.246,0.306,смеситель для кухни matrix 40 мм (силиконовый излив),frap / смеситель для кухни 35к f4453-04 высокий излив п/гайку
fold_01,Бытовая техника,266288032943,790274040216,0,0.938,0.848,"сплит-система haier hsu-12hpl03/r3, белый",кондиционер сплит-система haier hsu-12hpl03/r3
fold_01,Красота и гигиена,266288078441,472446406257,0,0.928,0.787,silcamed / зубная паста антитабак 2 штуки по 130 гр,"silcamed зубная паста антитабак, 130 г, 2 шт."
fold_01,Галантерея и аксессуары,266288098675,60129661428,1,0.191,0.568,/ брелок характер - это умение стоять там,"кожаный брелок с гравировкой, для ключей если мы научимся говорить, нас поймут и животные лапа"
fold_01,Дом и сад,266288115295,850403664549,0,0.936,0.778,"фонтанный насос vodotok hj-1141 напор 1,6 м","vodotok фонтанный насос,22вт,16л/мин"
fold_01,Мебель,266288116859,180388665669,1,0.397,0.768,угловой диван лига диванов карнелла левый угол,"диван угловой карнелла левый угол,фиолетовый;черный"
fold_01,Строительство и ремонт,266288118572,833223716291,1,0.32,0.916,плитка настенная орлеан черная 30х60 axima,"плитка облицовочная axima орлеан черная 600x300x9 мм (9 шт. 0,9 кв. м.)"
fold_01,Хобби и творчество,274877909134,627065353412,0,0.968,0.899,puzzle пазл деревянный фигурный «индийский слон»,"пазл деревянный фигурный ""индийский слон"", чёрная коробка / 9084416"
fold_01,Товары для животных,274877920600,558345916269,0,0.979,0.999,"туалет средний с сеткой 36 х 26 х 6,5 см, красный","no name туалет средний с сеткой 36 х 26 х 6,5 см, красный,"
fold_01,Хобби и творчество,274877935343,206158544654,1,0.147,0.511,komas / алмазная мозаика 30х40 см,"алмазная мозаика 40х50 круглые стразы, птички у скворечника, алмазная мозаика на подрамнике круглые стразы, полная выкладка 40х156"
fold_01,Строительство и ремонт,274877943193,352187322177,1,0.327,0.299,stayer алюминиевая лента 89070 50 мм 10 м,клейкая matrix 89068
fold_01,Одежда,274877967764,163208801039,1,0.276,0.219,"jolidon купальник jolidon, размер xxl, белый с синим",купальник слитный jolidon
fold_01,Бытовая химия,274878031411,652835088452,0,0.937,0.956,средство для отбеливания изделий из пластика prosept 0.5 л,средство для отбеливания изделий из пластика prosept 0.5 л
fold_01,Красота и гигиена,274878044019,94489354200,0,0.937,0.976,"runail пинцет скошенный, широкий, 9 см, цвет серебристый/золотистый, ru-0142","пинцет скошенный, широкий, 9 см, цвет серебристый/золотистый"
fold_01,Музыкальные инструменты,274878053581,781684084014,0,0.936,0.988,"flight fbg-2039 чехол для акустической гитары, утепленный (3мм)",flight / fbg 2039 чехол для акустической гитары утепленный (3мм)
fold_01,Ювелирные изделия,283467863586,515396193870,1,0.353,0.339,"sokolov, серьги-пусеты из золота с жемчугом, 792001, украшение из красного золота 585 пробы, гвоздики","серьги пусеты sokolov пусеты из золота 792002, красное золото, 585 проба, жемчуг, белый"
fold_01,Ювелирные изделия,283467864964,644245169569,1,0.316,0.673,алькор / кольцо серебро 925 с бриллиантом,алькор кольцо серебро 925 женское с бриллиантом
fold_01,Продукты питания,283467931203,403726971938,1,0.391,0.244,"twix drink 350 мл. молочный напиток твикс со вкусом шоколада, карамели и печенья",twix / молочный напиток twix 350 мл (великобритания)
fold_01,Музыкальные инструменты,283467948340,8589953256,1,0.321,0.535,гитара акустическая deviser ls-120n,гитара акустическая 40'' dreadnought
fold_01,Товары для животных,283467980169,730144542386,1,0.233,0.501,"perfect fit adult mini <10 кг. сухой корм для взрослых собак мелких и миниатюрных пород курица 2,6 кг.","сухой корм perfect fit с курицей для взрослых собак мелких пород 1,2 кг"
fold_01,Обувь,283467989097,592705494011,1,0.194,0.451,кроссовки dunks nike,chicshoes / кроссовки sb данки retro panda
fold_01,Товары для животных,292057795538,163208898125,0,0.986,0.952,"сухой корм royal canin hypoallergenic dr 25 для кошек 0,5кг",canin / сухой корм hypoallergenic dr 25 для кошек при пищевой аллергии 500 гр
fold_01,Красота и гигиена,292057819466,730144486090,1,0.271,0.646,"дезодорант-антиперспирант спрей женский rexona свежо и невидимо, 150 мл - 3 шт.",rexona / антиперспирант аэрозоль свежо и невидимо 150 мл
fold_01,Строительство и ремонт,292057836603,850403528728,1,0.304,0.643,"schneider electric / (3 шт.) - рамка для роз. и выкл., 3-мест",рамка 3-постовая белая systeme electric atlasdesign
fold_01,Автотовары,292057841759,223338302547,0,0.998,0.996,лампа накаливания lynxauto l14621y,"lynxauto лампа автомобильная p21/5w, 10 шт. арт. l14621y"
fold_01,Ювелирные изделия,292057844526,841813686492,1,0.311,0.639,эстет серьги,"эстет серьги эстет, серебро, 925 проба, фианит"
fold_01,Обувь,292057872648,369367305679,1,0.371,0.51,лоферы enrico fantory,"enrico fantory / лоферы, мокасины"
fold_01,Хобби и творчество,292057873211,773094133471,0,0.969,0.931,"без бренда пуговица костюмная с проколами 32 "" ( 20 мм) № а008 черный, 1 шт. в заказе","пуговица костюмная с проколами 32 "" ( 20 мм) № а008 черный, 1 шт. в заказе"
fold_01,Мебель,292057882764,730144460956,0,0.937,0.832,"лига диванов угловой диван ,240х170х90см","угловой диван лига диванов белла правый основа микровельвет коричневый, компаньон микровельвет сиреневый 117640"
fold_01,Одежда,292057896152,592705561472,1,0.054,0.076,sarkech / брюки джоггеры,комплект одежды zara
fold_01,Хобби и творчество,292057907230,558345754348,1,0.382,0.282,"алмазная мозаика диамант набор со стразами 2,7мм, икона ""прсв. богородица остробрамская"" 17*23 см",000 - art- наборы мозаика иконы / алмазная мозаика бца остробрамская 14*19 см
fold_01,Музыкальные инструменты,292057928206,154618969987,1,0.387,0.297,"чехол для бас-гитары, черепа/черный, mezzo mz-chgb-3skull2/b",чехол для электрогитары mezzo mz-chge-3skull2
fold_01,Бытовая химия,300647721667,566935752766,0,0.944,0.865,маркопул кемиклс экви-минус 1кг п/э пакет гранулы для понижения уровня рн воды,"маркопул кемиклс / маркопул экви-минус, 1кг для понижения рн воды в гранулах"
fold_01,Хобби и творчество,300647739357,223338397189,0,0.941,0.989,"арт узор фетр мягкий 1 мм ""тёмно-синий"" набор 10 листов формат а4","арт узор фетр мягкий 1 мм ""тёмно-синий"", формат а4, 1 набор по 10 листов"
fold_01,Красота и гигиена,300647739533,807453857761,0,0.959,0.773,маска 20 мл*5 шт с экстрактами алоэ и зеленого чая deoproce color synergy effect sheet mask green,"тканевая маска на основе экстрактов алоэ и зеленого чая deoproce color synergy effect sheet mask green, 20 г - 5 шт"
fold_01,Продукты питания,300647747390,17179903305,1,0.297,0.057,"совушкин дом / гвоздика молотая, гвоздика для чая, 50 грамм","горчичный порошок, 50г, совушкин дом"
fold_01,Хобби и творчество,300647774358,816043796900,0,0.968,0.988,игра настольная 'словодел',"десятое королевство настольная игра ""словодел"""
fold_01,Бытовая химия,300647786215,85899435877,0,0.925,0.848,средство для чистки плит sanita спрей антижир 500г для стеклокерамики,санита / средство для чистки плит sanita спрей антижир 500г для стекл
fold_01,Строительство и ремонт,300647811138,695784825233,1,0.326,0.265,плавкая вставка предохранителя габарит 00 160а tdm ппнн-33,"tdm electric плавкая вставка предохранителя ппнн-33, габарит 00, 16а tdm (упак.3шт)"
fold_01,Галантерея и аксессуары,300647823331,395137018440,1,0.29,0.73,marc jacobs / сумка,marc jacobs сумка на плечо
fold_01,Продукты питания,300647842375,661425040307,0,0.926,0.841,"кофе растворимый nescafe  3 в 1 крепкий , комплект 20 пакетиков по 14,5 г (упаковка 290 г) 1 шт.","растворимый кофе nescafe 3 в 1 крепкий, в стиках, 20 уп., 290 г"
fold_01,Бытовая техника,300647857006,489626341305,0,0.929,0.962,электромясорубка moulinex hv8 me688832,moulinex / мясорубка moulinex me688832
fold_01,Товары для животных,300647858911,798863927116,0,0.98,0.97,"ошейник для животных двухслойный, с фастексом квадраты, 30 х 1 см, голубой, 1 шт.","ошейник / ошейник двухслойный с фастексом квадраты, 30 х 1 см, голубой"
fold_01,Электроника,309237680342,446676730756,1,0.2,0.054,чип-резистор smd 1206 56ком 5% 50штук,без бренда чип-резистор smd 0805 1.1ком 5% 50штук
fold_01,Галантерея и аксессуары,309237682979,51539645366,0,0.934,0.991,сумка baseus easyjourney series dark grey lbjx010013,сумка baseus easyjourney серая lbjx010013
fold_01,Мебель,309237716363,566935725214,1,0.366,0.603,"е1 шкаф-купе 1,6 экспресс 2-х дверный 160 х 240 х 45 фотопечать на стекле №1022 улица белый","шкаф-купе 1,6 экспресс 2-х дверный 160 х 240 х 45 фотопечать на стекле №1022 улица крафт табачный"
fold_01,Красота и гигиена,309237729765,764504256249,0,0.968,0.928,"dr.ceuracle тонер успокаивающий с центеллой - cica regen 92 toner, 120мл",dr.ceuracle / успокаивающий тонер с центеллой cica regen 92 toner 120ml
fold_01,Аптека,309237735903,180388692067,0,0.935,0.819,"мультифокальные линзы biofinity multifocal, ежемесячные, -3.25 / 14 / 8.6, аддидация: +1.50n, оптический дизайн: n, 3 шт.","контактные линзы coopervision biofinity multifocal, 3 шт., r 8,6, d -3,25, add: +1.50 n, прозрачный"
fold_01,Ювелирные изделия,309237742401,833223715588,1,0.123,0.428,"gold center подвеска gold center, красное золото, 585 проба, фианит",золото дисконт подвеска золото желтое 585 пробы
fold_01,Продукты питания,309237754433,85899378228,0,0.938,0.428,бабушкино лукошко чай детский шиповник с 4-х месяцев ф/п 1г №20,бабушкино лукошко / чай детский шиповник 4+ мес 20 шт
fold_01,Детские товары,309237756582,300647780815,0,0.932,0.985,пазл step puzzle львенок и черепаха 35 элементов,степ пазл / макси-пазл 35 эл. львенок и черепаха (new)
fold_01,Хобби и творчество,309237789794,188978686099,0,0.955,0.809,1шт пазлы набор 4 в 1 новый год с друзьями,mjmax / пазлы набор 4 в 1 новый год с друзьями
fold_01,Детские товары,309237794658,309237667181,1,0.387,0.531,"машинка kinsmart porsche 911 gt2 rs 1:36 (белая), арт.кт5408/3",kinsmart / машинка металлическая porsche 911 gt3 rs 2010
fold_01,Электроника,309237802690,25769948463,1,0.357,0.362,"чехол nillkin для oneplus 10 pro, с матовой задней частью пк, тонкий ударопрочный чехол для oneplus 10 pro, защитный чехол",nillkin / жесткий чехол накладка для oneplus ace pro и 10t 5g
fold_01,Спорт и отдых,309237810063,68719610975,1,0.169,0.415,"тент 0,6х5м из материала оксфорд 600d",не определен тент из материала оксфорд 600d
fold_01,Хобби и творчество,317827586527,455266687509,1,0.166,0.389,набор бирок с именем виктория,без бренда набор бирок с именем елена
fold_01,Товары для животных,317827635667,833223669562,1,0.253,0.141,"homecat / кукурузный наполнитель для кошачьего туалета,6 л",homecat ecoline комкующийся наполнитель для кошачьих туалетов с ароматом яблока - 12 л
fold_01,Дом и сад,317827637563,120259156216,1,0.316,0.265,"ложка столовая kunstwerk аркада бэйсик 200х40мм, нерж. сталь",kunstwerk набор чайных ложек
fold_01,Канцелярские товары,317827684512,412316908353,0,0.925,0.492,"блокнот, люблю не могу, 32 листа, 1 шт.",artfox. / бумага художественная
fold_01,Галантерея и аксессуары,317827691370,309237695651,1,0.394,0.721,часы восток / часы наручные восток командирские 431171,восток часы наручные механические
fold_01,Строительство и ремонт,317827691828,274878021858,0,0.926,0.957,герметик силиконовый санитарный экон прозрачный 280 мл,экон / герметик силикон. санитар. экон прозрач. 280мл
fold_01,Мебель,317827704763,618475421532,0,0.992,0.898,"усиленное тканевое сиденье для садовых качелей tplus 1150x440х510 мм. (оксфорд 600, олива)","сиденье для качелей садовых 1150x510/440 мм. (оксфорд 600, олива), tplus"
fold_01,Мебель,317827712489,352187425269,1,0.21,0.578,"лига диванов двуспальная кровать, 160х200 см",кровать лига диванов кариба 160 экокожа черный
fold_01,Дом и сад,326417526486,841813596886,0,0.992,0.982,аэлита / маттиола летний вечер,"маттиола летний вечер 0,5г"
fold_01,Продукты питания,326417532793,108770,1,0.228,0.575,с.пудовъ мука с. пудовъ кондитерская самоподнимающаяся 500г х 2шт,"мука кондитерская самоподнимающаяся с.пудовъ, бумажный пакет, 2 килограмма"
fold_01,Аптека,326417538301,730144584931,1,0.033,0.122,"астигматические линзы adria o2o2 toric, ежемесячные, sph -7,00, cyl -0,75, ax 010, 6 шт.","контактные линзы adria o2o2 toric, 6 шт., r 8,6, d -6, cyl: -2,25, aх: 180"
fold_01,Товары для животных,326417559688,309237748230,0,0.965,0.922,"monge dog bwild grain free беззерновой корм из лосося для взрослых собак всех пород, 12 кг",monge / monge dog bwild grain free для взрослых собак из лосося 12кг
fold_01,Спорт и отдых,326417563016,798863984066,1,0.38,0.256,blue fox / блесна вращающаяся blue fox vibrax shad 3 8гр.,блесна вращающаяся blue fox shad 5 /bs / 13гр.
fold_01,Одежда,326417570461,103079311453,1,0.314,0.216,бюстгальтер lanny mode,lanny mode / бюстгальтер полупоролон с эластичным мягким кружевом
fold_01,Продукты питания,326417596512,85899467039,0,0.952,0.88,"мёд алтайский гречишный, натуральный цветочный, 500 г","медовый край мёд алтайский гречишный, натуральный цветочный, 500 г"
fold_01,Товары для животных,326417598375,420906828352,0,0.943,0.859,"деревенские лакомства кальциевая косточка, с уткой, для собак мини-пород ",деревенские лакомства / натуральное лакомство для собак кальциевая косточка с уткой
fold_01,Автотовары,326417602158,223338424488,1,0.376,0.007,автомобильные шины nexen n'blue hd plus 215/45 r16 86h,nexen nexen nblue hd plus 175/65-r14 82h шины летние 175/65  r14 82h
fold_01,Продукты питания,326417606877,154618959080,0,0.932,0.888,чай в пакетиках черный greenfield earl grey fantasy 100 пакетиков!!!,"чай черный greenfield earl grey fantasy в пакетиках, цитрус, классический, 200 г, 100 пак."
fold_01,Бытовая химия,326417611172,541165959649,0,0.99,0.963,крем чистящий для кухни rocket soap белизна и свежесть 400 мл - 1 шт,rocket soap / крем чистящий для кухни белизна и свежесть 400 мл
fold_01,Автотовары,326417624173,609885428896,1,0.364,0.261,амортизатор,winkod амортизатор
fold_01,Канцелярские товары,326417625148,8590089558,1,0.359,0.741,грамота диплом любимая бабушка а4,"грамота для награждения любимая бабушка, а4"
fold_01,Спорт и отдых,326417635094,635655274345,0,0.932,0.991,"не определен гимнастическая с палочкой grace dance, 4 м, цвет оранжевый","лента гимнастическая с палочкой grace dance , длина 4 м , цвет оранжевый"
fold_01,Товары для животных,326417650801,833223788938,0,0.926,0.924,"не определен ошейник кошачий с пряжкой в форме кошки, ширина 1 см, розовый","ошейник кошачий с пряжкой в форме кошки, ширина 1 см, розовый"
fold_01,Канцелярские товары,326417660970,17179948475,1,0.208,0.714,"калькулятор карманный citizen lc-110nr, 10 шт.",citizen / калькулятор карманный citizen lc-110n (4шт)
fold_01,Электроника,335007463979,609885464986,1,0.315,0.829,"ноутбук asus 16"" midnight black (90nb1041-m003y0)","asus tn3604ya-mc093w 16&quot,  midnight black ноутбук 16"", amd ryzen 5 pro 7530u, ram 8 гб, amd radeon vega 7, windows home, черный"
fold_01,Дом и сад,335007488653,8590061605,1,0.231,0.397,постельное бельё/евро/простынь 230x250/наволочки 50x70/комплект/сатин/tango,розовые сны / постельное белье
fold_01,Продукты питания,335007514038,506806169629,1,0.294,0.545,"чай зеленый greenfield flying dragon, 100пак, россия, 100 пак","greenfield / чай зеленый flying dragon листовой, 100г"
fold_01,Музыкальные инструменты,335007562505,34359856074,1,0.371,0.459,kyser / kgdb каподастр,kyser kge ba каподастр для электрогитары
fold_01,Товары для животных,335007572996,335007571792,1,0.349,0.437,"ferplast daytona c25/45 ошейник, коричневый, 45 см",ferplast / ошейник для собак прогулочный c 15/35
fold_01,Канцелярские товары,335007589677,231928267896,1,0.343,0.416,"не определен скетчбук а4 50 листов блокнот для рисования красочный череп (скелет, анатомия) - 136 в","скетчбук а4 50 листов блокнот для рисования, эскизов с деревянной обложкой сериал сыны анрахии (sons of anarchy, мотоцикл, байкеры) - 123 в"
fold_01,Одежда,335007591165,266288067120,1,0.385,0.44,monifa / водолазка,водолазка golden stylexxxxxl новинка
fold_01,Строительство и ремонт,343597427493,627065310657,0,0.987,0.614,накладная раковина belbagno bb1084-h301,раковина belbagno bb1084-h301 чёрная матовая
fold_01,Продукты питания,343597430092,850403544406,0,0.983,0.759,"соус aroy-d сладкий чили для курицы 2,4л","соус ""чили сладкий для курицы"" aroy-d, 2,4 кг"
fold_01,Музыкальные инструменты,343597436745,644245106369,0,0.963,0.781,струны для классической гитары aquila sugar 157c,струны для классической гитары aquila sugar 157c
fold_01,Бытовая химия,343597437458,558345899586,0,0.948,0.977,"акватория макси-пул-комплекс, 500мл",акватория / средство для бассейна акватория макси-пул-комплекс
fold_01,Мебель,343597438657,94489284979,1,0.295,0.581,"комод, 8 ящ., 190х55x80 см",не определен комод франц 8 ящ. графит
fold_01,Бытовая химия,343597444834,438086759840,0,0.926,0.927,бреф средство чистящее для унитаза bref сила-актив лимонная свежесть 50г х 2шт,"bref, подвесной блок для унитаза сила-актив, лимонная свежесть, 2 штуки по 50 грамм, блистер"
fold_01,Спорт и отдых,343597472681,197568638529,1,0.302,0.156,"мореман плетеный швартовный конец, 12,7 мм x 7,5 м, желтый/белый (10255174)","плетеный швартовный конец, 12,7 мм x 6 м, темно-серый (10255171)"
fold_01,Товары для животных,343597476023,558345818786,0,0.923,0.835,сухой корм brit premium by nature adult s для взрослых собак маленьких пород (3 кг),"brit premium / корм для собак, мелких, курица, 3кг"
fold_01,Спорт и отдых,352187323263,214748372853,1,0.324,0.558,"minoga мягкая приманка для рыбалки, 75 мм","силиконовая приманка minoga cooper 3"" (6шт) 75мм, цвет 006"
fold_01,Бытовая химия,352187326582,377957273177,0,0.95,0.912,hygiene / гель для стирки цветок пиона 1800 мл,hygiene гель для стирки жидкий порошок парфюмированный цветок пиона (1800мл) expert wash peony blossom
fold_01,Музыкальные инструменты,352187329587,618475404671,1,0.291,0.015,"sxl080 xl nickel wound отдельная струна для бас-гитары, никелированная, .080, d'addario","xl nickel wound отдельная струна для бас-гитары, никелированная, .065, d'addario sxl065"
fold_01,Бытовая техника,352187342096,128849049543,1,0.349,0.039,сушильная машина lg f4j3ts2w,maunfeld / встраиваемая стиральная машина mbwm1486s
fold_01,Хобби и творчество,352187364337,463856579647,0,0.942,0.905,"я сам / набор для опытов ""моё удивительное тело""","набор для опытов ""мое удивительное тело"""
fold_01,Строительство и ремонт,352187376088,77309475788,0,0.944,0.929,"stayer / stayer procut 133мм, коронка би-металлическая,","биметаллическая коронка stayer procut 133 мм, 29547-133"
fold_01,Музыкальные инструменты,352187382045,188978590027,1,0.247,0.118,"sr2635 java трости для саксофона альт №3,5 (10шт) vandoren","vandoren sr2615 трости для саксофона альт №1,5 (10шт)"
fold_01,Строительство и ремонт,352187388839,94489417214,1,0.315,0.047,"сибртех / сверло по дереву перовое, 25мм сибртех (70375)","сверло по дереву перовое, 22 мм сибртех 70372"
fold_01,Автотовары,352187395768,541165968223,1,0.379,0.011,at шланг тормозной передний ваз 2101 aт 6060-001вн-f,фильтр воздушный iberis ib771071
fold_01,Товары для животных,352187398438,463856488460,0,0.961,0.976,"сухой корм для щенков и молодых собак маленьких пород brit premium dog puppy and junior small, курица, 1 кг","корм brit premium dog puppy and junior small для щенков и молодых собак, с курицей 1 кг"
fold_01,Хобби и творчество,352187417563,807453976503,1,0.283,0.239,"спицы прямые gamma сталь, d 1,5 мм, 35 см, 2 шт, под никель (mkp-r)",спицы gamma прямые kn2h металл d 2.5 мм 35 см 2 шт с покрытием
fold_01,Галантерея и аксессуары,352187435769,377957206537,1,0.292,0.536,"starpony солнцезащитные очки / 1 шт. очки солнцезащитные ""nesun""",one sun очки солнцезащитные
fold_01,Мебель,352187452307,463856487829,1,0.108,0.181,"solarius односпальная кровать, 100х200 см",кровать solarius kompakt80lak-full 80x200 см массив сосны цвет сосна
fold_01,Бытовая техника,352187458846,687194840862,0,0.949,0.932,вытяжка каминная купольная krona bella push button 500 белый,krona / krona bella 500 white push button вытяжка кухонная
fold_01,Хобби и творчество,352187472582,180388783797,1,0.343,0.775,не определен набор для творчества «создай украшение»,"набор для творчества ""создай украшение"""
fold_01,Детские товары,360777263162,94489426338,0,0.929,0.901,"iq-zabiaka счётные палочки по методике кюизенера, 32 шт, в пакете","счётные палочки по методике кюизенера, 32 шт."
fold_01,Бытовая химия,360777280219,163208846217,0,0.93,0.798,средство synergetic для плит от жира и нагара универсальное 500 мл,универсальное чистящее средство synergetic антижир спрей 500 мл
fold_01,Бытовая химия,360777304097,412316870582,0,0.948,0.972,ушастый нянь / гель для стирки,гель для стирки ушастый нянь 750 мл
fold_01,Хобби и творчество,360777320773,790274041858,1,0.345,0.752,"универсальные швейные нитки aerofil madeira № 120, 400 м","универсальные швейные нитки aerofil madeira № 120, 400 м"
fold_01,Автотовары,360777330093,627065339279,1,0.378,0.007,auto start / автомагнитола для kia sorento 2009-2012 киа соренто 2,пружина передняя kia sorento toyota 2.2 09-12;
fold_01,Бытовая техника,360777369078,472446530597,1,0.346,0.403,вертикальный пылесос,vz / пылесос вертикальный
fold_01,Хобби и творчество,360777383837,652835092061,0,0.921,0.863,"in mother's hands / набор пиши-стирай ""учу и пишу цифры""","набор пиши-стирай ""учу и пишу цифры"", карточки с цифрами и картинками, маркер"
fold_01,Канцелярские товары,360777392778,317827637094,0,0.93,0.82,луч / краски для рисования,"краски акварельные луч ""классика"", 32 цвета, медовые, без кисти, пластиковая коробка, 26с1579-08, 1ед. в комплекте"
fold_01,Обувь,360777409998,266287993958,1,0.357,0.304,женские кеды/converse/кеды / кеды,кроссовки converse кеды
fold_01,Хобби и творчество,360777414812,163208885638,1,0.364,0.38,"буква-ленд раскраска по номерам «страна волшебства», 16 стр, формат а4","раскраска по номерам ""волшебные единороги"", 16 стр., формат а4"
fold_01,Хобби и творчество,360777418151,463856590543,0,0.994,0.813,настольная игра тарантинки. где я нахожусь?,десятое королевство игра настольная «тарантинки. где я нахожусь?»
fold_01,Продукты питания,369367208772,420906834776,1,0.274,0.128,rioba / чай rioba/риоба в ассортименте,"rioba чай зеленый байховый для заваривания в чайнике молочный улун (5г х 20шт), 100г"
fold_01,Спорт и отдых,369367212934,25769896787,1,0.19,0.308,очки для плавания fila,fila / очки для плавания fila
fold_01,Галантерея и аксессуары,369367266269,146028956280,1,0.391,0.446,best favors обложка для автодокументов,mellingward / обложка для паспорта
fold_01,Красота и гигиена,369367316917,395137109603,0,0.939,0.985,"nivea дезодорант стик женский жемчужная красота, 50мл",дезодорант-антиперспирант стик для тела nivea жемчужная красота женский 50 мл
fold_01,Мебель,369367321296,747324465957,1,0.382,0.795,лига диванов / кухонный угловой диван лофт правый угол,"кухонный уголок кухонный угловой диван лофт правый угол, 197х136х85 см"
fold_01,Дом и сад,369367325947,34359785218,0,0.929,0.814,"кашпо, 0.7 л","my sweet home / фигурное кашпо ""ананас"" белое, 0,7 л , 1"
fold_01,Продукты питания,369367338879,661425068408,1,0.278,0.044,кофе bushido kodo сублимированный молотый в растворимом 95г.,"fresco / кофе fresco arabica blend натуральный растворимый, 100г"
fold_01,Строительство и ремонт,377957135676,94489293690,0,0.97,0.807,мойка высокого давления huter w195-ql,huter / мойка высокого давления w195-ql
fold_01,Детские товары,377957138674,25674,0,0.947,0.835,"танк радиоуправляемый fighter, 4wd, управление жестами, стреляет гелевыми пулями, цвет чёрно-синий","noname танк радиоуправляемый fighter, 4wd, управление жестами, стреляет гелевыми пулями, цвет чёрно-синий"
fold_01,Продукты питания,377957151764,369367191396,1,0.397,0.219,"поздний завтрак масло пять перцев ""поздний завтрак"" первый холодный отжим, 100мл, стекло бут.","масло прованские травы ""поздний завтрак"" первый холодный отжим, 100мл"
fold_01,Автотовары,377957189807,721554552861,1,0.356,0.011,"фильтр масляный chevrolet captiva (c100, c140) 2.2d 10-","mazda / прокладка фланца системы охлаждения 323, 626"
fold_01,Бытовая химия,377957205399,128849077377,0,0.933,0.829,средство для мытья посуды aos бальзам алоэ вера 900мл.,бальзам aos для мытья посуды алоэ вера 900г
fold_01,Дом и сад,377957234126,738734487261,1,0.353,0.852,fotografia / фотоальбом 200 фото 10х15см,"фотоальбом fotografia 10x15 см 200 фото, книжный переплет, крафт, красный"
fold_01,Музыкальные инструменты,377957242410,60129561020,1,0.252,0.331,смычок для скрипки antonio mvb-23 1/8,antonio lavazza bl-32 1/4 - смычок для скрипки  размер 1/4
fold_01,Одежда,377957249266,377957221133,1,0.212,0.212,футболка glowpoint роблокс,printplace / футболка мем skibidi toilet скибиди туалет
fold_01,Бытовая техника,377957261167,446676692383,0,0.967,0.895,водонагреватель накопительный edisson es 30 v,водонагреватель электрический edisson es 30 v
fold_01,Хобби и творчество,377957284142,8590048516,0,0.978,0.819,"1шт пазл велосипеды в амстердаме,1000 элементов","рыжий кот пазл «нидерланды. велосипеды в амстердаме», 1000 элементов"
fold_01,Автотовары,386547067789,489626389946,1,0.344,0.3,"наклейки на автомобиль с надписью ""короли рождаются в феврале"" на день рождения",наклейки за копейки наклейка на авто короли рождаются в марте 10 см
fold_01,Бытовая химия,386547085797,163208831232,0,0.932,0.894,"dr. beckmann ловушка для цвета и грязи dr.beckmann эко, салфетки одноразовые, 22 шт.","dr. beckmann ловушка для цвета и грязи, 22 шт в уп"
fold_01,Строительство и ремонт,386547103892,180388705025,1,0.382,0.536,"ambiente потолочный светильник, e27, 24 вт",потолочный светильник ambiente toledo 02155/35 pl wp
fold_01,Канцелярские товары,386547105819,652835140592,1,0.384,0.488,"карандаши 24 цвета  заточенные, шестигранные, пластиковые, картонная упаковка, европодвес","не определен карандаши 24 цвета, заточенные, трехгранные, пластиковые, картонная упаковка, европодвес"
fold_01,Дом и сад,386547106628,188978656724,1,0.376,0.38,"барсоня семена / 5 пак. семена перец ""валентинка"", 20 шт",china семена
fold_01,Товары для животных,386547176663,68719562869,0,0.942,0.979,little one фруктовая смесь - лакомство для всех видов грызунов 200г,little one snack fruit mix лакомство для грызунов “фруктовая смесь” (200 гр)
fold_01,Строительство и ремонт,386547181820,111669205889,1,0.349,0.223,барс диск пильный 155,"барс / пильный диск по дереву 140 x 20/16 мм, 20 твердосплавных зуб"
fold_01,Электроника,386547184081,773094237836,1,0.254,0.306,"моноблок teclast f27 air, 27"", intel core i5 12400, 16гб, 512гб ssd, intel uhd graphics 730, windows 11 pro, черный [f27 air 2k 1240016g512kru]","teclast 27"" моноблок f27 air 2k 1270016g1t512krussd 512 гб, windows 11 pro), f27 air 2k 1270016g1t512kru"
fold_01,Музыкальные инструменты,386547201801,326417615575,1,0.337,0.5,"чехол для 12-струнной гитары, lutner лчг12ц1","лютнер чехол для классической гитары, цветной, утепленный, lutner лчгкц2"
fold_01,Электроника,386547206318,764504256840,1,0.351,0.101,"logitech g мышь беспроводная g305 wireless, темно-серый",logitech / беспроводная мышь m350 pebble (910-005718)
fold_01,Бытовая химия,395136994312,541165895451,1,0.132,0.596,"жидкое средство ворсинка для шерстяных тканей 1,2л","ворсинка / средство для стирки деликатных тканей, 1,2л х 3шт"
fold_01,Бытовая техника,395137006978,755914312953,0,0.971,0.966,кофемолка электрическая lumme lu-2605,lumme / кофемолка электрическая lumme lu-2605
fold_01,Продукты питания,395137008239,292057807249,0,0.938,0.928,"bucheron / конфеты шоколадные, excellence, с миндалем, 190 грамм",набор конфет bucheron excellence с миндалем (новый год) 190 грамм
fold_01,Дом и сад,395137022421,103079356047,0,0.922,0.89,"шафран / тарелка риштанская керамика ""цветы"", 26 см","тарелка, 1 шт, керамика, диаметр 26 см"
fold_01,Дом и сад,395137023499,781684093758,0,0.967,0.896,"маска ""зебра"" албезия 50 см","не определен маска ""зебра"" албезия 50 см"
fold_01,Мебель,395137044249,833223808507,0,0.97,0.921,"кухня ""лондон"" 1,6 м - дуб белый/дуб крем","интерьер-центр кухня ""лондон"" 1,6 м - дуб белый/дуб крем"
fold_01,Строительство и ремонт,395137073722,764504225773,0,0.983,0.952,подвесной светильник g51209/1bk gerhort,gerhort / подвесной светильник g51209/1bk
fold_01,Красота и гигиена,395137082906,360777416312,1,0.123,0.248,рецепты бабушки агафьи / бальзам для волос кедровый питание и укрепление 500мл,"рецепты бабушки агафьи шампунь-настой для волос питание и укрепление кедровый, 500 мл, 3 шт"
fold_01,Одежда,395137092004,283467896812,1,0.271,0.4,джемпер водолазка свитер кофта мужская / свитер,джемпер massimo dutti
fold_01,Красота и гигиена,395137104298,498216319756,1,0.266,0.641,"belor design губная помада be color тон 135 темный шоколад, 2 шт",belor design / помада кремовая be color 135
fold_01,Обувь,395137122298,841813648806,1,0.376,0.467,угги tendance,"ruggi угги ruggi, размер 41, серый"
fold_01,Товары для животных,395137122939,85899383676,0,0.975,0.841,"пижон вольер 24 секции, металлический, черный, 210 х 210 х 35 см, (35 х 35 см звено)","пижон вольер 24 секции, металлический, черный, 210 х 210 х 35 см, (35 х 35 см звено)"
fold_01,Канцелярские товары,395137155115,661425097573,1,0.317,0.581,"комплект 6 шт, ручка шариковая на подставке на липучке beifa 8863 красная, 50718","ручка шариковая на подставке beifa цвет чернил синий с пружиной (толщина линии 0,5 мм, красный корпус)"
fold_01,Мебель,403726932690,137439057039,1,0.285,0.327,шкаф-купе е1 экспресс 2-х дверный 120х220х45 лдсп зеркало белый снег,"шкаф-купе 1,2 экспресс 2-х дверный 120х240х45 лдсп зеркало белый снег"
fold_01,Канцелярские товары,403726957758,309237687882,1,0.27,0.323,папка тканевая а4 на кнопке (голубая) с внешним карманом,"asmar папка тканевая а4 на кнопке с внешним карманом ""asmar"""
fold_01,Бытовая химия,403726973915,42949704093,0,0.925,0.782,"bimax стиральный порошок ""100 пятен"", автомат, 400 гр, 2 штуки","bimax стиральный порошок 440 г для белых тканей, для цветных тканей"
fold_01,Ювелирные изделия,403726977151,163208879869,1,0.249,0.299,585gold цепочка золото красное 585 пробы,цепочка из золота 70 см :susy 321-01-0070-30176
fold_01,Мебель,403726987341,833223696046,1,0.035,0.47,"не определен шкаф-купе смарт-2 черный, 190х110х60","mebel house shop шкаф-купе смарт, черный лдсп, в детскую, 100х70х230 см"
fold_01,Галантерея и аксессуары,403726992960,566935788660,1,0.165,0.517,без бренда браслет,браслет
fold_01,Дом и сад,403727014328,111669293451,1,0.32,0.821,ковровая дорожка 150х600 см на пол mirkovrov7,mkovrolin.ru / ковровая дорожка 150х600 см
fold_01,Хобби и творчество,403727018834,584115630591,0,0.957,0.91,"пластилин 10 цветов, koh-i-noor детский, 200 г","пластилин 10 цветов, koh-i-noor детский, 200 г, европодвес"
fold_01,Продукты питания,403727026404,25769939398,0,0.989,0.946,"kortez / фигурный шоколад ангелочки, с рождеством набор, 50 г","фигурный шоколад ""ангелочки, с рождеством"" набор, 50 г"
fold_01,Галантерея и аксессуары,403727031849,17180028630,1,0.268,0.573,"наручные часы восток командирские, зеленый","часы наручные мужские механические восток командирские 439260, нейлон, синий"
fold_01,Детские товары,403727035952,77309564268,0,0.97,0.762,"конструктор гонка супергонщик, 3 варианта сборки, 143 детали","enkara / конструктор супергонщик, 3 варианта сборки, 143 детали"
fold_01,Хобби и творчество,403727045145,34359877078,1,0.3,0.125,отдушка парфюмерная gypsy water (unisex) 100мл,siara / отдушка парфюмерная tobacco vanille (unisex) 100мл
fold_01,Автотовары,403727065357,489626326290,1,0.357,0.372,"оплетка, чехол (накидка) на руль ленд ровер дефендер (2019 - 2024) внедорожник 5 дверей / land rover defender, натуральная кожа, черный","автопилот оплетка на руль ленд ровер дефендер (2019 - 2024) внедорожник 5 дверей / land rover defender, силикон, черный"
fold_01,Бытовая техника,403727072561,386547111616,0,0.942,0.881,тм sakura / гриль электрический sa-7667 2000 вт съемные панели,электрогриль sakura sa-7667 2000 вт
fold_01,Продукты питания,412316866211,85899457655,1,0.26,0.068,макаронные изделия bottega del sole спагетти 500 г 5 шт,макаронные изделия bottega del sole фетучини 500 г 5 шт
fold_01,Товары для животных,412316890187,154618833237,1,0.15,0.276,"деревенские лакомства нежное пюре для собак из говядины, 10г х 4шт","деревенские лакомства для собак нежное пюре из мяса утки, 4 шт, 10 г"
fold_01,Канцелярские товары,412316890794,42949726618,0,0.943,0.976,"гуашь 12 цветов ""гамма"" ""пчёлка"", 20 мл","гамма / гуашь ""пчелка"", 12 цветов, 20 мл, картон"
fold_01,Обувь,412316925436,17179979676,1,0.387,0.132,шлепанцы fre gamo,karabey / шлепанцы
fold_01,Красота и гигиена,412316938297,17179950320,1,0.388,0.514,"rili ресницы для наращивания рили изгиб d 0.10 6 мм, черные",rili / ресницы для наращивания черные рили m 0.10 06мм
fold_01,Продукты питания,412316967205,206158432147,1,0.333,0.444,соус heinz карри-манго для курицы 200 г,"соус heinz для курицы перечно-пряный, 200г - в заказе 1 шт.!"
fold_01,Детские товары,412316990497,601295448868,0,0.927,0.906,"одежда для пупса: платье розовое в цветочек, с бантиком","одежда для пупса: платье розовое в цветочек, с бантиком"
fold_01,Мебель,412317012369,695784736372,1,0.364,0.835,лига диванов интерьерная кровать аура 160,"лига диванов двуспальная кровать, 160х200 см"
fold_01,Детские товары,420906805406,678604978976,0,0.937,0.852,"kekw / конструктор ""фермер"", 112 деталей","конструктор полесье ""фермер"", 112 элементов, в мешке (4871)"
fold_01,Красота и гигиена,420906812004,627065373716,1,0.242,0.672,"rms beauty крем-основа 'un' cover-up cream foundation, 30 мл - 111","rms beauty крем-основа 'un' cover-up cream foundation, 30 мл - 99"
fold_01,Детские товары,420906812841,575525750853,0,0.927,0.941,"сюжетно-ролевые игрушки mary poppins стиральная машина умный дом, 453174","стиральная машина mary poppins ""умный дом"" коралл (453174)"
fold_01,Мебель,420906822949,60129611635,1,0.394,0.896,mypuff / большое кресло мешок груша xxxxl mypuff оксфорд принт,"mypuff кресло-мешок груша, оксфорд, размер xxxxl"
fold_01,Товары для животных,420906824214,566935717709,1,0.272,0.267,"корм сухой royal canin ""maine coon adult"", для кошек породы мейн-кун в возрасте старше 15 месяцев, 4 кг","сухой корм для кошек canin maine coon adult, 0,4 кг"
fold_01,Обувь,420906848528,678604992350,1,0.132,0.482,adidas / кроссовки adidas,кроссовки adidas
fold_01,Музыкальные инструменты,420906876500,455266614272,1,0.391,0.799,la bella / струны для 12 струнной акустической гитары la bella 710 12l,"710-12m medium комплект струн для акустической 12-струнной гитары ""шелк и сталь"" 12-56 la bella"
fold_01,Обувь,420906894381,455266626826,1,0.333,0.05,кроссовки swooshstride,кроссовки унисекс nike 2202-103456 желтые 40 eu
fold_01,Детские товары,420906927279,541165920677,1,0.351,0.166,"игрушка-браслет ""фанни петс"" с наклейками, олененок","nobrand игрушка-браслет «фанни петс» с наклейками, бегемотик"
fold_01,Галантерея и аксессуары,420906928609,292057786259,1,0.325,0.344,"take it easy / авоська, 41 х 27 см, ручка 17 см, клетка 1.5 см, желтая","take it easy, авоська, 35х38 см, ручка 25 см, желтая"
fold_01,Автотовары,420906930148,446676620012,1,0.368,0.171,амортизатор,dynamatrix амортизатор
fold_01,Хобби и творчество,429496732465,429496737746,1,0.345,0.164,"арт узор набор бусин для творчества пластик ""сердечки и звёзды"" цветные 20 гр 0,4х0,7х0,7 см","бусины для творчества пластик ""яркие кружочки с буквами"" набор 20 гр 0,4х0,7х0,7 см"
fold_01,Одежда,429496734251,506806199184,1,0.114,0.081,джинсы t.one symbol,defaeco / брюки вельветовые бананы мом на резинке
fold_01,Продукты питания,429496743970,335007582117,0,0.936,0.537,"кофе в капсулах nespresso ispirazione roma, упаковка 10 шт","кофе в капсулах nespresso ispirazione roma, 10 кап. в уп., 10 уп."
fold_01,Продукты питания,429496798357,515396165766,1,0.32,0.153,"aroma / чай зеленый ""лимон и имбирь""","aroma tea coffee. чай зеленый ""великий император"""
fold_01,Канцелярские товары,429496799582,481036475722,0,0.975,0.963,"globen / глобус физический рельефный,210 мм","глобус физический рельефный, 210 мм"
fold_01,Бытовая техника,429496826322,240518304703,0,0.967,0.974,"соковыжималка куряночка (садовая) свпп-201 без шинковки, 250вт, г.курск",спектр-прибор / соковыжималка куряночка свпп-201 без шинковки
fold_01,Хобби и творчество,429496841507,618475376516,0,0.951,0.881,"набор для творчества ""светящийся шар с гидрогелем"", динозаврик","школа талантов / набор для творчества развивающий ""светящийся шар с гидрогелем"", динозаврик"
fold_01,Галантерея и аксессуары,429496844936,395137112766,1,0.34,0.891,"кошелёк на магните, цвет серый","кошелёк на магните, цвет серый"
fold_01,Дом и сад,438086727894,292057847061,1,0.368,0.397,"кананга душистая - ароматическое саше аурасо, парфюмированная подушечка для дома, шкафа, белья, аромасаше для автомобиля","аурасо / молоко - ароматическое саше для дома, шкафа"
fold_01,Спорт и отдых,438086750629,833223706654,1,0.271,0.076,гейнер для набора массы mutant mass 2720 гр тройной шоколад и ванильное мороженое,"mutant / гейнер мутант масс mutant mass, 2270 г (5lb)"
fold_01,Строительство и ремонт,438086756749,360777349065,1,0.397,0.753,"dkc mkf999ws1 маркер для кабеля сечением 0,5-1,5мм","маркер для кабеля сечением 0,5-1,5мм символ „7” (упак. 200шт) mkf7s1 dkc ( 8 упак.)"
fold_01,Бытовая химия,438086777310,292057816455,1,0.3,0.749,"lenor концентрированный кондиционер для белья альпийские луга, 2л, 6 упаковок","lenor / кондиционер для белья lenor альпийские луга 2 л , ленор"
fold_01,Ювелирные изделия,438086817585,214748445521,1,0.388,0.796,"златамира серьги златамира, серебро, 925 проба, рубин, фианит","златамира, серьги из серебра с рубинами 2580001046205 серьги (ag 925)"
fold_01,Бытовая химия,446676609319,51539721813,0,0.937,0.826,"гель от тараканов и муравьев великий воин, 45 г","великий воин гель от муравьев великий воин, 45 г"
fold_01,Бытовая химия,446676720760,841813678670,1,0.301,0.582,"gold mint освежитель воздуха зеленый коктейль, 300 мл, 6 штук","gold mint освежитель воздуха зеленое яблоко, 300 мл, 6 шт"
fold_01,Галантерея и аксессуары,446676732930,506806207857,1,0.321,0.734,tissot часы наручные кварцевые,tissoт / оригинальные наручные часы
fold_01,Канцелярские товары,446676737112,403726991384,1,0.386,0.229,"этикетки для cd/dvd promega label (a4, 2 штуки на листе, d 117/41 мм, 25 листов, белые)","promega label / этикетки самоклеящиеся 48,5х25,4 мм ба4 100 листов"
fold_01,Бытовая химия,455266545024,214748378732,0,0.934,0.88,tiret / гель professional для удаления засоров в трубах (канализации),гель tiret профессионал для устранения засоров в канализационных трубах 1 л
fold_01,Продукты питания,455266578044,670014973469,0,0.957,0.97,"мистраль рис для плова традиционного, 900 г",рис мистраль для плова традиционного 900г
fold_01,Дом и сад,455266608617,103079308836,1,0.272,0.064,"best favors свеча ароматическая ""абрикос"", 15 см, 1 шт","свеча ароматическая в банке stella fragrance ""cinnamon orange"", соевый воск, 50 гр."
fold_01,Галантерея и аксессуары,455266609113,420906875639,1,0.344,0.705,сумка на плечо кросс-боди barez,barez / сумка нагрудная через плечо
fold_01,Ювелирные изделия,455266630074,661424993003,1,0.076,0.116,"серьги из белого золота diamant 52-120-01945-1, фианит","diamant, серьги из белого золота с бриллиантами, 52-220-02092-1, декоративные, 585 проба"
fold_01,Канцелярские товары,455266630818,335007532284,0,0.93,0.756,короб архивный делопроизводство а4 325х235х180,noname / короб архивный
fold_01,Дом и сад,455266637559,798864042597,1,0.377,0.748,ковер 0.8x1.5м,dream coil / ковер 80х150 комнатный напольный с ворсом
fold_01,Мебель,455266647274,438086776489,1,0.308,0.47,диванов угловой лига диванов 28504 кармен 200x88x140 см микровельвет цвет белый/коричневый,"лига диванов угловой диван ,202х143х89см"
fold_01,Дом и сад,455266647310,515396154936,1,0.136,0.486,штора на шторной ленте блэкаут helga руфио 300x270 см цвет коричневый,at home комплект портьер 270х150см
fold_01,Продукты питания,455266673977,738734470443,1,0.171,0.208,wowman / набор crazy box чай ройбуш+улун те гуань инь,подарочный набор wowman crazy box чай ройбуш классический/улун медовая дыня/чай с бергамотом классический
fold_01,Музыкальные инструменты,463856528004,644245230496,1,0.175,0.722,"music life, калимба 17 нот, дикий мир","калимба music life 17 нот, цветочное поле"
fold_01,Хобби и творчество,463856568033,223338323801,1,0.268,0.53,нитки мулине bestex 6 шт по 8 метров. цвет 717,"нитки для шитья ""bestex"" мулине, хлопок (6шт х 8м)"
fold_01,Товары для животных,463856587191,601295500293,0,0.96,0.949,аквариумное растение rabizy дерево 23х8х33 см,аквариумное растение rabizy дерево 23х8х33 см
fold_01,Мебель,463856604500,601295490586,1,0.134,0.358,комплект мебели дуб бардолино/белый глянец 101 см sancos smart sm100e + cn7003 + ar1000,"sancos тумба с раковиной, 119х45х50 см, smart"
fold_01,Строительство и ремонт,463856622421,773094191414,1,0.348,0.367,душевое ограждение ambassador forsa 110x90x200 17021217ab-90ab,душевое ограждение ambassador forsa 17021217ab-80ab 1100х800x2000
fold_01,Хобби и творчество,472446406458,807453903986,1,0.242,0.555,нить универсальная seralon 100 ( amann group германия ) 200 метров цвет 0105 fire engine,"amann group mettler нитки для вышивания poly sheen, 2101 200 м"
fold_01,Товары для животных,472446414290,34359812426,0,0.961,0.697,"canin / сухой корм для щенков гигантских пород 3,5 кг","royal canin корм сухой для щенков гигантских пород 3,5 кг"
fold_01,Канцелярские товары,472446463589,326417644814,0,0.956,0.647,закладка магнитная 'пони и единороги',lisik. закладка
fold_01,Хобби и творчество,472446464816,180388739554,0,0.959,0.999,"добрый мастер деревянные заготовки / декупаж, деревянная заготовка для творчества ""добрый мастер"" ""ангелочек""фанера 6,5*7,2см (5шт)","""добрый мастер"" деревянная заготовка для декупажа №11059 ""ангелочек"" 6,5*7,2см (5шт), дерево"
fold_01,Хобби и творчество,472446485860,584115555427,1,0.291,0.698,"слайм прихлоп слайм «зефирка», цвет жёлтый и маджента, 100 г","слайм ""зефирка"", цвет красный, жёлтый 100 г"
fold_01,Дом и сад,472446497053,523986021136,1,0.276,0.287,/ крючки для полотенец,крючки для полотенец
fold_01,Детские товары,472446497709,618475434197,0,0.955,0.536,"набор ""инструменты""","mangustin / набор инструментов ""крутой механик"", 29 элементов"
fold_01,Музыкальные инструменты,472446539459,171798825013,1,0.371,0.492,dr / струны для акустической гитары 13-56 сша,струны для акустической гитары dr hi beam ha-13
fold_01,Товары для животных,481036346702,850403675572,0,0.922,0.87,лакомство для кошек dreamies mix подушечки говядина с сыром,"лакомство dreamies для взрослых кошек с говядиной и сыром mix (микс) говядина, сыр , 60г"
fold_01,Бытовая химия,481036349505,687194834103,1,0.353,0.207,"кондиционер для белья vernel ароматерапия дивная магнолия 1,74 л","кондиционер для белья vernel ароматерапия, пион и хлопок, 1,82 л"
fold_01,Строительство и ремонт,481036375311,627065299481,1,0.243,0.149,дюбель удлиненный желтый полипропилен потай 12х120 (20 шт),мастерболтиков дюбель удлиненный желтый полипропилен потай 12х200 (20 шт)
fold_01,Бытовая химия,481036386785,420906911874,1,0.205,0.454,"гель master fresh gold black для стирки черного белья 2,75 л","master fresh гель для стирки концентрат 2,75л gold 45стирок universal 3шт"
fold_01,Продукты питания,489626330083,618475363928,1,0.25,0.1,"каша ""самарский здоровяк"" №36 пшенично-гречневая с расторопшей и топинамбуром, 250 г.","самарский здоровяк / №72 каша пшенично-рисовая с пробиотиком, 250 г."
fold_01,Хобби и творчество,489626346836,292057906373,1,0.271,0.943,"арт узор бусины пластик ""кристалл многогранник. бледно-голубой"" прозрачный набор 20 гр 1х1х1 см","бусины пластик ""кристалл многогранник. небесный"" прозрачный набор 20 гр 1х1х1 см"
fold_01,Дом и сад,489626357800,712964574155,1,0.28,0.853,"светонепроницаемая рулонная штора уют сильвия белый, 57х175&nbsp;см",светонепроницаемая рулонная штора 52x175 см
fold_01,Одежда,489626380109,42949815099,1,0.306,0.522,eremes / джинсы прямые классические,джинсы eremes
fold_01,Ювелирные изделия,489626419211,214748490859,1,0.255,0.742,"jv браслет jv, серебро, 925 проба, фианит",element 47 браслет из серебра 925 пробы с кубическими цирконами
fold_01,Одежда,498216229845,695784813288,1,0.339,0.359,shop / платье с воротником,платье vulo mode
fold_01,Красота и гигиена,498216238841,120259226453,0,0.947,0.984,anua heartleaf pore control cleansing oil / гидрофильное масло для глубокого очищения пор-торговая точка,anua / гидрофильное масло anua heartleaf pore control cleansing oil
fold_01,Красота и гигиена,498216244245,231928289149,0,0.923,0.906,"сима-ленд татуировка на тело ""цветочки"" 10х15 см","татуировка на тело ""цветочки"" 10х15 см"
fold_01,Одежда,498216266367,584115604919,1,0.332,0.365,"rusco sport / шорты спортивные для мма snake, детские",шорты rusco sport
fold_01,Хобби и творчество,498216319239,584115666059,0,0.944,0.971,"nika мольберт детский, двусторонний «растущий», регулируется по высоте, размер 755 × 516 × 70 мм, микс","мольберт детский, двусторонний ""растущий"", регулируется по высоте, размер 755 x 516 x 70 мм"
fold_01,Музыкальные инструменты,498216320484,523986029395,1,0.295,0.558,"804-3с classical student 3c классическая гитара, alhambra",классическая гитара alhambra 843 classical cadete 3c
fold_01,Продукты питания,498216342651,146029021347,1,0.275,0.318,кофе intenso capri зерновой 1 кг,кофе rioba espresso арабика в зернах 1 кг
fold_01,Хобби и творчество,498216356881,833223685491,0,0.982,0.963,"набор химические опыты 2 в 1 ""волшебный лизун и жвачка для рук""",без бренда набор химические опыты 2 в 1 волшебный лизун и жвачка для рук оп-084
fold_01,Дом и сад,498216363912,17180026146,1,0.219,0.35,"портрет / подарок девушке, мужу, жене, маме, папе","подарок мужчине, парню, мужу"
fold_01,Продукты питания,506806145923,455266537045,0,0.958,0.998,"миндаль в карамели metro chef, 150 г","metro chef миндаль в карамели, 150г"
fold_01,Детские товары,506806161536,532575963227,0,0.991,0.959,"мягкая книжка-шуршалка развивающая по методике г. домана ""малыши"", 11х11 см","крошка я мягкая книжка-шуршалка развивающая по методике г. домана «малыши», 11х11 см"
fold_01,Товары для животных,506806164715,343597503644,1,0.356,0.633,наполнитель древесный cat's best комкующийся 50г.,"cats best / наполнитель для кошачьего туалета original, 2,1 кг 5 л"
fold_01,Одежда,506806193640,40308,1,0.35,0.211,"трусы слипы sergio dallini, 1 шт",трусы-слипы sergio dallini
fold_01,Строительство и ремонт,506806223413,773094218471,1,0.274,0.27,душевая кабина niagara classic ng-33084-14lbk 100x80,душевая кабина niagara classic ng-33184-14lbkt 110x80
fold_01,Галантерея и аксессуары,506806225343,798864045222,1,0.246,0.666,восток часы наручные механические,восток / часы наручные
fold_01,Дом и сад,506806258916,549755929045,0,0.925,0.942,"без бренда сувенир «слон тоша», 9х11см, гжель , цвет","сувенир слон тоша, 9х11 см, гжель"
fold_01,Бытовая химия,506806259140,549755925688,0,0.967,0.999,"блок для очищения унитаза domestos power 5 trio «ледяная магнолия», 3 шт. по 55 г","блок для унитаза domestos power 5 trio ледяная магнолия, защита от микробов и налета, 55 г 3 шт."
fold_01,Продукты питания,506806263064,180388671671,0,0.938,0.82,"жевательная резинка dirol x-fresh свежесть черники и цитруса без сахара со вкусом черники и цитрусовых фруктов 16г, россия, 1 шт в заказе!",жевательная резинка dirol x-fresh свежесть черники и цитруса без сахара 16 г
fold_01,Спорт и отдых,515396083895,738734485876,1,0.214,0.337,силиконовая приманка esox twirly grub 51 мм цвет fk002 motor oil red 8 шт,мягкая приманка для рыбалки esox twirly grub
fold_01,Галантерея и аксессуары,515396092082,670015024608,1,0.305,0.534,anikoya набор значков,значки на рюкзак фурина геншин импакт genshin impact
fold_01,Бытовая химия,515396102730,274878022652,0,0.961,0.954,капсулы для стирки персил пауэр капс 4в1 колор 28шт,капсулы для стирки персил 28 шт пауэр капс колор 4 в1
fold_01,Красота и гигиена,515396128930,635655226120,1,0.249,0.035,шампунь exxe ufc ultimate freshness против перхоти 400 мл,"гель для душа exxe ufc ultimate freshness ""тонизирующий"" 400 + 150 мл"
fold_01,Автотовары,515396142382,747324348322,1,0.331,0.006,roadstone eurovis sport 04 235/40r19 96w нешипованная,continental contisportcontact 5 шины летние 255/40  r18 
fold_01,Автотовары,515396160990,343597486257,1,0.353,0.487,"не определен оплетка на руль для lotus esprit turbo i(лотус еспирит) 1981-1987, s(35-37см), натуральная кожа 32","оплетка на рулевое колесо (накидка, чехол на руль) для lotus esprit turbo 2(лотус еспирит) 1988-1989 годов выпуска, размер s(35-37см), искусственная кожа 14"
fold_01,Канцелярские товары,515396175155,446676722982,1,0.259,0.235,"реалист обложки для переплета картонные, текстура: кожа, 230г/м2, а4, бежевый","обложки для переплета картонные, текстура: кожа, 230г/м2, а4, черные, 100 шт."
fold_01,Музыкальные инструменты,515396185297,627065273300,1,0.37,0.563,dunlop 15cd каподастр для гитары с закругленной накладкой грифа,dunlop 11f advanced guitar capo каподастр на ремешке для плоской накладки
fold_01,Ювелирные изделия,523986012956,403727055776,1,0.253,0.313,"первая бриллиантовая кольцо первая бриллиантовая, комбинированное золото, 585 проба, бриллиант, размер 15.5",золото дисконт кольцо золото комбинированное 585 пробы
fold_01,Дом и сад,523986039617,77309464813,1,0.276,0.535,"семена,2шт",поиск набор из 3 (трех) упаковок. душистый горошек мелоди биколор микс
fold_01,Бытовая техника,523986041440,833223796712,0,0.94,0.613,starwind / миксер планетарный starwind spm8183,"starwind стационарный миксер стационарный spm8183, серебристый, 1600 вт"
fold_01,Детские товары,523986058624,549755876085,0,0.969,0.96,imtun / игрушка йо-йо трюковой металлический с подшипниками,игрушка йо-йо трюковой металлический с подшипниками
fold_01,Одежда,523986072622,300647762948,1,0.31,0.109,костюм спортивный lanmar,lanmar / спортивный костюм теплый с начесом
fold_01,Электроника,523986110800,438086670394,1,0.299,0.032,вчехле / чехол книжка для xiaomi poco m5 / поко м5,чехол книжка elitcase для tecno spark 20 pro / техно спарк 20 про (тёмно-коричневая)
fold_01,Продукты питания,523986120829,197568557266,1,0.309,0.164,чай зеленый ahmad tea green tea классический в пакетиках 2 г х 100 шт,чай зеленый ahmad tea jasmine green tea с жасмином в пакетиках 2 г х 100 шт
fold_01,Аптека,523986136106,420906839542,1,0.354,0.481,"acuvue астигматические линзы oasys for astigmatism,ось:100_-2.75, 6 шт., -2.75 / 8.6/-2.75/100, 2 недели","астигматические линзы acuvue oasys for astigmatism, двухнедельные, -0.00 -2.75 030, 6 шт"
fold_01,Бытовая химия,523986160349,283467970889,0,0.96,0.928,"гель для стирки losk ""color"", для цветного белья, 1,3 л, 20 стирок",средство для стирки лоск color 1.3л
fold_01,Бытовая химия,532575951525,274877953080,1,0.25,0.728,"dr. beckmann пятновыводитель ""эксперт"" фрукты и напитки, 50 мл, 3 шт","dr.beckmann пятновыводитель эксперт, фрукты и напитки, 50мл"
fold_01,Мебель,532575961025,8590074387,1,0.054,0.076,"канц письменный стол, 150х24х120 см","канц стол приставной угловой канц, 600х600х750 мм, без опоры, цвет бук невский, пк34.10"
fold_01,Одежда,532575975312,790274116271,1,0.161,0.17,комплект одежды fresh blossom,win fashion / футболка с принтом
fold_01,Бытовая техника,532575981210,403726979978,0,0.968,0.997,"плитка электрическая настольная одноконфорочная белая, спираль, 220*67*225 мм, 230 в, 1 квт, шнур 0,8 м.","tdm electric плитка электрическая настольная одноконфорочная белая, спираль, 220*67*225 мм, 230 в, 1 квт, шнур 0,8 м."
fold_01,Хобби и творчество,532575989752,403727075017,1,0.329,0.116,"локопласт пряжка регулирующая, двухщелевая, 43 * 24 мм, ширина стропы - 35 мм, 6 шт, цвет зеленый","пряжка регулирующая, двухщелевая, 43 * 24 мм, ширина стропы - 35 мм, 6 шт, цвет черный"
fold_01,Электроника,532576081910,154618868440,0,0.925,0.995,most / сетевой фильтр arg 3м (6 розеток) белый,сетевой фильтр most arg 3м (6 розеток) белый
fold_01,Музыкальные инструменты,532576083425,68719605106,1,0.399,0.598,"пластик для бас-барабана 22"" hydraulic bass heads black evans bd22hbg","bd22emadonx emad onyx пластик для бас-барабана 22"", evans"
fold_01,Хобби и творчество,532576089786,558345789216,1,0.311,0.795,"бисер стекло 12/0 ""сине-фиолетовый"" яркий 450 гр","не определен бисер стекло 12/0 ""ультрамарин"" яркий 450 гр"
fold_01,Ювелирные изделия,541165911649,670015020263,1,0.307,0.169,"кольцо обручальное из желтого золота р. 16,5 sokolov 110182",золото дисконт кольцо золото красное 585 пробы
fold_01,Обувь,541165916581,652835124423,1,0.367,0.594,t-a-a / кроссовки hoka one one,кроссовки hoka one one
fold_01,Бытовая химия,541165944361,824633762257,0,0.98,0.997,airwick / освежитель воздуха airwick травяной чай и зимний лес 290 мл,"airwick освежитель воздуха, сибирская сказка травяной чай и зимний лес, 290 мл"
fold_01,Дом и сад,541165948556,8589943549,0,0.923,0.867,"наклейки на окна ""новогодние"" дед мороз, снежинки, 41 х 29 см","сима-ленд наклейки на окна ""новогодние"" снежинки, дед мороз, 41 х 29 см 7006878"
fold_01,Товары для животных,541165963585,627065254081,1,0.248,0.748,"влажный корм для кошек monge natural, с тихоокеанским тунцом, с лососем 80 г (кусочки в соусе)","monge cat natural / консервы монж натурал для кошек тунец с лососем , 80г x 24шт"
fold_01,Хобби и творчество,541166008367,532575990908,0,0.944,0.952,zvezda / сборная модель немецкий средний танк т-v пантера,сборная модель zvezda немецкий средний танк т-v пантера
fold_01,Хобби и творчество,541166031925,678604869684,1,0.345,0.432,"все для кожевника / молния металлическая рулонная, тип 3, 1 метр","молния металлическая рулонная, 1 метр, антик, тип 5, цвет тесьмы 322"
fold_01,Галантерея и аксессуары,541166035407,403726951664,1,0.299,0.565,часы наручные мужские casio mtd-125-2a кварцевые,casio / часы наручные mtd-125d-1a2
fold_01,Автотовары,549755825073,481036464473,1,0.367,0.062,"skad  колесный диск литой 16x6.5"" pcd5х114.3 et45 d60.1","колесный диск skad sakura 6.5х15/5х108 d63.35 et43, 7.8 кг, селена"
fold_01,Красота и гигиена,549755836110,231928277786,0,0.943,0.945,cos de baha / омолаживающий пептидный тонер pt m.a peptide facial toner,"cos de baha антивозрастной тоник для лица с пептидным комплексом и гиалуроновой кислотой pt m.a peptide facial toner, 200 мл"
fold_01,Бытовая химия,549755852275,558345754743,0,0.926,0.897,"средство для чистки ковров 450 мл vanish (ваниш) gold, для моющих пылесосов 1 шт.","vanish / пятновыводитель gold для ковров и обивки, 450 мл"
fold_01,Хобби и творчество,549755854471,171798837339,0,0.938,0.979,"не определен набор булавок, 2,3 см, 20 шт, цвет разноцветный","набор булавок, 2,3 см, 20 шт, цвет разноцветный"
fold_01,Электроника,549755915433,326417523597,1,0.261,0.475,danynov / чехол для xiaomi redmi buds 4 tws,чехол для наушников xiaomi redmi buds 4 pro tws mypads
fold_01,Продукты питания,549755962102,506806159982,1,0.333,0.304,ред слим ананас+мультифрукт (2*30 пак.),fitera / ред слим лимон+мультифрукт (2*30 пак.)
fold_01,Хобби и творчество,558345776833,558345892916,1,0.382,0.329,"молния maxzipper трактор №5 1 замок, 20см, н/р f322 черный уп.100шт",max zipper молния maxzipper 70 см разъемная №5 трактор пластиковая черный
fold_01,Строительство и ремонт,558345828088,85899483741,1,0.373,0.314,"коллектор oventrop multidis sh 1"" на 8 контуров для радиаторного отопления (1407058)","oventrop коллектор ""multidis sн"" на 11 контуров 1407061 из нерж.стали 1"" для отопителных приборов"
fold_01,Красота и гигиена,558345863571,223338350485,0,0.932,0.908,svr topialyse гель очищающий для лица и тела 200 мл,svr топиализ гель очищающий 200 мл
fold_01,Продукты питания,558345896036,214748483055,0,0.924,0.647,"кофе piazza del caffe espresso forte в зернах, 1кг",кофе в зернах piazza del caffe espresso forte 1 кг
fold_01,Продукты питания,558345901668,541166006218,1,0.355,0.139,"вода минеральная san pellegrino (сан пеллегрино) 24 шт. по 0.5 л, газированная, пэт","san pellegrino / вода san pellegrino (сан пеллегрино) 24 шт. по 0.25 л,стекло"
fold_01,Мебель,566935715933,171798846966,1,0.129,0.24,"монолит стол приставной полукруг ""монолит"", 1400х700х750 мм, без опор (640137), цвет бук бавари","монолит письменный стол, 150х30х120 см"
fold_01,Обувь,566935725066,42949766262,1,0.167,0.537,olang / кроссовки,кроссовки olang
fold_01,Музыкальные инструменты,566935731358,489626309637,1,0.369,0.49,c. a. seydel sohne seydel sohne 16301c 1847 silver c губная гармошка,"1847 noble high bb губная гармошка, seydel sohne 16501hbb"
fold_01,Строительство и ремонт,566935746686,171798725082,0,0.969,0.778,lightstar / встраиваемый светильник monde led 071156,встраиваемый светильник lightstar monde led 071156
fold_01,Красота и гигиена,566935777002,618475405728,1,0.373,0.596,морозко / гигиеническая губная помада,детская зимняя гигиеническая губная помада морозко
fold_01,Дом и сад,566935789272,773094166771,0,0.958,0.967,семена лука репчатого эксибишен,гавриш / семена лука репчатый эксибишен
fold_01,Детские товары,566935794405,472446458587,0,0.954,0.744,l.o.l / питомец remix,"кукла l.o.l. питомец remix, 567073"
fold_01,Продукты питания,566935822369,266288048307,0,0.949,0.784,"печенье гранола сдобное с шоколадом и фундуком, kellogg, 150 г, россия - в заказе 1 шт.товара!",kellogg's extra / печенье сдобное гранола с шоколадом и фундуком 150 г
fold_01,Хобби и творчество,566935834272,412316947326,1,0.364,0.643,"без бренда косая бейка 14 - 15 мм 5.4 м №049 васильковый, 1 шт. в заказе",косая бейка фасовка gamma gk-15p 14 - 15 мм 5 х 5.4 м n144 под серебро
fold_01,Продукты питания,566935840451,197568523499,1,0.385,0.05,дом кедра / рыжиковое масло пищевое 500 мл,"дом кедра масло подсолнечное, нерафинированное, первого холодного отжима, 500 мл. сделано в сибири!"
fold_01,Детские товары,575525633160,687194850100,0,0.976,0.941,"машина р/у 1:14 porsche 918 spyder, цвет белый 40mhz","rastar / машина р у 1:14 porsche 918 spyder, цвет белый 40mhz 70710w"
fold_01,Детские товары,575525705679,42949824275,0,0.922,0.97,неваляшка стеллар кошечка алина малая,"неваляшка малая кошечка ""алина"""
fold_01,Товары для животных,575525716757,188978645524,1,0.383,0.39,"canin / корм canin sterilised 7+ 3,5кг",сухой корм для стерилизованных кошек sterilised 7+ 0.4кг
fold_01,Ювелирные изделия,575525717832,85899428989,1,0.196,0.527,золото дисконт крестик золото красное,подвеска из комбинированного золота 585gold 603004161
fold_01,Строительство и ремонт,575525727243,695784736431,0,0.998,0.939,торцевая головка king tony 423009m,"головка торцевая глубокая двенадцатигранная 1/2"", 9 мм king tony 423009m"
fold_01,Красота и гигиена,575525736772,128849073635,0,0.955,0.935,"l'oreal paris крем ночной возраст эксперт 65+, 50 мл/",крем для лица loreal paris возраст эксперт 65+ ночной 50мл
fold_01,Товары для животных,575525754316,429496770124,1,0.342,0.77,"бинт самофиксирующийся с горькой пропиткой, 2,5 см х 4,5 метров, бежевый, 4 штуки","не определен бинт самофиксирующийся с горькой пропиткой, 2,5 см, макс. растяжимость 4,5 м, светло-коричневый 69"
fold_01,Обувь,584115581087,755914331707,1,0.239,0.31,кроссовки new balance arishi,кроссовки new balance
fold_01,Галантерея и аксессуары,584115628352,730144594880,1,0.393,0.554,roadlike чехол для чемодана,"roadlike чехол для чемодана roadlike, размер s, розовый"
fold_01,Хобби и творчество,584115642337,283467943622,0,0.98,0.966,puzzle time творческий набор пазлов «встречаем новый год»,"творческий набор пазлов ""встречаем новый год"""
fold_01,Спорт и отдых,584115644537,816043793898,1,0.232,0.057,не определен профессиональные незапотевающие удобные очки для плавания при близорукости (с диоптриями -6.0),профессиональные незапотевающие удобные очки для плавания при близорукости (с диоптриями -7.5)
fold_01,Канцелярские товары,584115691589,257698141821,0,0.963,0.919,"набор кистей нейлон 5 штук, круглые, с цветными ручками, с резиновыми держателями","in mother's hands / набор кистей нейлон 5 штук, круглые, с ц"
fold_01,Детские товары,584115714661,8589944158,0,0.93,0.846,zigzag store / конструктор гарри поттер/карета школы шармбатона/ 448 дет 3,конструктор карета школы шармбатон: приезд в хогвартс гарри поттер  448 деталей
fold_01,Бытовая химия,592705600436,506806167512,0,0.93,0.938,"чистящий крем cif ultra white, 450мл","универсальное чистящее средство cif ultra white, 450мл"
fold_01,Товары для животных,592705606708,790274064428,0,0.93,0.734,"будь здоров сухой корм для щенков будь здоров, телятина, мелкая гранула, 2,5кг","корм для собак будь здоров для щенков с 3-х месяцев и юниоров. с телятиной мелкая гранула (2,5 кг)"
fold_01,Строительство и ремонт,592705620615,489626293303,1,0.369,0.305,труба квадратная нержавеющая aisi 201 диаметр 30х30 мм. стенка 1 мм. длина 1300 мм. трубка профильная шлифованная электросварная аиси нержа,стан труба квадратная нержавеющая aisi 201 диаметр 30х30 мм. стенка 1 мм. длина 1000 мм. трубка профильная шлифованная электросварная аиси нержа
fold_01,Детские товары,592705632302,438086748398,0,0.939,0.947,"басик и ко / игрушка ""ли-ли в розовом платье с люрексом"", 24 см",мягкая игрушка budi basa кошка ли-ли в розовом платье с люрексом 24 см
fold_01,Детские товары,592705640969,231928370072,0,0.939,0.962,"воздушный змей ""анна и эльза"", холодное сердце, 70 x 105 см","не определен воздушный змей «анна и эльза», холодное сердце, 70 х 105 см"
fold_01,Красота и гигиена,601295459249,360777306273,0,0.957,0.995,гель для умывания для всех типов кожи салициловый salizink/салицинк фл. 200мл,salizink / салициловый гель для умывания салицинк 200мл
fold_01,Продукты питания,601295482367,773094138153,0,0.947,0.929,"сахаровар / леденец на палочке ""динозаврики"", 15г","леденец на палочке ""динозаврики"", 15г"
fold_01,Красота и гигиена,601295507628,755914330790,1,0.346,0.059,versace / versace man eau fraiche 100мл,uniflame man eau fraiche 100ml toilette туалетная вода 75 мл
fold_01,Музыкальные инструменты,601295527215,747324319115,1,0.342,0.311,чехол для электрогитары амс гэ2,amc чехол для бас-гитары - амс гб2цв
fold_01,Продукты питания,601295555744,197568587505,0,0.976,0.875,"мармелад желейный со вкусом ""вишни"", азовская фабрика 300гр",азовская кондитерская фабрика / мармелад желейный со вкусом вишни 300гр
fold_01,Строительство и ремонт,601295562323,146029049108,1,0.221,0.291,"iek / трансформатор тока тти-60 600/5а 10ва класс 0,5s и (10шт)","трансформатор тока тти-60 1000/5а 10ва 0,5s iek"
fold_01,Строительство и ремонт,609885377835,755914324899,1,0.215,0.238,белгородский абразивный завод лента шлифовальная 915 мм 50  мм p180,белгородский абразивный завод / шлифовальная кк 10jw p800 50х915мм
fold_01,Спорт и отдых,609885385602,360777310102,0,0.954,0.897,"витамир ледишарм витамины для волос таблетки, 30 шт.","витамир / витамир ледишарм витамины для волос таблетки, 30 шт."
fold_01,Аптека,609885386200,180388722924,0,0.922,0.855,офтальмикс / раствор с контейнером био 270 мл,"многофункциональный раствор для контактных линз офтальмикс био, 270 мл с контейнером для линз"
fold_01,Хобби и творчество,609885395720,249108221068,0,0.99,0.826,тактильное сенсорное лото по методике монтессори парочки,лесная мастерская тактильное сенсорное лото по методике монтессори «парочки»
fold_01,Продукты питания,609885428462,824633799539,1,0.248,0.074,батончик мюсли mindy's с кокосом 35 г (30 штук в упаковке),батончик мюсли mindy's с бананом 35 г (30 штук в упаковке)
fold_01,Музыкальные инструменты,609885452416,541165959595,1,0.382,0.64,лады для гитары sintoms 206109se.h.,"na230140s комплект ладов из неаллергенного сплава, ширина 2.3мм, магазинная поставка, sintoms"
fold_01,Детские товары,609885452901,773094200933,0,0.944,0.284,конструктор брик для девочек 447 дет.,mioks / конструктор девчонки кухня гостиная
fold_01,Хобби и творчество,609885453134,833223694845,0,0.923,0.871,"фурнитура сумочная металл карабин 25 мм №04 под никель, 1 шт. в заказе",фурнитура сумочная металл gamma gh 111/25/10 карабин 25 мм №04 под никель
fold_01,Электроника,609885495356,841813607673,1,0.28,0.209,"умные часы ii-x, 46mm, черный",oppo / электронные смарт-часы watch 2 pro
fold_01,Продукты питания,609885508906,721554644910,1,0.363,0.415,джем st. dalfour черничный 284 г,"джем st. dalfour виноградный без сахара, 284 г"
fold_01,Бытовая техника,609885512537,343597415671,0,0.96,0.993,масляный радиатор ресанта ом-7нв,ресанта / масляный радиатор ресанта ом-7нв
fold_01,Детские товары,618475373258,601295424352,1,0.374,0.231,h&e / машинка пластиковая 46 см 1:12 toyota land cruiser 200,"джип радиоуправляемый крузер, 1:14, работает от аккумулятора, цвет чёрный"
fold_01,Продукты питания,627065230968,369367279483,0,0.958,0.723,"лапша из зеленых бобов sen soy premium фунчоза, 180г","sen soy premium / sensoy лапша из зеленых бобов фунчоза, 180 г"
fold_01,Продукты питания,627065241652,283467881034,0,0.938,0.876,"семена льна для похудения коричневые 1000 пищевое неочищенное натуральное льняное семя для здорового питания, салатов, проращивания, выпечки, необжаренное",the spice kitchen / семена льна для похудения пищевые коричневые 1000 грамм
fold_01,Электроника,627065253312,77309450946,0,0.945,0.936,пульт для телевизора samsung le-37c652,пульт huayu для телевизора samsung le-37c652
fold_01,Мебель,627065253392,781684109674,1,0.369,0.491,/ стулья для кухни 2 шт,стул bonus черный
fold_01,Хобби и творчество,627065282387,833223694821,0,0.997,0.964,"нарды в мешочке с полем президент, 13 х 20 см","нарды в мешочке с полем ""президент"", 13 х 20 см"
fold_01,Бытовая химия,627065287763,738734456917,1,0.357,0.661,chirton / освежитель воздуха light air тропическая ночь 3 шт по 300 мл,"chirton освежитель воздуха лайт эйр тропическая ночь, 300 мл"
fold_01,Спорт и отдых,627065288434,34359846378,0,0.921,0.912,"in mother's hands / плот для плавания ""фламинго"", 173 x 170","""фламинго"", 173 х 170 см, 41119 "
fold_01,Бытовая химия,627065350454,618475427197,0,0.925,0.707,grass / средство для посудомоечных машин grass conditioner dish 1л,"ополаскиватель для посуды grass/conditioner dish, 1 л"
fold_01,Аптека,627065351849,627065235623,0,0.945,0.732,"bausch + lomb контактные линзы soflens daily disposable, 30 шт., -0.75 / 8.6/ 1 день","bausch&lomb bausch+ lomb soflens daily disposable однодневные контактные линзы/-0,75/ 30 шт."
fold_01,Мебель,627065354317,429496770108,0,0.921,0.904,"лига диванов кухонный угловой диван лофт левый угол, рогожка, микровельвет, модель 104606l","лига диванов угловой диван ,197х136х85см"
fold_01,Товары для животных,627065358077,687194790952,1,0.338,0.643,homecat наполнитель кукурузный комкующийся 2810г.,"homecat / homecat эколайн кукурузный комкующийся наполнитель 5,6 кг"
fold_01,Ювелирные изделия,635655162032,343597459236,1,0.262,0.278,diamant кольцо 94-310-00356-1,"diamant кольцо diamant, серебро, 925 проба, фианит, корунд синтетический, размер 16.5"
fold_01,Одежда,635655162310,240518258970,1,0.248,0.204,шорты ray,ray / шорты спортивные
fold_01,Бытовая химия,635655193444,463856490779,0,0.927,0.965,sanfor / sanfor чистящее средство зелёное яблоко 10в1 universal 750г,"sanfor универсальное чистящее средство зеленое яблоко, 750 г"
fold_01,Автотовары,635655202926,85899431717,1,0.391,0.026,kumho 2166793 шины зимние 205/55  r16 94t шипованные,автошина kumho wi31 205/45 r17 88 t
fold_01,Продукты питания,635655220906,8589988825,0,0.972,0.919,"кофе растворимый light katana, bushido, 100 г, швейцария - 1 шт.",бушидо / кофе растворимый light katana 100 г
fold_01,Бытовая техника,635655229385,661425007591,0,0.984,0.868,микроволновая печь candy cmg20smw-07,микроволновая печь с грилем candy cmg20smw-07
fold_01,Обувь,635655245770,584115673905,1,0.231,0.3,слипоны котофей,полуботинки котофей
fold_01,Товары для животных,635655261667,609885407709,0,0.926,0.875,ошейник dimanche обхват шеи 39.5-49.5 см натуральная кожа dimanche,ошейник dimanche обхват шеи 39.5-49.5 см натуральная кожа
fold_01,Детские товары,635655264725,523986037266,0,0.997,0.871,"конструктор бульдозер, 34 детали",kogarashi / конструктор бульдозер. 34 детали
fold_01,Бытовая техника,635655277086,240518257448,0,0.997,1.0,"hisense rb-343d4cw1, холодильник, белый",холодильник с морозильником hisense rb343d4cw1 белый
fold_01,Музыкальные инструменты,635655280872,773094162039,0,0.969,0.857,струны для электрогитары exl140 xl nickel wound,d'addario струны для электрогитары exl140 d'addario
fold_01,Одежда,635655305216,704374777321,1,0.35,0.232,"janira трусы janira, размер m, бежевый",трусы janira
fold_01,Канцелярские товары,644245193285,850403633988,1,0.398,0.494,"обложка 225*455 для дневников в тв. переплете и учебников, универсальная, artspace, цветная с закладкой, пэ 200мкм, шк","artspace обложка для дневников и тетрадей artspace, 210x350мм, 120мкм, цветная шк, 50шт. (sp 15.14пцк)"
fold_01,Хобби и творчество,644245223798,850403527010,0,0.926,0.975,"геодом / фигурный пазл ""принцессы"" на подложке, 80 деталей","пазл фигурный на подложке. 80 деталей. замок принцессы. 30х30,5 см. геодом"
fold_01,Красота и гигиена,644245230925,300647722844,0,0.946,0.919,"набор маникюрный детский: ножницы, щипчики, пилочка, пинцет, цвет бирюзовый","крошка я / набор маникюрный детский: ножницы, щипчики, пилочка, пинцет"
fold_01,Мебель,652835092860,137439063785,1,0.299,0.738,"кровать односпальная деревянная с ортопедическим основанием для взрослых из сосны 70х190 см, цвет венге","solarius кровать односпальная с ортопедическим основанием для взрослых из сосны 70х190 см, цвет темный дуб"
fold_01,Галантерея и аксессуары,652835101775,335007486653,1,0.164,0.4,"q&q наручные часы q&q, белый",q&q часы наручные кварцевые
fold_01,Автотовары,652835128305,670015041598,1,0.395,0.038,matador mp 30 sibir ice 2 -1 шины зимние 195/60  r15 92t шипованные,matador / matador mp30 sibir ice 2 225/60 r17 103t xl зимние шины
fold_01,Музыкальные инструменты,652835148897,8590085218,1,0.37,0.201,губная гармошка easttop t008ls g,easttop t008ls c диатоническая губная гармошка
fold_01,Строительство и ремонт,652835173672,790274074241,0,0.991,0.974,"huter / мойка высокого давления, автомойка, минимойка huter m135-hp",мойка высокого давления huter m135-hp
fold_01,Одежда,661424977367,326417549279,1,0.241,0.033,sela / шорты для мальчика короткие летние на резинке хлопковые,рубашка sela
fold_01,Аптека,661425000331,25769884928,0,0.928,0.74,"гель-лубрикант ты и я stimulove strong, возбуждающий, 20 г",ты и я / возбуждающий гель-лубрикант stimulove
fold_01,Товары для животных,661425001433,266288070776,1,0.282,0.046,happy jungle / корм для декоративных крыс 900 г,"корм сухой для волнистых попугаев happy jungle, 900г"
fold_01,Бытовая химия,661425013092,8590038129,1,0.399,0.688,"ultra barhat средство для мытья посуды ""скайдра"", лимон, паста, 500 грамм, 3 штуки","средство для мытья посуды ultra barhat ""скайдра"", лимон, паста, 500 гр"
fold_01,Продукты питания,661425034011,687194772820,0,0.969,0.806,"молочный шоколад ritter sport кокос, 100 г, 24 шт.","ritter sport / молочный шоколад ritter sport «кокос», 100 г"
fold_01,Автотовары,661425042028,180388753485,1,0.33,0.539,torino магнитола на lada priora 1 2013-2018 рестайлинг android 2/16gb dsp,"carwinta автомагнитола диагональ: 9"", штатное место, 1гб/32гб"
fold_01,Канцелярские товары,661425066401,438086746059,0,0.964,0.819,"корректор-карандаш 7 мл, металлический наконечник, на основе растворителя, блистер, европодвес","не определен корректор-карандаш 7 мл, металлический наконечник, на основе растворителя, блистер, европодвес"
fold_01,Обувь,661425087801,712964686678,1,0.174,0.208,кроссовки nike harper's bazaar (журнал),без бренда / кроссовки женские спортивные кожаные
fold_01,Электроника,661425097912,824633857762,1,0.347,0.132,"apple смартфон iphone 13 4/128 гб, черный",apple / iphone 13 mini 128gb
fold_01,Красота и гигиена,661425099862,17179872247,1,0.392,0.757,"аурасо цедрат - масляные духи аурасо, духи-масло, женские, мужские, унисекс, флакон роллер","сирень венгерская - масляные духи аурасо, духи-масло, женские, мужские, унисекс, флакон роллер"
fold_01,Товары для животных,670014920533,68719496160,1,0.361,0.766,"canin / hypoallergenic dr 25 feline корм для кошек , 0,5 кг х 2шт","сухой корм для кошек royal canin hypoallergenic dr 25 feline при пищевой аллергии, диетический, субпродукты, 500 г"
fold_01,Дом и сад,670014924705,360777254124,1,0.28,0.687,"гк лидертекс наволочка, boutique. итальянская мода (журнал), бязь, 70x70 см  1шт",гк лидертекс / наволочка 70х70 бязь
fold_01,Музыкальные инструменты,670014935937,146028988414,1,0.257,0.436,fabio / stratocaster электрогитара h-s-s st200 bk,flight est13 bk электрогитара
fold_01,Галантерея и аксессуары,670014952733,128849068858,1,0.332,0.738,coach сумка на плечо,coach / сумка
fold_01,Одежда,670014965911,721554626212,1,0.154,0.274,футболка deep purple,"dreamshirts studio футболка dreamshirts studio, размер 7-8 лет, черный"
fold_01,Красота и гигиена,670015020135,609885446503,1,0.26,0.256,"флакон 50 мл стеклянный с крышкой с капельницей, 10 штук",купи-флакон / флакон с пластиковой крышкой 10 мл стеклянный
fold_01,Продукты питания,670015054496,25769893716,1,0.117,0.539,чай черный greenfield golden ceylon 100г х 2шт,чай черный листовой greenfield golden ceylon (гринфилд голден цейлон) 100г (комплект 20 шт.) 6003516
fold_01,Одежда,678604839445,377957161613,1,0.31,0.018,albert&gloria / футболка,шорты albert&gloria
fold_01,Обувь,678604848001,455266633518,1,0.206,0.014,"кроссовки adidas ultraboost, размер 9, синий",кроссовки warrior
fold_01,Строительство и ремонт,678604885289,627065348856,1,0.375,0.577,мягкое окно на ремешковом креплении 105*180 см,sds exclusive мягкое окно на ремешковом креплении 105*185 см
fold_01,Бытовая химия,678604887425,455266579274,0,0.952,0.439,"освежитель воздуха master fresh fusion ""свежесть океана"", 300 мл",newstore / освежитель воздуха
fold_01,Музыкальные инструменты,678604924780,850403609000,1,0.242,0.23,струна для электрогитары 31 - d'addario nynw031,"струны daddario nynw059, в оплетке - (59)"
fold_01,Бытовая химия,678604930503,163208846217,0,0.93,0.789,средство synergetic для плит от жира и нагара универсальное 500 мл,универсальное чистящее средство synergetic антижир спрей 500 мл
fold_01,Товары для животных,678604948242,120259233977,1,0.369,0.014,organix сухой корм для кошек с курицей 18 кг,"organix / organix корм для собак крупных пород, с курицей 18 кг"
fold_01,Автотовары,678604966754,163208780654,1,0.352,0.014,01032876b сальник дифференциала corteco,"era 551239 датчик, положение распредвала"
fold_01,Дом и сад,678604969886,730144598109,0,0.949,0.869,"тарелка punto bianca, d 20 см","хорекс тарелка punto bianca, d=20 см"
fold_01,Галантерея и аксессуары,678604971478,111669164622,1,0.322,0.729,солнцезащитные очки унисекс sf9416 dark,fila очки солнцезащитные
fold_01,Обувь,678604995652,292057888850,1,0.256,0.301,ursus shop / ботинки,ботинки рабочие prosafe
fold_01,Спорт и отдых,687194773989,850403568326,0,0.947,0.677,"бассейн надувной bestway ""подводный мир"", 152х30, 282 л",бассейн детский bestway надувной подводный мир 152 x 30 см 282л 014954
fold_01,Бытовая химия,687194778117,180388717595,0,0.978,0.883,"synergetic кондиционер-ополаскиватель для белья ""лавандовое поле"", гипоаллергенный, 1500 мл",synergetic / 1500мл кондиционер-ополаскиватель для белья лавандовое поле
fold_01,Обувь,687194780955,188978598850,1,0.386,0.133,chicshoes / кроссовки air jordan 4 retro,кроссовки jordan air jordan 3
fold_01,Продукты питания,687194785595,816043800009,0,0.933,0.702,"мармелад жевательный мини жгутики лакрица halal, damel, 700 г","damel / мармелад жгутики лакрица, damel 700 г"
fold_01,Галантерея и аксессуары,687194799654,644245227305,1,0.337,0.383,"солнцезащитные очки polaroid polaroid pld 2108/s/x ddb sp pld 2108/s/x ddb sp, черный, розовый",polaroid очки солнцезащитные
fold_01,Электроника,687194803638,498216257864,1,0.399,0.446,realme / смарт-часы / x8 plus ultra,смарт часы x8+ultra
fold_01,Ювелирные изделия,687194834080,652835065038,1,0.363,0.386,"золото дисконт браслет золото красное 585 пробы, плетение сингапур","красносельский ювелир браслет-цепочка красносельский ювелир, золото, 585 проба, длина 18 см."
fold_01,Бытовая техника,687194843395,704374731512,0,0.927,0.908,лопатка(тестомешалка) для хлебопечи panasonik sd-2510wts,технохелп / лопатка для хлебопечек panasonic sd-2510wts
fold_01,Бытовая химия,687194846098,738734444125,0,0.943,0.962,grass / средство для уборки сантехнических блоков 600 мл gloss,"средство для уборки сантехнических блоков 600 мл grass gloss, кислотное, спрей, 221600, 1ед. в комплекте"
fold_01,Галантерея и аксессуары,687194861335,197568542194,1,0.218,0.174,louis vuitton сумка на плечо,reva bags / сумка женская маленькая
fold_01,Одежда,687194906633,395137133218,1,0.216,0.429,костюм классический,"dari""s / костюм брючный"
fold_01,Хобби и творчество,687194907171,146028920684,0,0.981,0.884,"раскраска ""рисуем пальчиками. транспорт"", 16 стр., 1 шт.","дверь в лето раскраски / раскраска рисуем пальчиками. транспорт, 16 стр."
fold_01,Обувь,687194919029,240518296862,1,0.382,0.446,pikmikwik / шлепанцы от zar@,босоножки zara
fold_01,Товары для животных,687194921900,833223753778,1,0.156,0.708,"корм сухой для привередливых кошек наша марка, лосось и рис, 2 кг",наша марка / корм сухой для привередливых кошек лосось рис 2 кг 4 шт
fold_01,Детские товары,687194931739,463856474197,0,0.955,0.944,"полесье / игровой комплекс полесье кухня laura, с варочной панелью, в пакете 49896","игровой набор полесье ""кухня laura"" с варочной панелью, в пакете"
fold_01,Ювелирные изделия,695784714598,163208836581,1,0.254,0.707,baltsilver / кольцо из серебра,кольцо baltsilver из серебра с фианитами
fold_01,Товары для животных,695784738596,335007457371,0,0.984,0.827,"canin / для британских короткошерстных кошек (1-10 лет), 10 кг",royal canin british shorthair 10кг для британских короткошерстных кошек 1-10 лет
fold_01,Электроника,695784760520,77309521909,1,0.252,0.603,аккумуляторная батарея для apple iphone 8,caution аккумулятор для iphone 8 / айфон 8
fold_01,Мебель,695784765511,781684087610,0,0.927,0.917,зеркало-шкаф aquanet латина 100 белый,зеркальный шкаф aquanet латина 100 белый
fold_01,Ювелирные изделия,695784775247,85899349577,1,0.35,0.68,maskom золотые серьги 585 женские,"maskom серьги maskom, красное золото, 585 проба"
fold_01,Мебель,695784784292,309237742659,1,0.103,0.296,столешница для кухни скиф 2600х600x38мм с кромкой. цвет - сахара белая,столешница для кухни размер 2300х600x38мм с кромкой. цвет - сахара белая
fold_01,Продукты питания,695784793499,206158549309,0,0.93,0.943,кофе в зёрнах верона 1 кг,"кофе в зёрнах эспрессо-смесь ""верона"", уп. 1 кг gutenberg"
fold_01,Бытовая химия,695784805881,841813638254,0,0.987,0.986,средство для мытья пола grass arena с полирующим эффектом цветущий лотос 1л 1537427,"grass средство для пола с полирующим эффектом arena цветущий лотос, 1 л"
fold_01,Ювелирные изделия,695784828632,781684084738,1,0.389,0.608,эстет / кольцо,эстет кольцо серебро 925 пробы
fold_01,Автотовары,695784833428,257698125101,1,0.317,0.009,arivo / arivo ultra arz 5 245/40r18 97w xl,nexen n fera su1 dot17 шины летние 205/40  r16 79w
fold_01,Красота и гигиена,695784842079,618475368739,0,0.973,0.998,лесной бальзам зубная паста organic oils минеральное укрепление 75 мл,"зубная паста лесной бальзам organic oils минеральное укрепление, 75мл"
fold_01,Ювелирные изделия,695784859087,515396161423,1,0.348,0.654,"sokolov колье sokolov, серебро, 925 проба, родирование, фианит, длина 38 см.","sokolov, колье из серебра с фианитом, 94070425, на леске, 925 проба"
fold_01,Продукты питания,704374670214,180388745770,1,0.31,0.344,пауэр торр / энергетический напиток power torr flare orange 1л х 6шт,"энергетический напиток power torr red, 1л*6шт"
fold_01,Автотовары,704374679887,231928265644,1,0.352,0.197,подшипник ступицы,nsk подшипник ступицы
fold_01,Канцелярские товары,704374686145,188978622885,1,0.29,0.457,бумага широкоформатная 80г 297ммх150м,"бумага promega engineer inkjet 310 мм. x 175 м. 80 г/м², 310 мм x 175 м, белый"
fold_01,Бытовая техника,704374706905,541165940475,0,0.951,0.943,конвектор eurolux ок-eu-1500,"конвектор ок-eu-1500 eurolux // 1500 вт, 2 режима, обогреваемая площадь до 20м3, термостат// обогреватель"
fold_01,Музыкальные инструменты,704374712156,850403527843,1,0.356,0.523,бас-гитара cort a4-plus-fmmh-opn,"a4-ultra-ash-wcase-enb artisan series бас-гитара, цвет натуральный, с футляром, cort"
fold_01,Мебель,704374715173,721554519473,1,0.23,0.266,"не определен табурет ""премиум"" - серый (экокожа) / хром","табурет ""премиум"" - белый (экокожа) / хром"
fold_01,Красота и гигиена,704374735484,609885476080,1,0.362,0.252,"белита lux color бальзам для волос оттеночный, тон 14, 100 мл",белита / бальзам оттеночный для волос тон 13 темный шоколад 100 мл
fold_01,Электроника,704374747837,188978637742,1,0.324,0.786,caseport / мягкий чехол защитный для телефона xiaomi mi 11 lite,чехол на xiaomi mi 11 lite / 11 lite противоударный (темно-синий)
fold_01,Канцелярские товары,704374758546,635655195723,1,0.263,0.777,"комплект 2 упаковок, бумага цветная promega jet (а3.160г, голубая пастель) 250л/уп","бумага цветная promega jet (а3, 160 грамм, голубая пастель) 250 листов в упаковке"
fold_01,Автотовары,704374762321,455266646270,1,0.373,0.149,"avtolider1 оплетка на руль, диаметр 39 см, 1 шт. ",/ накидки на сиденье рено колеос (renault koleos)
fold_01,Продукты питания,704374774457,131379,1,0.359,0.467,"кофе растворимый tchibo exclusive, стеклянная банка, 47.5 г","кофе tchibo эксклюзив растворимый стекло, 95г"
fold_01,Хобби и творчество,712964572395,412316906275,0,0.929,0.955,"трафарет ""геометрия"" 24х16 см","сималенд / трафарет ""геометрия"" 24х16 см"
fold_01,Хобби и творчество,712964612330,515396176621,0,0.957,0.982,"рама для картин и зеркал, 40 х 50 х 2.7 см, пластиковая, calligrata, серебро","calligrata рама для картин (зеркал) 40 х 50 х 2.7 см, пластиковая, calligrata 651628, серебро"
fold_01,Товары для животных,712964626574,412316901245,0,0.921,0.87,felix / felix корм для кошек говядина 75г х 26шт,"felix мясные ломтики / паучи пурина феликс мясные ломтики для взрослых кошек с говядиной , 75г х 26шт"
fold_01,Ювелирные изделия,712964633080,523986037543,1,0.17,0.649,золото дисконт подвеска золото красное 585 пробы,салам / подвеска золотая
fold_01,Обувь,712964634664,60129575713,1,0.169,0.239,кроссовки nike jordan,exowaysneakers / кроссовки sb dunk low
fold_01,Музыкальные инструменты,712964646887,635655175825,1,0.392,0.262,"10301c session steel c губная гармошка, seydel sohne","seydel sohne / губная гармошка, session steel a"
fold_01,Галантерея и аксессуары,712964656668,687194847038,1,0.39,0.265,handinsilver ( посеребриручку ) браслет-четки из аквамарина 6мм. длина изделия 42см,"не определен четки handinsilver ( посеребриручку ) четки из аквамарина 8мм, аквамарин, длина 18 см, голубой"
fold_01,Ювелирные изделия,712964700014,412316865969,1,0.388,0.469,efremov кольцо золото красное 375 пробы,efremov / кольцо золотое
fold_01,Красота и гигиена,712964705862,231928360214,1,0.246,0.263,"rrc blackberry and bay, 25 мл (2018) духи 25 мл",parf mall / по мотивам wood sage & sea salt 25 мл
fold_01,Дом и сад,712964706519,498216343486,0,0.993,0.968,"шкатулка - купюрница ""розы"", белая, 8,5х17 см, лаковая миниатюра","без бренда шкатулка - купюрница «розы», белая, 8,5×17 см, лаковая миниатюра"
fold_01,Продукты питания,721554509096,335007479430,1,0.237,0.668,"natures own factory / чай natures own factory гречишный,100 г","чай natures own factory гречишный, 10 шт/1уп"
fold_01,Бытовая химия,721554512524,730144584501,0,0.93,0.739,ariel / капсулы для стирки,"капсулы для стирки ariel ""горный родник"", 12 х 25,2 г"
fold_01,Автотовары,721554517710,17179969486,0,1.0,0.945,наконечник рулевой ctr cem28,ctr / наконечник рулевой l-r ctr cem-28
fold_01,Электроника,721554525987,695784734752,1,0.399,0.581,"не определен задняя крышка для iphone 12 mini, стекло, цвет черный, 1 шт.",задняя крышка для iphone 12 (широкий вырез под камеру) <черный>
fold_01,Хобби и творчество,721554551148,360777402730,0,0.945,0.834,кука / настольная игра мафия. вся семья в сборе,настольная игра hobby world мафия. вся семья в сборе (карточная игра)
fold_01,Автотовары,721554565683,300647739734,0,0.988,0.843,trialli шрус (внутр. лев.),"trialli шрус внутренний, арт. go1034"
fold_01,Галантерея и аксессуары,721554590961,335007589449,1,0.336,0.766,"колье на шею длинное,чокер",jewelry company&ltd. / чокер на шею со стразами длинный
fold_01,Хобби и творчество,721554603642,188978613565,1,0.233,0.344,школа талантов игрушка пластик «создай украшение: феи»,"школа талантов, игрушка пластик ""создай украшение: модницы"""
fold_01,Детские товары,721554642651,498216240306,0,0.967,0.879,музыкальная игрушка говорящий градусник,zabiaka музыкальная игрушка «говорящий градусник»
fold_01,Бытовая химия,721554649071,352187457965,0,0.973,0.939,"диффузор ароматический ""артдекор"", 100 мл, яблоко, ""богатство аромата""","не определен диффузор ароматический ""артдекор"", 100 мл, яблоко, ""богатство аромата"""
fold_01,Одежда,730144448454,712964652883,1,0.202,0.203,купальник раздельный feabrate,lovse / купальник раздельный бикини с юбкой с высокой посадкой
fold_01,Одежда,730144462829,790274093054,1,0.296,0.03,трусы janira,"janira трусы janira, размер l, белый"
fold_01,Одежда,730144471836,214748389449,1,0.287,0.311,платье moocie,однотонное платье без рукавов
fold_01,Продукты питания,730144477377,231928330493,1,0.156,0.565,"печенье wagon wheels с суфле оригинальное, покрытое глазурью, 216гр. 1 шт.","wagon wheels / бисквитное печенье с суфле в глазури, 3 упаковки по 220 г."
fold_01,Хобби и творчество,730144480567,584115673113,0,0.933,0.64,"пазл, 104 элемента","step puzzle пазл ""чебурашка"", 104 элемента"
fold_01,Музыкальные инструменты,730144522129,790274100843,1,0.385,0.39,каподастр для акустической гитары dunlop 83cn trigger acoustic nickel,каподастр для классической гитары dunlop 88n
fold_01,Электроника,730144551382,455266642813,1,0.386,0.709,guess / чехол на iphone 15 pro magsafe из экокожи pu leather,чехол guess для iphone 15 pro g cube hard magsafe коричневый
fold_01,Спорт и отдых,730144560382,515396117799,1,0.273,0.049,"воблеры для рыбалки grfish striker 90f-dr, l13","lucky craft lucky craft, воблер slur body blow s, kanimiso"
fold_01,Продукты питания,730144581286,609885400471,0,0.933,0.907,jacobs / кофе monarch original стики 26 шт по 1.8г,"кофе растворимый порционный jacobs monarch, сублимированный, 1,8 г, пакетик, 26 штук"
fold_01,Обувь,738734387466,541165907198,1,0.26,0.663,lv / louis vuitton кроссовки,кроссовки louis vuitton
fold_01,Бытовая химия,738734425549,249108157755,0,0.937,0.82,пятновыводитель dr.beckmann дезодорант и пот 250 мл,dr.beckmann / пятновыводитель спрей дезодорант и пот new (250мл)
fold_01,Детские товары,738734438315,798863928821,0,0.941,0.708,manimi / конструктор бионикл -трансформер грозовой монстр 109 дет,"конструктор бионикл ""монстр гроз"" 109 деталей / совместим с лего бионикл / совместим с бионикл лего / совместим с lego bionicle / конструктор для мальчика / роботы / робот игрушка для мальчика / робот трансформер / робот игрушка"
fold_01,Бытовая химия,738734521720,120259228999,1,0.221,0.068,sikobrand / tide color аква пудра 6 кг,tide стиральный порошок аква пудра автомат color 10 стирок 1500 гр
fold_01,Бытовая техника,747324313172,790274042200,1,0.311,0.007,"wmf кофеварка капельная stelio 04.1215.0011 , серебристый","соковыжималка kitfort кт-1112, центробежная, черный"
fold_01,Дом и сад,747324372492,163208861726,0,0.949,0.916,"семена флокс мерцающая звезда 0,2гр.","агрэкс семена цветов флокс мерцающая звезда, 0,2 г"
fold_01,Музыкальные инструменты,747324402597,395137114208,0,0.977,0.995,"трещотка-вертушка деревянная, fleet tc3181",трещотка fleet tc3181
fold_01,Красота и гигиена,747324411083,403727037043,1,0.329,0.76,may island / сыворотка с гиалуроновой кислотой - highly concentrated,"may island сыворотка с гиалуроновой кислотой в пирамидках, highly concentrated hyaluron ampoule, 5 шт x 3 гр"
fold_01,Красота и гигиена,747324415350,360777287306,0,0.939,0.828,"synergetic / шампунь-бальзам ""hair therapy"", увлажнение и уход, 2 в 1","шампунь-бальзам увлажнение и уход 2 в 1 hair therapy synergetic, 900мл"
fold_01,Бытовая техника,747324421518,171798782704,0,0.944,0.921,/ кофемолка mkm 6000/6003 bosh,кофемолка bosch tsm 6a013b
fold_01,Бытовая техника,747324428523,94489368732,0,0.932,0.914,хозтовары / чайник электрический,"kelli электрический чайник kl-1404, светло-розовый"
fold_01,Дом и сад,747324441538,343597443634,0,0.942,0.991,садовый насос metabo p 3300 g 600963000,насос садовый metabo p 3300 g (600963000)
fold_01,Аптека,747324445136,8589972939,1,0.36,0.618,arlette / классические презервативы arlette classic 12 штук в упаковке,"классические презервативы arlette classic - 12 шт., 2 упаковки"
fold_01,Товары для животных,755914256715,128849086885,1,0.166,0.482,"perfect fit / влажный корм для стерилизованных кошек 28шт*75г, индейка","корм консервированный perfect fit для стерилизованных кошек, паштет с индейкой, 75г х 24шт"
fold_01,Бытовая техника,755914328075,283467930178,0,0.95,0.973,"пылесос lg vk89309h, 2000вт, серебристый/черный [vk89309h.aksqcis](б/у)",пылесос lg vk89309h
fold_01,Продукты питания,755914339280,154618930485,1,0.298,0.135,краситель пищевой food colours 66г. 1шт.,"food colours краситель пищевой гелевый food colours, красный, 20 г"
fold_01,Хобби и творчество,755914382032,300647835020,0,0.933,0.936,"набор нашивок ""hand made"", 5 x 1,5 см, 10 шт","арт узор набор нашивок «hand made», 5 х 1,5 см, 10 шт"
fold_01,Ювелирные изделия,755914382967,541165895879,1,0.396,0.636,"русские самоцветы кольцо с бриллиантом из белого золота 585 пробы ""мираж""",русские самоцветы / кольцо золотое с бриллиантами
fold_01,Продукты питания,755914386086,111669248117,1,0.25,0.044,кофе эфиопия иргачиф арабика в зернах 1 грейд - 50г - чай.ru,"чай.ru / кофе ""амаретто"" ароматизированный - 50г - чай.ru"
fold_01,Товары для животных,764504182258,635655198696,0,0.958,0.949,"не определен свитер меланжевый, размер xl (дс 35, ош 32, ог 50 см), синий","свитер меланжевый, размер xl (дс 35, ош 32, ог 50 см), синий"
fold_01,Музыкальные инструменты,764504187757,326417612617,1,0.265,0.152,fender mm stratocaster hard tail black - электрогитара,электрогитара raptor plus black sss black
fold_01,Обувь,764504191955,214748506344,1,0.3,0.31,бутсы для футзала nike nike,vvv / футзалки футбольные
fold_01,Дом и сад,764504196638,369367229369,0,0.925,0.932,"триммер электрический huter get-1200sl для стрижки травы и газона, ширина обработки 42см, мощность 1200вт, катушка с леской и режущий диск в комплекте",huter / электрический триммер get-1200sl садовый для травы
fold_01,Галантерея и аксессуары,764504205847,721554594850,0,0.963,0.974,"тундра / замок навесной кодовый, 'сердце', красный","замок навесной кодовый тундра ""сердце"", красный"
fold_01,Продукты питания,764504219351,532575947790,1,0.371,0.497,для здоровья / живица на кедровом масле с алоэ 100 мл,"кедровое масло ""живица со зверобоем"", 100 мл"
fold_01,Автотовары,764504221659,377957246956,1,0.397,0.002,шина continental icecontact 3 205/60 r16 96t xl ta зимняя шип,continental icecontact 3 шины зимние 225/60  r17 103t шипованные
fold_01,Строительство и ремонт,764504226190,206158443437,1,0.209,0.751,3d фотообои для кухни флизелиновые обои в спальню / флизелиновые фотообои азия храм японии 400х270,"фотообои 3d японский домик в лесу в спальню, в гостиную, на кухню 400х270"
fold_01,Бытовая техника,764504237000,17179883822,0,0.949,0.998,"galaxy индукционная настольная плита gl3064, черный",galaxy / плитка электрическая одноконфорочная индукционная gl3064
fold_01,Товары для животных,764504299517,429496866447,1,0.343,0.182,"usond двойная миска для собак usond, металл, сталь, серебристый, 2 шт по 0,75 л","юсонд мм-016 подставка квадратная+металлические миски 1,5л напольная"
fold_01,Одежда,764504328101,420906943191,1,0.283,0.258,костюм спортивный yamiwoo,костюм спортивный
fold_01,Бытовая химия,764504335498,223338404341,0,0.965,0.953,"средство для чистки cillit bang анти-жир+сияние, 750мл","cillit bang средство чистящее против жира - антижир + сияние, 750 мл"
fold_01,Бытовая химия,764504339055,472446421273,0,0.966,0.93,биоактиватор свити ред 2в1 средство био бактерии для ямы садового туалета,не определен биоактиватор sviti red 2x100 грамм мощное средство биобактерии для ямы дачного туалета
fold_01,Продукты питания,773094138381,678604961217,1,0.301,0.745,украшения для торта вафельная картинка на торт на выписку. декор для выпечки,"не определен сахарные картинки на торт жене, любимой на выписку ребенка. декор для торта / съедобная бумага а4"
fold_01,Обувь,773094139280,781684145079,1,0.208,0.457,ботинки ernesto dolani,"ernesto dolani ботинки челси ernesto dolani, размер 44, черный"
fold_01,Ювелирные изделия,773094143366,128849154383,1,0.381,0.481,золото дисконт серьги ювелирные золото красное 585 пробы,"gold center серьги пусеты gold center, золото, 585 проба"
fold_01,Музыкальные инструменты,773094150726,111669151423,1,0.376,0.331,gewa vgs student black 4/4 классическая гитара,"veston / гитара классическая 4/4, анкерный стержень"
fold_01,Мебель,773094167919,85899393858,1,0.333,0.651,шкаф-пенал рагнар левая цвет белый 500-550-2200 наполнение платье,не определен шкаф-пенал торстейн левая цвет белый 500-550-2100 наполнение белье
fold_01,Продукты питания,773094230128,541165923107,1,0.373,0.744,"elza / цикорий растворимый, 100 гр",чайкофе цикорий 100г. 1шт.
fold_01,Бытовая химия,773094238885,42949758651,1,0.372,0.293,/ жидкость для мытья посуды,"mukunghwa / экологичное средство для мытья посуды, детских бутылочек, овощей и фруктов олива и базилик (с ароматом базилика и душистых трав) 1,2 л"
fold_01,Детские товары,773094248668,678604916621,0,0.962,0.897,"музыкальная игрушка ""говорящий градусник""","zabiaka / музыкальная игрушка ""говорящий градусник"""
fold_01,Музыкальные инструменты,781684063482,34359748004,1,0.263,0.626,fender / акустическая гитара fender cd-60sce black,электроакустическая гитара fender cc-60sce blk wn
fold_01,Продукты питания,781684075761,712964653902,1,0.091,0.355,чай черный ahmad tea ceylon tea листовой 500 г,"чай черный ahmad tea цейлонский оранж пеко, листовой, 200 г - 3 упаковки"
fold_01,Хобби и творчество,781684086465,163208852793,1,0.278,0.043,вышивочка бисер / набор для вышивания,"алмазная мозаика ""весеннее утро"", картина диамант, 35х43,7"
fold_01,Хобби и творчество,781684114838,609885486660,0,0.933,0.908,набор стилиста играем вместе царевны 319772,"играем вместе / набор стилиста ""царевны"""
fold_01,Товары для животных,781684139460,137438996380,0,0.971,0.845,canin / для стерилизованных котят от 6 до 12 месяцев 400г,"royal canin kitten sterilised 0,4кг для котят стерилизованных с 6-12 месяцев"
fold_01,Ювелирные изделия,781684147725,154618956277,1,0.302,0.747,"platina кольцо platina, красное золото, 585 проба, фианит, размер 19.5, золотой",platina кольцо из красного золота 585 пробы c фианитами
fold_01,Детские товары,781684150130,42949704272,0,0.971,0.951,"игровой набор с проектором русская народная сказка , 3 сказки, световой эффект","zabiaka игровой набор с проектором ""русская народная сказка"", 3 сказки, световой эффект"
fold_01,Обувь,781684152616,137439017899,1,0.33,0.651,кроссовки nike sb dunk low,кроссовки nike dunk
fold_01,Спорт и отдых,781684183222,103079287754,0,0.95,0.893,lucky john удилище спин. progress micro jig v2 7 1.98 ljpj2-662lm,спиннинговое удилище lucky john progress micro jig v2 7 1.98 ljpj2-662lm
fold_01,Музыкальные инструменты,790273998909,738734512691,1,0.349,0.262,укулеле сопрано с чехлом mahalo mr1or,музыкальный инструмент укулеле сопрано flight tus 35 or для начинающих и профессионалов
fold_01,Галантерея и аксессуары,790274049642,60129686279,1,0.355,0.551,"обложка для паспорта, цвет синий, герб","обложка для паспорта, цвет синий"
fold_01,Продукты питания,790274057658,223338423235,1,0.303,0.808,medolubov / мед-суфле фундук темный медолюбов 2 шт по 250 мл,мед - суфле медолюбов с фундуком 250 мл
fold_01,Галантерея и аксессуары,790274087024,721554517883,1,0.199,0.07,dior очки солнцезащитные,polaroid / солнцезащитные очки модные
fold_01,Товары для животных,790274099264,85899452792,1,0.231,0.54,"purina pro plan optidigest adult medium breeds сухой корм для взрослых собак средних пород с ягненком, 1,5 кг","pro plan / корм для собак средних пород, жкт, ягненок и рис 7 кг"
fold_01,Канцелярские товары,798863937509,163208840102,1,0.371,0.381,"декоративная аниме фигурка, манекен человека (мужчина) художественный для рисования","mr.sun декоративная фигурка, художественный манекен мужчины для рисования"
fold_01,Хобби и творчество,798863938678,34359809400,0,0.924,0.878,"пазл ""лунтик"", 35 элементов",wdwill / пазлы 35 лунтик
fold_01,Галантерея и аксессуары,798863949000,369367247510,1,0.246,0.579,e.armani / часы наручные,emporio armani часы наручные кварцевые
fold_01,Продукты питания,798863964373,68719591331,1,0.192,0.411,bee lab / приправа для пельменей приправыч 15 гр.,"приправа для пельменей, приправыч, 150 г., 10 штук"
fold_01,Галантерея и аксессуары,798863985920,206158569600,1,0.288,0.28,queen fair / браслет женский,queen fair браслет
fold_01,Строительство и ремонт,798864004522,8590037489,0,0.995,0.872,"зубр 100 шт., 40-64 мм, оцинкованные, просечная лента 12,7 мм, хомуты 37805-040-64-100 мастер","зубр / хомуты оцинкованные, просечная 12.7 мм, 40-64 мм, 100 шт, зубр, ( 37805-040-64-100 )"
fold_01,Товары для животных,798864007964,352187477374,1,0.286,0.704,"titbit вяленые лакомства для кошек филе куриное, 50 гр 3шт","titbit вяленые лакомства / лакомство титбит для кошек филе куриное, 50г"
fold_01,Бытовая химия,798864046560,506806289158,1,0.279,0.559,отбеливатель пятновыводитель mister dez eco cleaning с активным кислородом (2 упаковки по 800г),"mister dez отбеливатель mister dez, порошок, для тканей, кислородный, 800 г"
fold_01,Электроника,807453861636,558345900386,1,0.133,0.655,"чехол для samsung a03s / на самсунг а03с, на самсунг а03s с принтом маленькая собачка силиконовый черный",covergood / силиконовый чехол для samsung a03s на самсунг а03с
fold_01,Продукты питания,807453884797,738734498451,1,0.202,0.63,каша гречневая со свининой,березовский мк / каша гречневая со свининой 24 шт по 340г из беларуси
fold_01,Хобби и творчество,807453893954,240518278235,1,0.309,0.561,"000-стразик / стразы-стекло для алмазной вышивки d-2,8мм-(3упх700-850шт.)","стразы для алмазной вышивки, d 2,8мм (3уп)"
fold_01,Музыкальные инструменты,807453915031,824633819614,1,0.36,0.455,"струны для укулеле тенор, комплект из 4 струн, nylgut, aquila 17u",aquila / aquila new nylgut 19u - струны для укулеле тенор 8 струн
fold_01,Красота и гигиена,807453922601,85899453396,1,0.214,0.632,"colgate / зубная паста бальзам молодой хвои, 100 мл","зубная паста colgate бальзам молодой хвои противовоспалительная, 100 мл, 9шт"
fold_01,Хобби и творчество,807453975955,850403659560,1,0.086,0.157,спицы носочные 20104 2.75mm-15 cm symfonie  wood  knitpro,"20111 knit pro спицы чулочные symfonie 5мм/20см, дерево, многоцветный, 5шт"
fold_01,Детские товары,807453989713,134638,0,0.948,0.96,"abtoys. / набор инструментов ""помогаю папе"", на блистере, с ручкой","набор инструментов abtoys помогаю папе, на блистере с ручкой"
fold_01,Мебель,816043797075,8589946371,1,0.311,0.518,"шкаф купе для одежды со штангой ""эко 2"" 120х220х45 белый",шкаф-купе для одежды мебель на руси эко 2 со штангой 120х200х45 белый
fold_01,Хобби и творчество,816043800110,120259094852,0,0.943,0.845,"фреска. картина из песка ""единорожка""",не определен фреска. картина из песка единорожка пз/ф-017
fold_01,Автотовары,816043805453,712964596274,1,0.385,0.123,ремонт сколов кузова (подкраска) + лак комплект volkswagen f3 indienblau 40 мл,kiwix / штрих корректор + грунт комплект volkswagen e3p red 40 мл
fold_01,Строительство и ремонт,816043818623,515396179691,1,0.375,0.097,кэаз / выключатель автоматический 63а 12iн ае2046м-100 у3 400в ac кэаз 104629 ( 1шт. ),автоматический выключатель кэаз 3p 25а 4ка
fold_01,Хобби и творчество,816043853834,721554591002,1,0.352,0.645,"школа талантов волосы - тресс для кукол ""прямые"" длина волос: 25 см, ширина:100 см, цвет № 30а","волосы - тресс для кукол школа талантов ""прямые"" длина волос: 25 см, ширина:100 см, цвет № 12"
fold_01,Строительство и ремонт,816043862420,438086739735,0,0.965,0.998,выключатель дифференциального тока (узо) 4п 32а 30ма тип ac 6ка узо-03 dekraft 14234dek,dekraft узо 4p 32а 30ма ac
fold_01,Музыкальные инструменты,816043868230,395137156281,1,0.309,0.513,трости для кларнета vandoren v.12 №3 eb (10 шт),"vandoren / v.12 трости для кларнета bb №3,5+ (10шт)"
fold_01,Обувь,816043873546,764504244803,1,0.331,0.585,туфли tapiboo,туфли tapiboo
fold_01,Спорт и отдых,816043879066,369367259182,1,0.071,0.07,"очки защитные спортивные copozz рц 64-66, с диоптриями -2.25 / солнцезащитные очки","очки защитные спортивные copozz рц 56-58, с диоптриями +3.75 / солнцезащитные очки"
fold_01,Канцелярские товары,816043879751,489626355719,1,0.312,0.855,"скетчбук а4 25 листов 170гр/м2 блокнот для рисования, эскизов с деревянной обложкой красочная девушка (абстракция, поп арт) - 275 в","не определен скетчбук а4 25 листов 170гр/м2 блокнот для рисования фильм заводной апельсин (clockwork orange, стэнли кубрик) - 307 в"
fold_01,Красота и гигиена,816043885204,274877928205,0,0.934,0.96,"шампунь pantene защита от потери волос, 400 мл",pantene / шампунь защита от потери волос 400 мл
fold_01,Аптека,816043887640,652835131128,0,0.951,0.816,durex / презервативы pleasuremax с ребрами и пупырышками 12 шт,durex презервативы pleasuremax рельефные с ребрами и пупырышками 12 шт
fold_01,Одежда,816043889243,661424996305,1,0.077,0.329,футболка reebok,топ бренд / футболка с принтом хлопок однотонная
fold_01,Товары для животных,816043893677,77309527564,1,0.376,0.72,"миска металлическая двойная на пластиковом основании, 33,5 х 18 х 6см, зеленая","пижон миска металлическая двойная на пластиковом основании 2 х 160 мл, 25 х 14 х 5 см, зелёная"
fold_01,Детские товары,816043929442,369367225203,0,0.932,0.881,"мультиплеер заинька, попляши! 4630027293695 азбукварик",азбукварик / развивающая игрушка азбукварик мультиплеер заинька
fold_01,Товары для животных,816043929669,163208837136,1,0.257,0.086,"куртка для собак с утяжкой. размер 18 (дс 40 см, ог 50 см, ош 38 см), золото-красная","не определен куртка для собак с утяжкой размер 10 (дс 25, ог 34, ош 24), золото-красная"
fold_01,Бытовая химия,816043933092,257698145750,0,0.92,0.967,"glade / освежитель воздуха свежесть утра, 1шт х 269мл","glade освежитель воздуха automatic свежесть утра, 269 мл."
fold_01,Галантерея и аксессуары,816043934470,738734518950,1,0.392,0.316,casio часы наручные электронные,casio / часы наручные/casio унисекс/casio
fold_01,Мебель,824633780853,180388800670,1,0.269,0.447,без бренда шкаф-пенал трикс левый цвет дуб крафт золотой 600-550-2200 наполнение платье,шкаф-пенал трикс левый цвет дуб крафт золотой с ящиками 600-550-2000 наполнение белье
fold_01,Строительство и ремонт,824633783909,429496880709,1,0.342,0.08,выключатель автоматический модульный 3п c 25а 4.5ка nxb-63s (r) chint 296829 (1 шт.),chint автоматический выключатель 10а
fold_01,Обувь,824633791020,790274087988,1,0.191,0.324,ип зиганшина / ботинки зима,ботинки зиганшина
fold_01,Детские товары,824633795972,94489438554,0,0.933,0.904,"набор цветных кубиков, смешарики, 20 шт., 4 4 см","теропром набор цветных кубиков, ""смешарики"", 20 элементов, 4х4 см"
fold_01,Продукты питания,824633797409,850403606570,0,0.933,0.646,лапша крахмальная фунчоза (2 шт. по 500 г),"без бренда лапша крахмальная фунчеза, 500 г, 2 уп"
fold_01,Детские товары,824633797847,180388692393,0,0.941,0.757,"конструктор ""гоночный автомобиль с инерционным механизмом"" decool technic mecfactor silver sharpspeed 208 деталей (модель 3810)","unicon / конструктор с инерционным механизмом «багги», 208 деталей"
fold_01,Продукты питания,824633840276,420906822322,0,0.935,0.693,каша nordic овсяная из цельного зерна 500 г,каша nordic овсяная 500 г (в заказе 1 штука)
fold_01,Обувь,824633843913,266288083935,1,0.221,0.458,туфли airbox,"airbox туфли airbox, размер 42, бежевый"
fold_01,Обувь,824633845797,412316990452,1,0.25,0.194,кроссовки котофей,кроссовки котофей
fold_01,Детские товары,824633856793,824633803723,0,0.935,0.875,"/ мягкая игрушка ""басик в зеленой курточке","мягкая игрушка ""басик в зелёной курточке"", 22 см"
fold_01,Музыкальные инструменты,833223656431,773094195500,0,0.996,0.985,"classic s комплект струн для классической гитары, сталь/медь,сталь,никель, 10-38, thomastik kf110",струны для классической гитары thomastik-infeld classic s kf110 10-38
fold_01,Хобби и творчество,833223703672,532575962019,0,0.982,0.936,набор для творчества картина наклейками. фея-бабочка,школа талантов набор для творчества «картина наклейками. фея-бабочка»
fold_01,Аптека,833223708385,77309540805,1,0.084,0.504,"готовые очки для чтения с диоптриями +3,75",farsi готовые очки для чтения золотые с диоптриями +3.75 футляр
fold_01,Автотовары,833223712411,231928303191,1,0.373,0.268,"автопилот оплетка на руль субару импреза (2014 - 2016) седан / subaru impreza, замша (премиального качества), черный","оплетка, чехол (накидка) на руль субару импреза (2019 - 2024) седан / subaru impreza, экокожа и спонж, черный"
fold_01,Продукты питания,833223721966,412316999661,1,0.147,0.59,macchocolate какао растворимый 10шт по 2 упаковки,"macchocolate / какао-напиток macchocolate cacaobar, 20 штук по 20 гр"
fold_01,Бытовая техника,833223748065,455266592400,1,0.386,0.023,швейная машина singer 8280,швейная машина singer 8290
fold_01,Ювелирные изделия,833223786133,644245222567,1,0.262,0.913,"gold center / браслет цепной из розового золота 585 пробы с плетением ""ром","585gold браслет золото красное 585 пробы, плетение ромб"
fold_01,Хобби и творчество,833223795622,601295496953,0,0.942,0.918,cosmodrome games / настольная игра имаджинариум добро,"игра настольная cosmodrome games ""имаджинариум. добро"", картонная коробка"
fold_01,Строительство и ремонт,833223802217,661425001251,1,0.378,0.077,"нихромовая проволока 0,18 мм на катушке 50 м / нихром х20н80 / для нагревательных спиралей, резки пенопласта, чпу выжигателей, нагревателей","стан проволока нержа 0,14 мм на катушке 50 метров, aisi 316l нержавеющая сталь, марка 03х17н14м3. нагревательный элемент и других нужд. серебристая"
fold_01,Спорт и отдых,841813594084,609885499395,1,0.311,0.786,"не определен капа боксёрская fight empire, цвет микс","fight empire, капа боксёрская, взрослая, одночелюстная, термопластичная, цвета микс, матовый с белым"
fold_01,Бытовая техника,841813600242,120259206005,0,0.927,0.909,"gefest газовая варочная панель газовая варочная поверхность пвг 2232-01, черный",gefest / встраиваемая газовая варочная панель гефест пвг 2232-01
fold_01,Мебель,841813602690,111669191148,1,0.289,0.81,"кариви кровать-чердак, 240х81х168 см",кариви кровать чердак л-е604.3 75х190 винтерберг белое дерево
fold_01,Детские товары,841813603425,601295571364,0,0.93,0.708,мягкая плюшевая игрушка подушка гусь обнимусь 130 см,"не определен мягкая игрушка-подушка ""гусь обнимусь"", белый, 130 см"
fold_01,Спорт и отдых,841813605125,412316981802,1,0.354,0.352,не определен звонок велосипедный,звонок велосипедный электрический
fold_01,Бытовая химия,841813618847,472446452258,1,0.352,0.623,"unicum средство для мытья стекол и зеркал unicum, флакон с распылителем, 500мл, 12шт.",средство для стекол и зеркал unicum 500мл спрей - 1 шт.
fold_01,Детские товары,841813620409,420906901941,1,0.381,0.116,lego / friends 41754 комната лео,"конструктор lego, серии ""friends"", 41739 liann room"
fold_01,Ювелирные изделия,841813636753,154618838792,1,0.313,0.553,"sokolov цепь sokolov, красное золото, 585 проба, длина 40 см, средний вес 1.29 г","sokolov, цепь из золота, 582040502, панцирное, украшение из красного золота 585 пробы"
fold_01,Товары для животных,841813638762,292057804198,1,0.304,0.49,"hill's science ""plan puppy healthy development lamb&rice"" сухой корм  для щенков средних пород с оптимальным содержанием энергии и минералов, с ягненком и рисом, 800 г","hill's / сухой корм для щенков с ягненком 2,5 кг"
fold_01,Дом и сад,841813653660,360777306931,1,0.189,0.478,flower soap lab / искусственные цветы для декора в кашпо,flower soap lab искусственные цветы
fold_01,Галантерея и аксессуары,841813678782,25769939953,1,0.374,0.719,jacques lemans часы наручные кварцевые,"наручные часы jacques lemans sport, мультиколор"
fold_01,Одежда,841813685654,274877994852,1,0.378,0.265,поло fred perry,"fred perry поло fred perry, размер 6, белый"
fold_01,Одежда,841813685654,523986043877,1,0.396,0.239,поло fred perry,"fred perry поло fred perry, размер 16, белый"
fold_01,Бытовая химия,841813706085,523986096449,0,0.969,0.822,"domestos стикер для унитаза морская свежесть, 3х10г","стикер для очищения унитаза domestos attax морская свежесть , 3 шт. по 10 г"
fold_01,Хобби и творчество,841813715190,712964726592,1,0.309,0.407,декор 'кружок' золото фоам глиттер 2 см (набор 10 шт),"декор ""снежный ком"" золото фоам глиттер 2 см (набор 10 шт)"
fold_01,Бытовая техника,841813718582,601295422323,1,0.374,0.049,плата управления чайника redmond rk-g211s,redmond rmc-m211-krv крышка в сборе без выпускного клапана для мультиварки rmc-m211
fold_01,Бытовая химия,841813726252,635655314823,0,0.94,0.737,"авс стиральный порошок 3000 г 30  стирок для цветных тканей, для деликатных тканей",abc - бытовая химия / abc / стиральный порошок автомат / роза / 3 кг
fold_01,Спорт и отдых,850403546714,438086700248,1,0.199,0.451,"мягкие приманки frapp geko  6.9"" pal# 02 (2шт)","не определен силикон frapp geko 5"" #pal02 (4 шт/уп)"
fold_01,Автотовары,850403560990,197568558864,0,0.929,0.96,arivo ultra arz4 шины летние 225/55  r18 102v,arivo / шины летние 225/55r18 102v xl ultra arz4
fold_01,Бытовая химия,850403569400,352187440663,0,0.997,0.929,top house 180360,чистящее средство top house 180360
fold_01,Хобби и творчество,850403570970,566935818905,0,0.934,0.947,"nobrand бусины для творчества дерево ""разноцветные"" набор 30 гр 1х1 см","бусины для творчества дерево ""разноцветные"" набор 30 гр 1х1 см"
fold_01,Обувь,850403653268,850403618385,1,0.159,0.134,полуботинки рабочие savel демисезон,сириус / полуботинки рабочие
fold_01,Товары для животных,850403658750,34359791025,1,0.369,0.813,"шлейка для собак hunter hilo comfort 31-33 см, текстиль, оливка","hunter шлейка для собак hilo comfort 31-33 см, сетчатый текстиль, изумрудная"
fold_02,Строительство и ремонт,18734,558345772390,1,0.161,0.068,"бур по бетону sds plus с двойной резьбой 14х460 мм, mos 32557м",бур по бетону sds plus с двойной резьбой 14х160 мм mos
fold_02,Детские товары,29387,420906887787,0,0.926,0.891,"юла-карусель ""цирк""",stellar / юла stellar карусель цирк
fold_02,Мебель,66542,8590089704,1,0.333,0.633,угловой диван лига диванов эмир бс правый угол,"лига диванов угловой диван ,245х147х85см"
fold_02,Хобби и творчество,70316,300647809945,1,0.291,0.757,кулон с цепочкой рука фатимы,jewique / подвеска бижутерная/кулон/амулет рука защиты
fold_02,Одежда,111487,584115575903,1,0.397,0.75,футболка sela,футболка sela
fold_02,Мебель,116902,188978621888,1,0.339,0.61,clicker зеркало-шкаф aquanet алвита 60 белый,"aquanet зеркало-шкаф, 59х16.5х75 см"
fold_02,Канцелярские товары,117894,146028924159,1,0.36,0.692,наклейки на карту банковскую секай,1-я наклейка / голографическая наклейка на карту банковскую аниме секай
fold_02,Автотовары,146182,42949822229,0,0.977,0.961,подшипник 6202 2rs (180202) - 2 шт. 15х35х11 мм,"апп-групп подшипник универсальный, диаметр 15 мм, 2 шт., арт. 180202"
fold_02,Электроника,146420,68719491833,0,0.925,0.989,мышь беспроводная a4tech fstyler fg10 черный,"a4tech мышь беспроводная fstyler fg10, черный"
fold_02,Товары для животных,156183,515396197646,0,0.964,0.999,"triol / удочка-дразнилка монстрик, 60/500 мм","удочка-дразнилка для кошек ""монстрик"", 60/500мм, triol"
fold_02,Аптека,8589947244,214748499941,1,0.047,0.204,"avaira астигматические линзы vitality toric 6 линз 6 линз ось 150 оптическая сила цилиндра -2.25, 6 шт., -1.50 / 8.5/-2.25/150, 2 недели","линзы контактные coopervision vitality toric 6 шт. -1,5/1,25/140"
fold_02,Бытовая химия,8590013389,532576022930,0,0.926,0.954,чистый дом / зерновая приманка от крыс и мышей 200гр,зерновая приманка чистый дом от крыс и мышей 200 г
fold_02,Продукты питания,8590015149,747324450748,1,0.386,0.498,кофе жокей традиционный жареный в зернах 100 г,жокей / кофе в зернах
fold_02,Детские товары,8590033603,154618876702,0,0.954,0.788,"нет бренда / пазлы 35 элементов макси ""репка""","макси-пазлы ""репка"", 35 элементов"
fold_02,Товары для животных,8590083089,103079275594,0,0.932,0.998,туалет zooexpress для грызунов угловой 33*19*18см / 1 шт,"zooexpress / туалет zooexpress для грызунов угловой, 33х19х18 см"
fold_02,Товары для животных,8590097201,206158477506,0,0.934,0.955,"корм для кошек hills 1,5кг prescription diet metabolic urinary stress feline для коррекции веса и поддержания здоровья при мкб с курицей сухой","hills prescription diet metabolic & urinary stress / лечебный корм хиллс для кошек коррекция веса и урология курица 1,5кг"
fold_02,Хобби и творчество,17179875512,618475325627,1,0.271,0.033,000 / на берегу андаманского моря 40х50,dvekartinki алмазная мозаика на подрамнике 40x50 см полная выкладка круглые стразы 40х50красочные скалы бали
fold_02,Бытовая химия,17179880605,438086718467,0,0.947,0.882,"мыло жидкое хозяйственное с маслом кедра, 0,5л",grass / мыло жидкое хозяйственное с маслом кедра
fold_02,Ювелирные изделия,17179893135,661425039973,1,0.378,0.312,"цепочка из золота 50 см красцветмет нц12-053d-0,30","золотая цепочка на шею женская 585 красцветмет, 12-053пг, 0.35 мм, размер 60"
fold_02,Обувь,17179895303,489626412230,1,0.399,0.292,кроссовки asics,zakiraev / кроссовки спортивные
fold_02,Спорт и отдых,17179931779,816043841589,0,0.945,0.965,stinger / блесна phantom 75/28 #sbr,блесна для рыбалки колеблющаяся (колебалка) stinger phantom 75/28 #sbr
fold_02,Хобби и творчество,17179953871,755914278788,1,0.361,0.775,алмазная мозаика 40х50 журавли в цветах полная выкладка холст на подрамнике круглые стразы без рамки,"алмазная мозаика 40*50 ""японские журавли"""
fold_02,Электроника,17179965439,738734441610,1,0.372,0.531,"hoya нейтральный (nd) светофильтр 95 мм, черный",светофильтр prond1000 нейтрально-серый 95mm
fold_02,Товары для животных,17180007463,352187319180,1,0.391,0.477,"ferplast шторка для будки domus extra large, 35x59 см",шторка для будки для собак ferplast domus large
fold_02,Детские товары,17180022203,712964599507,1,0.373,0.654,мягкая игрушка панда,не определен мягкая игрушка панда
fold_02,Ювелирные изделия,25769808750,94489355985,1,0.358,0.243,diamant кольцо 94-112-00488-2,"diamant кольцо diamant, серебро, 925 проба, родирование, наношпинель, фианит, эмаль, размер 21"
fold_02,Продукты питания,25769857554,197568637232,0,0.936,0.926,"шоколад аленка молочный, 90г","красный октябрь / шоколад аленка молочный, 90г"
fold_02,Бытовая химия,25769885231,292057796166,0,0.926,0.827,"не определен чистящее средство azelit-gel, гель, для кухни, 500 мл","чистящее средство ""azelit-gel"" 500мл grass (218555)"
fold_02,Спорт и отдых,25769944432,128849048494,0,0.951,0.993,набор щеток stg yc798 (4 шт.),набор щеток для чистки велосипеда stg yc798 (4 штуки)
fold_02,Музыкальные инструменты,34359745203,463856558400,0,0.94,0.884,emily piano d-22 wh - цифровое фортепиано с наушниками behringer hc 200 в комплекте,emily piano / emily piano d-22 wh цифровое фортепиано
fold_02,Хобби и творчество,34359771346,541165975331,1,0.328,0.633,"фетр декоративный 1 мм 30 см х 45 см №114 т.сиреневый, 1 шт. в заказе","фетр декоративный blitz 20х30 см, 5 шт, № 114, темно-сиреневый (fkc10-20/30)"
fold_02,Электроника,34359787859,154618920854,0,0.962,0.934,мышь a4tech bloody p81s черный оптическая (8000dpi) usb (8but) (p81s curve activated),"мышь a4tech bloody p81s, игровая, оптическая, проводная, usb, черный [p81s curve activated]"
fold_02,Музыкальные инструменты,34359814731,343597457028,1,0.353,0.389,губная гармошка easttop t008ls a,easttop t008l b диатоническая губная гармошка
fold_02,Аптека,34359823544,489626405774,0,0.948,0.888,"acuvue астигматические линзы oasys for astigmatism cyl -1,25_110, 6 шт., +4.50 / 8.6/-1.25/110, 2 недели",acuvue / линзы acuvue oasys for astigmatism +4.50 -1.25 110 6 шт
fold_02,Музыкальные инструменты,34359838000,8590097396,0,0.952,0.914,губная гармоника диатоническая easttop pro60 d,"easttop pro60 d диатоническая губная гармошка, d"
fold_02,Спорт и отдых,34359855349,17180007656,1,0.4,0.204,палатка для рыбалки трёхместная митек нельма куб-3 люкс,нельма куб-2 люкс палатка для зимней рыбалки с внутренним тентом
fold_02,Бытовая техника,34359871729,137439002232,0,0.991,0.703,"centek / вентилятор ct-5004 beige, напольный, 40 вт","centek напольный вентилятор ct-5004 beige (бежевый), серый"
fold_02,Музыкальные инструменты,42949674673,249108142618,1,0.389,0.3,"надфиль для пропила верхнего порожка, алмазное покрытие musicnomad mn664","musicnomad mn652 - надфиль для пропила верхнего порожка, алмазное покрытие, калибр: 17"
fold_02,Товары для животных,42949703993,309237683771,0,0.949,0.801,"royal canin сухой корм для кошек при нарушении пищеварения, 400 г","canin / корм для кошек с чувствительным пищеварением, 400 гр."
fold_02,Обувь,42949713808,678604882503,1,0.065,0.068,rammaz / весенниее ботинки fitzsimmons citylite,ботинки maneki neko
fold_02,Хобби и творчество,42949784013,360777399594,0,0.971,0.909,"лесная мастерская набор для творчества ""фигурки. динозавры""","набор для творчества ""фигурки. динозавры"""
fold_02,Мебель,42949791708,515396095462,1,0.389,0.725,не определен барная стойка лофт-8 белая матовая пр,"svp-mebel барный стол, 150х50х110 см"
fold_02,Одежда,42949800373,429496862492,1,0.128,0.426,футболка ориподи,agla / футболка унисекс россия суворов russian pride
fold_02,Музыкальные инструменты,42949827214,515396205118,1,0.399,0.429,"s56c sofia soloist series классическая гитара размер 1/2, kremona",акустическая гитара kremona s53c sofia soloist series
fold_02,Мебель,51539631047,257698155161,1,0.131,0.224,компьютерный стол woodville 287123,"компьютерный стол, 60х50х100 см"
fold_02,Бытовая химия,51539654992,317827582526,0,0.952,0.791,"sarma / стиральный порошок sarma «горная свежесть», универсальный, 6","sarma стиральный порошок 6000 г для деликатных тканей, для цветных тканей"
fold_02,Бытовая техника,51539655599,292057914384,0,0.98,0.983,philips / утюг philips dst3020/30,утюг philips dst3020/30
fold_02,Бытовая химия,51539675647,60129623659,1,0.379,0.838,"биолан средство для мытья посуды, алоэ вера, 450 мл","средство для мытья посуды 450 мл, биолан ""бальзам алоэ вера"", 1126-3 2 шт. "
fold_02,Детские товары,51539681009,566935722405,1,0.186,0.218,lovular подгузники giraffe m (6-11 кг) 60 шт,подгузники lovular giraffe s 4-8 кг 66 шт
fold_02,Канцелярские товары,51539707528,481036351107,0,0.937,0.958,"термоэтикетки 100х72 мм эко (диаметр втулки 40 мм, 6 рулонов по 500 этикеток)","тмграфика термоэтикетки эко 100х72мм, 500 шт. в рулоне (6 шт. в упаковке)"
fold_02,Бытовая химия,51539712935,755914279472,0,0.935,0.759,prosept / универсальный пятновыводитель 2 штуки candy+перчатки,"универсальный пятновыводитель prosept candy готовый раствор 0,5 л + перчатки для защиты рук"
fold_02,Дом и сад,51539727595,712964645301,1,0.312,0.354,"комплект постельного белья ситрейд вышивка, евро, пододеяльник 200x220, простынь на резинке 140x200x30, наволочки: 50x70 -2 шт, 70x70 -2 шт. cnr121-e 4 140*200*30",комплект постельного белья сатин вышивка дуэт семейный на резинке 4 наволочки
fold_02,Продукты питания,51539742233,816043883471,1,0.368,0.354,кофе молотый mega coffee натти 250 гр свежая обжарка - смесь для эспрессо и молочных напитков,мега-медиа / кофе в зернах бразилия серрадо 250 гр свежая обжарка
fold_02,Детские товары,60129552517,412316981230,0,0.97,0.932,"nobrand набор машин радиоуправляемых «полицейская погоня», 2 шт., 1:22, работают от батареек","набор машин радиоуправляемых полицейская погоня, 2 шт., 1:22, работают от батареек"
fold_02,Обувь,60129601935,446676615027,1,0.363,0.608,belursus / ботинки классические демисезонные на толстой подошве,ботинки belursus
fold_02,Одежда,60129605278,747324336139,1,0.4,0.589,фабрика футболок / футболка ebis ono vse konem,футболка
fold_02,Музыкальные инструменты,60129618064,395137157258,0,0.985,0.997,"a506p-sl комплект струн для электрогитары, никель, 9-42 alice","alice / струны для электрогитары alice a506p-sl, никель 9-42"
fold_02,Одежда,60129618547,618475409411,1,0.169,0.216,рубашка lukanclan весь мир моды,рубашка acoola
fold_02,Музыкальные инструменты,60129646948,755914354246,1,0.313,0.672,flight d-155c mah bk - акустическая гитара с вырезом,"flight / d 155c mah bl акустическая гитара, цвет прозрачный синий"
fold_02,Музыкальные инструменты,60129652831,283467945237,0,0.975,0.899,электрогитара magna 2050f-fcb,"2050f-fcb электрогитара, magna"
fold_02,Хобби и творчество,60129669566,704374714321,1,0.364,0.566,"акриловая краска hausa  ржавчина, 60 мл","hausa / акриловая краска hausa черепица, 60 мл"
fold_02,Хобби и творчество,60129678743,781684180189,1,0.283,0.432,нитки для шитья бытовые 40/2 полиэстер 366м коричневый 10 штук,ideal / нитки бытовые для шитья 40/2 10шт.
fold_02,Хобби и творчество,60129690418,712964611818,0,0.934,0.872,"десятое королевство настольная карточная игра ""шпионская мафия"", детская ролевая психологическая игра для веселой компании, игровой набор из 14 карт с персонажами","настольная карточная игра ""шпионская мафия"""
fold_02,Мебель,60129711412,489626408168,0,0.953,0.974,"стол садовый плетеный 4sis латте 160х90см из искусственного ротанга, столешница из закаленного стекла, 160 х 90 х 75 см (цвет: коричневый)","плетеный стол 4sis ""латте"" из искусственного ротанга 160х90см, цвет коричневый"
fold_02,Обувь,68719500360,25769957508,1,0.275,0.468,сапоги nerpa,kaury / сноубутсы женские резиновые утепленные до -40 ºс
fold_02,Музыкальные инструменты,68719527668,8590077227,1,0.149,0.407,"action-hh4-bk action series бас-гитара, черная, cort",бас-гитара trbx174ew black
fold_02,Хобби и творчество,68719544503,618475317234,0,0.956,0.965,"barantsev настольные игры / карточная игра ""отвечай или выполняй"", 50 карт","карточная игра ""отвечай или выполняй"", 50 карт"
fold_02,Галантерея и аксессуары,68719551072,601295576696,1,0.259,0.103,"чехол на чемодан 24, цвет чёрный","чехол на чемодан 20"", цвет чёрный"
fold_02,Ювелирные изделия,68719563943,609885439768,1,0.345,0.396,серьги-пусеты с выращенными бриллиантами 0.685 ct,iq diamonds / золотые ювелирные серьги с выращенными бриллиантами
fold_02,Галантерея и аксессуары,68719602365,171798724959,1,0.168,0.355,просто надо браслет со вставками,склад2 / кожаный браслет мияги & эндшпиль малиновый рассвет
fold_02,Одежда,68719602707,764504244290,1,0.391,0.403,шапка hip hop,"без бренда бейсболка , размер 52-56, синий, красный"
fold_02,Одежда,68719603509,695784796160,1,0.198,0.276,angel a / куртка для осень-весна длинная,пальто пуховое aiwa
fold_02,Аптека,68719609329,206158440399,1,0.107,0.176,астигматические линзы miru 1 month for astigmatism 6 линз sph -2.75 cyl -0.75 axis 160,"miru 1 month for astigmatism (6 линз) 8.6, cyl:-1.75, axis: 80, -2.75"
fold_02,Одежда,68719616444,472446502900,1,0.283,0.357,юбка acoola,юбка acoola
fold_02,Красота и гигиена,68719625621,635655249689,1,0.391,0.587,veet полоски восковые для линии бикини и области подмышек с ароматом бархатной розы и эфирными маслами 14 шт/уп,veet / восковые полоски для депиляции 10шт
fold_02,Спорт и отдых,68719629179,498216354117,1,0.307,0.838,балансир kuusamo tasapaino x-pro 60 rb/fr/fye,балансир kuusamo tasapaino x-pro 60mm #rb/b-s
fold_02,Музыкальные инструменты,77309438762,335007581059,1,0.123,0.336,"тамбурин fleet th9-6a 9 дюймов, 6 бубенцов","th4-3a тамбурин, 4 дюйма, 3 бубенца, fleet"
fold_02,Хобби и творчество,77309446268,257698100124,0,0.959,0.915,"лас играс / карточная игра ""umomomento"", 70 карт","лас играс карточная игра ""umomomento"", 70 карт"
fold_02,Мебель,77309469710,223338441816,1,0.23,0.654,раковина 70 см со столешницей 100 см wellsee croquis 2.0 в наборе 10 в 1 201008881,"комплект мебели для ванной комнаты с раковиной wellsee genuine tree 201015001: столешница, раковина, смеситель, сифон, выпуск, угловые вентили, аксессуары (цвет набора хром)"
fold_02,Красота и гигиена,77309567816,60129561847,0,0.922,0.883,шампунь крапива укрепляющий 400 мл,"шампунь для волос чистая линия «укрепляющий», крапивой, 400 мл"
fold_02,Дом и сад,85899358502,506806230170,1,0.331,0.944,не определен картина на стену интерьерная 30х40 см с портретом,"customdesign картина ""портрет"", 40  х 30 см"
fold_02,Товары для животных,85899363771,755914329952,1,0.297,0.421,"proplan sterilised optidigest курица для стерилизованных кошек, 1,5 к г+ 4 пауча по 85 г","pro plan / корм для кошек 1,5 кг"
fold_02,Спорт и отдых,85899453771,128849093714,1,0.397,0.19,"leader мандула классическая leader (mlm025 / "" / 027)","мандула классическая leader (mlm003 / "" / 002)"
fold_02,Аптека,85899455407,730144528036,1,0.396,0.261,"контактные линзы coopervision clariti 1 day toric (1), 30 шт., r 8,6, d -1,25, cyl: -0,75, aх: 130","coopervision астигматические линзы, 30 шт. , -1.25, 8.6, -1.75, 80, 1 день "
fold_02,Мебель,85899458360,515396130153,1,0.277,0.608,лига диванов угловой диван элис левый угол,"лига диванов диван-кровать, механизм еврокнижка, 265х160х93 см"
fold_02,Дом и сад,85899459306,747324428548,1,0.313,0.313,постельное белье 2 спальное сатин зигзаг,boris / комплект постельного белья семейный/ простыня без резинки
fold_02,Хобби и творчество,85899478118,532575968752,1,0.324,0.116,"lang спицы круговые супергладкие wooladdicts ergonomic lace 2,25 мм, 60 см, арт.306.0622","спицы круговые супергладкие wooladdicts ergonomic lace 2,5 мм, 60 см, арт.306.0625"
fold_02,Хобби и творчество,94489330106,481036350177,0,0.941,0.926,набор металлических головоломок умные гвозди,puzzle набор металлических головоломок «умные гвозди»
fold_02,Красота и гигиена,94489347585,506806180720,0,0.944,0.972,крем-гель детский моё солнышко абрикосовый остров для купания и душа 400 мл,моё солнышко / крем-гель детский для купания абрикосовый остров 400 мл.
fold_02,Хобби и творчество,94489377792,377957188596,0,0.995,0.946,"арт узор, термоаппликация ""runaway"", 8,3 х 2,5 см, цвет чёрный, 5 штук","арт узор / термоаппликация runaway, 8,3 х 2,5 см, цвет чёрный"
fold_02,Строительство и ремонт,94489397107,755914247515,1,0.38,0.249,"freya люстра подвесная, e14, 480 вт","люстра velia fr2046-pl-06-wg, e14 6 ламп 24 м²"
fold_02,Бытовая химия,94489411334,128849150045,0,0.946,0.993,"кондиционер для белья lenor ""скандинавская весна"", 2 литра",lenor скандинавская весна / кондиционер для белья lenor скандинавская весна 2л
fold_02,Спорт и отдых,94489437707,309237701978,0,0.964,0.975,"бассейн надувной disney princess 122х25см, 140 л, bestway 91047",bestway / бассейн надувной bestway 91047 disney princess 122х25 см
fold_02,Красота и гигиена,103079243395,223338317133,0,0.927,0.885,"шампунь garnier fructis sos восстановление, 400 мл","garnier / шампунь для волос fructis, sos восстановление 400 мл"
fold_02,Строительство и ремонт,103079253401,51539644605,1,0.323,0.428,настольная лампа odeon light tower 4868/1t,odeon light / настольная лампа odeon light candy 4861/1tb
fold_02,Продукты питания,103079264333,214748488459,1,0.272,0.646,"растворимый кофе plantation pur arabica, 200 гр.","кофе растворимый сублимированный golden plantation pur arabica, 2 уп. по 200 г"
fold_02,Товары для животных,103079276352,403727072153,1,0.346,0.55,"guf / рюкзак сумка переноска для кошек, собак, животных и грызунов",рюкзак-переноска для животных кошек/собак
fold_02,Музыкальные инструменты,103079289704,309237711909,0,0.99,0.973,струны для домры альт мозеръ da1,струны мозеръ для домры альт da1
fold_02,Канцелярские товары,103079343099,395137107813,1,0.34,0.479,"альбом для акварели, склейка, baohong, 10 листов, хлопок 100%, 300 гр/м.кв., среднезернистая фактура, размер 125x180 мм",baohong / альбом для акварели 100% хлопок 300г fin 260х380
fold_02,Хобби и творчество,103079369386,532575988051,0,0.955,0.974,"трафарет пластик ""большая снежинка"" 9х9 см",трафарет пластик 'большая снежинка' 9х9 см
fold_02,Хобби и творчество,111669170929,687194891702,0,0.939,0.701,геодом карта-пазл &quot;наша родина - россия&quot; (260 деталей),"большой подарок ""новогодний. наша родина-россия"", в наборе: пазл-головоломка из 260 деталей, атлас с наклейками и 32 игровые карточки"
fold_02,Дом и сад,111669256155,8590040173,1,0.357,0.534,подхват для штор с тросом,клипса магнитная с тросом однотонная сатин
fold_02,Бытовая техника,111669264493,120259115007,0,0.933,0.93,"прибор со сменными панелями redmond мультипекарь skybaker rmb-m657/1s, черный","redmond skybaker rmb-m657/1s, мультипекарь, черный"
fold_02,Музыкальные инструменты,111669273265,670014903255,1,0.358,0.336,aquila 112u струны для укулеле концерт,aquila 111u струны для укулеле сопрано
fold_02,Музыкальные инструменты,120259117237,584115593080,1,0.323,0.483,"rico rja0315 трости для саксофона размер: №1,5",rico rja0320 / трость для саксофона
fold_02,Обувь,120259141201,833223784738,1,0.211,0.325,кеды tendance,tendance / кеды
fold_02,Бытовая химия,120259173452,601295437586,1,0.381,0.732,"серная дымовая шашка green belt климат для дезинфекции теплиц, погребов и подвалов от вредителей, плесени и грибков, 300 гр.","green belt климат , 6 шт. х 300 г"
fold_02,Строительство и ремонт,120259178809,575525690481,1,0.104,0.144,мебельный щит лдсп 16мм 200х230 c кромкой 1мм цвет дуб дымчатый,без бренда мебельный щит лдсп 16мм 250х230 c кромкой 1мм цвет дуб дымчатый
fold_02,Бытовая химия,120259181421,42949715844,0,0.943,0.89,"крем cif актив лимон универсальный 500 мл в упаковке, комплект: 2 упаковки",крем чистящий для кухни и ванной cif актив лимон универсальный 500мл х 2шт
fold_02,Галантерея и аксессуары,120259204613,395137022937,1,0.217,0.513,vivienne westwood ожерелье колье,bezhutericshell / подвеска бижутерная vivienne westwood
fold_02,Хобби и творчество,128849061237,51539689439,1,0.193,0.293,"tulip спицы круговые knina swivel 6мм/40см, бамбук, натуральный, tulip, ks-400600","спицы круговые ""knina swivel"" 4мм/40см, бамбук, натуральный, tulip, ks-400400"
fold_02,Музыкальные инструменты,128849080773,429496865428,1,0.115,0.22,"sclsnt silena классическая гитара, newtone",классическая гитара cort ac200-nat
fold_02,Бытовая техника,128849111914,51539704985,0,0.974,0.976,"il monte / варочная панель газовая, 30 см., стекло, bh-312g-nsd","варочная панель газовая, закаленное стекло, 30 см., автоподжиг, чугунные решетки, il monte bh-312g-nsd"
fold_02,Музыкальные инструменты,128849139173,377957224103,0,0.948,0.865,"музыкальный инструмент глюкофон, зеленый, 8 лепестков, 15 х 9 см","music life музыкальный инструмент глюкофон, зеленый, 8 лепестков, 15 х 9 см 9644604"
fold_02,Строительство и ремонт,128849148520,670014965823,1,0.134,0.501,угол (поворот) dkc lc0832 45° l=650,dkc lc0565hdz угол горизонтальный 45 градусов 50x500 r-600
fold_02,Дом и сад,128849149013,309237714961,0,0.921,0.942,"кокосовые таблетки jiffy-7с, 10 шт (25 мм)",jiffy / кокосовые таблетки для рассады джиффи-7c
fold_02,Бытовая техника,137438986453,712964625610,0,0.948,0.902,водонагреватель electrolux ewh 30 royal silver,водонагреватель electrolux ewh 30 silver
fold_02,Одежда,137439080168,798864011085,1,0.318,0.283,платье руся,great pearl / туника повседневная
fold_02,Автотовары,137439088905,541166011245,1,0.394,0.066,"набор-подкраска fixpaint double для автомобилей mazda roadster 3(ncec), код краски a4a, название цвета true red солид, краска и лак для подкраски скол","набор-подкраска fixpaint double для автомобилей bmw x4(f98), код краски c3c, название цвета piedmont red, piemont red, piemont rot красный пьемонт, краска и лак для подкраски сколов и царапин"
fold_02,Хобби и творчество,146028888377,223338420253,1,0.369,0.83,алмазная мозаика на подрамнике 40х50 панда,"новый мир алмазная мозаика на подрамнике живопись вышивка картина стразами 40х50 см, мама панда и малыш, полная выкладка"
fold_02,Детские товары,146028894809,798864006534,0,0.954,0.786,"unicon / конструктор гонка, 3 варианта сборки","конструктор ""гонка"", 3 варианта сборки, 61 деталь"
fold_02,Хобби и творчество,146028928335,403727003607,0,0.994,0.957,"лесная мастерская конструктор деревянный «робот», 29 деталей","конструктор деревянный ""робот"", 29 деталей"
fold_02,Канцелярские товары,146028964131,111669163899,1,0.329,0.437,"набор шариковых ручек bic round stic exact (932857) серая 0.7 мм, резиновая манжета, синие чернила, блистер 4 шт, в упаковке 20 шт. (1499464)","bic / ручки шариковые с грипом bic ""round stic exact"", набор-5шт."
fold_02,Музыкальные инструменты,146028969233,197568591304,1,0.296,0.338,"easttop t008s b диатоническая губная гармошка, b","easttop / easttop t008s e диатоническая губная гармошка, e"
fold_02,Электроника,146028972705,670014931551,1,0.3,0.578,"shopelectro / аккумуляторная сборка shopelectro 1500аа,3,6в 1500мач/3,6v 1500mah,nimh,с универсальным разъёмом/1","аккумуляторная сборка №2 shopelectro se1550аа 3.6 v, 1550 mah, nimh, с универсальным разъёмом"
fold_02,Хобби и творчество,146028986752,128849044147,0,0.942,0.888,"деревянный слон настольная игра ""крестики-нолики"", карманная игра в дорогу","настольная игра ""крестики-нолики"", карманная игра в дорогу"
fold_02,Галантерея и аксессуары,146028994535,850403563332,1,0.24,0.608,omax / часы наручные 00ps1016xz45,omax часы наручные кварцевые
fold_02,Детские товары,146029021600,317827662471,1,0.35,0.433,паровозик,форма паровозик
fold_02,Ювелирные изделия,154618826482,197568565859,1,0.236,0.634,rich line / ювелирное кольцо из серебра 925 проба,rich line кольцо из серебра 925 пробы
fold_02,Электроника,154618869857,635655219563,1,0.087,0.198,системный блок bonuspk 3741537,"bonuspk системный блок мощный компьютер для игр bonuspk o3740415 (intel core i7-12700f (3.6 ггц), ram 16 гб, ssd 500 гб, hdd 1000 гб, nvidia geforce rtx 3060 ti (8 гб), windows 10 pro), черный"
fold_02,Продукты питания,154618890539,747324415554,0,0.923,0.782,кофе в капсулах lor espresso delizioso 10шт,"кофе в капсулах l'or espresso delizioso 10 шт*52 г, россия"
fold_02,Продукты питания,154618913763,609885451799,1,0.197,0.058,"зелёный чай ""глинтвейн"" 50гр с 23 февраля","кладовая кавказа иван чай с травами ""краснополянский успокаивающий"" 50гр"
fold_02,Канцелярские товары,154618920377,584115684142,1,0.383,0.622,"тетрадь на кольцах а5 175х220 мм, 120 л., пластик, с разделителями, brauberg, зеленый, 404629","brauberg / тетрадь на кольцах а5 175х220 мм, 120 л., пластик"
fold_02,Мебель,154618938784,446676615912,1,0.345,0.118,"chairman офисное кресло 226276_240431, ткань, черный","helmi hl-m96 r airy, спинка сетка черная, сиденье ткань черная, пиастра"
fold_02,Галантерея и аксессуары,154618967675,206158564905,1,0.376,0.603,восток командирские / наручные часы,восток часы наручные механические
fold_02,Детские товары,154618978878,721554641420,1,0.332,0.701,"слайм зефирка, цвет жёлтый и маджента, 100 г","прихлоп / слайм «зефирка», цвет красный, жёлтый 100 г"
fold_02,Музыкальные инструменты,163208758912,841813604656,1,0.307,0.618,"dunlop ag-phb 10-46 комплект струн для акустической, гитары фосфорная бронза",dunlop dap1048 / струны
fold_02,Хобби и творчество,163208765412,257698089718,0,0.977,0.959,"лесная мастерская умное лото. кто где живёт, 24 фишки","умное лото. кто где живёт, 24 фишки"
fold_02,Бытовая техника,163208788261,25769888811,0,0.947,0.906,ультразвуковой увлажнитель leberg lh-19,увлажнитель воздуха leberg lh-19 белый
fold_02,Детские товары,163208792459,34359747400,1,0.37,0.039,"детский велосипед urban 16, год 2022 , цвет синий",novatrack / детский велосипед urban 14
fold_02,Канцелярские товары,163208836291,506806146282,1,0.364,0.166,"calligrata / папка пластиковая а4, молния сверху, прозрачная, офис, пм-",папка а5 для тетрадей и документов в школу
fold_02,Электроника,163208848839,231928243751,1,0.388,0.157,антенна дециметрового диапазона (uhf) панельная дельта н120а.f-5v,антенна приемо-передающая аппс дельта ф/1700-2700/f mimo 2x2 л
fold_02,Музыкальные инструменты,163208866658,257698125182,1,0.337,0.77,leonty / fluorescent lemon 5b барабанные палочки,"vasiliev groove барабанные палочки, leonty lvg"
fold_02,Обувь,163208869945,790274052664,1,0.355,0.629,ботинки tendance,tendance / ботинки
fold_02,Красота и гигиена,163208886405,360777305011,1,0.385,0.38,лак для волос прелесть professional эффект памяти сверхсильной фиксации 75 мл,прелесть / лак для волос эффект памяти 300 мл *1шт
fold_02,Ювелирные изделия,171798774274,618475359641,1,0.266,0.744,sokolov / серьги из золота,"sokolov, серьги из золота с алмазной гранью, 026794, декоративные, украшение из красного золота 585 пробы"
fold_02,Ювелирные изделия,171798782131,34359783167,1,0.296,0.176,platina кольцо из красного золота 585 пробы c бриллиантом,"кольцо из красного золота р. 19,5 platina jewelry 01-5242-00-501-1110-38, фианит"
fold_02,Дом и сад,171798789904,188978564230,0,0.948,0.992,"пакет ламинат вертикальный ""с днем рождения!"", человек-паук, 23х27х11,5 см","marvel пакет ламинат вертикальный ""с днем рождения!"", человек-паук, 23х27х11,5 см"
fold_02,Электроника,171798790060,747324396818,1,0.283,0.312,oneplus / смартфоны oneplus 6t 8+128 гб зеркало черный,"oneplus смартфон 6 8/128 гб, черный"
fold_02,Детские товары,171798796186,17179935089,0,0.965,0.863,moonglee / мягкая игрушка зайчик с сердцем на подвеске,"мягкая игрушка ""зайчик"", с сердцем, на подвеске"
fold_02,Детские товары,171798797670,652835046993,0,0.942,0.831,"мягкая игрушка ""ли-ли baby с сердечком"", 20 см","basik&co мягкая игрушка «ли-ли baby с сердечком», 20 см"
fold_02,Бытовая химия,171798805475,300647841976,1,0.382,0.317,"мой выбор капсулы для стирки 3в1, ""свежесть васильков"", 100*13 г","мой выбор, капсулы для стирки, 3в1, морозная свежесть, 13 грамм, 100 штук в наборе"
fold_02,Строительство и ремонт,171798834104,99572,1,0.375,0.803,ночник аниме магическая битва сатору годжо и гето,himitetsu / ночник аниме магическая битва сатору годжо и гето
fold_02,Галантерея и аксессуары,171798838393,180388793063,1,0.165,0.391,krasnikova / значки на рюкзак мульт гравити фолз falls,прикольный деревянный значок на рюкзак гравити фолз
fold_02,Музыкальные инструменты,180388656762,395137145580,0,0.937,0.642,вестерн-гитара colombo lf-3800/sb санберст sunburst,акустическая гитара colombo  lf - 3800 / sb (санбёрст)
fold_02,Бытовая техника,180388669668,566935723877,0,0.926,0.702,maunfeld fantasy 1000st 60 black glass,кухонная вытяжка maunfeld fantasy 1000st 60 черное стекло
fold_02,Товары для животных,180388672680,154618931313,1,0.254,0.172,легкое лакомство tit bit для кошек сушеное легкое говяжье (8 гр),titbit / легкое баранье 10г
fold_02,Галантерея и аксессуары,180388708502,584115563201,0,0.944,0.784,"теропром / 6944135 серьги висячие ""жемчуг"" страза в огранке","серьги висячие ""жемчуг"" страза в огранке, цвет белый в золоте"
fold_02,Аптека,180388716643,42949782952,0,0.936,0.713,"накидка-массажер torso, 102х50 см, бамбук, массажная вставка поясницы","torso накидка-массажер torso, 102×50 см, бамбук, массажная вставка поясницы"
fold_02,Строительство и ремонт,180388723419,506806213133,1,0.199,0.05,"lugaabrasiv луга круг шлифовальный луга 125 х 16 х 32 мм, 63с, f60, (k, l)","круг шлифовальный, 200 х 20 х 32 мм, 63с, f60, (k, l) ""луга"" россия"
fold_02,Одежда,180388736095,120259165411,1,0.352,0.513,mikul / худи оверсайз с надписью,свитшот moocie
fold_02,Красота и гигиена,180388741939,146028980854,1,0.242,0.301,"туалетная бумага для диспенсера лайма universal (система t2) 1-слойная 12 рулонов по 200 метров, цвет натуральный, 111334","лайма / бумага туалетная universal (t1), 1 слой, 6*450 м"
fold_02,Электроника,180388754516,644245126737,1,0.212,0.081,"микросхема sp483een-l/tr so8, enhanced low emi half-duplex rs-485 transceiver, adm483","без бренда микросхема aoz1033ai so8, 3а dc-dc преобразователь"
fold_02,Канцелярские товары,180388770608,137439094126,0,0.928,0.639,"calligrata клейкая 19мм*33м прозрачная , 8 шт.","calligrata клейкая лента 19 мм х 33 м прозрачная, 8 штук"
fold_02,Галантерея и аксессуары,188978586684,841813618869,1,0.343,0.551,emporio armani / мужские оригинальные наручные часы emporio armani 46 мм,armani exchange часы наручные кварцевые оригинальные мужские часы
fold_02,Бытовая химия,188978612586,377957129757,0,0.978,0.986,"чистящее средство 750 мл, dosia (дося) ""лимон"", для сантехники, дезинфицирующий и отбеливающий эффект, гель","чистящее средство 750 мл, dosia (дося) ""лимон"", для сантехники, дезинфицирующий и отбеливающий эффект, гель"
fold_02,Детские товары,188978645917,670014910261,0,0.938,0.761,"планшет-мозаика магнитный для рисования ""пуговки"", 49 ячеек 4311444","не определен фиксики планшет-мозаика магнитный для рисования «пуговки», 49 ячеек, с карточками шаблонами фиксики"
fold_02,Обувь,188978648657,17179892447,1,0.241,0.554,лоферы tendance,tendance лоферы
fold_02,Галантерея и аксессуары,188978701061,154618882476,1,0.216,0.547,khalima g / сумка guess тоут-багет,guess саквояж
fold_02,Электроника,188978718187,807453959617,1,0.386,0.65,"рамка дисплея для huawei p20 lite, черная",рамка дисплея для huawei p20 lite (ane-lx1)
fold_02,Галантерея и аксессуары,197568512638,489626406436,1,0.205,0.71,/ брелок для ключей верония мы разбили,"брелок для ключей геннадия мы там кое-что разбили с гравировкой, в подарок жене"
fold_02,Аптека,197568521306,420906829937,0,0.958,0.917,биоритм / анальный гель на водной основе intim bluz (50 г),анальный гель-лубрикант intim bluz - 50 гр.
fold_02,Мебель,197568579480,223338329331,1,0.072,0.432,"рестметалл стеллаж кухонный 1400*500*1900, 4 сплошные полки выполненные из нерж. стали марки aisi 430, толщина 0,8 мм; каркас разборный, уголок из стали aisi 430 (1,5мм) толщиной","стеллаж кухонный 1900*500*1700, 4 сплошные полки выполненные из нерж. стали марки aisi 430, толщина 0,8 мм; каркас разборный, уголок из стали aisi 430 (1,5мм) толщиной"
fold_02,Электроника,197568613317,257698108409,1,0.374,0.651,live comp / системный блок игровой livecomp i5 16gb nvidia gtx ssd,"live comp системный блок игровой live comp (intel core i5-3570, ram 16 гб, ssd 512 гб, nvidia geforce gtx 1070 (8 гб), windows 10 pro), бронза, бежевый"
fold_02,Красота и гигиена,197568644416,403726932823,1,0.355,0.466,"ароматическое масло ""ананас"" 10 мл oleos",oleos efirr142 эфирное масло 25 мл
fold_02,Товары для животных,206158458701,240518241883,1,0.223,0.039,almo nature корм для взрослых собак с курицей (medium&chicken),"корм для взрослых собак с рыбой, 12 кг"
fold_02,Электроника,206158468817,730144614869,0,0.926,0.513,устройство бесперебойного питания ресанта убп-1000,ресанта / устройство бесперебойного питания ресанта убп-1000
fold_02,Товары для животных,206158472289,188978613106,1,0.32,0.45,canin / корм сухой mini starter мелких щенков мини стартер 1 кг 4 шт,"сухой корм royal canin mini starter mother & babydog для щенков и беременных собак мелких пород, 1 кг"
fold_02,Канцелярские товары,206158503577,85899378524,1,0.342,0.333,"ручки шариковые синие набор для школы 50 штук/ комплект стамм ""049"" шестигранные, линия письма 0,5 мм, масляные чернила/канцелярия для офиса","ручка шариковая 50 шт стамм ""800"" синяя, 0,7 мм, неоновый"
fold_02,Обувь,206158505524,704374647741,1,0.216,0.151,полуботинки мужские alessio nesca 211699 коричневые 40 ru,туфли broadway
fold_02,Дом и сад,206158510510,257698088002,0,0.968,0.954,"горшок ""бонсай"" алый, 0,6 л/14х18 см","my sweet home / горшок ""бонсай"" алый, 0,6 л,14х18 см"
fold_02,Одежда,206158511019,481036457942,1,0.101,0.231,"krasar футболка krasar, размер m, серый, синий",футболка beloc
fold_02,Музыкальные инструменты,206158523311,601295469443,0,0.928,0.602,roland fr-1xb,roland fr-1xb black баян
fold_02,Товары для животных,206158538338,171798696005,1,0.33,0.341,"дарэлл / миска для кошек и собак сфера малая , серый цвет , пластиковая , диаметр 11см","дарэлл, миска для кошек и собак сфера малая , изумрудный цвет , пластиковая , диаметр 11см"
fold_02,Детские товары,206158546068,850403590846,0,0.963,0.808,"kekw / интерактивная игрушка ""летающая пони"", свет, летает","интерактивная игрушка ""летающая пони"", свет, летает"
fold_02,Бытовая химия,206158578976,498216207394,0,0.92,0.992,dr.tuttelle детский кондиционер 1000мл,кондиционер для стирки dr.tuttelle для детских вещей 1л
fold_02,Ювелирные изделия,206158596169,111669215973,1,0.287,0.33,"diamant, кольцо из серебра с топазом и фианитами, 94-310-00688-1, 925 проба","кольцо из серебра р. 18,5 diamant 94-310-02054-1, фианит/топаз"
fold_02,Бытовая техника,214748396876,420906883514,0,0.932,0.886,мобильный кондиционер zanussi zacm-09 mp-iii/n1,"мобильный кондиционер zanussi marco polo iii zacm-09 mp-iii/n1, белый"
fold_02,Бытовая техника,214748399062,738734487036,0,0.932,0.923,"babyliss фен-щетка для волос as960e 1000 вт, кол-во насадок 4, темно-розовый",babyliss as 960e
fold_02,Обувь,214748406693,223338409527,1,0.331,0.459,кроссовки asics,asics / кроссовки
fold_02,Детские товары,214748414330,781684142108,0,0.925,0.926,lego / бионикл/613-1/ экиму - создатель масок/ 94 детали,конструктор экиму-создатель масок
fold_02,Ювелирные изделия,214748420855,180388692993,1,0.308,0.657,"sokolov, кольцо из желтого золота с фианитами, 81010299-2, 585 проба",sokolov / ювелирное кольцо женское из золота 585
fold_02,Бытовая техника,214748426987,764504236783,0,0.971,0.802,сплит-система rovex rs-07cst4 city on/off,сплит-система rovex rs-07cst4
fold_02,Бытовая химия,214748444286,171798753075,0,0.976,0.965,fairy / fairy средство для мытья посуды сочный лимон 900 мл,средство для мытья посуды fairy сочный лимон 900 мл
fold_02,Строительство и ремонт,214748467321,197568640419,0,0.927,0.678,elektrostandard / накладной светодиодный светильник diffe 85580/01 24w,светильник светодиодный накладной в современном стиле elektrostandard diffe белый 24w 4200k 85580/01
fold_02,Одежда,214748484758,103079315898,1,0.187,0.093,футболка albert&gloria,футболка happyfox
fold_02,Бытовая химия,214748487131,180388772881,1,0.307,0.609,chirton / гель-концентрат chirton универсальный 750 мл. дой-пак,"chirton гель-концентрат универсальный, дой-пак, 750 мл, 2 шт"
fold_02,Товары для животных,214748491076,180388766448,1,0.31,0.098,flexi рулетка new line comfort l (до 50 кг) лента 8 м серый/черный,flexi / flexi рулетка new line comfort m (до 25 кг) 5 м серый/черный
fold_02,Ювелирные изделия,223338321933,592705495751,1,0.322,0.171,"sokolov, кольцо из золота с алмазной гранью, 012774-4, украшение из красного золота 375 пробы","sokolov печатка sokolov, красное золото, 585 проба, размер 21"
fold_02,Детские товары,223338334170,214748373017,0,0.936,0.859,"автотрек ""дино-трек"", с запуском, звуковые эффекты","автоград автотрек «дино-трек», с запуском, звуковые эффекты"
fold_02,Товары для животных,223338342669,34359775124,1,0.248,0.39,canin / киттен британская короткошерстная 2кг,royal canin для котят сухой 400г kitten british shorthair для породы британская короткошерстная
fold_02,Электроника,223338355324,369367332393,1,0.392,0.519,sino power клавиатура для ноутбука acer aeza3u00210 черная,клавиатура для ноутбука 9z.n3c82.q1d черная (627)
fold_02,Спорт и отдых,223338365933,231928263628,1,0.365,0.03,discovery / бинокль field 8x42,бинокль discovery field 10x42
fold_02,Бытовая техника,223338368762,42949698249,0,0.95,0.994,tefal / утюг fv9845 ultimate pure,ultimate pure fv9845 паровой утюг для удаления накипи
fold_02,Дом и сад,223338372347,523986062055,0,0.958,0.851,"nobrand наклейки на окна ""новогодние"" дед мороз, олень, 41 х 29 см","наклейки на окна ""новогодние"" дед мороз, олень, 41 х 29 см"
fold_02,Музыкальные инструменты,223338381301,128849051272,0,0.983,0.932,"sw1020-4 губная гармошка, swan","sw1020-4 губная гармошка, swan"
fold_02,Одежда,223338383110,137439018692,1,0.327,0.379,футболка puma,puma / футболка puma teamglory jersey
fold_02,Хобби и творчество,223338399922,670015004643,0,0.986,0.952,"игрушка механическая ""овал"", 6х6 см","no name игрушка механическая «овал», 6х6 см"
fold_02,Хобби и творчество,223338421040,34359845250,0,0.975,0.947,"puzzle time пазлы в упаковке «дедушка мороз», 35 элементов","пазлы в упаковке дедушка мороз, 35 элементов"
fold_02,Канцелярские товары,223338423987,841813612296,1,0.362,0.655,"ручка шариковая подарочная manzoni zagarolo синий 1 мм, корпус металл се","не определен ручка шариковая подарочная manzoni agrigento синий 1 мм, корпус металл с"
fold_02,Одежда,223338448861,575525678954,1,0.386,0.525,"территория стрекоzz платье территория стрекоzz, размер 52, коралловый",платье by esenia
fold_02,Канцелярские товары,231928281612,515396182426,1,0.248,0.341,термоэтикетка 58х60 400 этикеток 2 рулона эко,"stickerwell термоэтикетки эко 58х30мм, 900 шт. в рулоне (2 шт в упаковке), втулка 40 мм"
fold_02,Бытовая техника,231928323057,566935762788,0,0.989,0.993,bbk вакуумный упаковщик bvs801,bbk / вакуумный упаковщик bvs801
fold_02,Музыкальные инструменты,231928396627,532575962823,1,0.167,0.431,"enjoy / uk21-50na укулеле, сопрано","укулеле концертный, mirra uk-500-24"
fold_02,Бытовая химия,240518216325,764504191644,0,0.935,0.958,"пятновыводитель dr.beckmann ржавчина и дезодорант, 50 мл",dr.beckmann / др.бекманн эксперт пятновыводитель ржавчина дезодорант 50мл
fold_02,Детские товары,240518222201,309237799160,0,0.937,0.955,"newstore / машинка-сюрприз в банке, гоночные","машинка-сюрприз гоночные, в банке"
fold_02,Музыкальные инструменты,240518278590,42949743613,1,0.253,0.325,"kawai cn301b цифровое пианино, механика rh iii, цвет черный сатин, клавиши пластик + банкетка",цифровое фортепиано kawai ca49r
fold_02,Одежда,240518283139,515396081498,1,0.306,0.078,одеваем пузики / топ,шорты одеваем пузики
fold_02,Ювелирные изделия,240518299633,240518195888,1,0.298,0.118,"sokolov, золотой браслет, 551050502, лав, украшение из красного золота 585 пробы","diamant online браслет diamant online, золото, 585 проба, длина 16 см."
fold_02,Музыкальные инструменты,249108153951,429496743834,1,0.344,0.525,"evans / tt14ec2s пластик для малого и том барабана 14""","genera resonant пластик для том барабана 14"", резонансный, evans tt14gr"
fold_02,Музыкальные инструменты,249108165798,103079362654,1,0.167,0.26,"anyijmo акустическая гитара kang-4140 6-струнная, корпус ель 41""","cort / l200f-atv-sg luce электро-акустическая гитара,"
fold_02,Спорт и отдых,249108175257,472446427117,1,0.349,0.759,сила души и тела доска садху / доска с гвоздями / доска для йоги / павлин - 1 / шаг 10мм,доска садху / доска с гвоздями / доска для йоги / мандала состовная - 1 / шаг 10мм / черная
fold_02,Электроника,249108207255,523986114823,1,0.243,0.643,"игровой pc юкомс core i7-12700kf, rx 5700 xt 8gb, hdd 1tb, ssd 240gb, 16gb ddr4, бп 600w, win 10 pro, black game case","юкомс системный блок gamer pro на базе core i7-12700kf | rx 5700xt 8gb | бп 600w 80+bronze | ssd m2 | win 10 pro | black game case_hdd 1tb | ssd 480 gb | 16gb ddr4 (intel core i7-12700kf (3.6 ггц), ram 16 гб, ssd 480 гб, hdd 1000 гб, amd radeon rx 5700 xt (8 гб), windows 10 pro), черный"
fold_02,Музыкальные инструменты,249108225037,60129553253,1,0.369,0.705,"pro mark pw5aw - барабанные палочки , дуб","pro-mark / shira kashi барабанные палочки, дуб 5a promark pw5an"
fold_02,Ювелирные изделия,249108225748,798863932731,1,0.301,0.694,фабрика-ф / колье из шпинели,voronin silver колье из чёрной шпинели
fold_02,Ювелирные изделия,249108229624,661425103521,1,0.308,0.823,silveroff серьги ювелирные серебро родированное 925 пробы,"pompidu / серебряные серьги с фианитом, родий"
fold_02,Обувь,249108238119,171798773851,1,0.171,0.196,dr.martens / ботинки,ботинки dr. martens
fold_02,Детские товары,257698065512,652835110649,0,0.944,0.948,"автоград машина «пожарная», стреляет водой, русская озвучка, световые и звуковые эффекты","машина пожарная , стреляет водой, русская озвучка, световые и звуковые эффекты"
fold_02,Спорт и отдых,257698068617,94489293868,1,0.331,0.268,"защита груди boybo размер s, цвет белый","boybo / защита груди boybo размер m, цвет белый"
fold_02,Одежда,257698091911,790274024128,1,0.331,0.1,"платье женское ,пайетки блестки на праздник",платье fresh blossom
fold_02,Бытовая техника,257698097932,17179929030,0,0.954,0.987,плита газовая лада nova rg 24042 w белый (полный г/к),плита газовая лада nova rg 24042 w белый (новая)
fold_02,Красота и гигиена,257698128357,214748450769,1,0.319,0.263,"зеркало настольное, зеркальная поверхность 11,5 x 14,5 см, цвет серебристый","без бренда зеркало настольное, зеркальная поверхность 15 × 17,5 см, цвет серебристый"
fold_02,Спорт и отдых,257698158733,80921,0,0.922,0.95,"now / now zinc picolinate, цинк пиколинат 50 мг - 60 капсул",цинк пиколинат now zinc picolinate 50 mg - 60 veg capsules
fold_02,Дом и сад,266287999969,60129577562,1,0.315,0.561,семена цветов лобелия голубой бриз / по 2 уп,"семена all4you / семена цветов лобелия клубневая 0,2г"
fold_02,Музыкальные инструменты,266288023185,34359814261,1,0.273,0.063,"лаг барабана, односторонний, 25мм, ldrums tl01-025scr","лаг барабана, односторонний, 38мм, ldrums tl01-038scr"
fold_02,Мебель,266288029767,730144449729,1,0.232,0.421,"solarius кровать односпальная классика из массива сосны с реечным основанием, 200х80 см (габариты 210х90), цвет черного оникса","кровать односпальная классика из массива сосны с реечным основанием, 190х80 см (габариты 200х90), цвет черного оникса"
fold_02,Ювелирные изделия,266288033934,498216315829,1,0.273,0.59,"адамас браслет адамас, красное золото, 585 проба",браслет женский из красного золота 585 пробы адамас на руку
fold_02,Бытовая химия,266288068472,249108212209,0,0.95,0.67,nobrand экокиллер универсальное эффективное средство для борьбы с насекомыми 500 мл,"экокиллер универсальное эффективное средство для борьбы с тараканами на основе диатомита, 500мл"
fold_02,Ювелирные изделия,274877960817,833223792448,1,0.346,0.579,585gold серьги ювелирные серебро оксидированное 925 пробы,diamant / серьги серебро 925 пробы висячие ювелирные
fold_02,Продукты питания,274877963132,292057901028,1,0.308,0.041,"чай листовой. aroma. чайный купаж ""русский""","aroma / пуэр вишневый (китай), 100гр"
fold_02,Детские товары,274877965511,94489375517,0,0.964,0.984,мягкая игрушка budi basa ks22-193 кот басик с сердцем из фетра 22 см,"budi basa / мягкая игрушка кот басик с сердцем из фетра, 22 см"
fold_02,Товары для животных,274877970186,352187390480,0,0.958,0.612,alphapet superpremium adult сухой корм для взрослых собак средних пород с говядиной и потрошками 7кг х 1 шт,alphapet superpremium сухой корм для взрослых собак средних пород (с говядиной и потрошками) 7 кг
fold_02,Электроника,274878015340,644245211153,1,0.282,0.505,аккумуляторная батарея для apple iphone 13 mini,ragex / аккумулятор для телефона iphone 13 mini
fold_02,Бытовая техника,274878031674,386547201486,0,0.967,0.983,"akel / мини-печь akel af-730, 1300 вт, 36 л, черная","akel мини-печь 4680009640542, черный"
fold_02,Хобби и творчество,274878045726,163208775903,1,0.172,0.15,"nobrand картина по номерам на холсте с подрамником «леопард», 40 х 30 см",алмазная мозаика на подрамнике с полным заполнением грациозный леопард 40х50см
fold_02,Галантерея и аксессуары,274878048596,214748442442,1,0.396,0.598,1я улица / значок для портфеля и одежды со смешными картинка,"значок ""не беси"", металлический, закатной,  56 мм"
fold_02,Строительство и ремонт,274878049810,807453865591,1,0.354,0.373,"thire141822 вставка накидная 22 мм с посадочным размером 14x18 мм, thorvik",thorvik / thire141841 вставка накидная 41 мм с посадочным размером 14x18 мм
fold_02,Автотовары,283467860249,523986011101,0,0.979,0.975,parkmaster / парктроник (парковочный радар) parkmaster 34u-4-a (black),парктроник (парковочный радар) parkmaster 34u-4-a (black) для переднего или заднего бампера
fold_02,Товары для животных,283467910216,68719586078,0,0.929,0.775,"игрушка trixie ""утка""  для собак, латекс 20 см","trixie / игрушка для собак утка, 20 см."
fold_02,Обувь,283467945253,618475441575,1,0.396,0.316,бутсы puma puma,puma / футбольные бутсы puma future бутсы пума
fold_02,Бытовая техника,283467968137,395136992097,0,0.974,0.894,"bbk электрический чайник ek1760s, серый металлик, черный","bbk / электрический чайник bbk ek1760s, серый металлик, черный"
fold_02,Музыкальные инструменты,292057804972,704374663460,1,0.242,0.422,"alice / струны для бас-гитары a606(5)-m (45-130), никелевый сплав","комплект струн для бас-гитары, никель, 40-95 alice a606(4)-l"
fold_02,Дом и сад,292057819611,472446480835,0,0.923,0.935,микробиологическое удобрение для восстановления плодородности почвы байкал эм-1 500 мл. (улучшенная формула),baikal / удобрение байкал эм 1 500 мл
fold_02,Товары для животных,292057864765,790274077403,0,0.932,0.751,"наш рацион / сухой корм для взрослых кошек мясное ассорти, 1,5 кг","сухой корм для взрослых кошек мясное ассорти тм наш рацион 1,5кг"
fold_02,Детские товары,292057880487,592705530352,0,0.981,0.917,"mangustin / кукла мягконабивная ""сонечка"" 30 см, со звуком, в платье","кукла мягконабивная сонечка 30см, со звуком, в платье"
fold_02,Электроника,292057884943,39609,1,0.344,0.28,"anyijmo умные часы s8智能手表12.26, оранжевый1",x8ultra / умные смарт часы мужские / женские watch 8 plus ultra
fold_02,Товары для животных,292057891636,25769856247,0,0.938,0.839,"laguna растение ""апоногетон"", 100 мм, зеленый","laguna / растение ""апоногетон"" зеленый, 100мм"
fold_02,Одежда,292057893534,420906839969,1,0.4,0.691,купальник слитный vorola пляжная серия,bezze / купальник слитный брендовый
fold_02,Спорт и отдых,300647713447,137438962620,0,0.947,0.676,"нож складной ""привал"" 15,4см, клинок 65мм/2мм","мастер к. мастер к нож складной ""привал"" 15,4см, клинок 65мм/2мм"
fold_02,Красота и гигиена,300647737605,618475354547,1,0.273,0.544,adricoco гель-лак flora №07 - райская мимоза (8 мл.) гель лак для ногтей,adricoco / гель лак для ногтей flora №07 хаки
fold_02,Товары для животных,300647737916,386547065820,1,0.296,0.541,"без бренда ошейник комбинированный кожа-брезент, безразмерный, 70 х 3,5 см, ош 25-60 см, чёрный","ошейник комбинированный кожа/брезент, безразмерный, 70*3,5 см, ош 25-60 см, синий"
fold_02,Бытовая химия,300647747902,584115625235,0,0.931,0.774,"средство fairy professional сочный лимон для мытья посуды, 5 л",алмазбио / fairy средство для мытья посуды сочный лимон 5л
fold_02,Музыкальные инструменты,300647754937,438086721819,1,0.309,0.574,"медиаторы dunlop 5150 evhr06 evh 0.60 mm, 1 шт","evhp08 evh 5150 медиаторы 6шт, dunlop"
fold_02,Красота и гигиена,300647767439,627065369513,1,0.266,0.274,"enigma / черные ресницы энигма микс 0,12/d/7-13mm 16линий","enigma черные ресницы  микс 0,07/d/7-13 mm (16 линий)"
fold_02,Хобби и творчество,300647777266,566935808889,0,0.995,0.786,"полимерная глина школа талантов декор кружки панда на пончике, 4565725 422 г","кружка для декора полимерной глиной школа талантов ""панда на пончике"" 350 мл (4565725)"
fold_02,Товары для животных,300647781686,592705628339,0,0.971,0.999,"корм влажный felix суп с говядиной для взрослых кошек, 48 г",влажный корм felix суп с говядиной для взрослых кошек 48 г
fold_02,Спорт и отдых,300647787020,644245243633,1,0.331,0.564,не определен фонарь налобный аккумуляторный светодиодный,"налобный светодиодный фонарь аккумуляторный, яркий луч, фонарик с разными режимами работы"
fold_02,Мебель,300647794197,712964621856,1,0.077,0.431,"solarius стол кухонный loft со столешницей розового цвета из массива сосны 40 мм и белыми металлическими ножками, 110х60х75 см","стол обеденный нераскладной кухонный loft со столешницей цвета антрацит из массива сосны 40 мм и белыми металлическими ножками, 100х70х75 см, 100х70х75 см"
fold_02,Электроника,300647799568,111669275478,1,0.364,0.788,"xiaomi смартфон redmi note 12 10 8/128 гб, серый",смартфон xiaomi redmi note 12 4g 8/128 гб black
fold_02,Аптека,300647809695,317827690991,1,0.28,0.228,"acuvue oasys with hydraclear plus forastigmatism 6 линз bc 8,6 sph -7.00 cyl -0,75 axis 40","acuvue oasys with hydraclear plus for astigmatism (6 линз) bc 8,6 sph -7.00 cyl -0,75 axis 60"
fold_02,Ювелирные изделия,300647813355,51539617407,1,0.306,0.442,"не определен кольцо, красное золото, 585 проба, размер 18",золото дисконт кольцо золото красное 585 пробы
fold_02,Обувь,309237654706,566935686748,1,0.336,0.482,резиновые сапоги kapika,резиновые сапоги kapika
fold_02,Дом и сад,309237655247,292057864273,0,0.925,0.995,"фигура садовая котёнок чёрнобелый, 14 см 12 см 20 см","садовый полистоун / фигура садовая котёнок чёрно-белый, 12x14x20 см"
fold_02,Автотовары,309237735175,549755964797,1,0.394,0.233,premium /  жесткая съемная многоразовая тонировка экран для toyota hilux surf n180 5%,тонировка тебе / термо тонировка для toyota hilux surf n180 80% зеленая
fold_02,Мебель,309237735583,369367352129,1,0.332,0.547,"стеллаж полочный сплн - 1000*400*2000 ""norma inox"" (полка перфорация 5 шт.)","мекон стеллаж полочный сплн - 1000*400*1800 ""norma inox"" (полка-решетка 5 шт.)"
fold_02,Ювелирные изделия,309237743803,77309567324,1,0.292,0.668,"sokolov, браслет из золота, 552040802, панцирное, украшение из красного золота 585 пробы","sokolov браслет sokolov, красное золото, 585 проба, длина 18 см."
fold_02,Аптека,309237753564,575525638456,1,0.036,0.51,"контактные линзы alcon, air optix plus hydraglyde, 6 линз / 8.6 / -3.75 / ежемесячные / прозрачные","контактные линзы alcon, air optix plus hydraglyde, ежемесячные, +3.75 / 8.6, 6 шт."
fold_02,Красота и гигиена,309237757447,644245209688,0,0.956,0.973,"queen fair пилка-наждак, абразивность 180/240, 18 см, цвет серый","пилка-наждак, абразивность 180/240, 18 см, цвет серый"
fold_02,Детские товары,317827583803,137439079913,1,0.281,0.211,"пистолет ""высшая лига"", с гильзами, стреляет мягкими пулями, цвет красный","не определен пистолет «диско страйк», стреляет дисками, цвета микс"
fold_02,Красота и гигиена,317827629642,618475311280,1,0.293,0.491,"коричневые ресницы m 0,10 10 мм  enigma ""мокка"", 16 линий","enigma / ресницы энигма мокка коричневые 16 лент d 0,10 10mm"
fold_02,Мебель,317827642332,652835174688,1,0.333,0.716,"лига диванов угловой диван ,281х160х78см","лига диванов угловой диван дубай лайт левый угол, микровельвет фиолетовый, экокожа черная"
fold_02,Бытовая химия,317827646098,601295462777,1,0.399,0.643,средство от засоров bagi потхан classic 600 г 1015025065,"средство концентрированное для прочистки труб bagi потхан 600г, 2 штуки"
fold_02,Аптека,317827684645,627065310190,1,0.39,0.419,"бор алмазный пламевидный, артикул - 862018mfg, iso - 806314249524018, в комплекте - 10шт.","ökodent бор алмазный пламевидный, артикул - 862012ffg, iso - 806314249514012, в комплекте - 10шт."
fold_02,Дом и сад,317827691491,790274048695,1,0.36,0.63,viva-home textile / постельное белье евро с одеялом сатин,"viva - home textile комплект постельного белья с одеялом, сатин, евро, наволочки 50x70"
fold_02,Музыкальные инструменты,317827726977,481036347250,0,0.932,0.947,veston gsa027 держатель настенный на эконом панель для гитары,veston / держатель настенный на эконом панель для гитары veston gs027 / цвет: чёрный
fold_02,Бытовая техника,326417515288,618475397663,0,0.96,0.9,холодильник side by side hyundai cs4502f нержавеющая сталь,hyundai / холодильник cs4502f
fold_02,Бытовая химия,326417594904,283467985013,1,0.23,0.067,моющее средство для очистки фасадов (кислотное) 5 кг clean&green cg8052,"моющее средство для кухни ""shine"" (антижир) 5,5 кг. clean&green cg8068"
fold_02,Детские товары,326417597415,154618879692,0,0.987,0.447,"кукла коллекционная керамика ""клара в платье с розами, шляпке и с корзинкой"" 30 см",marseille / коллекционные куклы
fold_02,Товары для животных,326417619508,120259123235,0,0.928,0.98,"cliny / подгузники 3-6 кгк202, s 10 шт",подгузники для собак и кошек cliny s 3-6 кг уп.10шт
fold_02,Хобби и творчество,326417636330,214748483445,0,0.939,0.953,kangaeru / атласная. 50 мм х 100 +- 5 м. цвет голубой,"лента атласная, 50 мм х 100 +/- 5 м, цвет голубой"
fold_02,Канцелярские товары,326417644047,807453892321,1,0.315,0.484,"этикетки самоклеящиеся promega label (70x16.9мм, белые, 51шт. на листе а4, 25 листов)","этикетки самоклеящиеся promega label 38х16,9 мм/85 шт. на листе а4 100 листов в упаковке"
fold_02,Обувь,335007469169,85899393025,1,0.258,0.761,nike / кроссовки air force 1,кроссовки nike air force 1
fold_02,Бытовая химия,335007488753,523986050862,1,0.291,0.07,"no name гель для мытья посуды русская выгода ""лимон"", 5 л","средство для мытья пола любаша ""лимон"", пэт, 5 л"
fold_02,Хобби и творчество,335007520022,549755844989,1,0.33,0.153,рукодельница / набор для вышивания бисером,"схема (без страз), ткань, алмазная мозаика ""ласточкино гнездо"", картина диамант, 35х43,7"
fold_02,Дом и сад,335007532820,695784796708,1,0.347,0.621,"плед светящийся в темноте этель ""елочки"" 200*220 см,100% п/э, корал-флис 220 гр/м2","плед светящийся в темноте этель олени 200*220 см,100% п/э, корал-флис 220 гр/м2"
fold_02,Товары для животных,335007540446,369367252460,1,0.355,0.268,"универсальный пластиковый поддон 58х41х9 см из полипропилена, серый","не определен поддон пластиковый 58х21х9 см из полипропилена, серый (ппн3/21589)"
fold_02,Обувь,335007546173,644245170994,1,0.312,0.827,matur unty / сапоги детские зимние кожаные,сапоги matur unty
fold_02,Хобби и творчество,335007546584,455266681385,0,0.93,0.996,"молния металлическая, разъёмная 1 замок, на атласной тесьме, 4 мм, 70 см, цвет зеленый, 1 шт","riri молния металлическая, разъёмная 1 замок, на атласной тесьме, 4 мм, 70 см, цвет зеленый, 1 шт"
fold_02,Бытовая химия,335007578117,738734438032,1,0.268,0.378,tide стиральный порошок 3000 г для цветных тканей,tide порошок / стиральный порошок tide автомат color
fold_02,Товары для животных,343597436162,77309456438,1,0.248,0.324,"уют / свитер синий снежинки 45 см, размер xxl","свитер уют синий снежинки 20 см, размер xs"
fold_02,Строительство и ремонт,343597442876,360777380034,1,0.295,0.658,выключатель 1- клавишный моноблок 10а 250в антрацит матовый ip20 systeme electric blanca blnva101016 (3 шт.),schneider electric / перекл. 1-кл 10а 250в антрацит изол.пластина
fold_02,Красота и гигиена,343597526500,266287990345,1,0.393,0.198,"базилик синий - масляные духи аурасо, духи-масло, женские, мужские, унисекс, флакон роллер","аурасо мятное облако - масляные духи аурасо, духи-масло, женские, мужские, унисекс, флакон роллер"
fold_02,Строительство и ремонт,352187365200,704374774297,0,0.923,0.994,huter шланг высокого давления ar (71/5/7),"шланг высокого давления для huter ar, 71/5/7"
fold_02,Галантерея и аксессуары,352187385778,300647799756,1,0.103,0.514,celine очки солнцезащитные,celine / солнцезащитные очки/celine/replica
fold_02,Строительство и ремонт,352187471730,360777340782,1,0.383,0.495,пластиковый корпус iek щмпп,корпус пластиковый щмпп 500х400х180мм ухл1 ip65 iek
fold_02,Бытовая химия,352187478026,154618858478,0,0.972,0.826,lion / средство для мытья «charmgreen» японский абрикос,"средство для мытья посуды lion chamgreen японский абрикос, 960 мл, мягкая упаковка"
fold_02,Электроника,360777257808,807454005667,0,0.949,0.995,"тонер-картридж nicom 106r02762 совместимый, желтый для xerox phaser 6020, 6022, workcentre 6025, 6027","картридж 106r02762 для phaser 6020/6022/6025/6027, желтый"
fold_02,Дом и сад,360777273970,403726946605,1,0.391,0.554,guten morgen / постельное белье,"guten morgen комплект постельного белья, сатин, 1,5 спальный, наволочки 50x70"
fold_02,Продукты питания,360777281501,180388710859,1,0.364,0.268,"компас здоровья крекеры льняные с чесноком, 50 г, 3 упаковки","крекеры льняные компас здоровья с луком 50 г, 3 шт"
fold_02,Продукты питания,360777305089,438086753131,0,0.946,0.909,"кофе растворимый nescafe gold barista, 170 г",кофе nescafe gold barista сублимированный растворимый 170 г
fold_02,Галантерея и аксессуары,360777360143,592705517188,1,0.28,0.341,сумка на пояс,тактические сумки / сумка на пояс военная
fold_02,Красота и гигиена,360777381868,223338357127,1,0.333,0.666,"lash&go / lash&go ресницы для наращивания одна длинна классические черные c/0.12/11 mm, 16 линий","черные ресницы lash&go (лешэндго) 0,12/d/11 mm 16 линий, лешго,лашго лешинго леш го, отдельные длины"
fold_02,Детские товары,360777384670,317827716918,0,0.963,0.966,"игровой набор парикмахера ""причёски для принцессы"", в чемодане","игровой набор парикмахера причёски для принцессы, в чемодане"
fold_02,Хобби и творчество,360777390992,386547071408,1,0.328,0.377,"бисер ""zlatka"" 08/0, 3 мм, 10 г 2201 прозрачный","бисер zlatka 08/0, 3 мм, 10 г 0201 белый"
fold_02,Канцелярские товары,360777420252,549755889996,1,0.372,0.65,"степлер berlingo fluent №24/6, 26/6, до 25 листов, пластиковый корпус, розовый h3107_a","степлер berlingo fluent, №24/6 - 26/6, до 25 листов, пластиковый корпус, зеленый (h3107_c)"
fold_02,Бытовая химия,369367205839,506806209311,0,0.924,0.841,не определен поглотитель запаха для холодильников greenfield 2 шт в пакете,поглотитель запаха для холодильников greenfield 2 шт в пакете
fold_02,Спорт и отдых,369367227032,206158477123,1,0.284,0.268,"насадки рыболовные / товары для рыбалки, прикормка",насадки рыболовные
fold_02,Музыкальные инструменты,369367233782,352187322560,0,0.956,0.741,alhambra / 797 1c ht 7/8 классическая гитара 7/8,"1c ht 7/8 классическая гитара 7/8, alhambra 797"
fold_02,Музыкальные инструменты,369367239881,541165944344,1,0.359,0.443,двухслойный пластик с напылением для малого барабана evans b14st 14' st ctd ,"evans / b14uv2 14"" двухслойный пластик с покрытием"
fold_02,Бытовая химия,369367242473,687194833822,1,0.36,0.274,"вся-чина / штрих для реставрации мебели 20 мл, ""дуб сонома""",resmat полироль для мебели 1мл
fold_02,Продукты питания,369367294189,214748422793,1,0.336,0.467,"конфеты акконд адель цельный миндаль, 500г (1 шт)","акконд / конфеты ""адель"" с цельным миндалём, 1000 гр."
fold_02,Электроника,369367317741,833223731148,1,0.244,0.578,дисплей iphone 5c +тачскрин (белый),дисплей для iphone 5 (белый) (в сборе с тачскрином и рамкой)
fold_02,Спорт и отдых,369367333310,712964615702,0,0.942,0.841,"плетеный шнур для рыбалки ygk pe x-braid super jigman x8, 200м, 1.5, 30lb, 5color","ygk, шнур pe x-braid super jigman x8, 200м, 1.5, 30lb, 5color"
fold_02,Детские товары,377957151245,420906924443,1,0.23,0.264,"мягкая игрушка ""авокадо"", 70 см","подарок / мягкая игрушка ""авокадо"", 65 см"
fold_02,Одежда,377957154721,644245172590,1,0.216,0.399,брюки спортивные,атлетик / джоггеры спортивные турция
fold_02,Ювелирные изделия,377957169417,317827587839,1,0.173,0.305,master brilliant серьги ювелирные золото красное 585 пробы,"master brilliant серьги master brilliant, белое золото, 585 проба, бриллиант"
fold_02,Спорт и отдых,377957180997,807453885063,0,0.923,0.993,виброхвост helios chubby 9см cola hs-4-045 (набор 5шт),"виброхвост / мягкая приманка helios chubby cola, 9 см, 5 шт. (hs 4 045)"
fold_02,Мебель,377957184461,558345842750,1,0.342,0.581,"wellsee / комплект 10 в 1 раковина 60 см со столешницей, 201008019","комплект мебели для ванной комнаты с раковиной wellsee genuine tree 201014379: столешница, раковина, высокий смеситель, сифон, выпуск, угловые вентили, аксессуары (цвет набора розовое золото)"
fold_02,Канцелярские товары,377957205603,584115610827,1,0.376,0.326,"ручка-роллер erich krause metrix (0.45мм, черный цвет чернил) (45480)","erichkrause ручка-роллер, metrix 0.5 мм (45482), 1 шт."
fold_02,Хобби и творчество,377957220543,455266676655,1,0.359,0.405,"мулине presencia hilaturas ""finca perle"", жемчужное, №16, однотонный цвет 1314, 10 мотков","мулине presencia hilaturas ""finca perle"", жемчужное, №16, однотонный цвет 1325, 10 мотков"
fold_02,Ювелирные изделия,377957268572,249108196184,1,0.366,0.383,"diamant online кольцо diamant online, серебро, 585, 925 проба, бриллиант, размер 15, бесцветный",алькор кольцо серебро 925 женское с 3 бриллиантами
fold_02,Бытовая химия,386547059264,42949781528,0,0.955,0.68,mukunghwa / мыло dishwashing bar soap для мытья посуды аромат розмарина,мыло хозяйственное для посуды mukunghwa розмарин (150 г х 2 шт) х 2 упаковки
fold_02,Автотовары,386547064835,188978718040,0,0.961,0.969,"airline канистра для гсм, 10 л",airline / канистра металлическая горизонтальная 10 л (acf-10h)
fold_02,Детские товары,386547115055,326417523530,0,0.972,0.954,lego / конструктор technic 42130 bmw m1000rr,"лего technic серия, lego конструктор, лего 42130 bmw m 1000 rr, конструктор lego для мальчиков и девочки"
fold_02,Обувь,386547126171,257698096436,1,0.354,0.537,rick owens / кроссовки rick owens x converse drkshdw shoes,кроссовки rick owens
fold_02,Бытовая химия,386547188422,790274040522,0,0.977,0.935,"стиральный порошок миф 2 кг, морозная свежесть, 13 стирок","миф. / стиральный порошок автомат морозная свежесть 13 стирок, 2кг"
fold_02,Бытовая химия,386547191905,231928293172,0,0.947,0.971,"стиральный порошок миф морозная свежесть автомат, 6 кг","миф / стиральный порошок миф ""морозная свежесть"", автомат, 6 кг"
fold_02,Спорт и отдых,386547222864,712964598407,1,0.328,0.046,"воблер strike pro bold 110sp 11см 15,4гр 0,8м-1,5м eg-191a-sp#022ppp-713","strike pro / воблер montero 90sp 9см 8,6гр 0,8м-1,2м eg-190a-sp#022ppp-71"
fold_02,Одежда,395137007054,764504251989,1,0.357,0.295,куртка pelican,куртка pelican
fold_02,Ювелирные изделия,395137030615,584115658833,1,0.339,0.532,lucente / кольцо серебро 925,lucente кольцо женское серебро 925 пробы оригинальное
fold_02,Бытовая химия,395137076333,154618920506,0,0.947,0.93,"domestos блок для очищения унитаза power 5, свежесть океана, защита от микробов и налета 55 гр, 2 уп",domestos / power 5 блок для унитаза свежесть океана 2х55 гр
fold_02,Детские товары,395137127185,94489439626,0,0.921,0.965,"кукла шарнирная ""клуб девочек-волшебниц"" / 9088208",happy valley кукла шарнирная «клуб девочек-волшебниц»
fold_02,Товары для животных,395137130707,678604912930,1,0.321,0.58,hakase arekkusu наполнитель растительный комкующийся 2750г.,hakase arekkusu / наполнитель для кошачьего туалета тофу 10 л
fold_02,Мебель,395137131727,850403669712,1,0.264,0.393,morgan кресло компьютерное beaumont brown,"college игровое компьютерное кресло, коричневая"
fold_02,Продукты питания,395137148027,798864007187,0,0.958,0.774,"кондитерская посыпка ""сияющее солнце"", 25 г.","konfinetta / кондитерская посыпка сияющее солнце, 25 г."
fold_02,Бытовая техника,403726997529,841813598297,1,0.391,0.158,bosch электрический духовой шкаф hbj538ys0r    ,bosch / духовые шкафы bosch hbj558ys0q
fold_02,Товары для животных,403727052079,695784720243,0,0.947,0.875,"домик для грызунов двухэтажный с лесенкой, 15,5 х 15,5 х 13,5 см, розовый","пижон домик для грызунов двухэтажный с лесенкой, 15,5 см, розовый"
fold_02,Товары для животных,403727068126,498216298571,1,0.309,0.631,3 шт. лакомство для собак колбасный двор палермо нарезка 80г titbit,titbit / нарезка палермо колбасный двор 80 г (1 шт)
fold_02,Спорт и отдых,412316878305,730144541702,1,0.396,0.25,"поводок контакт струна №1 длина 12 см. с вертлюжком уп. 10 шт. диаметр 0,3 мм. уп. 10 мм. рыболовный стальной","рыболовный поводок контакт струна № 2 с вертлюгом, 15 кг, 15 см, 10 шт."
fold_02,Детские товары,412316890524,609885383777,0,0.969,0.767,"без бренда конструктор винтовой «лошадка», 20 деталей","конструктор винтовой ""лошадка"", 20 деталей"
fold_02,Хобби и творчество,412316900318,635655275017,1,0.227,0.533,"000 - art- наборы мозаика картины / алмазная мозаика. тепло зимы 43,5*35 см подрамник",алмазная мозаика 30х40cm на подрамнике цветы природ животные
fold_02,Детские товары,412316901842,309237704505,0,0.944,0.786,"соль для ванны с игрушкой ""буль-бум""",happy valley соль для ванны с игрушкой «буль-бум»
fold_02,Хобби и творчество,412316905470,309237755437,1,0.23,0.347,"мулине dmc 117 (3855), 12 шт","мулине dmc 117 (3822), 12 шт в упаковке"
fold_02,Спорт и отдых,412316920311,678604882686,0,0.971,0.999,"силиконовая приманка minoga action 4"" (6шт) 100мм, цвет 623","силиконовая приманка minoga action 4"" (6шт) 100мм, цвет 623"
fold_02,Автотовары,412316929911,850403641166,0,1.0,0.997,датчик quattro freni qf02b00006,датчик quattro freni qf02b00006
fold_02,Продукты питания,412316950861,498216304678,1,0.391,0.314,соус kuhne made for meat томатный с печеной паприкой 235 мл,"соус kuhne made for meat smoked pepper bbq томатный барбекю с копченым перцем, 235мл"
fold_02,Строительство и ремонт,412316987934,309237810004,0,0.944,0.586,защёлка врезная avers 5400-p-ab,защёлка врезная apecs 5400-p-ab
fold_02,Детские товары,412316995896,790273993237,0,0.942,0.516,"радиоуправляемый джип ""монстр"", 4wd, работает от аккумулятора, цвет зелёный / 4331723",уютерра-детский мир / транспорт на радиоуправл
fold_02,Дом и сад,420906878555,438086808772,1,0.366,0.471,domozon / скатерть тканевая овальная 150х120 см,domozon скатерть хлопок 120x150см
fold_02,Музыкальные инструменты,420906880815,824633744286,0,0.944,0.845,elixir / струны для акустической гитары elixir 11050,струны для гитары elixir 11050 polyweb light 12 53 80 20
fold_02,Автотовары,420906896809,635655169855,1,0.367,0.0,belshina шины белшина бел-345 205/70r16 97h,белшина bel-327 шины зимние 185/60  r15 84t
fold_02,Бытовая техника,420906902459,154618872621,0,0.925,0.98,"нож для мясорубки bosch №5 для mfw15... champion, philips hr7752, siemens, zelmer - 00020468 (420306564080)","bosch нож для мясорубки bosch, siemens, philips, №5, 1-сторонний, 00020468, 00620949, 420306564080"
fold_02,Детские товары,420906913307,335007533439,0,0.937,0.979,машина грузовик самосвал 01401 стеллар,stellar / грузовик самосвал 01401
fold_02,Продукты питания,420906917211,446676639532,0,0.934,0.892,raffaello / конфеты с миндалем в кокосовой обсыпке 240 г 6 шт,"конфеты вафельные raffaello, комплект: 6 упаковок по 240 г"
fold_02,Хобби и творчество,420906924413,601295507842,0,0.932,0.981,"бисер из стекла, 2,3 мм, цвет оранжевый, 10 упаковок","preciosa бисер из стекла, 2,3 мм, цвет оранжевый, 10 упаковок"
fold_02,Красота и гигиена,420906940800,283467924804,0,0.926,0.953,"siberian wellness крем-комплекс для зрелой кожи, косметика с комплексом экстрактов сибирских эндемиков, 50мл, оригинал","крем-комплекс для зрелой кожи - косметика с комплексом экстрактов сибирских эндемиков, 50 мл"
fold_02,Товары для животных,429496746408,240518257077,0,0.939,0.916,flexi / рулетка xs (до 8 кг) 3 м трос,"flexi (флекси) рулетка-трос для собак до 8кг, 3м (black design xs cord 3m) розовая"
fold_02,Ювелирные изделия,429496776290,798864025274,1,0.153,0.766,g.st. ювелирный завод золотой стандарт кольцо золото желтое 585 пробы,g.st. ювелирный завод золотой стандарт / золоте кольцо с бриллиантами и натуральным изумрудом
fold_02,Бытовая химия,429496807639,575525737232,0,0.949,0.99,"chirton / сменный баллон для air wick чиртон «лазурный бриз», 250 мл","chirton сменный баллон освежителя воздуха фреш лайн лазурный бриз, 250 мл"
fold_02,Обувь,429496819619,412316914202,1,0.301,0.712,vans / кеды,кеды vans
fold_02,Канцелярские товары,429496824121,773094263068,1,0.211,0.456,"центрмаг / удостоверение о проверке знаний персонала, обслуживающего...",удостоверение на право проведения огневых и газоопасных работ
fold_02,Одежда,438086686285,257698166953,1,0.207,0.406,the north face / пуховик зимний,пальто пуховое the north face
fold_02,Одежда,438086702264,94489373123,1,0.328,0.303,ночная сорочка mia-mia,mia-mia / платье женское летнее вечернее повседневное праздничное
fold_02,Галантерея и аксессуары,438086713370,712964691482,1,0.382,0.475,"не определен браслет-нить handinsilver ( посеребриручку ) четки с кисточкой из глянцевого камня бычий глаз 6мм., бычий глаз, 1 шт., размер 46 см, диаметр 6 см, коричневый",handinsilver ( посеребриручку ) браслет-четки с кисточкой из глянцевого камня бычий глаз 8мм. длина изделия 40см
fold_02,Бытовая техника,438086736457,481036343922,0,0.928,0.967,oasis тепловентилятор sb-20r 4640130905835,тепловой вентилятор oasis sb-20r
fold_02,Мебель,438086750651,77309437154,1,0.386,0.633,шкаф-купе экспресс 1010 140х60х220 белый снег,"е1 шкаф-купе 1,4 экспресс 2-х дверный 140 х 220 х 60 фотопечать на стекле №1010 абстракция бело-голубая белый"
fold_02,Бытовая химия,438086771022,420906932311,1,0.313,0.682,"средство по уходу за унитазом harpic power plus лимонная свежесть, 700 мл","чистящее средство для туалета harpic power plus лимонная свежесть, 700мл - 2шт"
fold_02,Товары для животных,438086793189,369367228756,1,0.237,0.04,"brit / premium пауч для кошек (кусочки в желе) форель, 85г х 14шт","паучи (влажный корм) brit premium cat для взрослых кошек, тунец в желе, 85г х 14шт"
fold_02,Детские товары,446676616349,94489387225,0,0.935,0.978,"музыкальная кукла ""волшебная русалка"", звук, свет","happy valley / музыкальная кукла волшебная русалка , звук, свет"
fold_02,Музыкальные инструменты,446676632195,188978644418,0,0.98,0.815,микшерный пульт numark m101usb,dj микшерный пульт numark m101usb
fold_02,Электроника,446676665863,25769936539,1,0.303,0.391,оперативная память 32gb ddr5 6800mhz g.skill trident z5 rgb (2x16gb kit) (f5-6800j3445g16gx2-tz5rk),g.skill оперативная память ddr5 trident z5 rgb 96gb 6800mhz cl34 (34-46-46-108) 1.35v 2x48 гб (f5-6800j3446f48gx2-tz5rk)
fold_02,Товары для животных,446676673898,455266673315,1,0.331,0.519,canin / корм сухой medium puppy для щенков средних пород 3 кг,"сухой полнорационный корм royal canin medium puppy 3кг для щенков средних 2-12 месяцев, 5 шт."
fold_02,Красота и гигиена,446676681959,197568554195,1,0.238,0.601,помада карандаш для губ,помады для губ клубника
fold_02,Строительство и ремонт,446676713979,94489307697,1,0.263,0.037,выключатель автоматический модульный 2п b 10а 6ка nb1-63 (r) chint 179642,выключатель автоматический модульный 2п c 3а 6ка nb1-63 (r) chint 179662
fold_02,Музыкальные инструменты,446676736062,558345779743,1,0.321,0.294,prado hs-3810 na - гитара акустическая,north sound / акустическая гитара для начинающих
fold_02,Ювелирные изделия,446676743880,824633825477,1,0.358,0.351,"кольцо из красного золота р. 16 sokolov 019031, фианит","sokolov, кольцо из золота с фианитами, 81010505, украшение из красного золота 585 пробы"
fold_02,Одежда,446676745528,532575974822,1,0.174,0.004,брюки zolla,водолазка zolla
fold_02,Детские товары,455266534459,420906851344,0,0.921,0.875,lego / конструктор железный человек: схватка с железным торговцем,конструктор lego super heroes железный человек: схватка с железным торговцем
fold_02,Музыкальные инструменты,455266541874,498216271922,0,0.94,0.876,almires / c-15 bks 4/4 - гитара классическая 4/4,almires c-15 bks - классическая гитара 4/4
fold_02,Обувь,455266549346,94489383129,1,0.338,0.112,maison / кеды,кеды maison david paris
fold_02,Галантерея и аксессуары,455266591985,824633853828,1,0.297,0.583,подвеска,не определен подвеска
fold_02,Строительство и ремонт,455266687495,455266687493,0,0.981,0.983,набор губцевого инструмента jcb 3 предмета jpl016,jcb набор губцевого инструмента 3 предм. jpl016
fold_02,Красота и гигиена,463856475075,816043934088,0,0.963,0.791,"сменные лезвия классические rapira ""платина люкс"", 5 шт","сменные лезвия классические rapira ""платина люкс"", 5 упаковок по 5 штук"
fold_02,Галантерея и аксессуары,463856495523,575525685228,1,0.334,0.643,/ кошелек кожаный в подарок сухопутные войска,обложка для автодокументов и паспорта с надписью сухопутные войска
fold_02,Товары для животных,463856500059,283467856380,0,0.946,0.874,hills prescription diet zd food sensitivities original / лечебный корм хиллс для собак при пищевой аллергии 3кг,"hill's / z/d при пищевой аллергии, 3кг"
fold_02,Продукты питания,463856507609,584115569881,0,0.978,0.46,"gimoka / кофе молотый gusto ricco, 250г","кофе молотый gimoka gusto ricco, 250г"
fold_02,Галантерея и аксессуары,463856527710,395137087449,1,0.224,0.112,anyijmo очки солнцезащитные,"солнцезащитные очки ray-ban ray-ban rb 4165 710/13 rb 4165 710/13, коричневый"
fold_02,Мебель,463856556586,687194930461,1,0.356,0.697,"ярофф кровать-чердак юниор 4 (лайм, дуб молочный)","кровать-чердак юниор 4, 190х80 см, белый/белый"
fold_02,Галантерея и аксессуары,463856594338,231928275769,1,0.192,0.405,rolex часы наручные наручные,rolex / оригинальные мужские наручные часы ролекс в подарок
fold_02,Аптека,463856613990,60129590555,0,0.923,0.943,гидрокортизон мазь туба 1% 10г,"гидрокортизон, мазь 1%, туба 10 г"
fold_02,Бытовая техника,472446424707,231928400132,0,0.974,0.699,"scarlett соковыжималка sc-je50s40 серебристый, серебристый",соковыжималка центробежная scarlett sc-je50s40 250вт рез. сок:350мл. серебристый
fold_02,Канцелярские товары,472446432933,25769896497,1,0.167,0.318,"клейкая лента двусторонняя, на вспенной основе 12 мм х 10 м","calligrata клейкая двусторонняя, на вспенной основе 10 мм х 2 м, 1 шт."
fold_02,Мебель,472446448473,68719483464,1,0.319,0.326,"сокол компьютерный стол, 25х131х25 см",компьютерный стол сокол-т кст-08.1 венге 130x74x60 см лдсп цвет венге
fold_02,Продукты питания,472446490009,309237702725,1,0.259,0.795,сухие сливки фрима 500г (2шт),"dongsuh / dongsuh / dongsuh / сливки сухие фрима, 500 гр."
fold_02,Обувь,472446497793,309237741296,1,0.217,0.409,кроссовки nike air force 1,retro store / кроссовки женские nike air force 1
fold_02,Ювелирные изделия,472446509276,644245201080,1,0.292,0.672,голдино / православный серебряный крестик 925 пробы освящен,серебряный крестик 925 пробы
fold_02,Электроника,481036356248,223338431320,1,0.329,0.774,"hd видео конвертер rca (av) на vga + аудио кабель 1 метр для подключения монитора/ тв-приставки/ телевизора, черный","без бренда переходник (адаптер) 3rca-vga, черный"
fold_02,Канцелярские товары,481036360382,773094167381,1,0.142,0.502,"без бренда знак электробезопасности т34 ""включается автоматически"" 250х500 пластик+пленка+ламинация, уп. 1 шт.","вспомогательный знак vs12-05 ""включается автоматически"" 200х400 пластик+пленка, уп. 1 шт."
fold_02,Бытовая техника,481036405268,317827660984,0,0.939,0.564,аккумуляторный пылесос dewalt dcv501ln,мощный пылесос (аналог dewalt dcv501ln)
fold_02,Продукты питания,481036405705,678604939776,1,0.222,0.638,makfa / мука макфа пшеничная высший сорт 2кг 2шт,"мука пшеничная makfa хлебопекарная высший сорт, 2кг"
fold_02,Хобби и творчество,481036485705,386547067319,0,0.961,0.95,"тесьма с бусинками, 13 см, 5 0,5 м, цвет изумрудный/бежевый","без бренда тесьма с бусинками, 13 см, 5 ± 0,5 м, цвет изумрудный/бежевый"
fold_02,Детские товары,481036496133,438086792418,0,0.947,0.989,"whismsy / мягкая игрушка ""медведь"", с сердцем, 19 см, цвет белый","мягкая игрушка ""медведь с сердцем"", 19см"
fold_02,Продукты питания,489626293051,274878021601,1,0.297,0.416,кофе в зернах bushido red katana 100% арабика 227 г,"bushido / кофе в зернах red katana 1 кг, арабика 100%"
fold_02,Автотовары,489626293983,841813653476,0,0.995,0.984,bosch / фильтр воздушный suzuki grand vitara jb (1.6/2.0),bosch фильтр воздушный арт. f026400125
fold_02,Галантерея и аксессуары,489626333979,850403655806,1,0.25,0.275,aishaalzhan / сумка guees/гесс,guess рюкзак
fold_02,Товары для животных,489626369506,25769816668,1,0.34,0.254,"корм для взрослых кошек с цыпленком ""терра кот"" 10кг.","сухой корм для кошек терра кот перепел, 10кг"
fold_02,Красота и гигиена,489626408336,575525750779,1,0.351,0.585,provoc помада жидкая матовая для губ wisdom,provoc / помада жидкая матовая для губ
fold_02,Бытовая химия,498216234322,704374663516,1,0.372,0.776,"amway homesa8 premium порошок стиральный концентрированный, 1 кг + мерная ложка","sa8 amway / sa8 premium порошок стиральный концентрированный, 1 кг"
fold_02,Продукты питания,498216278433,25769849011,0,0.964,0.949,набор имбирных пряников герои марвел 3 шт,art sweets / набор имбирных пряников герои марвел 3 шт
fold_02,Бытовая химия,498216283831,343597528343,0,0.925,0.995,"средство для мытья пола grass floor wash нейтральное, концентрат, 5 л",grass / средство для мытья пола нейтральное floor wash 5л
fold_02,Музыкальные инструменты,498216285492,695784787182,0,0.924,0.906,kremona / f65cw performer series fiesta электро-акустическая гитара,"f65cw performer series fiesta электро-акустическая гитара, с вырезом, kremona"
fold_02,Хобби и творчество,498216328963,309237698475,0,0.924,0.785,"эврики, набор для опытов ""магнитная левитация""",эврики / набор для опытов «магнитная левитация»
fold_02,Музыкальные инструменты,498216333479,283467841968,1,0.391,0.634,deck / гитарный процессор педаль эффектов zoom g1 four,гитарный процессор zoom g1x four
fold_02,Детские товары,498216342714,627065340040,0,0.935,0.914,"мягкая игрушка ""кукла"", в шляпке и платьишке, цвета микс","лесная сказка мягкая игрушка «кукла», в шляпке и платьишке, цвета микс"
fold_02,Продукты питания,498216344989,77309440864,0,0.971,0.892,"жокей / кофе империал натуральный растворимый сублимированный, 150г",кофе жокей империал раств.субл. пакет 150 г
fold_02,Бытовая химия,498216349182,68719620272,1,0.355,0.227,"чистящее средство domestos 1 л, ""лимонная свежесть"", с отбеливающим эффектом ()","domestos / чистящее средство 500 мл, ""свежесть цитруса"""
fold_02,Товары для животных,498216357033,558345805914,1,0.256,0.427,деревенские лакомства лакомство сердечки для кошек 5 шт по 30 гр,деревенские лакомства / для кошек сердечки для баланса микроэлементов 30 гр
fold_02,Строительство и ремонт,506806164935,463856603121,1,0.344,0.255,обои флизелиновые victoria stenova glamour серые 1.06 м vs285437,обои флизелиновые victoria stenova pampas серые 1.06 м vs283497
fold_02,Мебель,506806195632,472446434950,1,0.266,0.414,"шкаф книжный ""билли 338"", 150х70х210 см",не определен шкаф книжный билли 338 икеа дуб сонома
fold_02,Ювелирные изделия,506806197004,180388639461,1,0.381,0.685,zolotye uzory серьги ювелирные золото красное 585 пробы,"nola серьги пусеты nola, красное золото, 585 проба, циркон, золотой"
fold_02,Хобби и творчество,506806197480,77309561675,0,0.928,0.967,настольная игра монополия россия,настольная игра монополия - россия
fold_02,Ювелирные изделия,506806204979,171798805307,1,0.372,0.56,"poemiq браслет золото красное 585 пробы, плетение тройной ромб",poemiq / золотой браслет на руку ювелирный 585
fold_02,Галантерея и аксессуары,506806246249,283467944789,1,0.357,0.557,брошь-кулон гелиотис кувшинка,"не определен брошь, зеленый"
fold_02,Ювелирные изделия,515396086616,730144473997,1,0.159,0.244,серьги ювелирные золото красное 375 пробы,"the jeweller серьги the jeweller, красное золото, 375 проба, топаз, голубой"
fold_02,Красота и гигиена,515396103415,274877998978,0,0.97,0.994,"queen fair зеркало настольное, двустороннее, с увеличением, зеркальная поверхность 14,2 х 17,6 см, цвет бежевый/белый","зеркало настольное, двустороннее, с увеличением, зеркальная поверхность 14,2 х 17,6 см, цвет бежевый/белый"
fold_02,Спорт и отдых,515396111699,489626304200,0,0.924,1.0,"бассейн надувной квадратный с навесом, intex 57470np 157х157х122см","бассейн надувной детский «домик», 157 х 157 х 122 см, с навесом, 57470np intex"
fold_02,Мебель,515396121887,764504223718,1,0.383,0.648,"кариви двухъярусная кровать, 257х84х172 см",кариви кровать чердак кадет 2 бетон бетон
fold_02,Красота и гигиена,515396170601,764504351437,0,0.95,0.987,"swiss image крем для лица антивозрастной уход 26+, дневной, против первых признаков старения, 50 мл",крем для лица swiss image антивозрастной уход дневной 26+ (против первых признаков старения) 50 мл
fold_02,Бытовая химия,515396182086,489626365895,0,0.982,0.981,"кондиционер для белья chirton ""цветущая скандинавия"", 2 л./в упаковке шт: 1","chirton кондиционер-ополаскиватель для белья цветущая скандинавия, 2000 мл"
fold_02,Продукты питания,515396193210,652835118299,0,0.961,0.873,"рисовая лапша real thai, 10 мм, 250 г",лапша real thai рисовая 10 мм 250г таиланд
fold_02,Ювелирные изделия,515396207108,146029006245,1,0.134,0.34,"не определен шнур золото, 585 проба, длина 50 см, средний вес 4.45 г",золотая цепочка. красное золото
fold_02,Бытовая техника,515396211223,549755820565,0,0.922,0.973,indesit холодильник itr 4160 e,indesit / холодильник itr 4160 e
fold_02,Галантерея и аксессуары,515396212242,60129546340,1,0.18,0.156,adidas рюкзак,adidas / сумка через плечо подростковая
fold_02,Строительство и ремонт,523986022468,730144485658,1,0.348,0.714,arte perfetto luce / люстра,"arte perfetto luce люстра подвесная, e14"
fold_02,Продукты питания,523986054010,575525629109,0,0.96,0.512,"стильные штучки конфеты мусс капучино, 104г","стильные штучки / конфеты стильные штучки мусс капучино, 104г"
fold_02,Спорт и отдых,523986078652,180388798401,1,0.173,0.091,"воблер german magneto #c112, 87 мм, 36 гр, плавающий, до 8 м","воблер condor ' lucky strike' happy fish размер 100 мм, вес 30.0 гр, заглубление 0- 3,5м, цв 147# / на судака / окуня / щуку"
fold_02,Спорт и отдых,523986081870,506806144664,0,0.942,0.979,грипсы stels xh-gn01bl,stels / грипсы stels xh-gn01bl
fold_02,Товары для животных,523986095454,420906938771,0,0.935,0.977,"dogman игрушка для собак гантель звенящая, 12 см","игрушка dogman для собак гантель звенящая 12см , 1 шт"
fold_02,Продукты питания,523986163978,412316975182,1,0.315,0.598,"мак dr. oetker для выпечки, комплект: 4 упаковки по 80 г","dr. oetker / мак пищевой dr.oetker для выпечки, 80 г"
fold_02,Электроника,532575953942,506806267501,1,0.394,0.724,nv print / тонер-картридж nv print 1103a для hp neverstop laser 1000a,картридж 103a (w1103a) для принтера hp neverstop laser 1200a; 1200n; 1200w
fold_02,Музыкальные инструменты,532575964141,111669238953,1,0.137,0.215,"w81-12e-wbag-op электро-акустическая гитара 12-струнная с чехлом, parkwood",cort / af510e-op standard series электро-акустическая гитара
fold_02,Красота и гигиена,532575983462,481036494523,1,0.297,0.408,"sophin гель-лак gellac тон 0624, база+цвет, без использования uv/led лампы, 12 мл","sophin / лак для ногтей, оттенок 0079, 12 мл"
fold_02,Спорт и отдых,532576020778,111669213490,0,0.96,0.933,"now foods / глицин now, 1000мг, 100 вег.капсул",now глицин glycine 1000 mg 100 капсул. повышает работоспособность. улучшает сон. снижает тревожность.
fold_02,Электроника,532576021276,377957184111,1,0.351,0.738,без бренда дисплей с тачскрином для apple iphone 6s (белый) (aaa),"дисплей в сборе с тачскрином для apple iphone 6 aaa, белый"
fold_02,Спорт и отдых,532576052740,214748397895,1,0.395,0.708,"колеблющаяся блесна luremax honor 54мм, 18 г, цвет 35, white eye lshr54-35","блесна колеблющаяся luremax honor 54мм., 18 г., 38, white eye"
fold_02,Канцелярские товары,532576078253,644245197605,1,0.344,0.575,"calligrata карандаш чернографитный с ластиком, hb, «милитари»","карандаш чёрнографитный с ластиком ""зоопарк"", твёрдость нв"
fold_02,Галантерея и аксессуары,532576086115,25769830899,1,0.145,0.265,polaroid / солнцезащитные очки трендовые,celine очки солнцезащитные
fold_02,Бытовая химия,541165884066,773094120975,0,0.939,0.618,"бос отбеливатель плюс maximum, 300 г, 3 шт","аист порошковый отбеливатель бос плюс maximum 3 в 1, 300гр, 3 упаковки"
fold_02,Хобби и творчество,541165916666,670014968005,0,0.959,0.944,"queen fair замок-тогл ""цветок"" вороненая сталь, 16x14мм (набор 2шт), цвет серый","замок-тогл цветок вороненая сталь, цвет серый, 16*14 мм, 2 штуки"
fold_02,Ювелирные изделия,541165980362,558345884873,1,0.121,0.147,"браслет из красного золота, р. 17 585gold 505008521",золото дисконт цепочка золото красное 585 пробы
fold_02,Ювелирные изделия,541166002115,377957248131,1,0.375,0.481,"chose серебряное кольцо ""гвоздь"" с фианитами, серебро 925 пробы","кольцо из серебра valtera 118397, фианит"
fold_02,Обувь,541166018320,764504239046,1,0.103,0.218,"rieker rieker, размер 38, коричневый",ботинки remonte большие размеры
fold_02,Продукты питания,549755842801,317827608382,1,0.32,0.691,"кириешки / сухарики кириешки ""холодец с хреном"" 40г","кириешки, сухарики со вкусом холодца с хреном, 40 г, 10 пачек"
fold_02,Галантерея и аксессуары,549755883505,575525679194,1,0.388,0.191,thule сумка спортивная,thule/рюкзак для ноутбука/городской рюкзак / рюкзак
fold_02,Хобби и творчество,549755901167,343597434143,0,0.937,0.801,"kinross corporation / пазл ""новогодние подарки""","пазл ""новогодние подарки"""
fold_02,Строительство и ремонт,549755902091,841813653593,1,0.299,0.213,"головка торцевая thorvik multiprof 1/2"" 11мм","mp01221 головка торцевая multiprof 1/2""dr, 21 мм, thorvik"
fold_02,Красота и гигиена,549755907969,566935775894,1,0.246,0.546,colgate ополаскиватель для полости рта 500 мл,colgate / ополаскиватель для рта колгейт plax свежесть чая 500мл х 4шт
fold_02,Продукты питания,558345756310,498216267043,0,0.928,0.894,kurukahveci mehmet efendi / кофе турецкий молотый 100гр. кurukahvici mehmet efendi,kurukahveci mehmet efendi турецкий кофе молотый 100гр - 1шт
fold_02,Красота и гигиена,558345759059,721554629659,1,0.305,0.291,гель для наращивания и моделирования ногтей 50 мл.,alex.lab / уф гель для наращивания ногтей в баночке цветной 30 мл.
fold_02,Дом и сад,558345779341,781684140310,1,0.319,0.409,"страна карнавалия шар латексный 12"" ""с днем рождения"", хештеги, набор 100 шт, микс","шар воздушный 12"" ""с днем рождения"", хештеги, набор 25 шт.,"
fold_02,Ювелирные изделия,558345796023,137438993505,1,0.378,0.412,эстет кольцо 01к1113945р,"эстет кольцо эстет, красное золото, 585 проба, фианит, размер 17"
fold_02,Бытовая химия,558345828246,85899495573,1,0.364,0.508,стиральный порошок tide автомат альпийская свежесть 60 стирок 9 кг.,mubarak / стиральный порошок tide аква пудра альпийская свежесть 6 кг 40 стирки порошок для цветного и для бел
fold_02,Музыкальные инструменты,558345849063,781684123553,1,0.266,0.671,"dunlop / kirk hammett jazz iii медиаторы, 6шт, толщина 1.38мм","медиаторы kirk hammett jazz iii, 24шт, толщина 1.38мм, dunlop 47rkh3nps"
fold_02,Галантерея и аксессуары,558345857070,60129672866,1,0.298,0.244,"emporio armani наручные часы emporio armani, синий",emporio armani часы наручные кварцевые
fold_02,Аптека,558345896223,558345846588,1,0.063,0.356,очки nikitana мод. 3378 цвет 6 с линзами romeo 1.56 hmc/emi -6.00 рц 60-62,спортивные очки dario мод. 310360 цвет 1 с линзами romeo 1.56 hmc/emi -6.00 рц 62-64
fold_02,Обувь,558345907629,8590033053,1,0.318,0.436,угги ugg,ugg / угги мужскиe зимние короткиe из натуральной замши с овчинoй
fold_02,Бытовая химия,558345911252,592705601046,1,0.387,0.448,"grass средство щелочное digger-gel для прочистки канализационных труб, 750 мл","grass средство щелочное для прочистки канализационных труб ""digger-gel"" (флакон 1 л)"
fold_02,Канцелярские товары,566935684872,146028910814,0,0.937,0.999,"ручка шариковая uni jetstream, неавтоматическая, синяя, 0,7 мм","uni / ручка шариковая jetstream, неавтоматическая, синяя, 0,7 мм"
fold_02,Дом и сад,566935723543,171798757296,1,0.392,0.735,"helga комплект портьер 250х300см, белый;зеленый;фисташковый;светло-серый",штора на шторной ленте helga кинмерис 300x250 см цвет белый
fold_02,Галантерея и аксессуары,566935729308,352187394379,1,0.104,0.257,swarovski ожерелье,swarovski / браслет swarovski 5373230
fold_02,Продукты питания,566935734269,764504280642,0,0.929,0.955,the spice kitchen / семена чиа для похудения и питания пищевые черные 1000 г,"чиа семена, семечки для похудения 1000 грамм, суперфуд для правильного питания, снижения веса с высоким содержанием белков и пищевой клетчатки, приготовления салатов супов йогуртов десертов коктейлей"
fold_02,Ювелирные изделия,566935741064,266288074024,1,0.182,0.146,poemiq / золотая цепочка на шею женская 375 пробы,"poemiq цепочка позолоченная серебряная 925, ""ролло"" / без огранки, полновесная"
fold_02,Обувь,566935768545,635655169164,1,0.312,0.266,"caprice мокасины caprice, размер 38, серый",мокасины caprice
fold_02,Товары для животных,566935790403,274877913304,1,0.364,0.794,"корм для донных рыб tetra pleco tablets для растительноядных, 275 таблетки 2 уп","tetra корм для рыбок-сомов и донных рыб со спирулиной, таблетки 275 шт"
fold_02,Товары для животных,566935831990,429496757570,0,0.96,0.796,gigwi / 75300 игрушка для кошек мышка с кошачьей мятой 10см,игрушка для кошек gigwi мышка с кошачьей мятой 10см
fold_02,Строительство и ремонт,566935833239,498216214911,1,0.369,0.075,savol душевой комплект 196283 черный,смеситель встроенный под биде viko d25 с гигиеническим душем black matt (v-4952)
fold_02,Мебель,566935838432,738734501258,1,0.231,0.544,угловой диван лига диванов дубай правый угол бежевый (микровельвет),"лига диванов угловой диван, механизмеврокнижка,240х140х85см"
fold_02,Аптека,566935848501,146029035386,0,0.984,0.921,линзы air optix aqua 6 шт -5.25 радиус кривизны 8.6,"alcon / air optix aqua, 6 шт. r: 8.6, d: -5.25"
fold_02,Галантерея и аксессуары,575525679386,678604834880,0,0.948,0.795,"косметичка-трапеция avoqueen, голографический pvc, 20 х 13 см","beauty fox / косметичка-трапеция, голографический pvc, 20х13 см"
fold_02,Музыкальные инструменты,575525682743,231928331947,0,0.953,0.781,"x300-grb x series электрогитара, серый санберст, cort","x series электрогитара, серый санберст, cort x300-grb"
fold_02,Спорт и отдых,575525683612,738734485346,0,0.976,0.98,песочный фильтр-насос bestway 58515 мощность 3028л/час,"фильтр-насос для бассейнов песочный 220-240v, 3028 л/ч, 58515"
fold_02,Обувь,575525750098,120259214368,1,0.392,0.46,"jordan кроссовки jordan, размер 41.5, желтый",кроссовки nike air jordan 1
fold_02,Дом и сад,575525751412,42949710864,0,0.956,0.749,"доляна / штора для ванны сумерки, с люверсами, 180×180 см, полиэстер","denco store штора для ванной высота 180 см, "
fold_02,Детские товары,584115568751,584115666869,0,0.96,0.867,"no name набор музыкальных инструментов «зверята», 9 предметов","набор музыкальных инструментов ""зверята"", 9 предметов"
fold_02,Дом и сад,584115571195,506806148197,1,0.338,0.25,"не определен сухие цветы «молочай миля» , 25 г, длина — 70 см, цвет фиолетовый","сухие цветы ""молочай миля"" , 25 г, длина 70 см, цвет белый"
fold_02,Красота и гигиена,584115589873,515396192177,0,0.954,0.885,"маска для волос love jojo ""масло ши и кератины"" 750 мл","не определен маска для волос love jojo ""масло ши и кератины"" 750 мл"
fold_02,Музыкальные инструменты,584115593080,850403537894,1,0.303,0.411,rico rja0320 / трость для саксофона,rico rja0335 трости для саксофона
fold_02,Канцелярские товары,584115599803,180388636683,0,0.922,0.871,"пенал 3 секции, вкладка внутри, 140 х 210 мм, тканевый, calligrata block ""котик""","пенал 3 секции вкладка внутри 140*210 ткань calligrata block ""котик"""
fold_02,Красота и гигиена,584115601058,369367210352,1,0.373,0.127,salerm cosmetics salerm ультрафиолетовый шампунь 1000 мл - fresh ultra-violet shot shampoo,salerm фиолетовый шампунь для ежедневного применения 300 мл - fresh violet shot shampoo
fold_02,Красота и гигиена,584115617176,85899457816,1,0.337,0.703,"без бренда кисть-шпатель для акрил-геля, лепесток, 18 см, ворс 5 × 17 мм/серебристый","кисть-шпатель для акрил-геля, заострённая, 18 см, голова 5 x 17 мм, цвет чёрный"
fold_02,Детские товары,584115624232,274877951109,0,0.929,0.863,конструктор lari spider hero 11314,lego / конструктор spider hero/ нападение гидромена/ 11314 !
fold_02,Автотовары,584115647538,747324389563,0,0.94,0.763,roadstone roadstone_r10718 шины зимние 205/65  r16 107r нешипованные,шина r16c 205/65 roadstone euro-win 650 107/105r зима r10718
fold_02,Галантерея и аксессуары,584115670949,798864017376,1,0.355,0.562,louis vuitton сумка на плечо,сумка
fold_02,Хобби и творчество,584115684134,678604939118,1,0.359,0.516,"greenwich line / холст на подрамнике 30х40 см, 100% лен, 400 г/м2","холст на подрамнике greenwich line 30х40 см, 100% хлопок, 440 г/м2, крупное зерно (cc_19536)"
fold_02,Ювелирные изделия,584115691246,635655205846,0,0.923,0.661,"яхонт шнур яхонт, серебро, 925 проба, длина 38 см, средний вес 1.77 г, голубой",яхонт золотой шнурок  с серебряными вставками  арт. 261392
fold_02,Музыкальные инструменты,584115702290,188978599719,1,0.271,0.422,"300147fre.h. лады из нейзильбера, ширина 3.0мм, особо твердые, бухта, sintoms","153058frbe.h.-v8 ладовая пластина, нейзильбер, ширина 1.5мм, особо твердая, бухта 8м, sintoms"
fold_02,Детские товары,592705498115,266288076584,1,0.322,0.22,бебиленд / мягкие игрушки 2 шт. леопард 45см и тигр 45см,мягкие игрушки 2шт - тигр и леопард 30 см.
fold_02,Товары для животных,592705512577,103079298791,0,0.925,0.805,"пижон лежанка для животных, мебельная ткань, холофайбер, 65 х 50 х 21 см,","лежанка для животных,мебельная ткань, холофайбер, 65х50х21 см"
fold_02,Красота и гигиена,592705519499,704374662863,0,0.98,0.555,"окислитель wella professionals welloxon perfect 1,9% 1000 мл","wella окислитель welloxon perfect 1.9%, 1000 мл"
fold_02,Хобби и творчество,592705529968,128849117492,0,0.992,0.525,"лас играс / развивающая игра съедобное-несъедобное с прищепками, 3+","развивающая игра ""съедобное-несъедобное"" с прищепками, 3+"
fold_02,Электроника,592705533062,790274114126,1,0.242,0.684,защитная бронированная пленка на экран и заднюю панель zte blade a520 (глянцевая),пленка на телефоны sharp&cut / гидрогелевая защитная пленка на zte blade a52 глянцевая
fold_02,Музыкальные инструменты,592705542755,635655196378,1,0.369,0.382,"электрогитара ""stratocaster:"" (s-s-s) с кабелем и медиаторами, foix",terris tst-39 sb - электрогитара шестиструнная
fold_02,Хобби и творчество,592705560460,841813718457,0,0.984,0.879,"микроскоп детский ""юный ботаник"", кратность х100, х400, х1200, подсветка","эврики микроскоп детский «юный ботаник», кратность х100, х400, х1200, подсветка"
fold_02,Продукты питания,592705574110,25769897529,1,0.323,0.299,"добропаровъ набор из трав и специй для приготовления настойки ""кофейный ликёр"", добропаровъ, 20 гр","набор из трав и специй для приготовления настойки ""черешневая"", добропаровъ, 20 гр"
fold_02,Ювелирные изделия,592705587851,575525710833,1,0.398,0.458,arlex / серебряная подвеска на шею,arlex подвеска серебро позолоченное 925 пробы
fold_02,Детские товары,592705595671,446676726553,0,0.928,0.777,"in mother's hands / конструктор винтовой ""стройтехника"", наб",конструктор винтовой стройтехника
fold_02,Товары для животных,592705627509,558345896290,1,0.256,0.314,"пижон пелёнка для животных многоразовая впитывающая, 70 х 60 см, серый","пеленка для животных пижон многоразовая, впитывающая, 70х90 см, серый"
fold_02,Спорт и отдых,601295429327,712964672536,1,0.348,0.031,"country life / коэнзимы, b-complex, в-комплекс, 60 капсул","country life chelated magnesium glycinate, 90 таблеток"
fold_02,Музыкальные инструменты,601295442584,94489346756,0,0.991,0.993,"gardenia / каподастр для акустической гитары, gp005","gp005 каподастр для акустической гитары, gardenia"
fold_02,Бытовая химия,601295450762,566935769500,1,0.253,0.604,"стиральный порошок автомат dosia optima альпийская свежесть, 1,2 кг, 6 упаковок",dosia / стиральный порошок дося optima альпийская свежесть 6 кг.
fold_02,Аптека,601295452176,352187459440,1,0.341,0.775,очки для зрения женские +3.50 корригирующие очки для чтения +3.5,"eae / очки для зрения +3,5 корригирующие +3.5 женские"
fold_02,Продукты питания,601295452462,412316862997,1,0.226,0.56,"сахарные картинки для торта на день рождения для мужчин, папе. декор для торта / съедобная бумага а4",сладкоежка / вафельная картинка
fold_02,Хобби и творчество,601295455622,300647734948,0,0.977,0.962,"шахматы магнитные, 19.5 х 19.5 см, чёрно-белые","без бренда шахматы магнитные, 19.5 х 19.5 см, чёрно-белые"
fold_02,Галантерея и аксессуары,601295488475,150556,1,0.145,0.504,ufpnpcolor / брелок на сумку на ключи жетон с автомобилем подвеска,"брелок с цветной печатью киа, kia rio"
fold_02,Ювелирные изделия,601295494658,283467854935,1,0.379,0.651,talant / кольцо из серебра 925 пробы,talant кольцо серебро родированное 925 пробы
fold_02,Хобби и творчество,601295519483,824633762183,0,0.992,0.996,"пластилин восковой гамма ""пчелка"", 10 цветов, 123 гр, со стеком (280031н)","гамма / пластилин восковой ""пчелка"", 10 цветов, 123 гр, со стеком"
fold_02,Электроника,601295551926,8590031862,1,0.084,0.348,игровой компьютер ryzenpc game 83505675,"ryzenpc системный блок игровой компьютер ryzenpc game 83508675 (amd ryzen 5 7600 (3.8 ггц), ram 16 гб, ssd 2500 гб, nvidia geforce rtx 4060 (8 гб), windows 10 home), черный"
fold_02,Спорт и отдых,609885389774,438086774856,1,0.329,0.565,прикормка натуральная vabik special лещ соленая карамель 1кг,vabik / прикормка для рыбалки special лещ соленая карамель 5кг
fold_02,Электроника,609885393154,816043789149,1,0.376,0.591,защитная гидрогелевая пленка на samsung galaxy tab s5e 10.5 sm-t725 (2019) матовая / самовосстанавливающаяся противоударная пленка на самсунг гэлакси таб с5е 10.5 см-т725 (2019),пленка и точка / гидрогелевая пленка samsung tab s5e 10.5 t720
fold_02,Продукты питания,609885444392,618475440255,1,0.281,0.577,вятские дары природы чага с душицей и смородиновым листом 100 гр,"чага березовая дробленая, чага чай натуральный, высший сорт 100 г вятские дары природы"
fold_02,Мебель,609885466808,60129614395,1,0.071,0.298,"е1 шкаф-купе 1,8 экспресс 3-х дверный 180 х 240 х 60 фотопечать на стекле №1020 пионы венге","шкаф-купе 2,1 экспресс 3-х дверный 210 х 240 х 60 фотопечать на стекле №1020 пионы бетон"
fold_02,Электроника,609885467533,721554610506,1,0.269,0.474,аккумулятор amperin для ноутбука asus x551ca 2200 mah 14.8v,"rocknparts аккумулятор для ноутбука asus x441ca, x551ca, x551ma, 2600mah, 14.4v"
fold_02,Бытовая техника,609885470748,541165959355,0,0.95,0.989,отпариватель bbk egs-1204,bbk / ручной отпариватель egs-1204
fold_02,Спорт и отдых,609885481478,738734478183,1,0.318,0.884,osp / воблер rudra 130 sp цвет t59 на щуку,"воблер для рыбалки osp rudra 130 sp на щуку, жерех, судак"
fold_02,Электроника,609885498987,532576042685,0,0.995,0.718,western digital wd жесткий диск 6tb wd (hgst) ultrastar dc hc310 (0b36039),western digital 6 тб внутренний жесткий диск (0b36039) 
fold_02,Продукты питания,618475321712,240518253150,1,0.33,0.663,"чай ""армуду breakfast"" черный, 100 пакетиков с ярлычками по 1,6 г",чай азерчай 2 уп
fold_02,Бытовая техника,618475332424,635655274614,0,0.942,0.934,нет бренда / тэн стиральной машины 2000w l225мм samsung керам dc47-00033d,"тэн для стиральной машины samsung 2000w (dc47-00033d), с керамическим покрытием"
fold_02,Бытовая техника,618475336616,566935783417,0,0.931,0.944,polaris / блендер phb 1385 ручной (polaris),"polaris погружной блендер phb-1385, черный"
fold_02,Хобби и творчество,618475364431,730144490194,0,0.945,0.943,не определен аппликация круглыми стразами «девочка в море»,аппликация круглыми стразами девочка в море
fold_02,Хобби и творчество,618475387316,841813644394,0,0.948,0.923,"напольная мозаика-пазл ""цветочки"" 25 фишек,4 шт","русский стиль / цветочки, мозаика напольная, 25 элементов"
fold_02,Детские товары,618475399401,446676630365,0,0.978,0.907,"бластер abtoys мегабластер синий с 20 мягкими пулями, в коробке","бластер abtoys мегабластер синий с 20 мягкими пулями, в коробке"
fold_02,Электроника,618475420241,592705607861,0,0.977,0.996,картридж лазерный cactus cs-tk8800c голубой (20000стр.) для kyocera ecosys p8060cdn,картридж лазерный cactus cs-tk8800c tk-8800c голубой (20000стр.) для kyocera ecosys p8060cdn
fold_02,Хобби и творчество,627065231591,79102,0,0.986,0.81,"сумка из фетра ""самая красивая кошечка""","школа талантов / сумка из фетра ""самая красивая кошечка"""
fold_02,Хобби и творчество,627065275176,292057885551,1,0.328,0.629,"бисер 10/0, 5 г (упак), preciosa (64020), 10 шт","бисер круглый preciosa 10/0, голубой глянцевый, упаковка 5 г, 10 шт (pr.64050)"
fold_02,Канцелярские товары,627065279840,704374785853,1,0.397,0.561,"не определен мешок для обуви на шнурке, цвет синий/камуфляж","мешок для обуви на шнурке, цвет синий"
fold_02,Музыкальные инструменты,627065290394,661424988577,0,0.958,0.922,/ струны для классической гитары 540 j,струны для гитары savarez 540j
fold_02,Галантерея и аксессуары,627065291684,661425025297,1,0.32,0.785,emporio armani часы наручные кварцевые,emporio armani / часы наручные водонепроницаемые оригинал армани
fold_02,Строительство и ремонт,627065303627,523986128916,1,0.281,0.251,"сверло по металлу, винтовое garwin gm-sg0460 4.6 x 80 мм","сверло спиральное по металлу 2,4 мм, din 338, hss-g, 5xd, ha, тип n"
fold_02,Музыкальные инструменты,627065303672,609885476143,1,0.183,0.372,"акустическая гитара cort sfx me op, со звукоснимателем, с вырезом, цвет натуральный","s27-gt электро-акустическая гитара, с вырезом, с чехлом, глянец, parkwood"
fold_02,Продукты питания,627065322753,146028910323,0,0.959,0.929,"кофе в зёрнах кения аа+, 250 гр","gut кофе в зернах gutenberg кения аа+, 250 г"
fold_02,Автотовары,627065349816,773094209294,0,0.997,0.982,sailun ice blazer wst3 шины зимние 205/55  r16 94t шипованные,sailun / шины зимние шипованные 205/55r16 94t xl ice blazer wst3
fold_02,Спорт и отдых,627065371059,60129682923,1,0.349,0.64,"не определен флажок, длина 40 см, 15 × 20, цвет салатовый (10 шт)","флажок, длина 40 см, 15 х 20, цвет жёлтый (10 шт)"
fold_02,Бытовая техника,635655167567,712964731284,0,0.93,0.939,сальник 35x62/75x7/10 бака стиральной машины / slb004ar,ariston / сальник бака стиральной машины 082696
fold_02,Продукты питания,635655188643,369367247392,0,0.94,0.954,"chaokoh / кокосовое молоко, 250 мл","chaokoh кокосовое молоко, 250мл"
fold_02,Одежда,635655200895,60129607740,1,0.272,0.868,befree / платье,платье befree
fold_02,Хобби и творчество,635655205966,223338435038,0,0.947,0.128,"пазлы рыжий кот 260 деталей ""пони на цветочной террасе"" (п260-6795)",bob young / пазлы для малышей
fold_02,Продукты питания,635655210228,566935705203,1,0.385,0.655,сахарная картинка на торт к 23 февраля подарок на день защитника отечества,не определен сахарная картинка на торт к 23 февраля подарок на день защитника отечества
fold_02,Музыкальные инструменты,635655230054,592705506500,0,0.979,0.99,"m221l синтезатор, 61 клавиша, medeli / m221l синтезатор, 61 клавиша, medeli",medeli m221l
fold_02,Музыкальные инструменты,635655230467,111669279772,0,0.944,0.627,электрогитара rockdale stars ht hss black limited edition,rockdale stars ht hss black limited edition - электрогитара
fold_02,Красота и гигиена,635655250015,807453930249,1,0.238,0.149,lanvin / marry me парфюмерная вода 30 ml,lanvin marry me ланвин мери ми парфюмерная вода 75 мл
fold_02,Обувь,635655253016,738734385702,1,0.303,0.343,кеды converse,citykeds / кеды низкие черные хлопок
fold_02,Хобби и творчество,635655270041,575525690415,0,0.955,0.981,звезда / 3657 kamaz-43509 камаз -мастер докар,"сборная модель zvezda автомобиль ""kamaz-43509"", набор для сборки, масштабная модель 1:35, звезда арт. 3657"
fold_02,Аптека,635655297514,94489359745,1,0.082,0.073,астигматические линзы alcon precision1 for astigmatism (toric) 30 линз sph -6.50 cyl -0.75 axis 180,"контактные линзы alcon precision1 for astigmatism 30 линз sph -6,50 cyl -1,75 axis 170"
fold_02,Детские товары,635655305829,592705588800,0,0.924,0.813,"/ антистресс магнит ""неокуб"" 216 шариков d","антистресс магнит ""неокуб"" 216 шариков d:0,5 см (меняет цвет на солнце) 3х3 см"
fold_02,Музыкальные инструменты,635655323149,395137079200,1,0.21,0.156,terris / pluc 23 bk укулеле концерт,veston kus100 bk - укулеле сопрано
fold_02,Одежда,644245122809,171798762954,1,0.384,0.541,"перчатки farella, farella",farella / перчатки
fold_02,Бытовая техника,644245188371,180388737099,1,0.354,0.4,не определен трубка силиконовая 16х2 мм (10 метров),"трубка силиконовая 16 мм, стенка 2 мм, 3 метра (16х2 мм)"
fold_02,Обувь,644245232215,197568635737,1,0.344,0.256,шлепанцы летние мужские,шлепанцы bailangsiga
fold_02,Электроника,644245244040,455266632015,1,0.331,0.899,"ноутбук игровой asus tuf gaming a15 fa507nu-lp089 90nr0eb5-m008b0, 15.6"", ips, amd ryzen 7 7735hs 3.2ггц, 8-ядерный, 16гб ddr5, 512гб ssd, nvidia geforce rtx 4050 для ноутбуков - 6 гб, без операцио","asus tuf gaming a15 fa507nu-lp031 fhd ips игровой ноутбук 15.6"", amd ryzen 7 7735hs, ram 16 гб, ssd 512 гб, nvidia geforce rtx 4050 для ноутбуков (6 гб), без системы, (90nr0eb5-m003d0), серый, русская раскладка"
fold_02,Бытовая химия,644245249677,77309424522,0,0.94,0.985,"comet / комет средство для унитаза лимон, 700 мл, 2 шт.","comet средство для туалета лимон, 700 мл , 2 шт/"
fold_02,Продукты питания,652835032369,154618974833,1,0.325,0.681,"вафельные нарциссы махровые , 70 шт","топ декор / вафельные розы малые, сложные, микс, 70 шт."
fold_02,Продукты питания,652835057201,60129601254,1,0.38,0.63,"metro chef маслины резаные, 300г","metro chef оливки черные резаные, 300г"
fold_02,Галантерея и аксессуары,652835073307,584115651570,1,0.278,0.508,часы наручные casio a-500wega-9e с хронографом,наручные часы мужские casio a-500wga-9d
fold_02,Товары для животных,652835078302,747324387392,1,0.398,0.59,gemon / консервы для собак джемон dog medium для взрослых животных,gemon dog medium консервы для собак средних пород кусочки ягненка с рисом 1250г ( 4 шт в упаковке)
fold_02,Обувь,652835088221,266288041331,1,0.33,0.26,ботинки happy step,"happy step ботинки happy step, размер 31, черный"
fold_02,Спорт и отдых,652835109048,326417532267,1,0.378,0.085,"tech team велосипед городской, велосипед tt nevelin 27.5",intro / электровелосипед intro sport черно-зеленый
fold_02,Бытовая техника,652835121185,240518229017,0,0.974,0.961,кулер sonnen fse-03bi 455744,"напольный кулер для воды sonnen fse-03bi нагрев/охлаждение, нижняя загрузка, 3 крана, графит 455744"
fold_02,Строительство и ремонт,652835152120,712964698283,1,0.342,0.357,"полотенцесушитель электрический двин r neo, 600x500 мм, 1-1/2, хром","полотенцесушитель электрический 'двин' r neo, 1000x500 мм, 1'-1/2', хром"
fold_02,Канцелярские товары,652835156743,489626357466,1,0.349,0.278,"double a 1 пач. бумага офисная а4 decoromir double a, марка ""а+"", 80 г/кв. м, 500 л","бумага офисная (297 на 420), а3, 80 г/м2, 500 л., марка с, svetocopy classic, 146% (cie)"
fold_02,Дом и сад,652835158490,274878036808,0,0.997,0.969,"in mother's hands / матрёшка ""марина"", сине-белое платье, 3",матрешка 
fold_02,Музыкальные инструменты,652835162173,618475369444,0,0.995,0.768,"пластик для барабана 14"" evans s14r50",пластик для барабана evans s14r50
fold_02,Одежда,652835168256,223338389543,1,0.289,0.519,брюки brosko,liketeks / брюки на резинке укороченные
fold_02,Красота и гигиена,661424982490,687194852582,0,0.951,0.995,fusion 5 / сменные кассеты gillette fusion 5 8 шт,сменные кассеты gillette fusion5 8 шт.
fold_02,Бытовая химия,661424983850,833223786771,1,0.304,0.218,"clean & fresh / таблетки для посудомоечных машин clean&fresh all in 1, 45 шт",clean & fresh all in 1 таблетки для всех типов посудомоечных машин 30 шт
fold_02,Музыкальные инструменты,661425041164,214748402884,0,0.925,0.737,электрогитара матовая sqoe sest210,sqoe / электрогитара sqoe sest210
fold_02,Бытовая химия,661425043310,120259131974,0,0.942,0.981,chirton освежитель воздуха light air тропическая ночь 300мл 2шт в уп,"chirton / освежитель воздуха ""тропическая ночь"", 300 мл 2шт"
fold_02,Музыкальные инструменты,661425062297,618475427311,1,0.13,0.161,электрогитара bosstone sg-04hh bk+bag,электрогитара
fold_02,Товары для животных,661425065015,25769868471,1,0.207,0.681,сухой корм для щенков florida с ягненком и грушей 1 уп. х 3 кг,сухой корм для щенков florida для малых пород с ягненком и грушей 1кг х 3шт
fold_02,Продукты питания,661425073501,678604944099,1,0.207,0.71,сладкая печать / съедобная печать для торта новый год,"сахарная картинка для торта ""новый год"", размер а4. украшение для торта и декор для выпечки."
fold_02,Галантерея и аксессуары,661425098377,85899348542,1,0.209,0.402,pnp браслет со вставками,"не определен плетеный браслет, размер m"
fold_02,Одежда,661425100198,369367191657,1,0.269,0.111,чулки kaftan,"cubu / набор женских следков basic 3 пары,р. 36-39 (23-25 см)"
fold_02,Канцелярские товары,670014905324,773094241147,1,0.22,0.237,блокнот brauberg 100х150 мм а6 vista gradient под кожу гибкий срез фольга 80 л. 112101,"ежедневник недатированный а5 (138x213 мм), no name vista, под кожу, гибкий, 136 л., gradient, 112033 1 шт."
fold_02,Продукты питания,670014923641,223338410107,1,0.271,0.591,"jardin / jardin / dessert cup dark roast кофе молотый , 250 г .","кофе молотый jardin dessert cup (жардин десерт кап), 250 г, вакуумная упаковка., 6 шт"
fold_02,Галантерея и аксессуары,670014934347,360777349835,1,0.188,0.141,"наручные часы longines the longines master collection, серебряный, белый",longines часы наручные механические
fold_02,Галантерея и аксессуары,670014959611,343597517502,1,0.369,0.408,arta / кулон подвеска с цепочкой ом,601 цепочка с подвеской ом /подвеска /кулон
fold_02,Электроника,670014966337,60129619033,1,0.372,0.055,"cactus картридж lc-3619 xl yellow для принтера бразер, brother mfc-j 2330 dw; mfc-j 2730 dw","картридж lc-3619 xl cyan для принтера бразер, brother mfc-j 2330 dw; mfc-j 2730 dw"
fold_02,Детские товары,670014986267,523986073005,0,0.948,0.946,"im.master, конструктор ""спортивная тачка"", радиоуправление, 1:10, 1887 деталей","im.master / конструктор спортивная тачка, радиоуправление, 1:10"
fold_02,Бытовая химия,670015002065,300647781591,0,0.927,0.916,"средство для чистки ванн sanfor ""лимонная свежесть"", 750 г",sanfor / средство чистящее для ванн лимонная свежесть 750 г
fold_02,Ювелирные изделия,670015003268,695784844087,1,0.321,0.527,dinastia серьги ювелирные золото красное 375 пробы,"the jeweller серьги the jeweller, красное золото, 585 проба, фианит"
fold_02,Красота и гигиена,670015054136,773094125291,1,0.288,0.745,"belordesign belor design губная помада party, тон 84",belor design помада для губ party тон 084
fold_02,Спорт и отдых,678604863041,670014931381,0,0.956,0.988,"камера kenda, 26x2.125-2.35"", 32мм, schrader","kenda камера kenda, 26x2.125-2.35"", 32мм, schrader"
fold_02,Спорт и отдых,678604881440,197568591724,1,0.246,0.162,силиконовая приманка intech l3ong heel 4 (6 шт.) #15,"kosadaka / виброхвост kosadaka awaruna 65, 11шт., цвет yfg"
fold_02,Мебель,678604905116,395137088177,0,0.922,0.753,кресло chairman game 16 россия экопремиум черный/желтый (7028514),кресло chairman game 16 черный/желтый
fold_02,Канцелярские товары,678604911615,532576099811,1,0.356,0.697,"не определен набор обложек пп 10 шт, 212 х 395 мм, 80 мкм, ""glossy clear"", для тетрадей и дневников, с клеевым краем и клапаном в край, глянцевые","набор обложек пп 10 шт, 212 х 395 мм, 80 мкм, ""fizzy clear"", для тетрадей и дневников, с клеевым краем и клапаном в край, с тиснением, универсальная"
fold_02,Хобби и творчество,678604915246,103079253342,1,0.308,0.808,алмазная мозаика на подрамнике 40*50 мария и иисус / картины стразами иконы,"алмазная мозаика на подрамнике 40*50 ""икона божией матери"""
fold_02,Электроника,678604918076,515396197753,1,0.282,0.62,"a4tech коврик для мыши fstyler fp25 black, черный","коврик для мыши a4tech fstyler fp25 (s) серый/белый, ткань, 250х200х2мм [fp25 silver]"
fold_02,Детские товары,678604949667,695784784607,0,0.945,0.888,"конструктор lego minecraft 21183 площадка для тренировок, 534 дет.",lego / конструктор мinecraft площадка для тренировок аналог
fold_02,Хобби и творчество,678604956894,549755921711,0,0.928,0.749,"набор для опытов ""отпечатки пальцев""","эврики набор для опытов ""отпечатки пальцев"""
fold_02,Дом и сад,678604972389,627065244337,1,0.356,0.759,"растущая травка декоративная ""кот""","no name растущий подарок травка ""кот серый"""
fold_02,Продукты питания,678604988253,661425068527,1,0.237,0.572,"сахарная картинка на капкейки, пряники, трайфлы на 8 марта","не определен вафельная картинка съедобная 8 марта/женский день, размер а4 для пряников"
fold_02,Дом и сад,687194806973,128849082815,0,0.953,0.636,take it easy / кашпо,"кашпо - ваза ""енот в очках"" 14х14х22см"
fold_02,Бытовая химия,687194809602,85899504374,0,0.961,0.993,"отбеливатель бос плюс maximum, 600 г","бос / отбеливатель ""плюс maximum"" порошок 600г"
fold_02,Галантерея и аксессуары,687194828237,704374658808,1,0.373,0.601,"fossil наручные часы fossil, бирюзовый, серебряный",fossil часы наручные наручные ffs5905
fold_02,Электроника,687194835650,249108103623,0,0.94,0.518,"игровая приставка nintendo switch lite, желтый","игровая приставка nintendo switch lite, желтый"
fold_02,Дом и сад,687194845962,60129547781,1,0.287,0.593,"сетка садовая, 1 × 20 м, ячейка 15 × 15 мм, коричневая, greengo","сетка садовая, 1 x 20 м, ячейка ромб 15 x 15 мм, пластиковая, серая, greengo"
fold_02,Музыкальные инструменты,687194846429,188978640394,1,0.278,0.383,"martinez fac - 504 - классическая гитара, цвет санбёрст",гитара классическая martin romas mr-m390 sb 4/4 с широким грифом металлическими струнами и матовой отделкой
fold_02,Дом и сад,687194857617,343597508382,1,0.369,0.585,"семена огурец солёные уши f1, семена алтая, 3 грамма, 1 пакет (зеленый)","barantsev семена / семена огурец ""соленые уши"" f1, среднеспелый, партенокарпиче"
fold_02,Музыкальные инструменты,687194870323,94489297736,1,0.245,0.193,подставка для скрипки 1/2 josef teller jt01042-1/2,"student no9 подставка для скрипки 1/8, josef teller jt0109-1/8"
fold_02,Электроника,687194912024,249108107229,1,0.314,0.735,"комплект 2 шт. гидрогелевая защитная пленка (не стекло) для realme c25y , глянцевая, на дисплей",защитная гидрогелевая пленка / гидрогелевая защитная плёнка для realme c25y
fold_02,Спорт и отдых,687194926644,506806164510,1,0.265,0.056,"монофильная прозрачная калиброванная леска для рыбалки без памяти флюорокарбоновое покрытие zander master extra 50 м, 0,105 мм х 1,6 кг","монофильная прозрачная калиброванная леска для рыбалки без памяти флюорокарбоновое покрытие zander master extra 50 м, 0,181 мм х 5,2 кг"
fold_02,Продукты питания,695784710530,755914283517,0,0.974,0.998,"чай в пакетиках зеленый greenfield / гринфилд flying dragon классический, 100шт. / продукты питания",чай greenfield flying dragon зеленый 100 пакетиков
fold_02,Продукты питания,695784711977,661425041836,1,0.163,0.509,чай в пакетиках черный greenfield classic breakfast 100 пакетиков,чай черный greenfield classic breakfast 100г х 2шт
fold_02,Ювелирные изделия,695784723541,395137036298,1,0.27,0.619,золото дисконт крестик золото желтое,"бриллианты костромы крестик бриллианты костромы, красное золото, 585 проба, фианит, бриллиант"
fold_02,Товары для животных,695784775067,266288056667,0,0.931,0.466,"сухой корм royal canin maxi adult 5+ для собак старше 5 лет крупных пород, с курицей, 4 кг",canin / корм maxi adult 5+ для собак крупных пород от 5 лет 15 кг
fold_02,Канцелярские товары,695784775205,352187367186,0,0.995,0.968,attache / стикеры с клеев.краем 76х76 розовый 100л,стикеры attache с клеев.краем 76х76 розовый 100л
fold_02,Детские товары,695784775544,292057902585,0,0.932,0.879,игровой набор стрельба по баночкам,nobrand игровой игрушечный набор «стрельба по баночкам»
fold_02,Детские товары,695784782934,661425068407,0,0.93,0.941,"без бренда машина радиоуправляемая «хот-род», эффект дыма, свет и звук, работает от аккумулятора, цвет зелёный","машина радиоуправляемая ""хот-род"", эффект дыма, свет и звук, работает от аккумулятора, цвет зелёный"
fold_02,Канцелярские товары,695784793412,850403641701,1,0.346,0.098,"разделитель листов а4, 12 листов, январь-декабрь, ""office-2020"", серый, пластиковый","разделитель листов а4, 20 листов, алфавитный а-я, 'office-20"
fold_02,Бытовая химия,695784805721,360777380039,1,0.371,0.575,"отбеливающее и дезинфицирующее средство ultra barhat ""белизна"", гель, 750 г","ultra barhat, отбеливающее и дезинфицирующее средство ultra ""белизна"", гель, 750 грамм, 2 штуки"
fold_02,Одежда,695784856226,601295529290,1,0.397,0.004,поло cacharel,брюки мужские cacharel g051sz0780ginger бежевые 33
fold_02,Строительство и ремонт,704374658925,575525639666,0,0.98,0.676,лампа светодиодная saffit sbgx5315,"лампа cветодиодная saffit, (15w) 230v gx53 4000k, sbgx5315"
fold_02,Аптека,704374722066,584115568142,1,0.223,0.473,контактные линзы 1-day acuvue moist for astigmatism with lacreon 30 шт. sph -01.75; -00.75; ax 180; r 8.5; d 14.5,acuvue / 1day moist for astigmatism 30/-0.25/-1.75/100
fold_02,Продукты питания,704374795269,60129680894,0,0.921,0.747,"лапша пшеничная ''удон'' 3шт х 300г, китай",nobrand лапша пшеничная удон (3 шт. по 300 г)
fold_02,Аптека,712964574397,412316962238,1,0.072,0.561,"coopervision астигматические линзы, 6 шт. , -8.50, 8.5, -1.25, 50, 2 недели ",coopervision / vitality toric (6pk) -8.50 -2.25 90
fold_02,Галантерея и аксессуары,712964676129,8590100325,1,0.247,0.805,calando очки солнцезащитные,calando / солнцезащитные очки
fold_02,Одежда,712964696959,532576040778,1,0.254,0.398,h&m / брюки спортивные утепленные,штанишки h&m
fold_02,Спорт и отдых,721554514458,42949702497,1,0.352,0.317,"три кита удочка зимняя ""техно"" диам. 75 с пласт. ручкой (хлыст поликарбонат), зеленая, 2 шт.","удочка зимняя ""техно"" диам. 75 с пласт.ручкой (хлыст стекловолокно) желтая, 2 шт."
fold_02,Детские товары,721554569336,712964573607,0,0.933,0.851,"конструктор обучающий ""забавные пазлы""","kangaeru / конструктор обучающий ""забавные пазлы"""
fold_02,Красота и гигиена,721554579476,403726971458,1,0.395,0.605,"nivea бальзам для губ, фруктовое сияние с ароматом вишни, 4,8 г","бальзам для губ nivea фруктовое сияние клубника тон розовый 4,8 г"
fold_02,Хобби и творчество,721554593241,146028893682,1,0.37,0.129,миниатюры warhammer 40000: combat patrol - adepta sororitas,миниатюры для настольной игры games workshop warhammer 40000: combat patrol - genestealer cults 51-69
fold_02,Обувь,721554637901,429496791440,1,0.369,0.463,"dolomite ботинки dolomite, размер 3.5, синий",ботинки dolomite
fold_02,Детские товары,721554643603,420906874426,0,0.94,0.848,mumbaby / поильник детский 150 мл,"поильник детский с твёрдым носиком ""волшебная пони"", с ручками, 150 мл, цвет розовый"
fold_02,Обувь,721554645056,833223691579,1,0.17,0.127,полусапоги spur,"не определен ботильоны, размер 39, черный"
fold_02,Хобби и творчество,730144491300,180388764310,0,0.948,0.885,трафарет пластик 'большая снежинка' 9х9 см,"трафареты для творчества-ds / трафарет пластик ""большая снежинка"" 9х9 см"
fold_02,Товары для животных,730144495885,755914351724,0,0.929,0.958,"сухой корм alleva holistic adult dog medium chicken & duck беззерновой для взрослых собак средних пород с курицей, уткой, алоэ вера и женьшенем (2 кг)","alleva / корм холистик для собак средних пород, 2 кг"
fold_02,Товары для животных,730144503289,42949686902,0,0.945,0.827,"monge / adult cat сухой корм для взрослых кошек с лососем 1,5 кг","monge сухой корм для взрослых кошек с лососем, 1,5 кг"
fold_02,Одежда,730144506769,360777300346,1,0.317,0.401,пижама mark formelle,пижама mark formelle
fold_02,Товары для животных,730144528865,42949824832,1,0.376,0.014,"farmina / n&d tropical selection dog свинина мелкие породы - 1,5 кг","farmina n&d cat tropical selection chicken neutered adult сухой корм для стерилизованных кошек и кастрированных котов, с курицей"
fold_02,Ювелирные изделия,730144536817,51539628673,1,0.312,0.77,радуга - ювелирная фабрика браслет золотой,радуга... / золотой браслет 585 пробы
fold_02,Детские товары,730144553286,764504237717,0,0.949,0.696,"no name парковка «городские службы» с машинкой и рацией, световые и звуковые эффекты, микс","парковка городские службы с машинкой и рацией, световые и звуковые эффекты, микс"
fold_02,Товары для животных,730144566205,292057906622,1,0.214,0.347,gina / корм gina cat active курица и рис 3 кг,джина cat active корм сухой для активных и выставочных кошек 18кг
fold_02,Автотовары,730144581520,68719612344,0,0.985,0.937,сайлентблок задней поперечной тяги к-кт 2шт. бол.+мал lexus rx270 08> jikiu bhk21002,сайлентблок задней поперечной тяги к-кт! 2шт. бол.+мал. lexus rx270 08
fold_02,Детские товары,730144583414,541166022002,0,0.978,0.852,нордпласт / набор овощей и кухонной посуды волшебная хозяюшка,"набор овощей и кухонной посуды волшебная хозяюшка (12 предметов на подносе) 7х31,5х31,5 см"
fold_02,Электроника,730144596593,670014978550,1,0.293,0.799,"bonuspk системный блок игровой компьютер bonuspk o53771756 (intel core i5-13500 (3.50 ггц), ram 64 гб, ssd 500 гб, nvidia geforce rtx 3070 (8 гб), без ос), черный",системный блок bonuspk 53771756
fold_02,Товары для животных,730144597067,601295567712,1,0.209,0.251,"alphapet wow superpremium сухой корм для стерилизованных кошек, c цыпленком - 7 кг",alphapet / alphapet superpremium корм для котят цыпленок 7кг х 5шт
fold_02,Хобби и творчество,738734397344,240518266297,1,0.064,0.185,"рама багетная 30x45 для картин на холсте, пластиковая, без стекла и задника, всеподрамники","рама багетная 30x35 для картин на холсте, пластиковая, без стекла и задника, всеподрамники"
fold_02,Ювелирные изделия,738734403300,747324451699,1,0.202,0.146,niagara jewelry серьги ювелирные золото белое 585 пробы,niagara jewelry / ювелирные серьги
fold_02,Электроника,738734422056,850403619330,0,0.976,0.836,камера видеонаблюдения dahua 1196479 dh-ipc-hdw2431tp-as-0280b,ip видеокамера dahua dh-ipc-hdw2431tp-as-0280b
fold_02,Обувь,738734468069,146028927609,1,0.155,0.017,кроссовки jordan air jordan 7,nike / nike air max 2090
fold_02,Мебель,738734473722,77309516227,0,0.993,0.929,violet этажерка узкая 3-х ярусная на колесах (белая) 760306,violet этажерка узкая 3-х ярусная на колесах белая 760306
fold_02,Спорт и отдых,738734524944,214748389694,1,0.355,0.052,"union union, блесна вращающаяся с мухой football ft-116-go, №0, 1.8г, золото","union, блесна вращающаяся с мухой meep mp-308-g0, №4, 10.5г, золото"
fold_02,Обувь,738734527560,833223755207,1,0.37,0.097,полуботинки рабочие мужские scenda бот330.22 черный 42 ru,полуботинки ursus shop
fold_02,Продукты питания,747324312755,506806182127,1,0.253,0.19,подарочный набор wowman crazy box голубая матча (тайский синий чай)/матэ/чай с бергамотом классический,wowman / набор чай голубая матча/улун дыня/те гуань инь
fold_02,Музыкальные инструменты,747324328647,584115575094,0,0.959,0.945,кастаньеты dekko g-8-6,dekko / dekko g-8-6 кастаньеты на ручке деревянные
fold_02,Бытовая химия,747324346787,120259195509,0,0.931,0.838,очиститель унитаза туалетный утенок стикер чистоты. 3шт морской,"туалетный утенок стикер чистоты морской, 3 шт/уп,3 уп"
fold_02,Обувь,747324355826,438086750036,1,0.344,0.331,emili cross / кроссовки,кроссовки nike
fold_02,Продукты питания,747324358114,266287995134,0,0.944,0.929,lebo кофе в зернах extra 1кг,лебо / арабика кофе lebo extra жареный в зернах 1 кг.
fold_02,Аптека,747324360167,25769865272,1,0.132,0.255,"контактные линзы acuvue oasys for astigmatism with hydraclear plus 6 линз -0,50/-1,25/30","acuvue oasys with hydraclear plus for astigmatism (6 линз) bc 8,6 sph -0.50 cyl -2,25 axis 30"
fold_02,Галантерея и аксессуары,747324378181,60129641857,1,0.228,0.527,pnp браслет со вставками,/ кожаный браслет с гравировкой о детях
fold_02,Бытовая химия,747324393844,42949697891,0,0.983,0.969,стиральный порошок ariel авт горный родник 20 стирок 3 кг.,"стиральный порошок ariel горный родник автомат, 3 кг"
fold_02,Бытовая химия,747324408786,670015012944,1,0.287,0.377,гель для стирки woolite premium dark темного белья и одежды 900мл - 1 шт.,"woolite / гель для стирки черного - dark, 450 мл"
fold_02,Музыкальные инструменты,747324412651,369367199732,1,0.339,0.658,струны для акустической гитары elixir extra light (010-047) 11002 (производство сша),elixir / струны для акустической гитары 16102 nanoweb
fold_02,Товары для животных,747324430579,360777405764,0,0.935,0.926,сухой корм purina one природа здоровья с курицей повседневный для кошек 680 г,"сухой корм purinа one для взрослых кошек, природа здоровья, курица 680 г"
fold_02,Красота и гигиена,747324471988,34359854340,0,0.946,0.949,"queen fair пинцет скошенный, узкий, 9 см, цвет серебристый","пинцет скошенный, узкий, 9 см, цвет серебристый"
fold_02,Спорт и отдых,755914245915,142432,0,0.963,0.967,bestway / бассейн надувной bestway 122х25см 51025,бассейн надувной круглый bestway 51025 122*25см
fold_02,Бытовая химия,755914263590,463856587481,1,0.396,0.444,"очиститель стекол и зеркал ""clean glass"" professional, 600мл",спрей grass grill delicate professional чистящий 600 мл
fold_02,Обувь,755914268843,51539733408,1,0.374,0.101,ботинки женские maison tmh3067f-2 серые 37 eu,ботинки maison david paris
fold_02,Канцелярские товары,755914304526,266288064258,0,0.974,0.97,"brauberg комплект 12 шт, клей канцелярский двусторонний brauberg, 45 мл, с узким и широким аппликаторами, 227534","клей канцелярский двусторонний brauberg, комплект 12 штук, 45 мл, с узким и широким аппликаторами, 227534"
fold_02,Обувь,755914332923,695784762703,1,0.339,0.425,bul`var / полуботинки,туфли bul`var
fold_02,Электроника,755914336064,146029001367,0,0.965,0.985,"benq 23.8"" монитор bl2485tc , черный",benq bl2485tc
fold_02,Продукты питания,755914362793,678604913163,0,0.937,0.843,"кофе растворимый сублимированный jacobs gold, 190 г",jacobs / кофе растворимый jacobs gold 190г
fold_02,Детские товары,755914362994,644245096786,0,0.945,0.956,"не определен кукла dh2278d с аксессуарами, в коробке","игрушка кукла dh2278d с аксессуарами, в коробке"
fold_02,Хобби и творчество,764504208709,687194820240,0,0.929,0.995,"пазл ""маша и медведь - 2"", 35 элементов","step puzzle детский пазл ""маша и медведь - 2"" развивающий, игра-головоломка на развитие мелкой моторики и внимания, 35 элементов"
fold_02,Галантерея и аксессуары,764504238415,627065273317,1,0.11,0.775,krasnikova значок,krasnikova / значки на рюкзак jdm авто тюнинг цурикава
fold_02,Одежда,764504241540,206158556779,1,0.291,0.111,"не определен брюки , размер l, белый",брюки спортивные danner
fold_02,Автотовары,764504248093,343597449722,1,0.374,0.365,"coolpart накидки-чехлы для ниссан патфайндер (1995 - 2004) внедорожник 5 дверей / nissan pathfinder на передние сиденья luxe soty, велюр, черный с синей строчкой","накидки-чехлы для ниссан патфайндер (1995 - 2004) внедорожник 5 дверей / nissan pathfinder на передние сиденья luxe soty, велюр, черный с бежевой строчкой."
fold_02,Хобби и творчество,764504306133,25769841057,0,0.939,0.89,"step puzzle макси-пазл «щенячий патруль», 35 элементов",пазлы макси 35 щенячий патруль
fold_02,Продукты питания,764504313970,335007521783,0,0.956,0.847,"nescafe / кофейный напиток «nescafe» 3 в 1 мягкий, 20х14.5 г","кофе растворимый nescafe ""3 в 1 мягкий"", 20 пакетиков по 14,5 г "
fold_02,Бытовая химия,764504323731,223338416252,1,0.381,0.751,освежитель воздуха air wick французская ривьера морская волна и легкий бриз 290мл х 2шт,"air wick освежитель воздуха французская ривьера, морская волна и легкий бриз, 290 мл /"
fold_02,Спорт и отдых,764504323947,592705557277,0,0.926,0.957,tsuyoki / воблер tsuyoki hard 90sp 259,воблер tsuyoki hard 90sp 259
fold_02,Бытовая химия,764504328976,481036444737,1,0.351,0.38,"спрей универсальный от налета и плесени с ароматом трав pigeon ""bisol"", 500 мл",pigeon corporation / bisol спрей универсальный от налета плесени запах трав 900мл
fold_02,Канцелярские товары,764504343125,206158527626,0,0.934,0.876,"не определен ручка ручка гелевая автоматическая attache hammer синий стерж, автомат, 0,5мм 3 шт","ручка гелевая автоматическая attache hammer синий стерж, автомат, 0,5мм 3 шт"
fold_02,Продукты питания,764504355808,214748511428,1,0.141,0.661,"бабкины семечки / «бабкины семечки», жареные, солёные, 300 г","бабкины семечки, семечки жареные, солёные, 3 упаковки по 300 грамм"
fold_02,Дом и сад,773094114636,395137008501,1,0.066,0.004,"в центре океана: эссе, рассказы. сокуров а. т8 rugram","арт-сити картина ""интерьерная картина на холсте/большой кусок луга, альбрехт дюрер"", 60  х 40 см"
fold_02,Аптека,773094185478,584115646980,0,0.968,0.98,little doctor термометр электронный ld-300,термометр электр little doctor ld-300
fold_02,Мебель,773094194054,206158454274,1,0.213,0.483,"не определен столик-корзина декоративный, l39 w39 h45 см","remecoclub журнальный стол мрамор, 35х35х42 см"
fold_02,Спорт и отдых,773094198862,17179958718,1,0.28,0.599,блесна колеблющаяся lucky john croco spoon shallow water concept 10.0г 002,блесна колеблющаяся lucky john croco spoon shallow water concept 10.0г 004
fold_02,Хобби и творчество,773094206274,773094138598,1,0.382,0.789,"арт узор сургуч в гранулах в баночке ""звёздочки"" хвойный перламутр 16 гр 7х3х3 см","сургуч в гранулах в баночке ""звёздочки"" тёмно-зелёный матовый 16 гр 7х3х3 см"
fold_02,Ювелирные изделия,773094207073,558345785186,1,0.194,0.189,krastsvetmet цепочка нц22-050-3#0.50,"krastsvetmet цепь krastsvetmet, серебро, 925 проба, золочение, длина 65 см, средний вес 4.45 г, золотой"
fold_02,Музыкальные инструменты,773094214139,420906951948,1,0.253,0.685,d'addario / exl120bt super light струны для электрогитары,d'addario exl120 7 струны для электрогитары
fold_02,Канцелярские товары,773094239026,523986054123,1,0.372,0.585,ручка-корректор 9 мл с металлическим наконечником 3 шт.,koh-i-noor / корректирующая жидкость
fold_02,Галантерея и аксессуары,773094240140,438086814425,1,0.264,0.223,наручные часы мужские emporio armani ar60053 серебристые,emporio armani часы наручные кварцевые
fold_02,Хобби и творчество,773094240619,51539625718,0,0.927,0.585,"take it easy. / ""охотники на привале""","нарды ""охотники на привале"", деревянная доска 60 х 60 см, с полем для игры в шашки"
fold_02,Обувь,773094247324,790274038398,1,0.39,0.382,ботинки giovanni fabiani,"giovanni fabiani ботинки челси giovanni fabiani, размер 37, черный"
fold_02,Дом и сад,781684057758,352187483043,0,0.991,0.981,"добрушский фарфоровый завод, тарелка мелкая ""лесовичок"", d - 17 см, рисунок микс","добрушский фарфоровый завод тарелка мелкая «лесовичок», d=17 см, рисунок микс"
fold_02,Детские товары,781684064001,798863996918,0,0.922,0.902,вертолет арктика 291,нордпласт / вертолет арктика н-291
fold_02,Музыкальные инструменты,781684064480,85899444567,1,0.377,0.308,"a306-xl-5 отдельная 5-ая струна для акустической гитары, 039, посеребр.медь, alice","комплект струн для акустической гитары, посереберенная медь 10. alice a306-xl"
fold_02,Детские товары,781684090930,77309510222,0,0.934,0.93,"робот полесье деформ, самолет инерционный, в коробке (79022)",робот деформ самолет инерционный (в коробке)
fold_02,Товары для животных,781684117472,214748490829,1,0.357,0.693,"farmina n&d duck, pumpkin and cantaloupe melon полнорационный беззерновой сухой корм для взрослых кошек с уткой, тыквой и мускатной дыней 300 г","farmina n&d gf pumpkin для кошек утка и мускусная дыня с тыквой 0,3 кг, 2 уп"
fold_02,Продукты питания,781684181377,343597512602,0,0.995,0.913,"увелка / булгур в сливочно-чесночном соусе по-итальянски, 260 г",булгур увелка в сливочно-чесночном соусе по-итальянски 260г
fold_02,Товары для животных,790274001823,472446453050,1,0.341,0.239,canin / satiety weight management корм для кошек сухой 1.5 кг,"royal canin diabetic сухой лечебный корм для кошек при заболевании диабетом, 1,5 кг"
fold_02,Мебель,790274013379,137438989859,1,0.044,0.428,"шкаф распашной ""марсель №1"", 220х50х270 см",шкаф распашной qualismebel марсель 1 1900х700х2400 венге цава
fold_02,Бытовая техника,790274045459,68719615830,1,0.347,0.479,очки dacchi с линзами glance +0.25 рц 62-64 мод. 33196 цвет 4,очки dacchi с линзами glance +0.25 рц 62-64 мод. 33791 цвет 3
fold_02,Галантерея и аксессуары,790274062370,343597393218,1,0.312,0.77,dazhbog / кожаный браслет с гравировкой звезда креста,"материальное богатство - славянский рунический браслет с символом даждьбог летний, внутренний диаметр 6 см, длина 20,5 см, ширина 1 см. материал: кожа, нержавеющая сталь. изображение - лазерная гравировка"
fold_02,Дом и сад,790274095950,472446505568,1,0.381,0.465,"neotex co шар для твистинга латексный 150, макарун, набор 100 шт., коричневый","шар для твистинга латексный 150"", макарун, набор 10 шт., цвет коричневый"
fold_02,Одежда,790274098118,506806241825,1,0.306,0.26,футболка luneva,футболка
fold_02,Бытовая техника,790274132349,94489339046,0,0.956,0.871,вытяжка maunfeld moon 60 glass white/ inox insert,maunfeld moon 60 glass white/inox insert
fold_02,Ювелирные изделия,798863925207,644245142789,1,0.237,0.099,"sokolov, кольцо из серебра с фианитом, 94013560, 925 проба","кольцо из серебра р. 19 sokolov 94013761, фианит"
fold_02,Строительство и ремонт,798863933216,214748443366,0,0.982,0.851,топоры plantic топор универсальный plantic light m11 27462-01,"plantic топор универсальный м11 light 1 кг, 44,5 см."
fold_02,Бытовая химия,798863940110,128849161806,0,0.941,0.912,гель для стирки 2л passion gold sport,passion gold / гель для стирки спортивных вещей 2 л
fold_02,Галантерея и аксессуары,798863961794,833223707867,1,0.089,0.401,/ брелок сила войска зависит от его духа граната,"брелок для ключей, на сумку, кожаный,на сумку мама, спасибо твоим рукам сердце"
fold_02,Продукты питания,798863966085,120259108342,0,0.945,0.988,"koska / турецкие сладости / рахат лукум с розой, 250 г",koska рахат-лукум со вкусом розы 250г
fold_02,Товары для животных,798864000866,661425026215,0,0.965,0.97,"пушистое счастье лежанка для кошек на стяжке с ушками, цвет белый 55 см","лежанка для кошек на стяжке с ушками, цвет белый 55 см"
fold_02,Аптека,807453853667,420906818936,1,0.271,0.679,готовые очки 8811 с1 ton -3.00,farsi готовые очки для зрения черные с диоптриями -3.00 футляр
fold_02,Обувь,807453859824,403726927562,1,0.195,0.052,"nike кеды nike, размер 43 eu, белый",кроссовки enkei
fold_02,Музыкальные инструменты,807453884324,300647864503,1,0.365,0.383,d'addario d addario epn120 струны для электрогитары,струны для гитары d'addario exl120
fold_02,Галантерея и аксессуары,807453911245,678604886106,1,0.398,0.555,"doughnut рюкзак, жёлто-чёрный",journey рюкзак
fold_02,Товары для животных,807453928787,60129659559,0,0.927,0.689,"сухой корм farmina для кошек, ягненок с черникой 1,5 кг",корм сухой для кошек farmina nd 1.5кг ягненок с черникой
fold_02,Детские товары,807453930028,532575947880,0,0.929,0.824,"sweet home / одежда для пупса ""малыш"" халатик",одежда для пупса малыш халатик
fold_02,Галантерея и аксессуары,807453982852,781684048411,1,0.189,0.649,чехол для чемодана  размер m,"lejoy чехол для чемодана lejoy, размер m, черный, желтый"
fold_02,Ювелирные изделия,807454002495,463856537571,1,0.342,0.681,quizas / серебряное кольцо 925 черненое с надписью,quizas кольцо серебряное с надписью счастливая мама чернение 925 проба в подарок 
fold_02,Одежда,816043799462,85899490416,1,0.393,0.413,эротическое белье casmir,casmir / боди эротик
fold_02,Детские товары,816043804591,128849144302,0,0.956,0.879,"in mother's hands / шнуровка в банке «весёлые бусинки», 60 шт.","шнуровка в банке ""весёлые бусинки"", 60 штук"
fold_02,Аптека,816043815094,403727024248,1,0.207,0.458,shik / имиджевые очки,прямоугольная оправа для очков с логотипом на душках/ трендовые очки 2024 года/ для нее
fold_02,Дом и сад,816043816284,541165907783,1,0.394,0.632,"урожай удачи семена цветов космея ""ракушка"", 0,3 г","семена,4шт"
fold_02,Мебель,816043827461,850403548651,1,0.281,0.003,kogarashi / стул туристический трёхногий. 220 х 200 х 300 мм.,"maclay пляжный зонт,180см,зеленый"
fold_02,Товары для животных,816043834742,223338370999,1,0.33,0.522,четвероногий гурман / мясное ассорти dog с курицей 100 гр х 24 шт,"четвероногий гурман консервированный корм для собак мясное ассорти с курицей, 100 г"
fold_02,Одежда,816043859978,77309462531,1,0.39,0.217,кальсоны baykar,кальсоны baykar
fold_02,Спорт и отдых,816043910947,120259180656,0,0.942,0.93,"не определен поводок ""струна"", диаметр 0.4 мм, тест 17 кг, 12.5 см, 5 шт.","поводок ""струна"", диаметр 0.4 мм, тест 17 кг, 12.5 см, 5 шт"
fold_02,Детские товары,824633725544,498216308618,0,0.939,0.741,"не определен сачок детский, большой, 22 х 83 см, белый 4829510","сачок детский, большой, 22 х 83 см, белый"
fold_02,Товары для животных,824633814537,274878056740,0,0.998,0.99,"миска ""мур-мяу"" для кошек 0,3 л, 14,5 x 14,5 x 4 см, голубая","пижон миска ""мур-мяу"" для кошек 0,3 л, 14,5 x 14,5 x 4 см, голубая"
fold_02,Хобби и творчество,824633815332,369367287539,0,0.98,0.981,"не определен проволока с ворсом для поделок и декора набор 50 шт, размер 1 шт. 30 × 0,6 см, цвет зелёный неон","проволока с ворсом для поделок и декора набор 50 штук, размер 1 шт. 30 х 0,6см, цвет зелёный неон"
fold_02,Музыкальные инструменты,824633857439,627065240388,1,0.337,0.309,"pro mark барабанные палочки promark tx5bw-fg орех, закалённые огнем, деревянный наконечник","pro-mark барабанные палочки,2,,темно-коричневый,tx7aw-fg"
fold_02,Дом и сад,833223659116,455266691120,0,0.964,0.832,"luazon lighting светодиодная фигура «фонарь с дедом морозом» 7 × 13 × 3.5 см, пластик, батарейки ag13х3, свечение тёплое белое","светодиодная фигура ""фонарь с дедом морозом"" 7х13х3.5 см, пластик, батарейки ag13х3, свечение тёплое белое"
fold_02,Музыкальные инструменты,833223667868,652835141492,1,0.22,0.578,dr sfl-45 legend струны для 4-струнной бас-гитары,dr strings mh-45 lo-rider струны для бас-гитары
fold_02,Галантерея и аксессуары,833223690612,781684131687,1,0.365,0.736,jacquemus сумка на плечо,jacquemus / сумка jacquemus
fold_02,Спорт и отдых,833223725073,781684161811,1,0.399,0.822,"блесна питерская колеблющаяся ""профи"", 9.5 см, цвет жёлто-белый, 23 г","не определен блесна питерская колеблющаяся ""профи"", 95 мм, цвет белый 23 г"
fold_02,Канцелярские товары,833223745976,498216303828,0,0.956,0.902,"сумка для обуви, отдел на молнии, наружный карман, цвет розовый/голубой","textura сумка для обуви, отдел на молнии, наружный карман, цвет розовый/голубой"
fold_02,Товары для животных,833223745988,77309451382,1,0.396,0.037,"alleva / care renal antiox, 10 кг",сухой корм для кошек adult sensitive rabbit / взрослых с кроликом 10 кг
fold_02,Электроника,833223774604,609885430377,0,0.926,0.199,чехол-кобура mypads сintura для телефона zte a2 plus bv0730  мужской поясной вертикальный с креплением на пояс / ремень из импортной эко-кожи,mypads / чехол-кобура сintura для телефона samsung galaxy z fold 3...
fold_02,Музыкальные инструменты,833223778187,515396137117,0,0.978,0.937,классическая гитара belucci bc3805 bls,"belucci / гитара классическая 7/8 (38"") комплект bc3805 bls"
fold_02,Мебель,841813591847,721554634608,1,0.337,0.393,кресло офисное метта в 1b 11-k130 чёрный,"metta компьютерное офисное кресло метта в 1b11/к131, основание 17834, темно-серое"
fold_02,Продукты питания,841813592173,257698163570,1,0.332,0.49,moodbooster / миндальная мука мелкого помола без глютена 1 кг,миндальная мука мелкого помола
fold_02,Обувь,841813601004,8590032267,1,0.173,0.075,sirius plus / полуботинки,кеды рабочие savel орион
fold_02,Бытовая техника,841813606895,481036429837,0,0.965,0.713,чайник электрический bq kt1724sw 1.7 л черный,"bq электрический чайник kt1724sw сталь-черный, серебристый"
fold_02,Хобби и творчество,841813654505,120259179625,0,0.938,0.812,"сима-ленд литая веточка, зелёная, набор 1 шт.","литая веточка, зелёная, набор 1 шт."
fold_02,Детские товары,841813660954,377957132918,1,0.391,0.652,"коляска прогулочная indigo epica xl new, с большими колесами, с двойной тканью и утеплителем по всей коляске. цвет: светло-зеленый",indigo / коляска прогулочная epica xl air с сумкой всесезонная
fold_02,Красота и гигиена,841813673054,85899357775,1,0.359,0.454,"be perfect  ресницы цветные омбре (blue), микс, 16 лент d 0,07 6-13 mm","be perfect / ресницы цветные ombre green 16 линий d 0,07 6-13 mm"
fold_02,Бытовая химия,841813677509,687194909161,0,0.952,0.895,"средство для мытья посуды grass velly 5 л, с ароматом лимона","grass / средство для мытья посуды velly 5л лимон, 1 шт"
fold_02,Аптека,841813682132,34359858882,1,0.167,0.402,acuvue / линзы acuvue oasys for astigmatism -5.75 -0.75 110 6 шт,контактные линзы acuvue oasys for astigmatism 6 шт. sph -05.75;  -02.75; ax 110; r 8.6; d 14.5
fold_02,Продукты питания,841813682839,609885449928,0,0.955,0.852,"ваше здоровье соль морская, пищевая, мелкая, 500 гр, 9 шт","соль морская ваше здоровье пищевая мелкая, 500 г х 9шт"
fold_02,Детские товары,841813683462,34359774886,0,0.945,0.748,"отряд альфа игровой набор опасная миссия, бинокль и рации","без бренда отряд альфа игровой набор ""опасная миссия"", бинокль и рации"
fold_02,Бытовая химия,841813684200,661424972125,0,0.94,0.759,mr.proper / моющее средство mr.proper бережная уборка 500 мл,"спрей для уборки mr.proper ""бережная уборка"", 500 мл"
fold_02,Бытовая техника,841813715917,103079331361,0,0.923,0.896,dewal pro exception 03-405 blue профессиональный выпрямитель щипцы для укладки волос синие титаново-турмалиновое покрытие плавающие пластины,dewal pro щипцы для выпрямления волос exception dewal 03-405
fold_02,Товары для животных,841813732282,292057778936,1,0.175,0.346,pet choice / лежанка коврик для собак и кошек 83х64х2см,"лежанка коврик для животных / собак крупных и средних пород / кошек /  pet choice 112х80х2 см, бежевый с клеткой"
fold_02,Мебель,850403526980,369367308035,0,0.94,0.759,"бюрократ / кресло burokrat ch-1300n, серый престиж+, 3c1, крестовина",кресло бюрократ ch-1300n серый престиж+ 3c1 крестовина пластик
fold_02,Продукты питания,850403534422,661425023728,0,0.965,0.615,гвоздика kotanyi целая 18 г,гвоздика kotanyi целая 18 г
fold_02,Галантерея и аксессуары,850403540139,584115607262,1,0.285,0.702,"брелок для собак, порода русская салонная собак,","/ брелок для собак, котон-де-тулеар"
fold_02,Электроника,850403581818,790274078706,1,0.188,0.19,"юкомс системный блок gamer rule на базе core i5-12400f | gtx 1660 6gb | бп 450w 80+ bronze | ssd m2 nvme | win 10 pro | white game case_hdd 1tb / ssd 480 gb / 16gb ddr4 (intel core i5-12400f (2.5 ггц), ram 16 гб, ssd 480 гб, hdd 1000 гб, nvidia geforce gtx 1660 (6 гб), windows 10 pro), черный","игровой pc юкомс i5-12400f, gtx 1660 super 6gb, ssd 120gb, 16gb ddr4, бп 450w, win 10 pro, white game case"
fold_02,Продукты питания,850403584176,463856597229,1,0.359,0.685,"forest / натуральный финиковый сироп без сахара, 250 гр.",royal forest  финиковый пекмез 250 г
fold_02,Хобби и творчество,850403614827,214748409654,0,0.945,0.496,"шахматы сувенирные ""долина смерти"", 36 х 36 см","idi-shop / шахматы сувенирные ""долина смерти"""
fold_02,Галантерея и аксессуары,850403627094,360777311660,1,0.1,0.713,медальон квадрат,именной кулон / савелий
fold_02,Бытовая химия,850403676364,403727041193,1,0.383,0.653,"не определен средство для мытья посуды ""витамин е"", 450 мл","средство для мытья посуды бальзам с витамином е, 450 мл (10 шт.)"
fold_03,Обувь,11135,575525698156,1,0.365,0.513,кроссовки dunks nike,shoeslaboratory / кроссовки nike sb dunk
fold_03,Дом и сад,32855,197568559503,0,0.924,0.884,"настенные часы, 31 см х 31 см",часы настенные troykatime дизайнерские круглые пластик цвет бежевый бесшумные ø30 см
fold_03,Обувь,66101,549755855161,1,0.388,0.367,"new balance кроссовки new balance, размер 42 eur, серый",кроссовки new balance
fold_03,Красота и гигиена,86082,283467961942,0,0.96,0.959,рецепты бабушки агафьи аптечка агафьи маска-сияние для лица витаминная 100 мл,аптечка агафьи витаминная маска-сияние для лица для всех типов кожи 100мл
fold_03,Галантерея и аксессуары,140582,635655190297,1,0.295,0.577,шпилька для волос акимбо кит 1 шт.,акимбо кит / китайская палочка для волос 17 см.
fold_03,Детские товары,142672,584115671889,0,1.0,0.892,"sluban / конструктор космические войны осада крепости, 501 деталь","конструктор космические войны осада крепости, 501 деталь"
fold_03,Автотовары,149890,429496787941,1,0.378,0.192,"ctr стойка стабилизатора, арт. cl0500",nsp стойка стабилизатора
fold_03,Хобби и творчество,153665,721554576351,0,0.981,0.957,"буква-ленд / книжка ""пиши-стирай. найди отличия"" с маркером, 12 стр.","книжка с маркером ""пиши-стирай. найди отличия"", 12 стр."
fold_03,Красота и гигиена,8589937974,798864054766,1,0.341,0.718,"rili ресницы для наращивания микс c/0,10/5-20 mm (16 линий) черные (рили)","rili / ресницы для наращивания - 16 линий (c; 0,10; 14 мм)"
fold_03,Канцелярские товары,8589964867,149307,0,0.992,0.75,"attache папка с завязками дело 300гр/м2 мелованный 4 цвета, 20 шт/уп","папка с завязками дело 300гр/м2 мелованный 4 цвета, 20 шт/уп"
fold_03,Музыкальные инструменты,8590001544,68719488021,0,0.98,0.856,"музыкальный инструмент ""барабан джембе"" 40х18х18 см","nobrand музыкальный инструмент ""барабан джембе"" 40х18х18 см"
fold_03,Хобби и творчество,8590010544,438086793008,1,0.219,0.32,"обложки для переплета a4, 230 г/м2, 100 листов, картонные, синие, тиснение под кожу, гелеос","обложки для переплета a4, 230 г/м2, 100 листов, картонные, зеленые, тиснение под кожу, гелеос"
fold_03,Электроника,8590022188,498216338679,0,0.948,0.974,камера видеонаблюдения ip ezviz cs-h3c,"ip-камера ezviz cs-h3c (1080p,2.8mm ) 2.8-2.8мм цв. корп: белый"
fold_03,Красота и гигиена,8590050081,206158493497,0,0.922,0.89,mivis маска косметическая,l'oreal professionnel / маска absolut repair для поврежденных волос 500 мл
fold_03,Музыкальные инструменты,8590063493,807453948554,1,0.083,0.151,"d'andrea tpg351 .71md - медиатор гитарный (упаковка), 12 шт., 0.71 мм, средний",d'andrea rg351 .96hv медиатор гитарный (упаковка) количество: 72 шт. материал: целлулоид толщин
fold_03,Одежда,8590067517,197568649469,1,0.398,0.722,свитшот,imperial a&m / джемпер женский оверсайз/ толстовка оверсайз/ oversize кофта
fold_03,Бытовая химия,8590076320,841813717472,0,0.923,0.568,"/ стиральный порошок 2 в 1, fresh, automat, 300 г",стиральный порошок для стирки белых и цветных тканей savex 2in1 fresh 
fold_03,Ювелирные изделия,8590092910,429496757245,1,0.357,0.508,"poemiq / цепочка серебро позолоченное 925 проба, плетение якорь","poemiq цепочка серебряная 925, полновесная, позолоченная, плетение кобра с алмазной гранью, женская, детская"
fold_03,Спорт и отдых,17179871842,180388657134,0,0.92,0.865,"фонарь ручной аккумуляторный 2 вт, 120 лм, 1800 мач, 8 ч автономной работы, usb, 2 режима","без бренда фонарь ручной аккумуляторный, 2 вт, 120 лм, 1800 мач, 8 ч автономной работы, usb, 2 режима"
fold_03,Галантерея и аксессуары,17179881995,566935838928,0,0.928,0.928,"кошелек детский nazamok kids ""зайчик в юбочке"" 11х9 см / вместительный / один отдел / для девочки",кошелек детский nazamok «зайчик в юбочке»
fold_03,Одежда,17179893982,146028932058,1,0.322,0.613,пижама sebo весь мир моды,by esenia / костюм домашний большие размеры
fold_03,Спорт и отдых,17179943154,352187436817,1,0.317,0.073,велосипед techteam casper 16 (2023) one size оранжевый,"горный велосипед pulse lite, скоростной, дисковые тормоза, 20 (коробка)"
fold_03,Обувь,17179944463,369367340011,1,0.341,0.362,полуботинки fre gamo,fre gamo / полуботинки
fold_03,Одежда,17179956074,85899503732,1,0.267,0.607,djanna / бюстгальтер,бюстгальтер glorija m&a
fold_03,Музыкальные инструменты,17179970775,386547224267,1,0.332,0.427,alice / струна №1 (нейлон) для классической гитары 3 шт.,"струна гитарная №2 для классической гитары нейлон, alice ac106-h-2 (.0325""), комплект - 3 штуки"
fold_03,Автотовары,17180013994,609885487830,1,0.396,0.266,"coolpart накидки-чехлы для ауди тт (2006 - 2010) купе / audi tt на передние сиденья luxe mk, экокожа, бордовый","накидки-чехлы для ауди тт (2003 - 2006) купе / audi tt на весь салон luxe mk, экокожа, серый."
fold_03,Продукты питания,17180035344,137439054165,0,0.96,0.892,конфеты фруже фрукты в шоколаде 190г,конфеты фруже фрукты в шоколаде 190г 1 шт
fold_03,Музыкальные инструменты,25769820414,738734529210,1,0.249,0.283,"wild celluloid медиаторы, 12шт, целлулоид, 0,96мм, d'andrea twc351.096hv",d'andrea медиатор dandrea rwd351 .46
fold_03,Товары для животных,25769823436,163208902662,1,0.392,0.303,"zooexpress туалет для кошек с сеткой ""кис"" малый 32,5*23,5*5 см","zooexpress / туалет для кошек кис большой с сеткой, 40х26,5х6,5см,1шт"
fold_03,Товары для животных,25769831871,807454007284,0,0.986,0.819,monge dog maxi корм для взрослых собак крупных пород 12 кг,"сухой корм для собак monge dog maxi, для крупных пород, курица, 12 кг"
fold_03,Строительство и ремонт,25769896690,25769871286,1,0.317,0.816,homepick / фотообои 3d флизелиновые для гостиной спальни кухни 200х270,"фотообои homepick ""underwhater"" 2м "
fold_03,Дом и сад,25769896867,670014998108,1,0.209,0.48,scovo сковорода ,scovo / сковорода
fold_03,Бытовая техника,25769903331,670014910852,1,0.281,0.054,"indesit холодильник ds 4160 e, бежевый",холодильник leran cbf 205 w
fold_03,Красота и гигиена,34359746757,8590067573,1,0.367,0.273,arab odors perfumes allure-sprey-odors вода парфюмерная 10 мл,arab odors / shaik shyukh концентрированные духи 10 мл
fold_03,Строительство и ремонт,34359793054,644245223214,1,0.372,0.326,miura / аккумулятор ni-cd 14.4v 2.0ah для инструментов makita,аккумулятор для электроинструмента makita 6281dwpe (1500 mah)
fold_03,Детские товары,34359799842,816043937983,0,0.967,0.289,мамин малыш / магазин,"балансир, good wood, ""умные весы"", деревянный, 6 грузиков"
fold_03,Музыкальные инструменты,34359865394,111669293559,1,0.366,0.451,электроакустическая гитара kepma a1ce natural matt,электроакустическая гитара kepma d1ce natural
fold_03,Музыкальные инструменты,34359868674,429496790643,1,0.286,0.102,струна e для скрипки pirastro eudoxa medium ball 314121,струна d для скрипки pirastro eudoxa 16 1/4 p214321
fold_03,Товары для животных,34359869545,850403525652,1,0.282,0.378,полоски лакомство triol для собак полоски мясные с кроликом 70 гр,"triol / мраморные кубики из говядины для собак, 70 г"
fold_03,Автотовары,42949682211,188978573752,0,0.989,0.997,"g-energy synthetic active 5w-30, масло моторное, синтетическое, 5 л",g-energy / масло моторное g-energy synthetic active 5w30 5 л
fold_03,Детские товары,42949682666,541165962435,0,0.976,0.925,"автоград погрузчик металлический «стройтехника», подвижные детали, с элементами из пластика","автоград, погрузчик металлический ""стройтехника"", подвижные детали, с элементами из пластика"
fold_03,Канцелярские товары,42949699768,635655272198,1,0.305,0.439,"пенал 1 секция 90 х 195 лам.карт calligrata ""след""","in mother's hands / пенал 3 секции, вкладка внутри, ткань ca"
fold_03,Музыкальные инструменты,42949709007,532575966372,1,0.336,0.816,"медиаторы alice ap-12t, делрин, 12шт, 4 толщины",медиаторы alice ap-12f 0.58 - 1.5мм матовые нескользящие 12шт
fold_03,Канцелярские товары,42949752265,558345752863,0,0.947,0.919,"artfox скетчбук а5, 40 л 100 г/м2 ""искусство""","скетчбук ""искусство"" а5, 40 л, 100 г/м"
fold_03,Ювелирные изделия,42949754414,773094219804,1,0.275,0.587,"бронницкий ювелир / кольцо православное "" спаси и сохрани"", ширина 2 мм","кольцо бронницкий ювелир православное ""спаси и сохрани"" серебро 925 пробы, ширина 3 мм"
fold_03,Товары для животных,42949790306,764504258864,0,0.926,0.881,"поилка ниппельная для домашней птицы, под бутылку 0,5 и 5 л","поилка ниппельная для домашней птицы, под бутылку 0,5 и 5 л"
fold_03,Автотовары,42949795653,188978648417,1,0.376,0.005,датчик температуры охлаждающей жидкости meatdoria 82050,катушка зажигания toyota 3.0 v6 era арт. 880241
fold_03,Спорт и отдых,42949810276,566935844861,1,0.16,0.839,"воблер scorana vibster тонущ., 60мм, 10г, цв. bp ","scorana / воблер scorana vibster 60мм, 10г, цв.znd vbst60s-znd"
fold_03,Детские товары,51539624132,824633726880,0,0.943,0.835,"прорезыватель силиконовый «клубничка», крошка я","прорезыватель детский силиконовый ""клубничка"""
fold_03,Музыкальные инструменты,51539637110,309237677906,0,0.928,0.939,"струны для акустической гитары, калибр 10-49, посеребренная медь, мозеръ aс10",мозеръ as 10 10 струны для акустической гитары
fold_03,Автотовары,51539660428,300647780380,1,0.395,0.321,haft ступица,ступица
fold_03,Аптека,51539671761,214748403196,0,0.971,0.806,"органический селен essential minerals, сибирское, 60 капсул","siberian wellness органический селен essential minerals, сибирское, 60 капсул"
fold_03,Красота и гигиена,51539716571,369367350359,1,0.346,0.317,mancera парфюмерная вода,mivis base_853384 вода парфюмерная 60 мл
fold_03,Спорт и отдых,51539736625,352187345475,0,0.922,0.935,"набор для пикника следопыт holiday пластик, на 6 персон, контейнер pf-cws-ps02","набор для пикника следопыт «holiday» пластик, на 6 персон, контейнер"
fold_03,Продукты питания,51539737179,566935816812,1,0.33,0.109,"чай листовой травяной althaus bavarian mint, 75 г","althaus lemon mint травяной листовой чай, 150 г"
fold_03,Хобби и творчество,60129560356,249108226062,1,0.224,0.31,без бренда базы/подставки/bases warhammer war daemons квадратные 40мм,базы/подставки/bases warhammer saurian starhost квадратные 75х50мм
fold_03,Хобби и творчество,60129566969,618475394622,1,0.22,0.15,"алмазная мозаика на подрамнике ""святой приподобный сергий радонежский "", икона 17х23, диамант",000 almaznaja mozaica / набор для вышивания 12х16см
fold_03,Обувь,60129586866,197568512513,1,0.356,0.288,кроссовки asics,кроссовки асикс
fold_03,Музыкальные инструменты,60129637391,103079263782,0,0.967,0.914,"feg/feg-kg-21-grey электрогитара, серая, foix",электрогитара foix feg/feg-kg-21-grey
fold_03,Бытовая техника,60129660063,790274130883,0,0.922,0.971,вертикальный проводной пылесос deerma dx700s,deerma / проводной вертикальный пылесос stick vacuum cleaner dx700s
fold_03,Электроника,60129661927,592705586632,1,0.381,0.131,акб резервный xiaomi 22.5w power bank 10000 (pb100dpdzm),"внешний аккумулятор xiaomi power bank 3 10000 mah, black"
fold_03,Детские товары,60129695094,44223,0,0.965,0.936,мягкая плюшевая игрушка подушка гусь обнимусь 130 см,гусь обнимусь / мягкая игрушка подушка гусь обнимусь 130 см
fold_03,Строительство и ремонт,60129702171,369367348297,0,0.938,0.964,люстра divinare 2060/02 sp-5,"подвесной светильник divinare 2060/02 sp-5, серый металлик"
fold_03,Аптека,68719509055,403727023407,1,0.077,0.212,"acuvue астигматические линзы 1-day moist for astigmatism 30 линз/8.5/цилиндр -1.25/ось 20, 30 шт., -1.25 / 8.5/-1.25/20, 1 день",acuvue / 1day moist for astigmatism 30/-5.50/-1.25/90
fold_03,Музыкальные инструменты,68719516472,566935832627,1,0.347,0.33,струны для электрогитары ernie ball 2222,ernie ball / 3222 - набор из 3х комплектов для электрогитары (9-46)
fold_03,Музыкальные инструменты,68719526984,395137043191,0,0.986,0.978,кейс для гитары gator gc-lps,"кейс gator gc-lps,пластиковый, для гитар типа лес пол, делюкс, черный, вес 3,81 кг"
fold_03,Продукты питания,68719553617,523986109299,1,0.398,0.56,"кофе молотый lebo extra для турки, м/у, 100 г (комплект 2 шт.) 6000036","кофе lebo принц молотый для турки, м/у, 100 гр (комплект 2 шт.) 6000180"
fold_03,Обувь,68719582551,841813650176,1,0.379,0.529,pantwo / кроссовки human made x adimatic,кроссовки adidas
fold_03,Мебель,68719594460,42949717735,1,0.304,0.534,кровать низкая односпальная подиум 70x190 генрих без ножек цвет ольха,relaksan кровать низкая односпальная подиум 70x190 генрих без ножек цвет орех
fold_03,Галантерея и аксессуары,68719616713,42949724763,0,0.95,0.692,in mother’s hands браслет,"теропром / 772178 основа для браслета ""бусинка"", 18 см"
fold_03,Спорт и отдых,68719617696,360777405068,1,0.234,0.272,"lucky john / блесна колеб. lucky john cleo длин.34мм03,5г 022","блесна колеб. lucky john cleo длин.31мм/02,5г 029"
fold_03,Товары для животных,68719618905,592705522375,0,0.974,0.972,"сухой корм для собак средних и крупных пород pro plan duo delice, с говядиной, 10 кг","pro plan / сухой корм duo delicе средних и крупных собак,говядина 10 кг"
fold_03,Товары для животных,77309413102,541165950745,1,0.101,0.196,sirius / сухой корм для стерилизованных кошек курица и индейка 10 кг,"sirius полнорационный сухой premium корм для котят, с мясом индейки, 1.5 кг"
fold_03,Красота и гигиена,77309489759,283467871991,0,0.931,0.653,невская косметика крем для лица ромашка 40мл набор 3шт,"крем для лица невская косметика (туба 40мл) ромашка для сух и норм кожи, 3 шт."
fold_03,Красота и гигиена,77309503451,549755930184,1,0.38,0.202,"absolut / жидкое мыло fitoguard алоэ, 500 мл","absolut мыло жидкое антибактериальное nature fito guard белый чай и масло оливы, 250мл"
fold_03,Строительство и ремонт,77309513692,146029037129,1,0.26,0.192,"труба круглая нержавеющая aisi 304 диаметр 18 мм. стенка 1,5 мм. длина 1800 мм. ( 180 см ) трубка зеркальная электросварная аиси нержа","стан труба круглая нержавеющая aisi 304 диаметр 18 мм. стенка 1,5 мм. длина 1500 мм. ( 150 см ) трубка зеркальная электросварная аиси нержа"
fold_03,Строительство и ремонт,77309522424,438086708619,1,0.223,0.329,"не определен круг отрезной по металлу луга 150х2,5х22мм",диск зачистной по металлу луга 150х6х22 мм
fold_03,Строительство и ремонт,77309537624,85899439039,1,0.175,0.048,"элеектрический двигатель iek 3ф.аир 80b6 380в 1,1квт 1000об/мин 3081 drive drv080-b6-001-1-1030",электродвигатель аир drive 3ф 56b2 380в 0.25квт 3000об/мин 2081 iek drv056-b2-000-3-3020
fold_03,Спорт и отдых,77309549731,180388723628,1,0.298,0.341,"пижон сумка-переноска каркасная ""медведи на черном фоне"", размер l, 52 х 28 х 28 см 7984424","сумка-переноска каркасная ""плюшевые медведи"", размер s, 37 х 15 х 22 см"
fold_03,Хобби и творчество,85899373260,8589984317,1,0.027,0.17,addi / спицы addiclassic №2.75 150 см + рулетка сантиметр,спицы addiclassic №12 40 см + рулетка сантиметр
fold_03,Одежда,85899406117,584115677248,1,0.267,0.333,sana st / туника пляжная летняя,платье пляжное
fold_03,Спорт и отдых,85899411348,335007481348,0,0.938,0.956,"налобный фонарь acebeam h30 cool white, 1 х 21700, диод cree xh-p 70.2/rg led, 9 режимов, 171 метр, 4000 люмен (комплект)","налобный фонарь acebeam h30 cool white, 21700, диод cree xh-p 70.2/rg led, 171 метр, 4000 люмен (комплект)"
fold_03,Детские товары,85899422736,850403683482,1,0.387,0.414,"мягкая игрушка гусь, 50 см",игрушка мягкая orange toys гусь 45см
fold_03,Товары для животных,85899428722,532575956989,1,0.231,0.168,monge / сухой корм для собак всех пород с мясом дикого кабана 12кг,monge bwild dog low grain низкозерновой корм из мяса дикого кабана для взрослых собак всех пород 2.5 кг
fold_03,Товары для животных,85899457147,240518299193,0,0.976,0.74,canin / kitten sterilised для стерилизованных котят 2 кг,"сухой корм royal canin kitten для стерилизованных котят, 2 кг"
fold_03,Аптека,94489283772,678604916873,0,0.96,0.689,разогревающий лубрикант wet international inc. fun flavors 4-in-1 popp n cherry с ароматом вишни - 89 мл.,happyluv / лубрикант wet popp n cherry с ароматом вишни 89 мл.
fold_03,Автотовары,94489381048,438086732113,1,0.39,0.116,датчик расхода воздуха,vdo датчик расхода воздуха
fold_03,Детские товары,94489400402,395137034093,0,0.942,0.935,"без бренда набор детской бамбуковой посуды «коровка», тарелка, миска, стакан, приборы, 5 предметов","набор детской бамбуковой посуды ""коровка"", тарелка, миска, стакан, приборы, 5 предметов"
fold_03,Ювелирные изделия,103079239968,266288029906,1,0.287,0.173,красцветмет цепочка нц22-053-3#0.60,"krastsvetmet цепь krastsvetmet, серебро, 925 проба, золочение, длина 60 см, средний вес 6.13 г, золотой"
fold_03,Спорт и отдых,103079322337,180388723970,1,0.243,0.848,"o.s.p воблер o.s.p. rudra sp цвет rpo69 130.0 mm, 20.0 gr",воблер osp rudra 130sp # mo-34
fold_03,Одежда,103079322425,455266604521,1,0.154,0.219,пеньюар aurella,не определен прозрачная сетчатая сорочка рубашка
fold_03,Товары для животных,103079336391,463856610226,1,0.28,0.768,"корм для рыб tetra min holiday, 30 г",tetra / holiday корм для рыб 30 гр х 12 шт
fold_03,Ювелирные изделия,103079360306,472446543864,1,0.382,0.297,"sokolov, цепь из золота, плетение двойной ромб, 585 проба, 581010252, ромб двойной, украшение из красного золота 585 пробы","sokolov цепь sokolov, красное золото, 585 проба, длина 55 см, средний вес 2.13 г"
fold_03,Бытовая химия,103079365084,807453956643,1,0.391,0.252,domestos средство чистящее универсальное свежесть леса 750мл,domestos / средство чистящее domestos свежесть моря 750мл
fold_03,Канцелярские товары,111669205630,154618903119,0,0.954,0.948,"ежедневник а5, 80 л. тонкая обложка ""газ в пол""","kangaeru / ежедневник а5. 80 л. тонкая обложка ""газ в пол"""
fold_03,Товары для животных,111669206197,5175,0,0.974,0.893,"кот барон когтеточка-лежанка басик, 54 х 14 х 22 см, белая","пижон, когтеточка-лежанка басик, 54х14х22 см, белая"
fold_03,Товары для животных,111669207166,463856561364,0,0.933,0.846,"корм сухой pro plan ""sterilised"" для взрослых стерилизованных кошек и кастрированных котов, с индейкой, 10 кг","pro plan / корм для кошек sterilised (индейка), 10 кг"
fold_03,Бытовая химия,111669224153,300647710979,0,0.946,0.899,"освежитель воздуха чиртон лайт эйр ""королевская лилия"", 300 мл",chirton / сухой освежитель воздуха чиртон королевская лилия 300 мл
fold_03,Продукты питания,111669227156,481036472778,1,0.377,0.612,чай черный tess pleasure с шиповником и яблоком 100 пак 3уп,чай tess pleasure 100 пакетиков
fold_03,Детские товары,111669243521,395137047634,0,0.939,0.853,"lego / конструктор lego creator ""обитатели морских глубин"" 3 в 2",конструктор lego creator 31088 обитатели морских глубин
fold_03,Продукты питания,120259101669,51539633891,0,0.954,0.991,лебо / арабика кофе lebo extra жареный в зернах 1 кг.,"кофе жареный в зернах ""lebo extra"" 1000 гр арабика 100%. натуральный."
fold_03,Музыкальные инструменты,120259110165,601295458424,1,0.272,0.078,"15156 nanoweb отдельная струна для акустической гитары, бронза 80/20, .056, elixir","nanoweb отдельная струна для акустической гитары, бронза 80/20, .059, elixir 15159"
fold_03,Продукты питания,120259117517,386547100036,1,0.376,0.217,"свежеобжаренный кофе в зернах 1 кг, bravos ""speciality balance"" , смесь арабик","/ кофе в зернах 1 кг, колумбия дулима"
fold_03,Хобби и творчество,120259137601,60129610076,0,0.994,0.822,арт узор / набор бусин для творчества пластик 'красное сердечко в кубе',"набор бусин для творчества пластик ""красное сердечко в кубе"" 20 гр 0,5х0,5 см"
fold_03,Одежда,120259147133,755914328229,1,0.39,0.477,for billions beunlim / футболка,"футболка бельевая vonherz corporation tric футболка женская, 1"
fold_03,Товары для животных,120259179853,463856559978,1,0.384,0.05,"сухой корм monge dog speciality duck для взрослых собак всех пород, с уткой, 2,5 кг","monge / корм для щенков 2,5 кг"
fold_03,Продукты питания,120259185311,841813700494,0,0.939,0.975,"кофе зерновой jardin эфиопия эйфория жаренный, 250г","jardin кофе в зернах euphoria, 250 г"
fold_03,Продукты питания,120259185479,352187381748,1,0.384,0.83,"не определен украшения для торта. вафельная картинка на торт ""надписи"". декор для выпечки","вафельные картинки для торта ""надписи с днем рождения"". декор для торта / съедобная бумага а4"
fold_03,Электроника,120259199232,532576086520,1,0.368,0.543,"не определен задняя крышка для huawei mate 20 pro 4g темно-синий, aaa",задняя крышка для huawei mate 20 pro (lya-l29) черный
fold_03,Спорт и отдых,120259216103,833223819695,1,0.282,0.088,"giant talon 29 3 (2023) black, xl","велосипед горный для взрослых дисковый 27,5 дюймов 7 скоростей черный рама 18,5"""
fold_03,Хобби и творчество,128849020568,180388685504,1,0.19,0.157,пластика - полимерная глина 56г классический черный,artifact пластика - полимерная глина 56г классический серый
fold_03,Мебель,128849054954,403727020056,1,0.256,0.503,"лига диванов угловой диван ,243х154х73см",лига диванов угловой диван куба левый угол
fold_03,Канцелярские товары,128849059308,558345891724,1,0.381,0.511,"луч / линейка 20 см 'луна', непрозрачная, пастельная, микс","линейка 20 см ""луна"", прозрачная, тонированная, микс"
fold_03,Аптека,128849121091,68719511848,1,0.287,0.125,"контактные линзы alcon precision1 for astigmatism, 30 линз, sph -2,50 cyl -0,75 axis 90",астигматические линзы alcon precision1 for astigmatism (toric) 30 линз sph -2.50 cyl -1.75 axis 90
fold_03,Хобби и творчество,128849125580,249108193511,1,0.293,0.095,"набор бусин ""рукоделие"" пластик, диаметр 8 мм, 25 грамм, голубой, 2 набора","рукоделие набор бусин ""рукоделие"" пластик, диаметр 3 мм, 25 гр, голубой"
fold_03,Одежда,128849129617,463856550276,1,0.079,0.379,легинсы твое,легинсы твое
fold_03,Товары для животных,128849138630,120259142521,0,0.921,0.857,"grandorf / single grain cat adult sterilised rabbit & turkey 0,4 кг",grandorf cat sterilised кролик с рисом корм для стерилизованных кошек и котов
fold_03,Детские товары,128849154887,266288070249,0,0.96,0.822,"каталка детская трактор с педалями ""turbo"" (жёлтая)","каталка-трактор с педалями полесье turbo, жёлтая"
fold_03,Музыкальные инструменты,137438981888,841813660619,0,0.981,0.927,sigma gmc-ste+,электроакустическая гитара sigma gmc-ste+
fold_03,Галантерея и аксессуары,137438989775,68719572590,1,0.356,0.048,"портмоне без застёжки, цвет коричневый","store-m / портмоне без застёжки, цвет чёрный"
fold_03,Одежда,137439012342,498216305271,1,0.396,0.448,забродная куртка norfin pilot 03 р.l 527003-l,куртка забродная norfin pilot р.s (527001-s)
fold_03,Красота и гигиена,137439012956,111669264363,0,0.932,0.987,mukunghwa / зубная паста classic white отбеливающая двойного действия с микрогранулами с ароматом мяты 110 г,"mukunghwa зубная паста отбеливающая мята и ментол двойного действия с микрогранулами classic white, 110 г"
fold_03,Мебель,137439017940,309237716604,1,0.219,0.405,"кухонный уголок угловой диван бронкс левый угол, 220х160х100 см","лига диванов угловой диван бронкс правый угол, микровельвет, модель 104575"
fold_03,Товары для животных,137439062865,180388701078,0,0.972,0.916,"шлейка большая сложная зооник, ош 48-90 см, ог 56-90, ширина 3 см микс цветов","без бренда шлейка большая сложная зооник, ош 48-90 см, ог 56-90, ширина 3 см микс цветов"
fold_03,Строительство и ремонт,137439065160,824633768025,1,0.162,0.268,площадка торцевая d125 era (125птм),площадка торцевая era 115птм d115 мм 180х250 мм сталь
fold_03,Электроника,146028899380,712964594835,0,0.922,0.906,kingston / накопитель ssd 960gb (sa400s37/960g),kingston 960 гб внутренний ssd-диск a400 (sa400s37/960g)
fold_03,Мебель,146028927347,635655194322,1,0.292,0.387,"лига диванов угловой диван ,245х147х85см",угловой диван лига диванов амстердам лайт правый угол велюр голубой
fold_03,Одежда,146028931918,309237770744,1,0.372,0.381,б+коллекция / халат домашний теплый,халат бариз+
fold_03,Бытовая техника,146028933803,163208808054,0,0.938,0.867,mijia / фен xiaomi h500,"фен для волос h500 1800 вт, белый"
fold_03,Красота и гигиена,146028939919,601295471512,1,0.35,0.364,купить духи / tom ford tobacco vanille 100 мл,"духи и точка парфюмерная вода tom ford tobacco vanille, туалетная вода tom ford tobacco vanille, том форд том форд табак ванильный, 50мл вода парфюмерная 50 мл"
fold_03,Товары для животных,146028944087,704374775034,0,0.954,0.917,"туалет ""мур-мяу"" для кошек, с сеткой, 33,2 х 25,6 х 7,2 см, зелёный",хозяйский выбор / туалет для кошек пластиковый 332*256*72мм с сеткой
fold_03,Бытовая техника,146028960382,257698159592,0,0.937,0.687,тепловентилятор zanussi zfh/c-408,"тепловентилятор zanussi zfh/c-408, 1.5 квт, 25 м², белый/серый"
fold_03,Строительство и ремонт,146028961264,523986132401,0,0.971,0.881,уголок крепежный оцинкованный 90х90х65х2 мм,уголок крепежный оцинкованный 90х90х65х2 мм
fold_03,Красота и гигиена,146028966816,515396093345,1,0.394,0.497,luxvisage / помада для губ перламутровая,"luxvisage помада для губ luxvisage перламутровая, тон 03 холодный розовый с жемчужным перламутром"
fold_03,Бытовая химия,146029008608,652835126137,0,0.922,0.86,порошок tide для стирки автомат color 6 кг,"tide / стиральный порошок tide color, автомат, 6 кг"
fold_03,Обувь,146029033190,146028900918,1,0.278,0.153,ботинки timberland,свечин п. а. / зимние ботинки из натуральной кожи тимберленд
fold_03,Музыкальные инструменты,154618894571,635655220679,0,0.981,0.935,planet waves 25ss01-dx замшевый гитарный ремень,planet / 25ss01-dx замшевый гитарный ремень
fold_03,Детские товары,154618912852,283467847654,0,0.96,0.93,"басик и ко / мягкая игрушка ""ли-ли в вязаном платье с сердцем""",мягкая игрушка budi basa кошка ли-ли в вязаном платье с сердцем
fold_03,Автотовары,154618950379,154618984067,1,0.213,0.003,rapid p309 шины летние 185/55  r15 82v,kumho / шины автомобильные
fold_03,Галантерея и аксессуары,154618953944,472446431503,1,0.353,0.583,5sumok сумка дорожная,ba.gira / сумка спортивная
fold_03,Галантерея и аксессуары,154618954798,798863998345,0,0.995,0.807,"queen fair / кольцо для платка 'этно' круг, цвет серый в чернёном серебре","кольцо для платка ""этно"" круг, цвет серый в чернёном серебре"
fold_03,Дом и сад,154618963461,549755830394,0,0.924,0.985,hesi / стимулятор hesi power zyme 1000 мл (1 л),"стимулятор роста растений, hesi power zyme, 1л"
fold_03,Спорт и отдых,154618967155,180388699739,0,0.96,0.979,levenhuk / театральный бинокль-лорнет levenhuk broadway 325e черный,"театральный бинокль-лорнет levenhuk broadway 325e, черный"
fold_03,Строительство и ремонт,163208806632,68719622497,1,0.383,0.16,"lussole люстра потолочная, e27, 60 вт",nobrand накладная люстра lgo lsp-0166
fold_03,Мебель,163208820489,824633828396,1,0.251,0.46,кровать rhomby без основания (ткань: рогожка тетра графит) 140x200 proxson просон / au-room гипермаркет мебели au-room гипермаркет мебели,proson proxson кровать rhomby без основания (ткань: рогожка тетра графит) 140x190
fold_03,Спорт и отдых,163208823438,781684130605,1,0.386,0.594,ремешок для фитнес-браслета xiaomi mi band 3 / mi band 4,gadget planet / ремешок для фитнес браслета xiaomi mi band 3 / mi band 4
fold_03,Обувь,163208839907,816043887305,1,0.218,0.105,кроссовки adidas originals adidas,new-shoes / кроссовки forum low off
fold_03,Бытовая химия,163208869607,549755838004,1,0.214,0.304,"vanish отбеливатель для тканей oxi advance мультисила порошкообразный, 400 г /, 4 шт",отбеливатель vanish oxi advance для белого белья 250 г
fold_03,Продукты питания,163208892318,781684056381,0,0.979,0.952,"кофе в капсулах nespresso vertuo stormio, 10 шт.","кофе в капсулах nespresso vertuo stormio, 10 капсул, 230мл"
fold_03,Товары для животных,171798702283,730144555232,1,0.365,0.742,колбаска деревенские для собак колбаски с ягненком (45 гр),"деревенские лакомства / колбаски из ягненка для собак, 3 уп.по 45 гр."
fold_03,Бытовая техника,171798703016,128102,0,0.967,0.815,швейная машина janome 1547,janome швейная машина 1547
fold_03,Товары для животных,171798743994,335007516080,1,0.298,0.288,"не определен толстовка с юбочкой ""косточки"", размер xxl (дс 45, ош 45, ог 55 см), бело-розовая","толстовка с юбочкой ""косточки"", размер xl (дс 40, ош 40, ог 50 см), розовая"
fold_03,Дом и сад,171798761516,635655307155,0,0.952,0.591,"не определен бонсай в горшке лаванда в траве 9х23 см, микс","бонсай в горшке ""лаванда в траве"" 9х23 см, микс"
fold_03,Продукты питания,171798771536,111669197956,0,0.995,0.951,жокей карамель кофейный напиток 3в1 10 стиков (комплект 8 шт.) 6013010,жокей карамель кофейный напиток 3в1 10 стиков (комплект 8 шт.) 6013010
fold_03,Автотовары,171798778282,317827617724,1,0.316,0.171,втулка,втулка
fold_03,Красота и гигиена,171798784738,240518267592,1,0.34,0.633,"queen fair sim-braids афрокосы, 60 см, 18 прядей (ce), цвет каштановый/русый(#fr-6)","sim-braids афрокосы, 60 см, 18 прядей (ce), цвет русый/серый(#fr-16)"
fold_03,Электроника,171798790150,111669166656,1,0.166,0.917,mcover / чехол на realme gt master edition с принтом абстракция,"силиконовый чехол mcover для realme gt master edition (реалми джи ти мастер эдишен), гравюра 2"
fold_03,Электроника,171798790150,438086724939,1,0.092,0.009,mcover / чехол на realme gt master edition с принтом абстракция,"силиконовый чехол mcover для galaxy s20 fe (галакси с20фе), гравюра 2"
fold_03,Музыкальные инструменты,171798815485,300647777221,1,0.104,0.123,акустическая гитара parkwood s-camper-wbag-op,"mfg-rs flamenco series классическая гитара, martinez"
fold_03,Бытовая химия,171798827184,85899435875,0,0.93,0.943,"qualita кондиционер для белья, pure sensitive, ""детский"", 1 литр",qualita / кондиционер для детского белья pure sensitive дой-пак 1000мл
fold_03,Спорт и отдых,171798827749,60129591425,0,0.931,0.997,"kal, малат магния 400, 90 таблеток","kal / малат магния, 400 мг, 90 таблеток"
fold_03,Хобби и творчество,171798849285,678604995261,0,0.948,0.962,инновации для детей / набор юный химик малый. чернила для шпионов (опыты и экспери,набор для опытов и экспериментов инновации для детей юный химик малый. чернила для шпионов (опыты и
fold_03,Строительство и ремонт,180388630920,142288,0,0.933,0.861,/ светильник,подвесной светильник rinc n 1639-1p e14
fold_03,Обувь,180388663234,335007564113,1,0.223,0.387,кроссовки playtoday,кроссовки playtoday
fold_03,Аптека,180388663471,816043853802,1,0.333,0.643,"очки для зрения с диоптриями -6.00, готовые корригирующие очки мужские, женские",sunshine готовые очки для зрения черные с диоптриями -6.00 футляр
fold_03,Товары для животных,180388699195,498216320241,1,0.094,0.38, софа для собак и кошек ferplast charles 50 с двусторонней подушкой коричневая 45 х 35 х 17 см,"софа для животных ferplast charles 70 коричневая, с двухсторонней подушкой 68x47x25 см."
fold_03,Спорт и отдых,180388706817,523986140825,1,0.287,0.219,"напиток sportinia, л-карнитин, 500 мл., вкус малины, 12 шт.",sportinia / sn напиток л-карнитин 12 шт по 500 мл гранат
fold_03,Одежда,180388768969,377957278878,1,0.397,0.691,"футболка smail-p полина раньше жил как карта ляжет, размер xl, черный",футболка smail-pal
fold_03,Бытовая техника,180388774105,850403586207,0,0.979,0.933,отпариватель grand master gm-s205 professional красный .,отпариватель grand master gm-s205 professional красный
fold_03,Канцелярские товары,188978604683,618475391407,0,0.944,0.935,"сейф aiko t-250 el для денег и документов для дома/офиса 250x350x250 мм, электронный замок",aiko / сейф для дома t-250 el
fold_03,Товары для животных,188978609588,77309515498,0,0.955,0.971,"влажный корм для собак, solid natura holistic, говядина, упаковка 6 шт х 340 г","solid natura / влажный корм для собак holistic говядина, уп 6 шт х 340г"
fold_03,Одежда,188978641096,764504310358,1,0.308,0.581,футболка mir-collaboration,mir-collaboration / футболка с принтом автомобиль и самолет картина
fold_03,Товары для животных,188978658936,77309478551,1,0.262,0.45,"не определен поддон пластиковый 65х23х10 см из полипропилена, серый (ппн3/236510)","универсальный пластиковый поддон 65х32х10 см из полипропилена, серый"
fold_03,Электроника,188978698268,609885409239,0,0.949,0.849,"телефон philips xenium e2317, 2 sim, черный/желтый",мобильный телефон philips xenium e2317
fold_03,Дом и сад,197568496106,180388663681,0,0.927,0.574,"kinross corporation / термокружка ""крепкий чай настоящего мужика""","термокружка, 0.4 л"
fold_03,Мебель,197568514966,42949769480,1,0.232,0.724,диван-кровать йорк,"ramart design диван-кровать, механизм пантограф, 220х106х93 см"
fold_03,Галантерея и аксессуары,197568540784,386547183894,1,0.127,0.102,oharles & aeith / сумка через плечо,сумка на плечо тоут
fold_03,Обувь,197568541845,549755818426,1,0.321,0.543,t.taccardi / ботинки,ботинки t.taccardi
fold_03,Спорт и отдых,197568568902,566935829960,1,0.385,0.547,аминокислоты bcaa + b6 100 таб. без вкуса,бцаа biotechusa bcaa+b6 200 таблеток
fold_03,Канцелярские товары,197568572741,360777304254,1,0.233,0.315,"/ ценникодержатель самоклеящийся, 100 см, 50 шт, прозрачный",ценникодержатель 100 на скотче 10шт (100 / черный)
fold_03,Обувь,197568593655,68719592063,1,0.308,0.08,кеды vans turner slip on canvas,"кеды vans old skool, размер 035, черный"
fold_03,Продукты питания,197568606057,369367309528,1,0.384,0.317,"кофе ""roastberry"" honduras san nicolas упаковка 200 грамм/ зерно из перу и гондураса/ центральной америки","roastberry / кофе в зернах colombia andino, 200 гр."
fold_03,Красота и гигиена,197568617812,188978584760,0,0.955,0.959,"пилка-наждак, абразивность 180/240, 18 см, цвет серый","без бренда пилка-наждак, абразивность 180/240, 18 см, цвет серый"
fold_03,Ювелирные изделия,197568621406,395137107369,1,0.364,0.638,красная пресня / кольцо из серебра без вставки б2301442д,красная пресня кольцо серебро 925 пробы
fold_03,Одежда,197568627372,25769964204,1,0.275,0.005,брюки lisik.,"сима-ленд платье сима-ленд, размер 54, черный"
fold_03,Обувь,197568641724,395137132439,1,0.377,0.247,кроссовки o.live naturalle,obba / спортивные кроссовки натуральная кожа на высокой платформе
fold_03,Спорт и отдых,206158458104,240518206959,0,0.943,0.968,discovery / плавающий бинокль breeze 7x50 solar,плавающий бинокль discovery breeze 7x50 solar
fold_03,Дом и сад,206158492176,498216325528,0,0.972,0.621,lesser kestrel-qb / термокружка,"термокружка ""повелитель дорог"", 450 мл, внутри пластик, от прикуривателя,12х17 см"
fold_03,Строительство и ремонт,206158507626,51539615260,1,0.277,0.372,устройство защитного отключения ekf basic вдт-40 2p 40а 300ма электронное (2 шт),устройство защитного отключения ekf basic вд-40 2p 40а/100ма электронный
fold_03,Красота и гигиена,206158508811,292057804013,0,0.954,0.96,"мыло-крем жидкое officeclean professional ""антибактериальное"", с ромашкой, канистра, 5л","мыло-крем жидкое officeclean professional ""антибактериальное"", с ромашкой, 5 л (319534)"
fold_03,Электроника,206158538774,395137040061,1,0.226,0.195,пульт irc-123f elenberg (универсал) для домашнего кинотеатра ht-111 ht-410 музыкального центар mc-4080 телевизора ltv-3231,пульт irc-276f sagemcom (универсал) пду ресивера нтв-плюс dsi87-1 hd
fold_03,Аптека,206158590875,283467842988,1,0.26,0.634,"без бренда готовые очки для зрения с диоптриями -4,5","готовые очки для зрения с диоптриями -4,5"
fold_03,Красота и гигиена,214748366827,695784703234,0,0.921,0.988,туалетная бумага zewa natural comfort 3 слоя 12шт.,"бумага туалетная zewa natural comfort 3-х слойная, 12 шт в упаковке, 1 уп"
fold_03,Спорт и отдых,214748373467,747324449114,1,0.398,0.575,"плетеный шнур для рыбалки aqua pe ultra elite m-8 yellow 0,60mm 150m",aqua / леска плетеная pe ultra elite m-8 150m 0.60mm 53.1kg
fold_03,Аптека,214748374431,781684195411,0,0.929,0.785,"контактные линзы acuvue, 1 day acuvue trueye with hydraclear, однодневные, -5.50 / 14.2 / 8.5, 30 шт.",acuvue / однодневные линзы для глаз 1 day acuvue trueye 30 шт -5.50
fold_03,Бытовая техника,214748394934,403727022927,1,0.364,0.287,электрическая варочная поверхность dexp eh-c2nsma/b,встраиваемая варочная панель индукционная maunfeld evsi292bk
fold_03,Одежда,214748421839,377957198165,1,0.258,0.641,po.co / спортивный костюм теплый с капюшоном,костюм спортивный po.co
fold_03,Электроника,214748424440,17179983716,1,0.359,0.085,сетевое зарядное устройство для huawei p40 lite,не определен сетевое зарядное устройство для lg k4 lte k130e
fold_03,Одежда,214748428560,197568575849,1,0.349,0.619,комбинезон mjolk,комбинезон нательный mjolk
fold_03,Музыкальные инструменты,214748468116,8589935664,1,0.35,0.492,"nickel plated комплект струн для электрогитары, никелированные, 8-38, pyramid 437100",pyramid / electric superior quality 433 100
fold_03,Строительство и ремонт,214748472841,395137021158,1,0.397,0.788,светильник светодиодный спб-т5 14вт 230в 4000к 1260лм 1200мм in home-5шт,светильник светодиодный спб-т5 14вт 4000к 230в 1260лм ip40 in home 4690612008769
fold_03,Мебель,214748482036,704374649907,1,0.282,0.507,"шкаф-купе гент зеркало/лдсп-2, 210х45х240 см",е1 шкаф-купе экспресс 3-x дв 240 x 240 x 45 (2 зеркала лдсп) белый снег
fold_03,Галантерея и аксессуары,214748502253,352187346049,1,0.391,0.382,uegrafic браслет со вставками,/ кожаный браслет девушка с сакурой в волосах
fold_03,Мебель,223338313032,678604868846,1,0.288,0.729,горизонт / гостиная пекин (дуб золотой/белый),гостиная пекин (дуб сонома/белый глянец)
fold_03,Автотовары,223338320476,317827668652,1,0.353,0.007,пружина подвески m tex арт. mtp23109 (заказ от 2-х штук). - m-tex арт. mtp23109,диск тормозной nissan almera sm3 f/disc phc r4006
fold_03,Автотовары,223338345235,515396102778,1,0.398,0.238,опора амортизатора,denckermann опора амортизатора
fold_03,Детские товары,223338346876,77309491403,0,0.921,0.975,"набор игровой ""мини касса"" с аксессуарами, световые и звуковые эффекты / 3826583","zabiaka набор игровой «мини касса» с аксессуарами, световые и звуковые эффекты"
fold_03,Галантерея и аксессуары,223338353030,712964705525,0,0.938,0.891,губка для обуви из гладкой кожи дивидик классик бесцветная,губка для обуви дивидик классик бесцветная 1шт
fold_03,Музыкальные инструменты,223338368317,197568506108,0,0.996,0.98,"bosstone gs-303rs ремень для гитары, тканевый с рисунком черепа, красный","bosstone gs-303rs ремень для гитары, тканевый красный с рисунком черепа"
fold_03,Музыкальные инструменты,223338394400,738734489727,1,0.329,0.598,укулеле poni utpr,укулеле poni usprw
fold_03,Дом и сад,231928235595,17179886809,1,0.323,0.346,"соломон часы настенные, серия: детские ""птица"" 24 х 24 см","часы настенные, серия: детские принцесса, 23.5 х 24 см 7917384"
fold_03,Ювелирные изделия,231928249816,747324317039,1,0.358,0.365,"sokolov, серьга из желтого золота с фианитом, 170022-2, серьга одиночная, 585 проба, гвоздики",моносерьга из красного золота с фианитом яхонт ювелирный 130551
fold_03,Строительство и ремонт,231928260950,730144592861,1,0.355,0.276,"professional low - водоотводящий желоб с порогами для цельной решетки, арт. apz106-1050",душевой лоток alcaplast apz106-850 professional low
fold_03,Обувь,231928273985,523986085482,1,0.34,0.461,best.a / туфли школьные кожаные,туфли best.a
fold_03,Строительство и ремонт,231928277293,678604931672,1,0.344,0.155,"душевая система с термостатом raiber rpb-007, черный",душевой гарнитур (комплект) в ванную / система для душа с лейкой и держателем на штангу omnires contour ct8044at с термостатом антрацит
fold_03,Бытовая техника,231928358192,506806228779,0,0.96,0.93,"hotpoint сигнальная лампочка для варочной плиты ariston аристон 144140, 273322","сигнальная лампочка для варочной плиты ariston аристон 144140, 273322"
fold_03,Продукты питания,231928381524,188978609775,0,0.945,0.997,мюсли 4 life хрустящие с клубникой 350г,мюсли 4life хрустящие strawberry клубничные 350гр
fold_03,Спорт и отдых,231928382302,360777345565,1,0.397,0.618,"лескa для рыбалки ryоbi super nylon 150m 0,185mm green-02, 3 штуки","ryobi / лескa для рыбалки super nylon 150m 0,185mm olive-04, 3 шт"
fold_03,Товары для животных,240518172213,197568513723,0,0.942,0.39,вольер midwest life stages для собак 8 панелей (61х76h см) с дверью-maxlock черный,midwest 530dr вольер life stages 8 панелей 61х76h см с дверью-maxlock черный
fold_03,Бытовая химия,240518227814,180388680170,0,0.941,0.936,"baimao / капсулы для стирки белья антибактериальные, 50шт","капсулы для стирки белья baimao антибактериальные, 50шт"
fold_03,Автотовары,240518256498,532576101955,1,0.39,0.016,285/35 r19 continental contiwintercontact ts830p 99v fr n0,continental contiwintercontact ts 830 p шины всесезонные 195/55  r16 87h
fold_03,Ювелирные изделия,240518289053,249108199552,1,0.386,0.318,"diamant браслет diamant, серебро, 925 проба, родирование, длина 22 см.",jewelry браслет серебро 925 пробы
fold_03,Мебель,249108113890,403726952070,1,0.349,0.796,"лига диванов угловой диван дубай лайт левый угол, экокожа коричневая","лига диванов угловой диван ,240х140х85см"
fold_03,Бытовая химия,249108136514,575525627427,1,0.377,0.686,блок для очищения унитаза domestospower 5 свежесть океана трио 3x55гр,"блок для очищения унитаза domestos power 5 «свежесть океана», 2 шт. по 55 г"
fold_03,Канцелярские товары,249108191001,635655204993,1,0.259,0.579,"спортивный рюкзак textura, 20 литров, цвет чёрный/бордовый","textura спортивный рюкзак из текстиля на молнии textura, 20 литров, цвет хаки/бордовый"
fold_03,Бытовая химия,249108192528,240518262279,0,0.979,0.913,"pigeon corporation / кондиционер для белья ""rich perfume signature"" (парфюмированный супер-концентрат с ароматом ледяной цветок ) 1 л",pigeon / кондиционер для белья ледяной цветок 1л
fold_03,Дом и сад,249108195205,300647803754,1,0.198,0.532,vip home still / тюль вуаль в комнату ширина 150 высота 220 - 2 шт,"vip home still тюль высота 220 см, ширина 150 см, крепление - лента, серый"
fold_03,Музыкальные инструменты,249108205116,532576000007,0,0.929,0.682,струны для гитары savarez 500arj,/ комплект струн для классической гитары 500 arj
fold_03,Музыкальные инструменты,249108225165,25769961324,1,0.239,0.44,классическая гитара alhambra 4p,"6.204 classical student 3c a классическая гитара, alhambra"
fold_03,Спорт и отдых,257698045774,566935801229,1,0.324,0.255,"karinear защита колена, размер: m","shark fit наколенники для суставов с фиксацией для волейбола / футбола, shark fit, фиксатор коленного сустава, бандаж на колени для танцев, размер l"
fold_03,Бытовая химия,257698048914,266288070780,0,0.926,0.955,средство для полировки хрома металлов final polish 600 мл,grass / полирующее средство для нержавеющей стали 600 мл
fold_03,Детские товары,257698054363,558345836695,0,0.997,0.894,конструктор гарри поттер / астрономическая башня хогвартса / 1103 деталей,гарри поттер / гарри/астрономическая башня хогвартса/1103 деталей/11573
fold_03,Бытовая химия,257698059937,472446532040,0,0.949,0.954,таблетки для пмм finish ultimate 44 штук,капсулы finish ultimate для посудомоечных машин 44 шт
fold_03,Мебель,257698089326,154618902440,1,0.356,0.575,"угловой диван пекин угол правый, микровельвет, модель 115415","лига диванов угловой диван пекин угол правый, велюр, модель 115406"
fold_03,Электроника,257698097015,360777372110,1,0.382,0.535,aksco / шлейф для xiaomi redmi 8 плата на системный разъем/разъем,шлейф для xiaomi redmi 8a плата на системный разъем/разъем гарнитуры/микрофон
fold_03,Музыкальные инструменты,257698121366,798863999345,0,0.93,0.661,акустическая гитара fg800bs,"yamaha fg800bs акустическая гитара, цвет brown sunburst, гриф нато, бридж палисандр, колки литые"
fold_03,Хобби и творчество,257698123733,42949770638,0,0.944,0.9,"настольная игра ""в поисках деда мороза""",лас играс настольная игра «в поисках деда мороза»
fold_03,Дом и сад,257698132857,85899445349,1,0.382,0.747,без бренда ковер соло,ковер
fold_03,Спорт и отдых,257698139092,343597413058,1,0.169,0.173,"grfish grfish, воблер 75f-sr, l24","daiwa, воблер s hunter 3 9f, l.inako"
fold_03,Продукты питания,257698167330,592705512191,0,0.952,0.787,"бискотти печенье с вишневым мармеладом, 235 г",biscotti печенье бискотти с вишневым мармеладом 235г
fold_03,Музыкальные инструменты,266287978661,566935788116,0,0.97,0.935,губная гармошка stagg bjh-b20 d,губная гармошка stagg bjh-b20 d
fold_03,Дом и сад,266287980147,446676627020,0,0.922,0.849,"форма для шоколада и конфет konfinetta ""полусфера"", 28х14 см, 36 ячеек, ячейка 2х1 см","форма для шоколада и конфет konfinetta «полусфера», 28×14"
fold_03,Бытовая химия,266287995662,326417532751,0,0.962,0.89,"vilor кондиционер для белья, миндаль и белые цветы, 1 л",кондиционер для белья vilor миндаль и белые цветы 1л
fold_03,Детские товары,266288055296,266288083350,0,0.969,0.892,abtoys (абтойс) / игровой набор abtoys помогаю маме генеральная уборка 11 предметов pt-01654,игровой набор abtoys помогаю маме генеральная уборка 11 предметов
fold_03,Продукты питания,266288063252,678604838183,0,0.923,0.944,kimbo aroma intenso,кофе в зернах kimbo aroma intenso 1кг 1шт
fold_03,Мебель,266288064881,798864052804,0,0.942,0.79,закачайся детские качели гнездо premium диаметр 100 см цвет обода красный цвет сети синий толщина каната сети и обода 14 мм,садовые качели гнездо premium диаметр 100 см цвет обода синий цвет сети красный толщина каната сети и обода 14 мм
fold_03,Мебель,266288070850,841813649856,0,0.947,0.997,стеллаж мэрдэс су (ш3в2)+6фг венге/карамель,"мэрдэс стеллаж су(ш3в2)+6фг кв карамель/венге, 145х34х216 см"
fold_03,Детские товары,266288076711,747324339093,0,0.937,0.831,"kindercity / пупс мягконабивной ""саша"" со звуком","пупс мягконабивной ""саша"" со звуком"
fold_03,Спорт и отдых,266288079507,609885418279,1,0.283,0.508,columbia fishing / рыболовная блесна вертушка для рыбалки приманка на щуку,"рыболовная блесна вертушка для рыбалки, приманка на щуку"
fold_03,Музыкальные инструменты,266288083533,584115616363,1,0.369,0.7,"music life, музыкальный инструмент калимба звучание музыки, 17 нот","music life калимба 17 нот, звезды"
fold_03,Детские товары,266288099819,300647812129,0,0.959,0.899,"набор мебели для кукол ""уют-3: кухня""",nobrand набор мебели для кукол «уют-3: кухня»
fold_03,Спорт и отдых,266288111204,257698109536,1,0.397,0.453,"now zinc picolinate цинка пиколинат 50 мг капсулы вегетарианские, 60 шт.","now / zinc picolinate (цинк) 50 mg, 120 капсул"
fold_03,Бытовая техника,266288116591,566935750427,0,0.931,0.909,"иглы для швейной машины organ супер стрейч, № 75-90, упаковка 10 шт (organ.стрч.75-90/10)",carsshell / organ иглы супер стрейч 10/75-90
fold_03,Продукты питания,274877912106,283467862933,1,0.351,0.713,"китайский связанный зеленый чай ""жасмин"", 50 г","джекичай китайский связанный зеленый чай, 50 г, хризантема"
fold_03,Обувь,274878016572,25769896169,1,0.343,0.246,полуботинки officine creative,"officine creative полуботинки оксфорды officine creative, размер 44.5, коричневый"
fold_03,Аптека,274878019120,146028953813,0,0.986,0.91,"siberian wellness северная омега-3 essential fatty acids, сибирское, 60 капсул","северная омега-3 essential fatty acids, сибирское, 60 капсул"
fold_03,Одежда,283467920359,412317007214,1,0.383,0.406,h&m / мягкий кружевной бюстгальтер,бюстгальтер h&m 1 шт
fold_03,Музыкальные инструменты,283467951806,60129633762,1,0.305,0.093,цифровое пианино rockdale toccata rosewood,"цифровое пианино kurzweil ka150 wh, 88 молоточковых клавиш, полифония 68, цвет белый"
fold_03,Одежда,283467962394,489626342960,1,0.387,0.106,трусы janira,"janira трусы janira, размер l, бежевый"
fold_03,Строительство и ремонт,283467993681,549755860221,0,0.95,0.927,эмаль для бытовой техники с кисточкой kudo ku-7k1311,"kudo эмаль ku-7к1311, 0,015 л"
fold_03,Детские товары,292057794763,94489326455,0,0.998,0.969,"сималенд / конструктор мой мир, 83 детали","конструктор мой мир, 83 детали"
fold_03,Хобби и творчество,292057832881,824633726290,1,0.185,0.241,"лас играс 3d ручка, набор pcl пластика светящегося в темноте, мод. pn015, цвет голубой","3d ручка, набор pcl пластика светящегося в темноте, мод. pn013, цвет розовый / 9755265"
fold_03,Аптека,292057855814,566935843621,0,0.986,0.853,"презерватив luxe maxima сигара хуана - 1 шт. ,",презерватив luxe maxima  сигара хуана  - 1 шт.
fold_03,Аптека,292057903430,704374722375,1,0.041,0.144,"myday / 1-day myday / -9,50 / 8,4 / 30 шт.","1-day myday / -3,00 / 8,4 / 30 шт. (0 / рос. размер 1)"
fold_03,Электроника,292057927824,515396110988,1,0.308,0.227,"резистор 5 вт 5,1 ом 5% 5шт rohs","не определен резистор 5 вт 1,2 ом 5% 5шт rohs"
fold_03,Бытовая техника,292057928492,206158430482,1,0.374,0.41,samsung / me81mrtb микроволновая печь,микроволновая печь samsung me81krw1
fold_03,Детские товары,292057931999,240518200121,0,0.969,0.929,"десятое королевство / кубики «домашние животные», 4 штуки, в коробке","развивающая игрушка кубики ""домашние животные"" (4шт) 00715 / 203228"
fold_03,Хобби и творчество,300647716271,85899411050,0,0.975,0.81,дрофа-медиа / игра настольная-ходилка. путешествие по россии,"игра-ходилка геодом путешествие по россии, 59,5х42 см"
fold_03,Товары для животных,300647720522,317827691062,1,0.385,0.146,alleva / сухой корм equilibrium sensitive duck для кошек,"alleva equilibrium sterilized chicken / сухой корм аллева для стерилизованных кошек курица, 10 кг"
fold_03,Спорт и отдых,300647726759,309237721305,1,0.152,0.212,раттлин tsuyoki agudo 80s soft al013,tsuyoki / воблер strateg 90s #z024 28 гр
fold_03,Обувь,300647745256,618475440539,1,0.262,0.349,ботильоны arshak,arshak / ботильоны
fold_03,Продукты питания,300647748660,188978619331,1,0.317,0.305,"принцесса нури / чёрный чай принцесса нури высокогорный листовой, 100 гр",чай принцесса нури высокогорный черный 100пак/уп
fold_03,Дом и сад,300647785987,627065283073,0,0.954,0.849,"upak land подарочная коробка сборная ""в праздник с любовью"", 16,5 x 12,5 x 5,2 см","подарочная коробка сборная ""в праздник с любовью"", 16,5 х 12,5 х 5,2 см"
fold_03,Детские товары,300647793510,670015050087,1,0.35,0.405,ирушки в радость / конструктор frozen heart/786 деталей/7179,"конструктор холодное сердце ""ледяной замок"", 1709 деталей / совместим с лего"
fold_03,Автотовары,300647794318,25769967304,0,0.982,0.889,"ajusa / прокладка, масляный поддон, 1630181405",ajusa прокладка картера mercedes 83 m601911 912 913 940 941 1997 ajusa арт. 14044200 арт. 14044200
fold_03,Детские товары,300647822589,824633732084,0,0.981,0.895,"обучающая игра ""часы музыкальные my little pony, звук, цвет розовый""","hasbro / часы музыкальные my little pony, звук, цвет розовый"
fold_03,Музыкальные инструменты,300647828021,154618937646,0,0.946,0.882,"sw16-1 губная гармошка тремоло, swan",swan / swan sw16-1 губная гармошка тремоло
fold_03,Одежда,300647867839,695784793822,1,0.115,0.513,modgi / свитшот оверсайз с принтом женский,толстовка startovali
fold_03,Аптека,300647871191,506806154090,0,0.984,0.897,"siberian wellness северная омега-3 essential fatty acids, сибирское, 60 капсул","северная омега-3 essential fatty acids,60 капсул"
fold_03,Спорт и отдых,309237685555,360777261156,1,0.318,0.031,"леска zander master extra (5-ти цветная) 0.309 мм, 100 м, 13.2 кг","леска zander master extra (5-ти цветная) 0.261 мм, 100 м, 8.9 кг"
fold_03,Одежда,309237709317,721554536776,1,0.265,0.72,футболка timiti аниме,дед инсайд / футболка аниме мужская женская оверсайз с принтом у2к y2k
fold_03,Одежда,309237713531,420906834879,1,0.262,0.34,платье luneva,luneva / платье летнее хлопок
fold_03,Дом и сад,309237724947,575525768753,1,0.268,0.171,"best favors свеча ароматическая ""абрикос"", 15 см, 1 шт","не определен свеча-цилиндр ароматическая витая ""гардения жасминовидная"", 7,5х10 см"
fold_03,Аптека,309237749185,816043871573,0,0.943,0.821,"таурин, капли глазные 4%, 10 мл",таурин капли глазные 4% 10мл
fold_03,Ювелирные изделия,309237757607,223338311266,1,0.258,0.45,"master brilliant серьги master brilliant, белое, комбинированное, желтое золото, 585 проба, бриллиант",master brilliant серьги ювелирные золото красное 585 пробы
fold_03,Мебель,309237769775,644245134695,1,0.222,0.631,угловой диван лига диванов дубай левый угол зеленый (велюр),"лига диванов угловой диван ,240х140х85см"
fold_03,Строительство и ремонт,309237803939,790274137331,1,0.363,0.884,"фотообои 3d на стену флизелиновые homepick ""soty/40284/"" обои для кухни / для спальни / 400х270 см","homepick / фотообои 3d для кухни гостиной спальни флизелиновые, 400х270"
fold_03,Строительство и ремонт,317827591163,240518244174,0,0.943,0.89,"космос лампочка lksm_led8wr50e1445, нейтральный белый свет, e14, 8 вт, светодиодная, 5 шт.",лампа светодиодная r50 8вт 220в e14 4500к космос lksm_led8wr50e1445 (5шт. в упак.)
fold_03,Бытовая техника,317827622987,17180030761,1,0.366,0.215,чайник электрический sakura sa-2174bk с двухслойным корпусом 1.7л,чайник bq kt1720p черный
fold_03,Галантерея и аксессуары,317827634874,558345801922,1,0.073,0.675,matlrxs / солнцезащитные очки,matlrxs очки солнцезащитные
fold_03,Хобби и творчество,317827643052,249108116270,0,0.938,0.855,"тм эврики / набор для опытов ""новогодняя гирлянда из эпоксидной смолы","набор для опытов ""новогодняя гирлянда"", из эпоксидной смолы"
fold_03,Товары для животных,317827644341,687194847577,1,0.352,0.802,"не определен грунт для аквариума (5-10 мм), голубой, 350 гр","грунт для аквариума (5-10 мм), бирюзовый, 350 г"
fold_03,Бытовая химия,317827650095,326417558500,1,0.293,0.447,woolite / вулайт premium pro-care гель для стирки одежды 900 мл.,woolite premium pro-care гель для стирки белья и одежды 900 мл. х 2 шт.
fold_03,Канцелярские товары,317827653622,523986104748,1,0.388,0.28,trodat штемпельная краска синяя 28 мл,"trodat / краска штемпельная фиолетовая, 28 мл, на водной основе"
fold_03,Детские товары,317827690240,429496733187,1,0.281,0.039,"без бренда машина перевёртыш радиоуправляемая ""полиция"", работает от батареек, цвет синий","машина перевёртыш радиоуправляемая ""полиция"", работает от батареек, цвет красный"
fold_03,Одежда,326417534977,352187398807,1,0.149,0.272,/ футболка женская принт рисунок самурай,футболка customarket
fold_03,Мебель,326417569389,60129595152,1,0.389,0.535,"угловой диван атланта м левый угол, микровельвет, модель 28464l",угловой диван лига диванов атланта м левый угол 28461l
fold_03,Галантерея и аксессуары,326417598644,755914385296,1,0.304,0.62,/ брелок для ключей в подарок 9 мая день победы,"брелок с гравировкой для ключей, армейский жетон день победы, 9 мая"
fold_03,Электроника,326417630628,790274096206,0,0.961,0.98,"батарейка литиевая , cr2032-2bl, 3в, блистер, 2 шт.","kodak батарейка литиевая cr2032-2bl, 3в, блистер, 2 шт."
fold_03,Электроника,326417631414,85899495645,0,0.931,0.951,lgxboom музыкальный центр lg xboom ck43,аудиосистема lg xboom ck43
fold_03,Электроника,326417646751,455266596338,1,0.179,0.036,"чехол-книжка на xiaomi 12 pro / 12s pro / сяоми 12/12s про несколько карманов для карт,со 2 шнурком (длинный +короткий),черный",mypads / чехол-книжка для samsung galaxy m21 sm-m215 / m30s / сам...
fold_03,Детские товары,335007457274,60228,0,0.981,0.829,sb case / конструктор знамя факультета когтевран 305 деталей,"конструктор ""знамя факультета когтевран"", 305 деталей, 87014"
fold_03,Ювелирные изделия,335007481207,627065233010,1,0.365,0.153,цепочка из красного золота 35 см sokolov 581040402,"sokolov, цепь из золота, плетение двойной ромб, 585 проба, 581010252, ромб двойной, украшение из красного золота 585 пробы"
fold_03,Одежда,335007519534,532576009555,1,0.381,0.391,"комплект трусов брифы gloria jeans, 3 шт",gloria jeans / трусы-бойбрифы в рубчик с принтом 3 шт.
fold_03,Спорт и отдых,335007552187,687194847157,0,0.933,0.99,"технок санки-ледянки ""машинка №1"", размер 77 х 38 см, цвета микс","санки-ледянки ""машинка №1"" 77х38см, микс"
fold_03,Красота и гигиена,335007588435,8590055840,0,0.922,0.862,ekel пенка для умывания с экстрактом алое ekel aloe 100 мл,"ekel / пенка для лица нежная алоэ, 100 мл"
fold_03,Музыкальные инструменты,335007591151,103079271937,1,0.294,0.474,evans b14g1d 14 power center coated пластик для малого барабана,"пластик для малого барабана 14"" super tough coated evans b14st"
fold_03,Автотовары,335007595232,755914328677,0,0.991,0.714,jikiu / тяга стабилизатора honda accord 94-98 передний подв.,стойка стабилизатора
fold_03,Бытовая техника,343597384669,103079228126,0,0.928,0.769,блендер погружной sokany sk-1800,блендер электрический/ погружной/ sokany sk-1800
fold_03,Детские товары,343597398628,60129709887,0,0.935,0.843,"тм автоград / парковка ""город""","парковка ""город"""
fold_03,Бытовая химия,343597415460,704374645809,0,0.933,0.73,"гель для стирки persil premium ""color"", концентрат, 1,17 литра","persil / гель для стирки persil premium color, 1.17 л"
fold_03,Аптека,343597426927,120259152689,0,0.943,0.522,happyluv / лубрикант для использования с игрушками pjur woman toylube,лубрикант для использования с игрушками pjur woman toylube - 100 мл.
fold_03,Канцелярские товары,343597437014,592705634849,1,0.148,0.51,"записная книжка в клетку greenwich line vision lovely leopard а5, сшивка, экокожа, с рисунком, 80 л","комплект 3 шт, ежедневник недатированный, а5, 136л, кожзам, greenwich line ""vision. lovely leopard"", тон. блок"
fold_03,Музыкальные инструменты,343597441366,154618857181,1,0.399,0.175,"invotone aci1302/r - инструментальный кабель, 6,3 джек моно <-> 6,3 джек моно, длина 2 м (красный)","invotone aci1006/r - инструментальный кабель, 6.3 mono jack-6.3 mono jack 6 м (красный)"
fold_03,Одежда,343597462101,292057832869,1,0.099,0.236,timang / платье праздничное мини,платье max mara
fold_03,Бытовая техника,343597471316,721554595653,0,0.928,0.937,"отпариватель для одежды ручной futula st2300, парогенератор с вертикальным отпариванием 1600 вт, белый",ручной отпариватель futula st2300 00-00214371
fold_03,Красота и гигиена,343597496337,326417542533,1,0.315,0.539,"artdeco / карандаш для век водостойкий soft eye liner тон 97а, 1.2г","artdeco карандаш для век водостойкий soft eye liner waterproof тон 11; 1,2 г"
fold_03,Спорт и отдых,343597519237,523986150063,0,0.95,0.881,"без бренда блок для йоги 23 х 15 х 8 см, вес 120 г, цвет синий 3551191","блок для йоги 23х15х8 см, вес 120 г, цвет синий"
fold_03,Ювелирные изделия,343597528325,592705566266,1,0.365,0.787,sokolov / кольцо из серебра с фианитом и эмалью, кольцо
fold_03,Мебель,343597530766,240518293864,1,0.262,0.52,"тумба bau dream blackwood 50 графит, раковина bau nimb 50х36, смеситель для раковины высокий hotel still, нержавеющая сталь","bauedge тумба bau dream blackwood 50 графит, раковина bau hotel 48х37, смеситель для раковины высокий hotel still, нержавеющая сталь"
fold_03,Музыкальные инструменты,352187357991,34359857635,1,0.074,0.104,акустическая гитара fabio fb-d38s sapele,j.karlsson ma141c гитара акустическая с анкером
fold_03,Детские товары,352187365971,197568517194,1,0.301,0.606,"без бренда мягкая игрушка «зайчик», на подвеске","мягкая игрушка ""зайка с сердцем"", на подвеске"
fold_03,Красота и гигиена,352187423386,274877995115,0,0.953,0.981,"influence beauty тени для век жидкие interstellar c дуохромными сияющими частицами, 2,5 г, 03 розовый","жидкие тени influence beauty interstellar, тон 03 розовый, 2,5 мл"
fold_03,Хобби и творчество,352187453410,721554569116,0,0.985,0.785,настольная игра заводные пазлы,"arsaz - игрушки / настольная игра ""заводные пазлы"""
fold_03,Бытовая химия,360777256093,274878002828,0,0.948,0.94,little idea / гель для стирки master fresh color 3л,"master fresh  гель для стирки ""color"", 3000мл"
fold_03,Мебель,360777296196,420906804206,1,0.063,0.217,"без бренда мебельный фасад выс.1170 х шир.560 мм лдсп с кромкой 1мм, цвет-сосна санторина","мебельный фасад выс.1710 х шир.560 мм лдсп с кромкой 1мм,цвет-сосна санторина"
fold_03,Детские товары,360777309433,317827603414,0,0.995,0.989,"конструктор ""архитектура лондон"" 488 деталей",lion toys / конструктор архитектура лондон
fold_03,Музыкальные инструменты,360777329940,17179969224,1,0.163,0.448,"d'andrea tnvsh - медиатор гитарный (упаковка), 12 шт., 0.96 мм, жёсткий",d'andrea rg351-058tm gauged медиаторы классические (пакеты по 72штуки) d`andrea
fold_03,Обувь,360777337541,283467876504,1,0.228,0.149,adidas originals кеды stan smith,кроссовки adiads one
fold_03,Ювелирные изделия,360777356845,309237745541,1,0.359,0.543,"серьги серебряные женские 925 пробы ювелирные sokolov, сережки из серебра с камнями фианитами","серьги из серебра sokolov 94025229, фианит"
fold_03,Бытовая техника,360777376871,412316945080,0,0.922,0.779,lumme / миксер lumme lu-1818 ясная яшма,"ручной миксер lumme lu-1818, 300 вт"
fold_03,Хобби и творчество,360777411705,635655209382,0,0.955,0.869,не определен логическая игра «iq-колечки»,"логическая игра ""iq-колечки"""
fold_03,Хобби и творчество,369367249392,506806231824,0,0.986,0.803,"лас играс kids / настольная игра ""хвостатый крокодил""","настольная игра ""хвостатый крокодил"""
fold_03,Строительство и ремонт,369367249835,816043900618,1,0.344,0.575,"зубр / зубр оптимальный рез 160 x 20мм 24t, диск пильный по дереву",пильный диск по дереву зубр мастер оптимальный рез 36912-210-30-36
fold_03,Музыкальные инструменты,369367270142,773094207588,0,0.945,0.928,классическая гитара 3/4 flight c-120 na 3/4,"flight c-120 na 3/4, классическая гитара"
fold_03,Хобби и творчество,369367277801,240518202903,1,0.387,0.919,"madeira / нитки aerofil №120, 400 м, арт.9125","нитки универсальные madeira aerofil №120, 400 м, 1 штука, цвет 9906"
fold_03,Продукты питания,369367301350,515396157560,1,0.258,0.339,rioba / сироп,сироп rioba мохито 1 л
fold_03,Детские товары,369367316287,463856505052,0,0.942,0.958,"набор бамбуковой посуды единорог , тарелка, миска, стакан, приборы, 5 предметов","крошка я набор бамбуковой посуды ""единорог"", тарелка, миска, стакан, приборы, 5 предметов"
fold_03,Товары для животных,369367330481,850403577252,0,0.922,0.884,"корм для рыб и черепах гаммарус измельченный, 100 г","не определен корм для рыб и черепах гаммарус измельченный, 100 г"
fold_03,Ювелирные изделия,369367337797,206158547192,1,0.149,0.353,"kabarovsky серьги kabarovsky, белое золото, 585 проба, бриллиант",kabarovsky серьги ювелирные золото красное 585 пробы
fold_03,Товары для животных,369367351126,721554604055,0,0.979,0.87,tetra tetrapro energy crisps корм-чипсы для всех видов рыб для дополнительной энергии 500 мл,tetrapro energy crisps корм-чипсы для всех видов рыб для дополнительной энергии 500 мл 1шт
fold_03,Дом и сад,369367355686,51539707832,0,0.951,0.917,"страна карнавалия / шар латексный 12"" «самому крутому» 5 шт.","шар латексный 12"" страна карнавалия ""самому крутому"" 5 шт."
fold_03,Одежда,377957144388,68719502910,1,0.304,0.453,футболка,"glow point футболка glow point, размер 54, черный"
fold_03,Хобби и творчество,377957150990,360777404786,0,0.948,0.96,"алмазная мозаика три совы ""летний пейзаж"", 30*40см, холст на деревянном подрамнике, картонная коробка с пластиковой ручкой","алмазная мозаика три совы ""летний пейзаж"", 30х40 см, холст на деревянном подрамнике, картонная коробка с пластиковой ручкой (амп3040_52932)"
fold_03,Продукты питания,377957163507,773094166954,1,0.371,0.102,rustichella d'abruzzo макаронные изделия rustichella спагетти 500 г италия,макаронные изделия rustichella лингвини 500 г италия
fold_03,Ювелирные изделия,377957174519,747324417450,1,0.321,0.5,"кольцо женское из розового золота 585 пробы с фианитами (арт. к5066) (17,5)","gold center кольцо gold center, красное золото, 585 проба, фианит, размер 18"
fold_03,Продукты питания,377957209412,154618934724,0,0.921,0.668,"сухой завтрак kellogg's choco krispies , 330 г великобритания","kellogg's / сухой готовый завтрак хлопья келлогс krispies chocos, 330 г"
fold_03,Аптека,377957220217,523986091458,1,0.365,0.785,"no name трость сувенирная 90см, рукоять дракон, темная","трость сувенирная 90см, рукоять  дерево, темная"
fold_03,Продукты питания,377957256585,455266665554,0,0.966,0.932,чай улун herbarus мятный спокойный 24*2г,"чай улун herbarus мятный спокойный, 24пак"
fold_03,Бытовая техника,386547066388,403726957163,1,0.296,0.019,gorenje / холодильник двухкамерный rk6191es4,"midea холодильник mdrb521mie46od, серебристый"
fold_03,Товары для животных,386547082355,137439042521,0,0.949,0.998,"не определен туалет глубокий с сеткой 36 х 25 х 9 см, жёлтый/ярко-зелёный","туалет глубокий с сеткой, ярко-зелёный/жёлтый, 36х25х9 см"
fold_03,Музыкальные инструменты,386547086353,584115577620,0,0.984,0.992,"комплект струн для акустической гитары olympia cta1152, 11-52",струны для акустической гитары olympia cta1152
fold_03,Музыкальные инструменты,386547089719,506806181309,0,0.954,0.94,elixir / 14077 nanoweb medium,струны для бас гитары elixir nanoweb bass 45-105 14077
fold_03,Детские товары,386547130548,137438974797,0,0.939,0.91,кассон / автомобиль тюльпан б + шарики 3-305,автомобиль игрушечный тюльпан б + шарики 3-305  
fold_03,Дом и сад,386547135435,498216318266,1,0.384,0.574,"без бренда электрогирлянда интерьерная праздничные шарики 20 ламп, 4 м, питание от сети 220в","электрогирлянда интерьерная нить 20 ламп, 4 м, питание от сети 220в"
fold_03,Детские товары,386547155421,807453950603,0,0.967,0.749,"nurtop / игра-викторина ""изучаем пдд"", 50 карт","игра-викторина ""изучаем пдд"", 50 карт 240528"
fold_03,Детские товары,386547191559,541165890316,0,0.922,0.868, санки тимка 5 универсал красный nika,nika / санки ника тимка 5 универсал красные т5у
fold_03,Ювелирные изделия,386547207832,824633817681,1,0.295,0.685,"sokolov, кольцо из золота с фианитами, 018011, украшение из красного золота 585 пробы","sokolov кольцо sokolov, красное золото, 585 проба, фианит, размер 19"
fold_03,Детские товары,386547214548,824633732545,1,0.394,0.76,именной держатель для пустышки/лилия,без бренда именной держатель для пустышки с грызунком/лилия
fold_03,Автотовары,386547217723,841813710174,0,0.923,0.91,подушка заднего дифференциала для mitsubishi pajero mini (h5_a) 0.7 4wd febest mmh58dm,"опора заднего дифференциала febest mmh58dm mitsubishi pajero mini h53, 58a 1998.08-"
fold_03,Дом и сад,395136993778,60129696604,1,0.377,0.341,"банные штучки бондарное изделие для бани кружка для бани, 5 л",банные штучки кружка точеная с выжигом бочонок 0.5 л 135 см 24 см 9.5 см 0.12 кг бежевый
fold_03,Ювелирные изделия,395137002895,523986130166,1,0.165,0.288,young moon jewels / серьги из серебра 925 пробы,valtera серьги ювелирные серебро родированное 925 пробы
fold_03,Музыкальные инструменты,395137013065,584115693932,1,0.273,0.743,alice aw437-sl - струны для акустической гитары,alice / aw437-m струны для акустической гитары
fold_03,Автотовары,395137021152,240518265549,1,0.394,0.065,bsg / bsgbsg30605012подшипникступицыпередне,"brembo барабан тормозной, арт. 14675510"
fold_03,Детские товары,395137034093,309237780935,0,0.942,0.877,"набор детской бамбуковой посуды ""коровка"", тарелка, миска, стакан, приборы, 5 предметов","без бренда набор детской бамбуковой посуды «коровка», тарелка, миска, стакан, приборы, 5 предметов"
fold_03,Продукты питания,395137049480,558345809376,1,0.381,0.173,"кофе молотый gutenberg черри бренди ароматизированный, 250 г",gutenberg / кофе баунти в зернах ароматизированный 250 г.
fold_03,Мебель,395137101283,240518295510,1,0.369,0.414,"стеллаж  норд номер 1, 250х300х764, белый","клик мебель стеллаж норд №1, 250х300х764, дуб сонома"
fold_03,Детские товары,395137122868,360777413793,1,0.183,0.452,"именной держатель для соски, грызунка","derzhi.gryzi / именной держатель для соски, грызунка"
fold_03,Товары для животных,395137140969,51539741432,0,0.933,0.848,"пушистое счастье ошейник для собак и кошек с фастексом «неон», 30 х 1 см","ошейник для собак и кошек с фастексом ""неон"" , 30 х 1 см"
fold_03,Товары для животных,395137140969,687194828315,0,0.948,0.972,"пушистое счастье ошейник для собак и кошек с фастексом «неон», 30 х 1 см","пушистое счастье, ошейник для собак и кошек с фастексом ""неон"" , 30 х 1 см, цвет микс"
fold_03,Бытовая техника,395137149371,712964592651,0,0.958,0.994,газовая варочная поверхность beko hiag64225sb,газовая варочная поверхность beko hiag64225sb
fold_03,Детские товары,403726930681,292057893657,1,0.278,0.234,кукла мягконабивная 28см groeg (41024),кукла lamagik мягконабивная 28см neimi (41044)
fold_03,Красота и гигиена,403726989639,429496798551,0,0.961,0.815,"modum шампунь классика красный перец, 550 мл","шампунь классика красный перец, 550 мл"
fold_03,Товары для животных,403727015679,68719562430,1,0.281,0.627,nero gold (неро голд) сухой корм для взрослых собак с ягненком и рисом (adult lamb&rice 23 10) 12 кг,nero gold / корм для взрослых собак с ягненком и рисом 18 кг
fold_03,Красота и гигиена,403727017763,481036421607,0,0.927,0.682,банная забава / мыло спа - уход для бани и сауны голубая лагуна 80 г,"мыло спа - уход для бани и сауны ""голубая лагуна"" 80 г"
fold_03,Аптека,403727048633,678604955781,0,0.98,0.907,облучатель ультрафиолетовый кварцевый оуфк-09-1,гзас им. попова / облучатель ультрафиолетовый кварцевый оуфк-09-1
fold_03,Детские товары,403727066787,369367341709,0,0.954,0.552,уютерра-детский мир / детское оружие,бластер x-force superattack gun
fold_03,Красота и гигиена,412316865921,161485,0,0.947,0.998,"some by mi / ^крем для лица beta-panthenol repair cream, 50 мл",some by mi beta panthenol repair cream восстанавливающий и успокаивающий крем для лица с пантенолом 50мл
fold_03,Продукты питания,412316868380,704374773188,0,0.937,0.888,полет / печенье полёт овсяное 300г,"печенье полет овсяное, 300г"
fold_03,Электроника,412316868627,506806229838,1,0.355,0.352,"hiwatch ds-t101 (2.8 mm), 1 мп купольная hd-tvi видеокамера с ик-подсветкой до 20м",hiwatch / камера hd-tvi 2mp dome ds-t201(b) 2.8mm
fold_03,Товары для животных,412316908539,266288000682,1,0.316,0.538,"пижон когтеточка ""пижон"" ковролиновая угловая, малая, 50 x 18 х 1,5 см, чёрная (комплект из 3 шт)","когтеточка ""пижон"" ковролиновая угловая, малая 50 x 18 х 1,5 см, бежевая"
fold_03,Продукты питания,412316931957,678604862061,1,0.373,0.287,"любятово/ крекер янтарный с солью, 204 г",крекер любятово янтарный с сыром 204 г
fold_03,Бытовая химия,412316981526,300647754225,0,0.96,0.894,"пятновыводитель dr. beckmann, офис и хобби,1 шт 50 мл",dr.beckman / пятновыводитель эксперт офис и хобби 50 мл
fold_03,Дом и сад,412316985842,326417556619,0,0.938,0.59,"поднос сервировочный lefard ""старинный прованс"", пластик, 33х33см","поднос сервировочный lefard ""старинный прованс"", пластик, 33см"
fold_03,Товары для животных,412317003712,678604897767,1,0.361,0.081,родные корма / корм для собак 100г 12 шт.,"корм родные корма (консерв.) знатные для кошек, говядина, 100 г x 12 шт"
fold_03,Продукты питания,420906832864,154618844693,1,0.295,0.759,смесь для выпечки печем дома оладьи 250 г (2 шт),"печем дома / смесь для выпечки оладьи, 250 г"
fold_03,Мебель,420906836851,352187399071,0,0.954,0.96,"стол из массива сосны solarius, классика, лакированный, цвет венге, 90х60см","solarius / стол solarius, классика, лакированный, цвет венге, 90х60см"
fold_03,Строительство и ремонт,420906858202,257698094303,1,0.277,0.67,люстра потолочная mw-light жемчуг 232017706,люстра жемчуг 232017506 хром / прозрачный
fold_03,Хобби и творчество,420906868746,781684091154,0,0.938,0.65,"пазл местечко в уэльсе , 1000 элементов",/ пазл 1000 эл.
fold_03,Бытовая техника,420906873738,764504338433,0,0.964,0.979,ресанта / радиатор масляный 1 квт до 15 кв. м. омпт-5н 67/3/2,масляный радиатор ресанта омпт- 5н 67/3/2
fold_03,Бытовая химия,420906874594,481036365072,1,0.361,0.632,агробарин / мышеловка гуманная для мышей,мышеловка гуманная серая
fold_03,Хобби и творчество,420906876007,704374658885,0,0.965,0.579,"набор для творчества ""рисуем в технике эбру"", а5 новый год +5 ёлочных украшений","школа талантов набор для творчества «рисуем в технике эбру», а5 новый год +5 ёлочных украшений"
fold_03,Музыкальные инструменты,420906891697,377957268722,0,0.967,0.94,"uspr укулеле сопрано, палисандр, poni","uspr укулеле сопрано, палисандр, poni"
fold_03,Продукты питания,420906903955,231928247148,1,0.388,0.408,"приправа дашида мясная, 1 упаковка 500 г.",планета специи / приправы и специи набор дашида со вкусом говядины
fold_03,Товары для животных,420906930581,171798765593,0,0.984,0.961,neo loo life kocho наполнитель комкующийся для туалета кошек на основе дробленой древесины хвойных деревьев (12 + 12 л),наполнитель для кошачьего туалета neo loo life kocho наполнитель комкующийся для туалета кошек на основе дробленой древесины хвойных деревьев (12 + 12 л)
fold_03,Дом и сад,420906942452,266288101358,1,0.2,0.159,без бренда фотоальбом традиционный на 30 листов 29х29 см свадебный,"фотоальбом на 200 фото 10х15 см, свадебный"
fold_03,Детские товары,429496735581,146029003892,0,0.93,0.947,конструктор трансформер-динозавр 3 в 1 42106 qman 287 дет.,qman / конструктор 42106 красный динозавр 3 в 1
fold_03,Аптека,429496741371,463856480101,1,0.117,0.359,"контактные линзы acuvue oasys 1-day with hydraluxe for astigmatism, 30 шт., r 8,5, d -1,25, cyl: -0,75, aх: 140, 1 уп.","acuvue астигматические линзы oasys 1-day with hydraluxe for astigmatism 30 линз, 30 шт., -5.75 / 8.5/-1.25/140, 1 день"
fold_03,Мебель,429496761536,120259114123,1,0.3,0.392,"лига диванов угловой диван элида левый угол, велюр, модель 108669l","лига диванов угловой диван, механизмеврокнижка,238х159х75см"
fold_03,Товары для животных,429496788870,51539726893,0,0.952,0.965,"тм atlantis plast / туалет с сеткой №1 перламутровый, 36 х 26 х 6,5 см голубой","homecat atlantis лоток с сеткой для кошек, голубой перламутр, 36 х 26 х 6.5 см"
fold_03,Обувь,429496789008,25769803839,1,0.362,0.409,сабо crocs,ambrose / сабо
fold_03,Бытовая химия,429496806737,231928305953,0,0.946,0.995,мелодия / освежители воздуха горный объем - 300 мл.,"освежитель воздуха аэрозольный 300 мл мелодия ""горный"", 601904"
fold_03,Бытовая химия,429496806737,833223691188,0,0.936,0.959,мелодия / освежители воздуха горный объем - 300 мл.,"освежитель воздуха аэрозольный 300 мл мелодия ""горный"", 601904"
fold_03,Спорт и отдых,429496858803,833223791930,1,0.234,0.227,воблер плавающий lucky john pro series basara f 04.00/302,lucky john воблер плавающий lj pro series basara f 05.60/301
fold_03,Строительство и ремонт,429496867792,300647756224,0,0.924,0.991,ресанта / лобзик электрический 650 вт электролобзик л-65/650,лобзик электрический л-65/650 ресанта
fold_03,Музыкальные инструменты,429496885142,240518260497,1,0.372,0.591,elixir струны для акустической гитары 16102 elixir,струны для акустической гитары elixir extra light (010-047) 16002 (производство сша)
fold_03,Галантерея и аксессуары,438086693880,730144538940,1,0.222,0.536,"yes stone / кулон знак зодиака, эстетичная подвеска по дате рождения.",медальон зодиак
fold_03,Музыкальные инструменты,438086718809,850403573574,1,0.254,0.157,струны для скрипки 4/4 la bella 630,"комплект струн для скрипки размером 3/4, сталь, la bella 630-3/4"
fold_03,Детские товары,438086725013,197568522642,1,0.327,0.631,хаски 3в1 мягкая игрушка + подушка с одеялом 60 см,mamchueva / мягкая игрушка-подушка с пледом внутри 160х100 собака
fold_03,Бытовая химия,438086753834,112262,1,0.311,0.653,кондиционер abc 2шт для белья розы страсти 2л,abc / кондиционер для белья смягчитель pозы страсти 2л
fold_03,Дом и сад,438086773866,695784826699,1,0.282,0.461,"штора утепленная оксфорд 600 для гаража 230х350, полог универсальный водоупорный на липучке, тент с люверсами для гаража азбука тентов цвет белый",азбука тентов / штора утепленная оксфорд 600 для гаража 250х350 на липучке
fold_03,Детские товары,438086800610,377957155326,0,0.956,0.881,"без бренда магнитный конструктор «дино», 7 деталей","конструктор магнитный дино, 7 деталей"
fold_03,Товары для животных,438086801508,618475379480,1,0.287,0.265,влажный корм для кошек nature's table кусочки в соусе с курицей 28 шт х 85 г,"nature's table / влажный корм для взрослых кошек, индейка в cоусе 28х85гр"
fold_03,Бытовая техника,438086811051,25769922408,0,0.965,0.867,духовой шкаф gorenje bop 799s51x,gorenje bop799s51x
fold_03,Строительство и ремонт,438086813527,747324389981,1,0.258,0.301,"универсальная аэрозольная эмаль color1 ""аэрозольная краска ral в баллончике"", быстросохнущая, акриловая, глянцевая, для металла, дерева, бетона, пластика, кирпича, 0.52 л, серо-зеленый ral 6031","color1 универсальная аэрозольная эмаль color1, матовая, мятно-зелёный ral 6029"
fold_03,Мебель,438086820296,214748438694,1,0.35,0.691,"лига диванов угловой диван ,244х150х85см","лига диванов угловой диван принстон правый угол, велюр, модель 110840"
fold_03,Детские товары,446676628248,489626394630,0,0.926,0.839,"автоботы. / ""внедорожник""","робот-трансформер ""внедорожник"", световые и звуковые эффекты, работает от батареек, в пакете"
fold_03,Канцелярские товары,446676655272,730144527569,0,0.988,0.975,"пенал-футляр стамм, 204 х 83 х 25 мм, пластиковый, красный металлик","стамм пенал-футляр стамм, 204 х 83 х 25 мм, пластиковый, красный металлик"
fold_03,Мебель,446676673445,360777378987,1,0.156,0.449,premial / двери-купе в проём 2550х1100мм.,"двери для гардеробных и шкафов купе, зеркальные, в проём 2550х1550мм. комплект 2шт."
fold_03,Детские товары,446676674226,446676733829,0,0.945,0.921,автоград / толокар ночной гонщик звуковые эффекты цвет белый,"толокар ночной гонщик , звуковые эффекты, цвет белый"
fold_03,Музыкальные инструменты,446676676182,704374706186,1,0.381,0.53,струны для классической гитары 136c aquila,струны для классической гитары aquila 135c
fold_03,Музыкальные инструменты,446676692730,798864065440,1,0.324,0.384,"aquila perla 37c струны для классической гитары, нормальное натяжение","aquila perla 38c струны для классической гитары, сильное натяжение"
fold_03,Обувь,446676729645,206158539298,1,0.293,0.511,полусапоги dina grata,dina grata / полусапожки натуральная кожа
fold_03,Дом и сад,446676735325,163208774709,0,0.924,0.99,"ланч-бокс foodvibes квадратный, 700 мл, ""единорог"" (4569090)","foodvibes / ланч-бокс квадратный ""единорог"" 700 мл"
fold_03,Электроника,446676736735,266288037702,1,0.344,0.56,"oem матрица, совместимый pn: n156bga-ea2 / 1366x768 (hd) / матовая",матрица (экран) для ноутбука asus pu551la-xo194g
fold_03,Красота и гигиена,455266535333,360777295401,0,0.947,0.94,"esthetic house / шампунь для волос протеиновый cp-1 bc intense nourishing shampoo version 2.0, 500 мл","esthetic house женский корейский шампунь для ежедневного использования, бессульфатный, протеиновый cp-1 bc intense nourishing version 2.0, 500 мл"
fold_03,Красота и гигиена,455266537796,60129549625,1,0.295,0.761,"шиньон на заколке краб пучок,lalita",flizilence / шиньон пучок с локонами на заколке краб
fold_03,Бытовая химия,455266539842,85899349527,1,0.317,0.182,"molecola / гель для стирки детского белья, концентрат, 3 литра","гель для стирки детского белья molecola pure sensitive для чувствительной кожи, 1,5л"
fold_03,Красота и гигиена,455266553927,575525766542,1,0.121,0.328,"ресницы be perfect чёрные мини 6 линий cc 0,10 6 мм",ресницы be perfect (би перфект) black черные mini 6 линий с 0.10 13 мм
fold_03,Обувь,455266569745,335007527762,1,0.392,0.486,"officine creative ботинки officine creative, размер 43.5, бордовый",ботинки officine creative
fold_03,Спорт и отдых,455266580813,85899376121,1,0.374,0.302,"крючки офсетные maruto, серия spin pro 1957, цвет bn, 1/0, 5 шт.","maruto крючки офсетные maruto, серия spin pro 3314, цвет bn, № 4, 5 шт."
fold_03,Музыкальные инструменты,455266585673,463856488908,1,0.366,0.182,yerasov / ls-2 loop selector педаль эффектов,yerasov ls-1 loop selector педаль эффектов
fold_03,Детские товары,455266599879,429496862809,1,0.382,0.615,"автоград джип радиоуправляемый dino, работает от батареек, цвет жёлтый","джип радиоуправляемый dino, работает от аккумулятора, цвет жёлтый"
fold_03,Хобби и творчество,455266600182,274878031387,1,0.375,0.518,"алмазная мозаика 40х50 см ""букет сакуры. дандорф о."" полная выкладка alm035","no name картина стразами ""букет сакуры"" аж-1823"
fold_03,Дом и сад,455266604627,712964697378,0,0.926,0.911,"крючок мебельный cappio uniq, двухрожковый, цвет черный","крючок мебельный cappio uniq, двухрожковый, цвет черный"
fold_03,Детские товары,455266609131,446676722686,0,0.935,0.948,"магнитный конструктор марблс , 52 детали","без бренда конструктор магнитный «марблс», 52 детали"
fold_03,Спорт и отдых,455266617465,343597477864,1,0.309,0.314,"плетеный шнур для рыбалки momoi jigline mx8 super silk 150м, 0,1мм, 7,8кг, оранжевый","momoi / плетеный шнур для рыбалки premium mx8 150м, 0,14мм, 11кг"
fold_03,Хобби и творчество,455266623914,695784787117,0,0.992,0.938,"три совы / гравюра ""дом с маяком"", с эффектом золота, а3","гравюра с эффектом золота три совы ""дом с маяком"", а3"
fold_03,Продукты питания,455266642941,532576005108,0,0.966,0.778,"напиток гхи броне ""какао"" вастэко 170 г",напиток вастэко гхи броне какао 170г
fold_03,Детские товары,455266663694,335007481088,1,0.209,0.268,"мягкая игрушка ""кролик"", цвет розовый, виды микс","без бренда мягкая игрушка «кролик», цвет голубой, виды микс"
fold_03,Обувь,463856509935,816043890597,1,0.236,0.455,босоножки milana лето,босоножки женские milana 2311941 коричневые 38 ru
fold_03,Дом и сад,463856522520,369367221500,1,0.351,0.848,"не определен мешок ""подарок от деда мороза"", атлас, с завязками, красный, 20х30 см","мешок ""с новым годом!"", елка и игрушки, красный, 20 х 30см"
fold_03,Музыкальные инструменты,463856541485,790274043875,0,0.984,0.924,пластик для барабана dadi dht10,"пластик для барабанов 10"", прозрачный dadi dht10"
fold_03,Продукты питания,463856584193,730144508242,0,0.955,0.879,"славянка. / степ десерт с печеньем, 190 г","конфеты славянка степ десерт с печеньем, 190г"
fold_03,Хобби и творчество,463856589977,352187409671,0,0.945,0.764,"/ настольная карточная игра ""мафия зоопарк","настольная игра десятое королевство ""мафия зоопарк"""
fold_03,Хобби и творчество,463856597149,266288034733,0,0.981,0.871,"пазл ""узнай себя!"", 500 элементов","hatber пазл «узнай себя!», 500 элементов"
fold_03,Строительство и ремонт,463856607900,850403547715,1,0.395,0.603,lezard / розетка тв оконечная с/у крем rain (комплект 6шт.),"розетка тв встраиваемая, кремовая"
fold_03,Продукты питания,463856621480,584115614688,1,0.373,0.113,"зефир fito forma в шоколаде низкоуглеводный без сахара пломбир, 40 г х 2 шт","fito forma, зефир в шоколаде ""лимон"", низкоуглеводный, 2 штуки по 40 грамм"
fold_03,Строительство и ремонт,463856624438,360777360838,1,0.191,0.068,"винт с потайной головой и внутренним шестигранником din 7991 нержавеющий а2 ( aisi 304 ) м5х16, 10 шт","без бренда винт с потайной головой и внутренним шестигранником din 7991 нержавеющий а2 ( aisi 304 ) м3х35, 10 шт"
fold_03,Мебель,472446408282,515396192818,1,0.06,0.336,шкаф распашной qualismebel марсель 1 1700х700х2400 дуб сонома белый гладкий,"шкаф распашной ""марсель №1"", 190х80х270 см"
fold_03,Детские товары,472446408347,652835119336,0,0.999,0.868,"iq-zabiaka / конструктор «забавные шестерёнки», работает от батареек, 53","конструктор ""забавные шестерёнки"", работает от батареек, 53 детали     "
fold_03,Одежда,472446409808,635655222160,1,0.391,0.178,hot dubai / трусы эротические стринги,"трусы брифы, плоские швы jockmail весь мир моды, 1 шт"
fold_03,Спорт и отдых,472446425808,523986056458,0,0.967,0.848,"набор рыболовных принадлежностей лучший рыбак, 13 предметов","клёвое дело / набор рыболовных принадлежностей лучший рыбак, 13 предметов"
fold_03,Строительство и ремонт,472446426352,34359839959,1,0.352,0.085,dkc выключатель автоматический модульный 1п c 10а 6ка nxb-63 (r) chint 814013,chint автоматический выключатель 1p 50а 6ка тип c
fold_03,Хобби и творчество,472446429151,747324391065,0,0.97,0.952,без бренда головоломка «танграм» с карточками (17 шт.),"головоломка ""танграм"" с карточками (17 шт.)"
fold_03,Обувь,472446429923,283467891391,1,0.291,0.523,кроссовки jordan dunk,"кроссовки nike dunk, размер 7us, бежевый"
fold_03,Красота и гигиена,472446464339,755914299584,1,0.301,0.551,"belor design / блеск для губ smart girl million kisses т.203, 4 г","блеск для губ belor design smart girl million kisses, тон: 223, 4.8г"
fold_03,Бытовая химия,472446480496,352187467797,0,0.938,0.87,"grass чистящее средство ""azelit"" казан 600 мл","чистящее средство grass azelit казан антижир, флакон, 600 мл"
fold_03,Канцелярские товары,472446503930,34359833840,0,0.985,0.97,лупа ручная круглая 10x-70мм с подсветкой (10 led) kromatech th-7015,"kromatech / лупа th-7015 ручная круглая 10х, 70 мм, с подсветкой"
fold_03,Детские товары,472446505610,163208825370,0,0.982,0.957,lego / конструктор х 19006 - сады ниндзяго сити,конструктор lego ninjago 71741 сады ниндзяго-сити
fold_03,Спорт и отдых,472446513383,146028920153,1,0.352,0.362,зрительная труба levenhuk blaze pro 70,зрительная труба levenhuk blaze pro 60
fold_03,Товары для животных,472446517072,678604851908,1,0.304,0.594,деревенские лакомства / уши кроличьи для мини-пород 15гр,деревенские лакомства уши кроличьи для мини пород собак 5 шт по 15 гр
fold_03,Аптека,472446538209,601295552108,0,0.934,0.963,очки с футляром на магните santarelli мод. 2121 цвет 6 с флагманскими линзами glance 1.56 hmc/emi +5.00 рц 64-66,очки с футляром на магните santarelli мод. 2121 цвет 6 с флагманскими линзами glance 1.56 hmc/emi +5.00 рц 64-66
fold_03,Музыкальные инструменты,481036431708,188978621809,1,0.201,0.317,"6445 комплект струн для бас-гитары, никелированные, с покрытием, 45-105, cleartone","cleartone 6440-5 комплект струн для 5-струнной бас-гитары, никелированные, с покрытием, 40-125"
fold_03,Канцелярские товары,481036461804,352187328628,1,0.339,0.504,"рюкзак на молнии, цвет розовый","не определен рюкзак детский на молнии, цвет розовый"
fold_03,Галантерея и аксессуары,489626295201,463856515983,1,0.353,0.425,tms! / сумка шоппер coach повседневная,coach сумка для ручной клади
fold_03,Галантерея и аксессуары,489626329855,128849021679,1,0.215,0.77,curren / наручные часы для мужчин,curren часы наручные кварцевые
fold_03,Галантерея и аксессуары,489626346064,77309555452,0,0.938,0.799,браслет лазурит натуральный 8 мм с дзи 1 глаз и горный пик,rukami. творческая мастерская / браслет лазурит натуральный 8 мм с дзи 1 глаз и горный пик
fold_03,Товары для животных,489626357104,764504231076,0,0.972,0.845,"green qzin / характер лакомство для собак сушеные утиные сендвичи, 750 г",лакомство green qzin характер для собак всех пород сэндвичи утиные сушеные 750 гр
fold_03,Хобби и творчество,489626368829,601295565329,1,0.366,0.445,"addi спицы, чулочные, сверхлегкие addicolibri, №3.5, 20 см. 5 шт.","спицы, чулочные, сверхлегкие addicolibri, n3.25, 20 см. 5 шт."
fold_03,Красота и гигиена,489626439099,68719605415,1,0.228,0.681,"nail club professional эмалевый красный гель-лак для ногтей, цвет классический красный 1984 ferrari testarossa, 13 мл.","nail club professional эмалевый красный гель-лак для ногтей, цвет насыщенный красно-бордовый 2012 ferrari berlinetta, 13 мл"
fold_03,Дом и сад,498216210493,609885379910,1,0.261,0.052,"доляна / салфетки на стол - 2шт, для сервировки,новый год","коврик для кухонных полок, ящиков, холодильника, 30х30 см, 1 шт"
fold_03,Бытовая химия,498216212656,403726939133,1,0.364,0.852,"без бренда краситель для ткани ""джинса"" золотисто-жёлтый, 10г","краситель для ткани ""джинса"" желто-лимонный, 10г"
fold_03,Аптека,498216221105,163208871049,1,0.13,0.256,"acuvue / 1-day acuvue moist for astigmatism -6.0 -1.75 120, 30шт",1-day acuvue moist for astigmatism (30 линз)/-6.00/-0.75/170
fold_03,Красота и гигиена,498216226494,549755889685,1,0.369,0.332,"тональный крем vivienne sabo shakefoundation, крем-флюид с натуральным блюр-эффектом, тон 01, светло-бежевый, 25 мл","vivienne sabo / тональный крем с блюр-эффектом тон 03 золотисто-беж, 25 мл"
fold_03,Продукты питания,498216235579,438086794010,1,0.311,0.521,king манго сушеное,манго сушёное натуральное 1 кг
fold_03,Ювелирные изделия,498216260117,335007460514,1,0.389,0.71,aquamarine / ювелирное кольцо,jewelry кольцо серебро 925 пробы
fold_03,Бытовая техника,498216266129,309237786197,1,0.369,0.085,sony / машинка для стрижки волос v-175,"vgr триммер для волос vgr-55, черный"
fold_03,Одежда,498216324235,575525741729,1,0.181,0.293,свитшот lanccircle,eder / толстовка плюшевая
fold_03,Галантерея и аксессуары,498216358181,300647725764,1,0.137,0.627,восток / часы наручные механические амфибия 110651,восток часы наручные механические амфибия
fold_03,Красота и гигиена,506806160760,94489355268,1,0.36,0.661,"uno база для гель лака камуфлирующая ""rose"" цветное нюд покрытие для маникюра, самовыравнивающаяся основа для ногтей, светоотражающая каучуковая мягкая, для френча, розовая, с блестками, 8 г","uno professional / каучуковая база для гель лака светоотражающая, бежевая, 8 г"
fold_03,Продукты питания,506806161043,154618961700,0,0.982,0.956,печенье посиделкино творожное с апельсиновыми цукатами 250 г,посиделкино / печенье посиделкино творожное апельсин цукаты 250 гр.
fold_03,Спорт и отдых,506806201882,627065376176,0,0.924,0.952,бинокль levenhuk karma base 8x42,levenhuk / бинокль karma base 8x42
fold_03,Бытовая техника,506806214216,292057935094,0,0.925,0.983,мясорубка gastrorag hm-12ns,мясорубка gastrorag hm-12ns
fold_03,Красота и гигиена,506806289426,678604990020,0,0.92,0.791,"сима-ленд пилка - наждак, абразивность 200/240, 18 см, фасовка 20 шт, цвет белый, 20 шт.","пилка-наждак, абразивность 200/240, 18 см, фасовка 20 шт, цвет белый"
fold_03,Хобби и творчество,506806296764,506806188366,0,0.985,0.944,"классная раскраска ""паучок и его удивительные друзья""","barantsev раскраски / раскраска ""паучок и его удивительные друзья"""
fold_03,Продукты питания,506806296790,94489367088,1,0.219,0.503,"лапша быстрого приготовления nongshim / нонгшим, 3 вкуса",nongshim / лапша бп шин рамен/кимчи nongshim в ассортименте
fold_03,Галантерея и аксессуары,515396075651,644245229089,1,0.216,0.245,noname / визитница,noname визитница
fold_03,Дом и сад,515396140069,51539668880,1,0.352,0.52,перчатки для гриля char-broil,char-broil перчатки для гриля 2 шт char broil
fold_03,Красота и гигиена,515396150424,180388678926,0,0.922,0.776,массажный стол складной алюминиевый med-mos jfal01a 2-х секционный,мед-мос / стол массажный складной алюминиевый jfal01a 2-секционный
fold_03,Бытовая техника,515396167858,395137141068,0,0.923,0.955,bbk / соковыжималка jc060-h11,"bbk соковыжималка центробежная jc060-h11, белый, оранжевый"
fold_03,Мебель,515396190730,712964690327,1,0.313,0.561,шкаф рагнар 2 цвет дуб сонома с ящиками 800-550-2100 наполнение платье/белье,без бренда шкаф торстейн 2 цвет дуб сонома с ящиками 800-520-2000 наполнение платье/белье
fold_03,Музыкальные инструменты,515396199790,661425014454,0,0.986,0.994,струны для акустической гитары ernie ball 2146,cтруны для акустической гитары ernie ball 2146
fold_03,Бытовая химия,515396200701,214748419952,1,0.356,0.462,nordland / эко средство бальзам для цветного белья 750 мл,"бальзам для стирки белого белья nordland, 750 мл"
fold_03,Строительство и ремонт,515396205838,695784751730,1,0.371,0.738,tokov electric / лампа светодиодная 12вт а60 3000к е27 176-264в tke (4шт),лампа светодиодная 12вт а60 3000к е27 176-264в .tke-a60-e27-12-3k tokov electric
fold_03,Ювелирные изделия,523986029628,721554618913,1,0.243,0.591,виноградов браслет серебро 925 пробы,виноградов / серебряный браслет 925 пробы
fold_03,Строительство и ремонт,523986043612,103079357361,0,0.96,0.961,смеситель agger brave а2321100 для ванны с душем,"agger / agger a2321100 смеситель универсальный для ванны, хром"
fold_03,Ювелирные изделия,523986051854,120259200035,1,0.349,0.655,кольцо серебряное позолоченное с жемчугом,достояние костромы / ювелирное кольцо серебро 925 с натуральным жемчугом
fold_03,Одежда,523986079020,395136991318,1,0.34,0.562,united colors of benetton / набор из 4х пар коротких носков с лого,"комплект носков united colors of benetton, 4 пары"
fold_03,Детские товары,523986090553,609885523566,0,0.973,0.917,"store-m / набор животных «звери африки», 4 фигурок","набор животных ""звери африки"", 4 фигурок, 1 набор"
fold_03,Музыкальные инструменты,532575969941,257698050298,1,0.251,0.502,"sbz300152s комплект ладов из бронзы, ширина 3.0мм, магазинная поставка, sintoms","комплект ладов из нейзильбера, ширина 2.8мм, особо твердые, магазинная поставка, sintoms 280140se.h."
fold_03,Хобби и творчество,532575983718,841813633649,1,0.385,0.728,"набор декоративных перьев ""рукоделие"", 20 шт (лимонный цвет), длина пера 13-16 см","рукоделие / набор декоративных перьев 'рукоделие', 20 шт (желтый цвет),"
fold_03,Музыкальные инструменты,532575988784,618475373056,1,0.39,0.365,комплект струн для гитары фламенко dogal maestrale nr168fb,3 басовых струны для классической гитары dogal maestrale nr168cbp
fold_03,Галантерея и аксессуары,532576051832,575525630428,1,0.384,0.463,мужские наручные водонепроницаемые amst армейские часы/темная сталь в черной шкатулке,hiking / часы наручные кварцевые хронограф
fold_03,Мебель,532576094133,292057900702,1,0.296,0.631,"интерьер-центр шкаф-купе эдем 1.5 м, без зеркал","шкаф-купе эдем 1.5 м, дуб крафт серый"
fold_03,Хобби и творчество,541165897607,481036339384,1,0.337,0.593,"трафарет пластик ""вечный календарь"", высота цифры 3 см, 22х31 см","не определен трафарет пластик ""вечный календарь"", высота цифры 4 см, 22х31 см"
fold_03,Музыкальные инструменты,541165912647,764504329366,1,0.374,0.22,"тарелка crash 18"" bosphorus 18apct antique crash thinpaper",тарелка bosphorus antique thin ride a20tr
fold_03,Бытовая химия,541165913696,214748466792,0,0.925,0.896,grass чистящее средство grill professional 600 мл,"grass / чистящее средство ""grill"" professional"
fold_03,Хобби и творчество,541165920094,661425049018,0,0.933,0.917,"не определен декор для творчества «бабочка», двухслойный, набор 12 шт, размер 1 шт. — 5 × 4 см, цвет голубой","декор для творчества ""бабочка"", двухслойный, набор 12 шт., размер 1 шт. - 5 х 4 см, цвет голубой"
fold_03,Продукты питания,541165933594,154618901595,1,0.346,0.837,сахарная картинка на торт с днем свадьбы. кондитерские украшения для торта и выпечки. съедобная бумага а4,не определен украшения для торта. сахарная картинка на торт на свадьбу. декор для выпечки
fold_03,Галантерея и аксессуары,541165939103,231928354993,1,0.348,0.471,"a-store сумка кросс-боди a-store, красный","сумка мужская через плечо, сумка кросс боди на плечо мужская, сумка нагрудная"
fold_03,Обувь,541165947562,481036349248,1,0.26,0.566,sanctions sneakers / кроссовки air force 1,кроссовки swooshstride
fold_03,Хобби и творчество,541165990892,481036481636,0,0.921,0.908,"набор для рисования светом эврики,  доска напиши и сотри, машинка","эврики / набор для рисования светом + доска напиши и сотри, машинки"
fold_03,Детские товары,541165999293,63505,1,0.372,0.182,"конструктор военная зона ""боевой транспорт. ракетная машина ""скайфайр"", 77 деталей","qman конструктор военная зона «боевой транспорт. манёвр зенитной артиллерии», 86 деталей"
fold_03,Дом и сад,541166006797,798864026010,0,0.951,0.994,"без бренда покрывало детское тачки 1,5 сп, 145х210 см, микрофибра","покрывало детское 1,5 сп, тачки, 145х210 см, микрофибра"
fold_03,Детские товары,541166020123,575525633954,0,0.924,0.97,"мягкая игрушка медведь фреди  латте, 50 см","любимая игрушка мягкая игрушка «медведь фреди» латте, 50 см"
fold_03,Аптека,541166027855,240518279903,1,0.005,0.395,amshar eyewear очки с футляром-змейка amshar мод. 8554 цвет 6 с линзами glance 1.56 hmc / emi special line +3.50 рц 60-62,очки с футляром-змейка amshar мод. 8554 цвет 6 с линзами glance 1.56 hmc / emi special line -6.50 рц 58-60
fold_03,Ювелирные изделия,549755815115,601295515070,1,0.262,0.184,"diamant цепь diamant, серебро, 925 проба, родирование, длина 45 см, средний вес 2.01 г","цепочка на шею женская, плетение ""лав"" с алмазной гранью, 55 см. цепь из серебра для девочки, девушки, женщины, серебро 925 пр."
fold_03,Автотовары,549755828327,326417606138,1,0.245,0.141,накидка на заднее автомобильное сиденье,накидка на автомобильное сидение
fold_03,Ювелирные изделия,549755840684,249108182416,1,0.288,0.851,aquamarine / ювелирная подвеска,aquamarine подвеска серебро родированное 925 пробы
fold_03,Галантерея и аксессуары,549755857878,68719502883,1,0.183,0.747,ovs-zipper / бусы на штифте 10мм,ovs-zipper бусы металл
fold_03,Спорт и отдых,549755860020,377957157970,1,0.353,0.211,воблер для рыбалки usami greengo ef58147,воблер usami greengo 80s #676
fold_03,Канцелярские товары,549755868550,687194887978,0,0.98,0.884,"подставка для книг   , neon solid, пластик, оранжевая","erichkrause / подставка для книг пластиковая neon solid, оранжевый"
fold_03,Хобби и творчество,549755869000,644245108286,1,0.399,0.364,"лак с глиттером pebeo на водной основе decocreme, 120 мл",грунт декоративный pebeo decocreme 120 мл белый
fold_03,Музыкальные инструменты,549755874452,781684090448,1,0.361,0.435,"evans b14hdd пластик для барабана evans genera hd dry, 14""","пластик для тома и малого барабана 14"" evans b14uv1"
fold_03,Музыкальные инструменты,549755877410,755914252835,1,0.302,0.212,трость для бас-кларнета rigotti gold classic rg.ccb-2.5,трость для саксофона-альт rigotti gold classic rg. csa-4
fold_03,Галантерея и аксессуары,549755887672,515396203660,1,0.251,0.111,солнцезащитные очки унисекс ray-ban rb3648 голубые,ray-ban очки солнцезащитные
fold_03,Дом и сад,549755895575,678604950949,0,0.94,0.729,gardena / насос для резервуаров 14602-55.000.00,gardena насос для резервуаров без аккумулятора 14602-55.000.00
fold_03,Детские товары,549755910993,446676630252,0,0.947,0.96,"набор цветных кубиков, ""смешарики"", 20 штук, 4х4 см 4131402","nurtop / набор цветных кубиков, ""смешарики"", 20 элементов, 4х4 см"
fold_03,Продукты питания,549755921452,816043927041,0,0.955,0.755,kurukahveci mehmet efendi / турецкий кофе в зернах mehmet efendi colombian 1000гр,турецкий кофе mehmet efendi в зернах colombian 1000 g.
fold_03,Бытовая техника,549755924497,644245164511,1,0.373,0.504,"бирюса холодильник cd 466 i, серебристый",бирюса / бирюса cd 466 bg холодильник черный
fold_03,Товары для животных,549755928504,317827640743,0,0.968,0.951,fiory / песок для птиц grit lemon лимон 1кг,fiory песок для птиц grit lemon лимон 1 кг
fold_03,Одежда,558345752714,42949779991,1,0.344,0.25,джинсы мужские h&m 0931747007 черные 34/34 (доставка из-за рубежа),джинсы h&m
fold_03,Обувь,558345771706,137439013344,1,0.33,0.388,fre gamo / туфли классические,туфли fre gamo
fold_03,Канцелярские товары,558345786427,309237767063,1,0.094,0.409,печать детства / именной штамп для одежды рабия,"именной штамп ""айлин"""
fold_03,Электроника,558345808119,360777293922,1,0.385,0.16,"зарядное устройство для ноутбука asus rog g750js-ds71, 19.5v - 9,23a, 180 вт (штекер: 5.5-2.5мм) slim","не определен зарядное устройство для ноутбука asus rog gl752vw, 19v - 6.32a, 120 вт (штекер: 5.5-2.5мм) slim"
fold_03,Мебель,558345818385,635655218939,1,0.342,0.363,"шкаф-купе 2,4 экспресс 3-х дверный 240 х 220 х 60 фотопечать на стекле №1020 пионы серый диамант",е1 шкаф-купе экспресс 3-x дв 240 x 220 x 60 фотопечать белый снег
fold_03,Автотовары,558345836338,670015032730,1,0.398,0.057,fortune perfectus fsr602 шины летние 215/60  r16 95v,шина r18 235/65 fortune perfectus fsr602 106h лето 3347030603
fold_03,Продукты питания,558345841059,42949752080,0,0.935,0.934,"чай ahmad tea earl grey черный с ароматом бергамота (2г х 25 пак), 50г",чай черный ahmad tea earl grey 25х2г
fold_03,Продукты питания,558345843380,807453959470,1,0.39,0.391,wowman / набор чай голубая матча+матэ+улун,подарочный набор wowman crazy box голубая матча (тайский синий чай)/матэ/чай улун клубника-банан
fold_03,Бытовая химия,558345848448,85899452791,0,0.926,0.828,"чистящее средство cif 500 мл, ""актив фреш"", крем ()",cif универсальный чистящий крем active fresh
fold_03,Музыкальные инструменты,558345881279,420906942016,0,0.93,0.865,"35112 мундштук для трубы, размер 12, посеребренный, bach","мундштук для трубы, размер 12, посеребренный, bach 35112lut"
fold_03,Канцелярские товары,558345882597,850403647492,0,0.934,0.961,9342 micro printy карманная оснастка для печати,trodat / карманная оснастка для печати trodat micro printy 9342
fold_03,Мебель,558345882898,566935831459,1,0.254,0.478,"стол журнальный классика из массива сосны, белая столешница 40 мм и ножки розового цвета, 140х80х46 см","solarius стол журнальный классика из массива сосны, белая столешница 40 мм и ножки розового цвета, 140х70х46 см"
fold_03,Галантерея и аксессуары,566935734446,592705604914,1,0.335,0.716,rich shop / сумка шоппер,сумка шоппер женская/ повседневная сумка шоппер
fold_03,Ювелирные изделия,566935813166,798864003652,0,0.92,0.654,ювик / кольцо каучуковое серебро 925,ювик кольцо каучук 925 пробы
fold_03,Электроника,566935818488,730144511425,1,0.14,0.015,"international rectifier транзистор irlb3036 to-220, mosfet транзистор: n-ch, 60в, 270а","транзистор bta212-800b to-220, симистор, 800в, 12а"
fold_03,Хобби и творчество,575525629804,68719552445,1,0.226,0.312,"юнландия комплект 16 шт, песок для лепки кинетический юнландия, красный, 500 г, 2 формочки, ведерко, 104992","песок для лепки кинетический юнландия, желтый, 500 г, 2 формочки, ведерко"
fold_03,Товары для животных,575525641794,412316870581,0,0.928,0.993,"ddstyle дунья догуш туалет экстра д/кошек с сеткой 49,5х36х12,5см","туалет для кошек с сеткой дунья догуш extra 49,5 36 12,5 см"
fold_03,Музыкальные инструменты,575525648084,532575984428,0,0.996,0.923,"000068uset new pst 5 universal set комплект тарелок 14""/16""/20"", paiste","комплект тарелок 14""/16""/20"" paiste 000068uset new pst 5 universal set комплект тарелок 14""/16""/20"""
fold_03,Дом и сад,575525652591,8589992637,0,0.942,0.932,"контейнер пищевой, 1 шт","альтернатива набор подносов для заморозки пельменей, 36×25×3 см, 3 шт, цвет микс"
fold_03,Бытовая химия,575525657835,128849026882,0,0.941,0.917,"kao cucute порошок для посудомоечных машин, с дезинфицирующим эффектом с ароматом грейпфрута, 900 г. (м/у)","kao cucute for dishwasher citric acid effect порошок для посудомоечных машин, с лимонной кислотой и ароматом грейпфрута, мягкая упаковка, 900г"
fold_03,Автотовары,575525675081,266288104722,1,0.392,0.085,"автомобильная краска fixpaint spray jaguar xf2, код цвета 1am, название dark sapphire, в аэрозольном баллончике 520 мл","автомобильная краска fixpaint spray jaguar xf, код цвета ljz, название lunar grey, в аэрозольном баллончике 520 мл"
fold_03,Товары для животных,575525684757,395137090188,0,0.989,0.904,"деревенские лакомства для собак «нежное пюре из мяса утки"", 4х10 гр","деревенские лакомства нежное пюре для собак из мяса утки, 10г х 4шт"
fold_03,Детские товары,575525724023,119666,0,0.943,0.689,мякиши развивающая игрушка-грелка «зайка» с вишнёвыми косточками,"развивающая игрушка - грелка с вишнёвыми косточками ""зайка"""
fold_03,Обувь,584115588284,369367330357,1,0.349,0.273,wowshoes / кроссовки спортивные джордан 4,кроссовки nike
fold_03,Хобби и творчество,584115608146,721554635278,1,0.232,0.277,"альбом для рисования а4, 16 листов на скрепке calligrata, обложка мелованная бумага 120 г/м2, внутренний блок офсет 100 г/м2","calligrata альбом для рисования а4, 24 листа на скрепке calligrata, обложка мелованный картон, внутренний блок офсет 100 г/м²"
fold_03,Детские товары,584115608288,824633818734,0,0.923,0.791,"конструктор sluban ""придорожное кафе"", серия ""розовая мечта"", 257 деталей (с фигурками) (m38-b0530)",sluban-tm / конструктор розовая мечта кафе
fold_03,Дом и сад,584115612726,635655317700,1,0.295,0.117,"не определен свеча из соевого воска в стакане с деревянным фитилем ""нежная орхидея"", 65 гр","best favors свеча ароматическая ""абрикос"", 15 см, 1 шт"
fold_03,Бытовая техника,584115626227,68719567735,1,0.292,0.072,"lg холодильник ga-b419 sdjl графит (fnf), серый","встраиваемый комбинированный холодильник, белый smeg c41941f1"
fold_03,Продукты питания,584115635474,171798830577,0,0.933,0.631,хлебцы кукурузно-рисовые dr.korner хрустящие карамельные 90 г,"dr. korner/ хлебцы хрустящие кукурузно-рисовые карамельные, 90 г"
fold_03,Мебель,584115690278,292057840515,1,0.39,0.607,тумба под раковину belbagno kraft 100 kraft-1000-2c-so-pp подвесная сосна пасадена,"тумба под раковину belbagno kraft kraft-1000-2c-so-pg 100х46 см, pietra grigio"
fold_03,Строительство и ремонт,592705519937,60129591267,1,0.2,0.347,подвесной светильник crystal lux charme charme sp4 chrome/transparent,светильник подвесной crystal lux charme sp6 chrome/transparent
fold_03,Спорт и отдых,592705531020,730144601860,1,0.381,0.026,спиннинг zetrix solver sls-862m 8-32g pe0.8-1.7,спиннинг zetrix forra frs-632sul 1.91 м 0.7-4 гр.
fold_03,Бытовая химия,592705554569,34359880036,0,0.943,0.925,"чистящее средство для стекол мистер мускул утренняя роса, с нашатырным спиртом, 500 мл",mr. muscle средство для мытья стекол и зеркал мистер мускул утренняя роса
fold_03,Галантерея и аксессуары,592705574478,687194849655,1,0.35,0.507,очки солнцезащитные,мастер к / солнцезащитные очки
fold_03,Детские товары,592705617883,283467928585,0,0.961,0.899,"грузовик радиоуправляемый фургон, полный привод 6wd, работает от аккумулятора, 1:16, цвет бежевый","не определен грузовик радиоуправляемый «фургон», полный привод 6wd, работает от аккумулятора, 1:16, цвет бежевый"
fold_03,Ювелирные изделия,601295423261,455266629659,1,0.261,0.254,"кольцо из белого золота р. 19 эстет 01к127960, фианит",эстет кольцо золото желтое 585 пробы
fold_03,Бытовая техника,601295435321,231928241925,1,0.315,0.019,холодильник aeg rcb636e8mw белый,"gorenje холодильник nrk620few4, белый"
fold_03,Музыкальные инструменты,601295437331,695784784175,1,0.206,0.035,"15147 nanoweb отдельная струна для акустической гитары, бронза 80/20, .047, elixir","nanoweb отдельная струна для акустической гитары, бронза 80/20, .042, elixir 15142"
fold_03,Спорт и отдых,601295460304,274878033253,0,0.945,0.995,"круг для плавания ""океан"", диаметр61 см, от 6-10 лет, 59242np intex","intex круг для плавания «океан», d=61 см, от 6-10 лет, цвет микс, 59242np intex"
fold_03,Бытовая химия,601295479495,506806193119,1,0.352,0.687,"sarma средство чистящее свежесть и блеск для сантехники, 750 мл , 3 шт","sarma / гель для сантехники ""лесная свежесть"", 750 мл"
fold_03,Товары для животных,601295482228,68719505072,1,0.277,0.271,"пижон, ошейник кожаный на синтепоне, безразмерный, 83 х 4,5 см, обхват шеи 20-71 см, чёрный","пижон ошейник комбинированный кожа/брезент, безразмерный, 83 х 4,5 см, ош 20-70 см, синий"
fold_03,Продукты питания,601295499703,549755952689,1,0.276,0.492,"nescafe / нескафе голд alta rica 170гр 6шт, растворимый","кофе растворимый с добавлением молотого nescafe gold origins alta rica натуральный сублимированный, 170г"
fold_03,Детские товары,601295528971,807453958453,0,0.938,0.932,"конструктор магнитный, 62 детали","конструктор магнитный, 62 детали"
fold_03,Спорт и отдых,601295535808,137439093510,0,0.923,0.997,"шапочка для плавания детская птички, тканевая, обхват 46-52 см","onlytop шапочка для плавания детская «птички», тканевая, обхват 46-52 см"
fold_03,Хобби и творчество,601295571056,790274098021,0,0.929,0.885,книга сфера с наклейками создай портрет. наклейки. создай стильный образ девочек 1,тц сфера / книга сфера создай портрет. наклейки. создай стильный образ девочек
fold_03,Музыкальные инструменты,609885378074,283467919549,1,0.303,0.116,pirastro / струны для скрипки 1/4-1/8,струна c для виолончели pirastro piranito p635400
fold_03,Мебель,609885384956,206158547843,1,0.39,0.65,bauedge комплект тумба под раковину bau dream 60 см подвесная и раковиной bau dream bd2069 цвет темно-серый бежевый белый,"тумба с раковиной и выпуском (тумба bau dream 60, графит + раковина накладная овальная bau nimb 41х33, выпуск клик-клак, черный)"
fold_03,Музыкальные инструменты,609885406641,481036421256,1,0.252,0.114,"dm8500 комплект струн для укулеле сопрано, dean markley","dean markley / комплект струн для бахо кинто, 28-78"
fold_03,Бытовая химия,609885451086,283467963260,0,0.942,0.435,"pigeon чистящее средство ""bisol"" для всего дома (с ароматом лилии) пульверизатор 500 мл /12",pigeon чистящее средство bisol для всего дома (с ароматом лилии) пульверизатор 500 мл
fold_03,Бытовая химия,609885496796,429496777686,1,0.383,0.745,"стиральный порошок ""аист - кашемир"", универсальный, для тюля и гардин, 2 штуки по 300 грамм","аист / кашемир стиральный порошок для тюля, гардин 300 гр."
fold_03,Спорт и отдых,609885520822,618475403462,0,0.948,0.997,замок для велосипеда тросовый с ключом противоугонный 180см abus 3506k/180 черный,замок abus 3506k/180 black
fold_03,Канцелярские товары,618475290719,584115663465,1,0.331,0.336,"картон белый а4, 8 листов calligrata, двойное мелование, 200 г/м2","calligrata картон белый а4, 24 листа calligrata, двойное мелование, 200 г/м2"
fold_03,Одежда,618475330953,549755929524,1,0.274,0.036,бюстгальтер lauma,бюстгальтер женский mia-amore 45k21 белый 75j
fold_03,Детские товары,618475332934,463856624959,0,0.985,0.935,"макси-пазл ""щенячий патруль"", 35 элементов","step puzzle / макси-пазлы щенячий патруль, 35 деталей"
fold_03,Ювелирные изделия,618475334285,798864066200,1,0.39,0.606,радуга... / золотой браслет 585,радуга - ювелирная фабрика браслет золотой
fold_03,Хобби и творчество,618475358740,816043865160,0,0.996,0.913,русский стиль / умные игры на липучках сосчитай-ка! 04300,настольная игра русский стиль умные игры на липучках сосчитай-ка!
fold_03,Канцелярские товары,618475364298,472446431624,1,0.349,0.094,"ежедневник а5 недатированный bruno visconti megapolis soft, белый","ежедневник недатированный а5+, 136 листов ideal new, твёрдая обложка, искусственная кожа, красный"
fold_03,Электроника,618475370632,249108224812,1,0.278,0.087,inktec / чернила для epson xp-600 / xp-605 и др.,hp тонер
fold_03,Бытовая техника,618475381624,395137010100,0,0.953,0.991,встраиваемая электрическая варочная панель krona vento 60 iv b,"krona индукционная варочная панель vento 60 iv b, слоновая кость"
fold_03,Детские товары,618475443372,8590045174,0,0.948,0.819,"набор погремушек ""сладости"" с прорезывателем, 3 шт","крошка я / набор погремушек сладости с прорезывателем, 3 шт"
fold_03,Детские товары,627065229893,206158468289,0,0.931,0.815,"без бренда конструктор техника «спорткар», коллекционная модель, 1367 деталей","конструктор теника спорткар, коллекционная модель, 1367 деталей"
fold_03,Детские товары,627065245353,438086713570,0,0.927,0.567,"milo toys мягкая игрушка «ты моё счастье», мишка, с сердечком","мягкая игрушка ""ты моё счастье"", мишка,, 17 см., с сердечком, "
fold_03,Хобби и творчество,627065301825,154618837127,0,0.923,0.84,модель сборная автомобиль kamaz-43509 kamaz-мастер 1/72,"zvezda / сборная модель 3657 kamaz-43509 ""kamaz-master"""
fold_03,Продукты питания,627065319047,274877972497,1,0.349,0.53,подарочный набор wowman crazy box чай ройбуш классический/улун медовая дыня/чай с бергамотом классический,wowman health подарочный набор wowman crazy box чай ройбуш классический/улун медовая дыня/молочный улун 1 категории
fold_03,Обувь,627065337716,704374723631,1,0.311,0.471,ботинки bottilini,bottilini / ботинки весенние
fold_03,Бытовая химия,627065343450,412316861179,0,0.924,0.756," порошок стиральный пемос ручная стирка, 350 г","пемос стиральный порошок ""пемос"", ручная стирка, 350 г"
fold_03,Бытовая химия,627065357690,549755875113,1,0.29,0.03,освежитель воздуха симфония ландыш 300 мл,освежитель воздуха симфония антитабак 300 мл
fold_03,Бытовая химия,635655202837,609885387565,0,0.936,0.731,domestos свежесть атлантики универсальное дезинфицирующее средство 1000мл,чистящее средство domestos универсальное свежесть атлантики 1 л
fold_03,Хобби и творчество,635655210916,584115691684,0,0.956,0.9,"наполнение для слайма, светится в темноте (набор 5 цветов) по 5 г","с / наполнение для слайма, светится в темноте (набор 5 цветов)"
fold_03,Электроника,635655220865,335007528201,0,0.967,0.965,nv print / картридж для лазерного принтера nv-mltd111l,nv print (схожий с samsung mlt-d111l) для xpress m2020/m2020w/m2070/m2070w/m2070fw 1800k nv-mltd111l
fold_03,Мебель,635655240616,455266584531,1,0.315,0.485,"деревянное кресло soft element снорри, раскладные подлокотники, бежевый-белый, велюр, современный стиль скандинавский лофт, для дома и дачи","деревянное кресло soft element оден, раскладные подлокотники, бежевый-белый, рогожка, современный стиль скандинавский лофт, для дома и дачи"
fold_03,Товары для животных,635655253536,790274010436,1,0.293,0.215,"сухой корм pro plan (проплан) optisavour sterilised для стерилизованных кошек и кастрированных котов, с треской и форелью, 0.4кг (400г), пакет","pro plan / pro plan sterilised для пожилых кошек, индейка, 0,4 кг"
fold_03,Спорт и отдых,635655275519,146028978580,1,0.258,0.748,воблер tsuyoki wink 110f a195,tsuyoki / воблер wink 110f #hu 14.5 гр
fold_03,Музыкальные инструменты,635655278862,214748511306,0,0.964,0.944,"soundking / bxx002-5m кабель микрофонный, xlr female/male, 5м","bxx002-5m кабель микрофонный, xlr female/male, 5м, soundking"
fold_03,Детские товары,635655282597,438086672093,0,0.965,0.957,"мягкая игрушка привидение с тыквой, цвет белый","не определен мягкая игрушка «привидение» с тыквой, цвет белый"
fold_03,Бытовая химия,635655304026,214748514248,0,0.946,0.992,"стиральный порошок losk color, автомат, 2,7 кг","losk / стиральный порошок losk автомат color 2,7 кг"
fold_03,Бытовая техника,644245105956,481036424228,0,0.944,0.928,аксион м 35.02,"мясорубка аксион м 35.02, белый"
fold_03,Ювелирные изделия,644245132979,163208854975,1,0.316,0.206,"кольцо из белого золота р. 16 sokolov 1012399-3, бриллиант","sokolov diamonds, кольцо из белого золота с бриллантом, 1012411-3, бриллиант, 585 проба"
fold_03,Одежда,644245150306,523986056869,1,0.335,0.436,корсет startovali,erohot collection / корсет и стринги gera черный m
fold_03,Хобби и творчество,644245177543,377957233896,1,0.221,0.003,машинка hot wheels fpy86-hcj89 premium car culture металлическая 94 bugatti eb110,"автомобиль 2017 ford gt, revell, 07678"
fold_03,Одежда,644245191266,163208771477,1,0.156,0.237,"костюм nsd-style , размер 54 , синий",комплект одежды eco foff
fold_03,Электроника,644245201249,704374649348,0,0.943,0.823,"svs audiotechnik трансляционный громкоговоритель paf-6, 40 вт, черный",акустика всепогодная трансляционная svs audiotechnik paf-6b pro
fold_03,Строительство и ремонт,644245204489,25769882551,1,0.339,0.241,светильник подвесной в стиле лофт для дома и улицы,не определен светильник подвесной с защитной решеткой для террариума
fold_03,Бытовая химия,644245207397,687194862692,1,0.346,0.56,"dosia / стиральный порошок optima, альпийская свежесть, 400 г",порошок стиральный dosia automat альпийская свежесть 400гр 2 шт
fold_03,Товары для животных,644245208720,807453867693,0,0.934,0.884,корм для средних попугаев основной 1кг rio,rio / корм для средних попугаев основной рацион 1 кг
fold_03,Товары для животных,644245233619,730144547361,0,0.995,0.978,"пижон щётка - пуходёрка для среднешерстных животных, с каплями, 85 х 46 мм, черная","щётка - пуходёрка для среднешерстных животных, с каплями, 85 х 46 мм, черная, 1 шт."
fold_03,Автотовары,644245248124,549755823095,1,0.38,0.0,автомобильная шина michelin x-ice snow suv 285/35 r21 105h зимняя,michelin x-ice snow suv шины зимние 265/70  r16 112t нешипованные
fold_03,Бытовая техника,652835044896,850403626459,0,0.957,0.964,масляный радиатор ом- 5н (1 квт) ресанта 67/3/6,масляный радиатор ом-5н (1 квт) ресанта
fold_03,Продукты питания,652835065967,481036337863,0,0.921,0.917,"кофе молотый lavazza qualita oro, 250 г","/ кофе молотый ""qualita oro"", 250г"
fold_03,Дом и сад,652835071217,85899362583,0,0.953,0.89,скважинный насос вихрь сн-50н 68/3/2,насос скважинный вихрь сн-50н
fold_03,Электроника,652835090471,231928263814,1,0.275,0.188,"apple смартфон iphone 15 plus dual sim 6/256 гб, черный","смартфон apple iphone 15 256 гб, dual nano sim, черный"
fold_03,Ювелирные изделия,652835101996,738734449172,1,0.38,0.264,"sokolov, обручальное кольцо из желтого золота , 4 мм, 110200-2, 585 проба",кольцо обручальное из красного золота р. 16 sokolov 110225
fold_03,Обувь,652835114250,455266628040,1,0.32,0.684,полусапоги gifanni,rio fiore / ботинки зимние натуральная замша
fold_03,Дом и сад,652835126738,94489427301,0,0.987,0.983,"картридж сменный zein ps-10sl, полипропиленовая нить, 25 мкм","картридж сменный zein ps-10sl, полипропиленовая нить, 25 мкм"
fold_03,Галантерея и аксессуары,661424965591,420906850030,1,0.393,0.657,coach c / сумка,coach сумка на плечо багет
fold_03,Ювелирные изделия,661425019943,506806279724,1,0.361,0.847,серьги ювелирные серебро 925 пробы,"не определен серьги серебро, 925 проба, фианит"
fold_03,Музыкальные инструменты,661425043681,566935776500,0,0.932,0.984,alice a007d/bk-a - каподастр для акустической гитары,alice / каподастр для гитары alice a007d/bk-a черный
fold_03,Обувь,661425073332,266288098414,1,0.237,0.366,дутики aurorastar,дутики aurorastar
fold_03,Хобби и творчество,661425084198,601295539914,0,0.995,0.91,"слайм ""стекло"" с фиолетовыми крупными блёстками",лепа слайм «стекло» с фиолетовыми крупными блёстками
fold_03,Одежда,661425111822,223338302248,1,0.386,0.589,"колготки golden lady, 20 den","golden lady / колготки женские ciao 20 den, классические"
fold_03,Одежда,670014913839,463856594105,1,0.299,0.367,рубашка shuklin,рубашка женская buffoon 133 голубая 42 ru
fold_03,Одежда,670014951880,566935785012,1,0.337,0.583,"футболка smail-p сержант пес показывает палец вверх указательный и надпись армейская мудрость, размер m, белый",футболка smail-paj
fold_03,Одежда,670014959055,755914253057,1,0.338,0.364,комплект одежды cherry-93 oversize,tmd_store / костюм спортивный летний футболка и шорты
fold_03,Товары для животных,670014961376,92661,1,0.292,0.469,"сухой корм для собак canin satiety ssd30, для снижения веса 1 уп. х 2 шт. х 1.5 кг (для мелких и карликовых пород)",сухой корм royal canin satiety weight management small dog s для взрослых собак маленьких пород контроль веса (3 кг)
fold_03,Ювелирные изделия,670014979723,34359810664,1,0.301,0.511,"poemiq браслет серебряный 925, полновесный, позолоченный, плетение ромб двойной с алмазной гранью, женский, детский","poemiq / браслет серебро позолоченное 925 проба, плетение сингапур"
fold_03,Бытовая химия,670014987893,8590017820,0,0.961,0.881,"mr.proper / универсальное моющее средство для полов и стен, лимон 1,5 л","моющее средство mr. proper для полов и стен лимон 1,5 л"
fold_03,Электроника,670015008863,816043910301,0,0.986,0.994,медиаконвертер d-link dmc-f20sc-bxu/b1a,d-link медиаконвертер dmc-f20sc-bxu/b1a
fold_03,Одежда,670015014667,360777342836,1,0.354,0.617,"боди little world of alena, 1 шт",little world of alena / боди для новорожденных с длинным рукавом на кнопках
fold_03,Бытовая техника,670015034035,609885439790,1,0.367,0.187,"hotpoint холодильник hs 4200 w, белый","бирюса / холодильник двухкамерный бирюса б-151, белый"
fold_03,Товары для животных,678604841781,704374788575,1,0.385,0.262,purina one / purina one корм сух для котят курица/цел злаки 750г,"корм purina one для котят, с курицей и цельными злаками, 200 г"
fold_03,Детские товары,678604915359,781684118229,0,0.985,0.947,"конструктор магнитный ""магический магнит"", 55 деталей","nobrand конструктор магнитный «магический магнит», 55 деталей"
fold_03,Хобби и творчество,678604925190,137439067718,0,0.928,0.975,"эврики микроскоп «юный исследователь», 7 предметов, кратность увеличения 100, 200, 300","микроскоп для детей (школьный), ""юный исследователь"", 7 предметов, кратность увеличения 100, 200, 300"
fold_03,Хобби и творчество,678604950244,8589997493,1,0.394,0.701,"изолон для творчества изумрудный 2 мм, рулон 0,75х10 м","без бренда изолон для творчества травяной 2 мм, рулон 0,75х10 м"
fold_03,Музыкальные инструменты,678604979070,687194896179,1,0.148,0.32,"акустическая гитара, с чехлом, матовая, parkwood pw-410-ns","sire a4 (ds) nt электроакустическая гитара, цвет натуральный"
fold_03,Детские товары,678604987318,223338375253,0,0.981,0.842,cobi / конструктор стремительный странник 1179 дет,конструктор стремительный странник 1179 деталей
fold_03,Хобби и творчество,687194794201,274877976663,0,0.926,0.952,настольная игра новогодний лабиринт,"настольная игра ""новогодний лабиринт"""
fold_03,Детские товары,687194796510,142708,0,0.931,0.936,"крошка я / книжка для ванной ""транспорт би-бип""",книжка для ванны транспорт би-бип
fold_03,Музыкальные инструменты,687194804208,146028924668,1,0.282,0.536,"электроакустическая гитара, дредноут с вырезом, с чехлом, глянец, parkwood s26-gt","ga48-nat электро-акустическая гитара, цвет натуральный, с чехлом, parkwood"
fold_03,Бытовая химия,687194812758,223338323269,1,0.367,0.575,master fresh экологичное средство для мытья посуды 500 мл,"master fresh экологичное средство для мытья посуды, 0.5 л, 3 уп."
fold_03,Хобби и творчество,687194835114,438086804006,0,0.938,0.534,похожая на цветок / головоломки,тетрис весёлый праздник
fold_03,Строительство и ремонт,687194838765,352187334101,0,0.928,0.742,"без тм / петля накладная стальная пн-110, цвет белый, левая, 110мм ( 37651-110l )","петля накладная стальная пн-110, цвет белый, левая, 110 мм"
fold_03,Музыкальные инструменты,687194839185,85899464069,1,0.282,0.191,"струны daddario nynw063, в оплетке - (63)",струна для электрогитары 17 - d'addario nynw017
fold_03,Галантерея и аксессуары,687194843461,85899434305,1,0.382,0.561,российские механические наручные часы восток командирские 431307 вдв,восток / часы восток командирские 811307
fold_03,Мебель,687194862229,670015044974,1,0.297,0.585,"лига диванов п-образный диван эмир, велюр фиолетовый и черный","лига диванов прямой диван, механизм еврокнижка, 315х150х85 см"
fold_03,Мебель,687194907291,506806179276,1,0.361,0.533,глазов-мебель шкаф-витрина глазов шерлок дуб сонома левая,шкаф-витрина глостер дуб сонома левая
fold_03,Ювелирные изделия,687194907373,738734417672,1,0.29,0.644,кольцо дорожка с россыпью фианитов из серебра 925,лепта / кольцо серебряное 925 с покрытием золото 585
fold_03,Красота и гигиена,687194925062,584115676757,1,0.355,0.61,l'oreal paris / бальзам против ломкости ультра прочность 200 мл,"бальзам для волос l'oreal paris elseve ультра прочность укрепляющий для слабых склонных к выпадению волос, 200 мл, 2 шт"
fold_03,Обувь,695784712369,850403602303,1,0.35,0.326,кроссовки new balance,ziozor / кроссовки
fold_03,Музыкальные инструменты,695784712470,549755933784,1,0.292,0.54,акустическая гитара fg5,yamaha акустическая гитара 2v2ck7
fold_03,Электроника,695784717076,146029028818,1,0.314,0.455,системный блок bonuspk 3735707,"bonuspk системный блок компьютер bonuspk o3735743 (intel core i7-12700 (2.1 ггц), ram 32 гб, ssd 1000 гб, hdd 1000 гб, intel gma, без ос), черный"
fold_03,Продукты питания,695784724307,240518193676,0,0.929,0.988,конфеты feletti momenti del cuore из молочного шоколада с начинкой пралине 300 г, momenti del cuore набор конфет из молочного шоколада  с начинкой пралине feletti  300 г 
fold_03,Спорт и отдых,695784735015,274877932463,1,0.215,0.388,доска с гвоздями садху для йоги / овал / знаки зодиака / лев - 1459 / венге,сила души и тела доска с гвоздями садху для йоги / овал / знаки зодиака / близнецы - 1450 / венге
fold_03,Товары для животных,695784759783,515396166588,0,0.959,0.925,almo nature / для взрослых собак малых пород с лососем 2 кг,"сухой корм almo nature для собак малых пород с лососем, 2 кг"
fold_03,Дом и сад,695784776465,68719588794,0,0.98,0.84,"хорошие сувениры копилка ""боксерская перчатка"" красное золото, 15х12х24см","china копилка для денегх24 см, 1 шт"
fold_03,Мебель,695784777490,94489434217,1,0.346,0.678,"стол кухонный классика с квадратной столешницей цвета антрацит из массива сосны 40 мм и белыми ножками, 70х70х75 см","solarius стол кухонный классика с квадратной столешницей цвета антрацит из массива сосны 40 мм и белыми ножками, 75х75х75 см"
fold_03,Одежда,695784782953,721554582295,1,0.211,0.43,куртка,куртка мужская весна осень демисезон
fold_03,Строительство и ремонт,695784816160,841813719677,1,0.293,0.243,schneider electric авдт со встр. защ. от сверхтоков 1p+n 20а 30ма ac с диф-101. 15158dek dekraft (5шт.),dekraft дифференциальный автомат 2p 32а
fold_03,Бытовая техника,695784842944,352187436078,0,0.929,0.708,"тепловентилятор спиральный электрический equation с механическим термостатом, 2000 вт","тепловентилятор спиральный электрический equation с механическим термостатом, 2000 вт"
fold_03,Хобби и творчество,695784870944,395137102358,1,0.373,0.872,"декор для творчества пластиковый ""половинки бусин. красный перламутр"" d 3-10 мм, набор 10 гр","не определен декоративные элементы кнр ""половинки бусин, малиновый перламутр"", пластик, d 3-10 мм, 10 гр"
fold_03,Галантерея и аксессуары,695784871373,816043878431,1,0.357,0.426,"папка для документов, 4 комплекта, цвет голубой","папка для документов, 2 комплекта, цвет голубой"
fold_03,Продукты питания,704374637910,721554521790,1,0.338,0.684,printort / вафельная картинка для торта мальчику 8 лет с днем рождения,"сахарная картинка на торт мальчику сыну 13 лет, съедобная картинка, украшение для торта и выпечки"
fold_03,Строительство и ремонт,704374666429,51539664948,0,0.947,0.962,p.i.t. / электрофен phg2000-c,фен технический p.i.t. мастер phg2000-c
fold_03,Продукты питания,704374727803,549755928728,0,0.959,0.844,соус mivimex перцовый 200 г,соус mivimex перцовый 200 г
fold_03,Красота и гигиена,704374750266,412316916459,1,0.354,0.379,"purobio / консилер жидкий sublime тон 02, 4,5 мл.","purobio консилер жидкий sublime 01, 4,5 мл."
fold_03,Детские товары,712964586224,360777362607,0,0.984,0.92,"микроскоп детский""юный ученый"" кратность х100, х400, х1200, подсветка, цвет жёлтый","без бренда микроскоп детский «юный ученый» кратность х100, х400, х1200, подсветка, цвет жёлтый"
fold_03,Строительство и ремонт,712964599731,833223781094,1,0.361,0.722,раковина для ванной wellsee cerulean в наборе 9 в 1 201006774,"раковина для ванной wellsee cerulean 201006754 в наборе 9 в 1: раковина белого глянцевого цвета, смеситель, сифон, выпуск, угловые вентили, аксессуары (цвет набора розовое золото)"
fold_03,Продукты питания,712964621887,103079344840,1,0.354,0.307,мини-сушки семейка озби простые 150 г,"мини-сушки семейка озби, с ванилью, 150 г"
fold_03,Спорт и отдых,712964622316,326417613102,1,0.351,0.268,"груз пуля разборная ""яман"" (20 шт.) - 20 гр.","/ груз пуля разборная 'яман', 32 г, 10 шт."
fold_03,Продукты питания,712964627192,472446430847,1,0.182,0.332,"чай листовой shennun, черный с чабрецом, 100 грамм","shennun / чай зеленый shennun с клубникой, 100г, китай."
fold_03,Спорт и отдых,712964677675,257698167976,1,0.34,0.202,"замок навесной велосипедный, 8 x 650 мм, английский ключ с пластиковой ручкой","lockland замок навесной велосипедный lockland, 10х1000 мм, перфорированный ключ с пластиковой ручкой"
fold_03,Хобби и творчество,712964730574,369367193269,0,0.953,0.977,"краситель выдумщики синтетический жидкий, зеленый, 15 г","выдумщики.ru краситель синтетический жидкий, зелёный, 15 г"
fold_03,Бытовая техника,721554540839,25769936871,1,0.38,0.136,утюг kelli kl-1621,утюг kelli kl-1627
fold_03,Музыкальные инструменты,721554552823,704374722046,1,0.3,0.285,d'addario nw042 - струна одиночная для электрогитары,d'addario / sxl105 xl nickel wound 105
fold_03,Спорт и отдых,721554563804,755914376494,0,0.972,0.853,"детская игровая палатка-домик, для дома и улицы, голубая, 130*100*130 см",сималенд / палатка детская игровая/домик/голубой/130х100х130 см
fold_03,Ювелирные изделия,721554569384,730144600405,1,0.297,0.438,diamant серьги ювелирные золото желтое 585 пробы,diamant / серьги кольца золотые 585 пробы ювелирные 10 мм
fold_03,Бытовая техника,721554591913,609885369561,0,0.964,0.858,масло синтетическое errecom pag100 (1л) (ol6003.k.p2),масло холодильное компрессорное pag-100 errecom арт. ol6003. k. p2 (1 л)
fold_03,Бытовая химия,721554595722,77309541424,1,0.4,0.808,gardex baby бальзам после укусов для детей 7 мл 4 уп.,gardex baby детский бальзам после укусов комаров/ гардекс беби/после укусов насекомых для детей от 1 года
fold_03,Детские товары,721554625036,68719544303,0,0.976,0.928,юла карусель зефир,стеллар / юла-карусель зефир
fold_03,Бытовая техника,721554635294,103079229725,0,0.98,0.789,гайка для посудомоечной машины zigmund-shtain   верхнего импеллера 144315,нет бренда / гайка для посудомоечной машины ariston 144315
fold_03,Красота и гигиена,721554659077,781684122691,0,0.925,0.869,"распродажа косметики / пилинг the ordinary aha 30% + bha 2% peeling solution, 30 мл","the ordinary кислотный пилинг aha 30% plus bha 2% peeling solution, 30 ml"
fold_03,Дом и сад,730144442005,687194854276,0,0.994,0.948,"пинцет для удаления костей из рыбы ""премиум"", 12 х 3 х 1.5 см","теропром пинцет для удаления костей из рыбы ""премиум"", 12 х 3 х 1.5 см"
fold_03,Автотовары,730144448530,833223712204,0,0.994,0.985,js asakashi фильтр топливный арт. fs21005,js asakashi / топливный фильтр js fs21005
fold_03,Одежда,730144455124,85899377074,1,0.185,0.318,le_bustelle / боди кружевное прозрачное с вырезом утягивающее,эротическое белье toltolq женское здоровье (журнал)
fold_03,Детские товары,730144474017,472446439614,0,0.977,0.977,азбукварик / мультиплеер музыкальный хит-парад с огоньками,музыкальная игрушка азбукварик мультиплеер с огоньками музыкальный хит-парад
fold_03,Товары для животных,730144487415,42949712834,0,0.945,0.893,"мнямс / лакомства тренировочные для собак ""косточки"" с ягненком 90г",лакомства для собак косточки с ягненком мнямс 90 г
fold_03,Хобби и творчество,730144487730,506806233693,0,0.97,0.819,"магнитная головоломка по системе раннего развития никитина, 5 деталей","мега тойс магнитная головоломка по системе раннего развития никитина, 5 деталей"
fold_03,Ювелирные изделия,730144491541,721554527244,1,0.159,0.519,talant / колье из серебра 925 пробы,talant колье ювелирное фианит
fold_03,Музыкальные инструменты,730144502494,687194811076,1,0.262,0.514,"dunlop ag-phb 10-46 комплект струн для акустической, гитары фосфорная бронза","dunlop dap1048 комплект струн для акустической гитары, extra light, 10-48"
fold_03,Товары для животных,730144520500,798863957913,0,0.942,0.592,"корм royal canin для взрослого французского бульдога с 12 месяцев, 3 кг","корм для собак canin bulldog adult (французский будьдог эдалт) корм сухой для взрослых собак породы бульдог от 12 месяцев, 3 кг"
fold_03,Детские товары,730144531989,575525642450,0,0.968,0.897,"kangaeru / кукла-модель с комплектом одежды ""ксения. студия моды""","кукла-модель с комплектом одежды ""ксения. студия моды"", шарнирная"
fold_03,Детские товары,730144539112,68719479974,0,0.965,0.997,"автоград джип радиоуправляемый «бигфут», 1:20, работает от аккумулятора, цвет чёрно-красный","джип радиоуправляемый бигфут, 1:20, работает от аккумулятора, цвет чёрно-красный"
fold_03,Хобби и творчество,730144552058,214748435963,1,0.206,0.323,"спицы concept by katia cube №3,25, 100 см металлические круговые супергладкие c квадратным кончиком ","concept by katia / спицы металлические круговые супергладкие c квадратным кончиком concept by katia cube №3,75, 100 см"
fold_03,Дом и сад,730144608480,833223681531,0,0.942,0.625,"дорого внимание камни для виски в деревянной шкатулке ""мужик 100%"", 4 шт","камни для виски в деревянной шкатулке ""мужик 100%"", 4 шт"
fold_03,Спорт и отдых,730144609589,575525729735,1,0.365,0.984,"воблер grows culture trigon tn50 52мм, 11,2гр. раттлин / цвет #33/на щуку, окуня, судака","grows culture / воблер trigon tn50 52мм, 11,2гр. раттлин"
fold_03,Хобби и творчество,738734386828,188978717497,0,0.969,0.887,"кружево вязаное, 45 мм * 10 м, цвет кипенно-белый","арт узор кружево вязаное, 45 мм × 10 ± 1 м, цвет кипенно-белый"
fold_03,Товары для животных,738734400799,395137000177,0,0.991,0.798,"reflex сухой корм plus adult cat food сhossy salmon, для привередливых кошек с лососем, 1,5 кг","сухой корм для кошек reflex plus adult cat food сhossy,для привередливых, лосось, 1,5 кг"
fold_03,Спорт и отдых,738734449250,42949688632,0,0.953,0.934,"воблер usami green go 80s (тонущий, 80мм, 17,6гр, 5м), цвет 663","usami / воблер greengo 80s (17,6g.) 663"
fold_03,Бытовая техника,738734452555,850403623182,1,0.267,0.302,"иглы для швейной машины arti для трикотажа, №75, 5 шт",arti / иглы для швейной машины №90-130 для трикотажа 10 шт
fold_03,Одежда,738734490307,163208766828,1,0.314,0.439,куртка the north face m 1996 retro nuptse jacket,tnf / куртка the north face 700
fold_03,Хобби и творчество,738734496015,42949797429,0,0.936,0.776,"развивающий набор с играми ""посылка от деда мороза"" / 9824273",школа талантов развивающий набор с играми «посылка от деда мороза»
fold_03,Дом и сад,738734514901,721554552633,1,0.293,0.371,чайник заварочный cmielow rococo 550 мл фарфоровый 75276,"чайник 1,1л"
fold_03,Мебель,738734526490,618475375764,1,0.337,0.426,кресло chairman 950 lt экопремиум серый,офисное кресло chairman 950 lt россия экопремиум черный
fold_03,Дом и сад,747324332297,841813721484,0,0.922,0.909,"без бренда фоторамка пластик ""gallery"" 20х30 см белый (пластиковый экран)","фоторамка пластик gallery 20х30 см, 641761 белый (пластиковый экран)"
fold_03,Спорт и отдых,747324338956,609885392743,0,0.958,0.982,"круг для плавания водоворот d 91 см, от 9 лет, цвета микс, 59256np intex","intex круг для плавания «водоворот», d=91 см, от 9 лет, цвет микс, 59256np intex"
fold_03,Галантерея и аксессуары,747324365558,498216332704,1,0.358,0.36,mrroto classic рюкзак,rafl комплект школьный с рюкзаком
fold_03,Строительство и ремонт,747324366086,841813649896,1,0.389,0.335,светильник подвесной divinare 5875/51 sp-20 campo,подвесной светильник divinare campo 5875/51 sp-15
fold_03,Строительство и ремонт,747324421032,94489333518,0,0.952,0.984,потолочный светодиодный светильник lightstar urbano 214992,lightstar / светильник потолочный lightstar 214992
fold_03,Бытовая техника,747324451513,644245184706,0,0.93,0.937,водонагреватель накопительный вн-10н ресанта,ресанта / водонагреватель накопительный ресанта вн-10н (10 литров)
fold_03,Галантерея и аксессуары,747324454085,498216339521,1,0.349,0.398,ryra сумка на плечо багет,blimso / клатч багет
fold_03,Электроника,747324460852,223338385917,1,0.331,0.494,"умные часы pro-3x-pro, 46mm, черный",huawei / смарт часы / gt x3 pro
fold_03,Хобби и творчество,755914270642,154618896354,0,0.951,0.692,/ наклейки для творчества,"наклейки для творчества ""цветы и грибы"" набор 46 шт 6х4х1,1 см"
fold_03,Продукты питания,755914272051,403727063141,0,0.924,0.93,фиточай в фильтр пакетах 20 шт./ травяной сбор иван-чая листья,"не определен травяной сбор «иван-чая листья», фильтр-пакет, 20 шт."
fold_03,Строительство и ремонт,755914278236,584115703984,0,0.977,0.849,"кувалда, фибергласовая рукоятка вихрь к3ф 73/6/1/6",кувалда вихрь к3ф фиберглассовая рукоятка
fold_03,Канцелярские товары,755914290755,721554508891,1,0.297,0.296,этикетки самоклеящиеся promega label 18х12 мм/230шт. на листе а4 100 листов в упаковке,"этикетки самоклеящиеся promega label серебристые, 45,7x21,2мм,48шт на лис а"
fold_03,Бытовая химия,755914297770,412316981526,0,0.937,0.756,dr beckmann / пятновыводитель офис и хобби,"пятновыводитель dr. beckmann, офис и хобби,1 шт 50 мл"
fold_03,Бытовая техника,755914314137,111669290191,1,0.288,0.168,"""трубка силиконовая (внутренний диаметр 9мм, толщина стенки 1,5мм, длина 3 метра)""","без бренда трубка (шланг) силиконовая (внутренний диаметр 8мм, толщина стенки 1мм, длина 5 метров)"
fold_03,Канцелярские товары,755914380363,824633752900,0,0.948,0.856,"карандаши цветные пифагор ""котик"", пластиковые, классические заточенные, 12 упаковок по 12 штук","карандаш карандаши цветные пифагор ""котик"", 12 цветов, пластиковые, классические заточенные, 181340, 12 упаковок"
fold_03,Галантерея и аксессуары,764504183478,377957146836,1,0.373,0.721,coudy / сумка женская через плечо повседневный кросс боди черная,lee-bags сумка на плечо кросс-боди
fold_03,Строительство и ремонт,764504192591,94489320185,0,0.951,0.932,душевая кабина river dunay 110/80/24 mt r,душевая кабина river dunay 110/80/24 мт r
fold_03,Хобби и творчество,764504200584,274877986784,0,0.987,0.925,эврики / набор для опытов живой брелок,"эврики, набор для опытов ""живой брелок"""
fold_03,Спорт и отдых,764504252495,730144515823,1,0.389,0.125,ninebot by segway / электросамокат ninebot kickscooter f25e,acer электросамокат aes103
fold_03,Хобби и творчество,764504267977,257698145490,0,0.991,0.972,"доляна молд «лепесток яблони», 2 части, 5,1×3,8 см, цвет микс","молд ""лепесток яблони"", 2 части, 5,1x3,8 см / 2581352"
fold_03,Обувь,764504311479,335007458766,1,0.327,0.268,"не определен туфли , размер 39, коричневый",туфли broadway
fold_03,Товары для животных,773094142203,515396148637,0,0.927,0.9,"primordial / primordial сухой корм для собак с форелью и уткой, 2кг",primordial сухой корм для собак мелких пород беззерновой форель утка 2кг
fold_03,Детские товары,773094163034,747324332912,1,0.3,0.088,"rastar машина р/у 1:18 ferrari f12, цвет серябряный, светящиеся фары, 25.2*12.7*7см",машинка металлическая bburago ferrari roma 1:24 18-26029
fold_03,Продукты питания,773094178730,171798705856,0,0.938,0.951,"чай althaus deli packs english breakfast 20 пакx1,75гр/уп","althaus / чай в пакетиках подарочный english breakfast 20*1,75"
fold_03,Продукты питания,773094230450,635655312511,1,0.335,0.564,"вафельная картинка для торта ""прикол джек воробей еб-шки воробушки 35 лет"" декор для торта и выпечки",printort / сахарная картинка на торт с днем рождения джек воробей 35
fold_03,Ювелирные изделия,781684062397,532575984525,1,0.34,0.379,серьги из красного золота adamas 2200385/01-а507-01,золото дисконт серьги ювелирные золото красное 585 пробы
fold_03,Бытовая химия,781684073065,644245181759,0,0.921,0.819,"tide стиральный порошок color (автомат), 3 кг.",tide / стиральный порошок тайд color 3 кг
fold_03,Бытовая техника,781684091755,240518177026,1,0.37,0.08,axioma бытовой кондиционер axioma asx09d1z1r/asb09d1z1r белый,"сплит-система daichi (mts) cloud beta b25avq1_unl/b25fv1_unl (25 кв.м.) облачный, безлимитная подписка на весь срок службы сплит-системы"
fold_03,Обувь,781684122076,532575972954,1,0.121,0.267,bulvar / кроссовки,кроссовки bul`var
fold_03,Музыкальные инструменты,781684130826,420906913156,0,0.954,0.633,"keiki укулеле сопранино, синий, ortega k1-bl","ortega / k1-bl keiki укулеле сопранино, синий"
fold_03,Ювелирные изделия,781684159598,17179958761,1,0.21,0.217,"sokolov подвеска sokolov, красное золото, 585 проба, фианит",подвеска золото красное 375 пробы
fold_03,Товары для животных,781684173618,618475362785,1,0.238,0.758,"чика пшеница корм для птиц и грызунов 400гр, 2 упаковки","чика / чика пшеница, 400гр"
fold_03,Спорт и отдых,781684184353,438086775714,1,0.261,0.027,"велосипед stinger 26"" laguna evo se алюминий",blackaqua велосипед black aqua cross 1221 v 20 (лайм) 2022 г
fold_03,Детские товары,781684184699,197568613028,0,0.943,0.782,конструктор lego icons 10295 porsche 911,lego / конструктор porsche 911 коллекционная
fold_03,Товары для животных,781684188458,403726927029,1,0.198,0.528,"корм brit premium by nature adult (консерв.) для кошек, телятина со сливками, 100 г x 12 шт","brit premium by nature корм консервированный с мясом телятины со сливками для кошек, 100гр, 9 штук"
fold_03,Одежда,781684190727,670014929037,1,0.398,0.375,костюм sladikmladik,комплект одежды sladikmladik
fold_03,Галантерея и аксессуары,790273995998,377957241586,1,0.057,0.289,polaroid очки солнцезащитные glasses-polaroid-men,polaroid / солнцезащитные очки
fold_03,Бытовая химия,790274000171,798863925074,0,0.932,0.813,"fairy platinum капсулы для посудомоечной машины, plus, лимон, 50 шт",fairy / fairy platinum plus для пмм лимон 50 шт
fold_03,Электроника,790274052768,738734513465,1,0.31,0.204,120w.ru / зарядное устройство для dell p66g,зарядное устройство для hp spectre x360 13-ac001ur блок питания зарядка адаптер для ноутбука
fold_03,Хобби и творчество,790274061902,515396159039,1,0.132,0.23,000 - art- набор для вышивания картины / вышивка китайским бисером.пристань 24*30 см,"алмазная мозаика на подрамнике пристань, картина диамант, 43,7х35см"
fold_03,Бытовая химия,790274093111,532576042338,0,0.927,0.986,"pigeon corporation / кондиционер для белья 200 мл, flower festival","кондиционер-антистатик для белья pigeon ""spray flower festival"", 200 мл"
fold_03,Мебель,790274101544,730144459425,1,0.303,0.631,"тумба с раковиной runo мальта 85, черный дуб, ovale 50 (овал) со смесителем","тумба с раковиной runo мальта 85, черный дуб, подвесная, раковина nuovo 51*40 со смесителем"
fold_03,Галантерея и аксессуары,790274116171,395137055986,1,0.366,0.524,mi / рюкзак xiaomi mi mini backpack dark grey,рюкзак xiaomi mi casual daypack черный zjb4143gl
fold_03,Бытовая техника,790274120386,257698108779,1,0.198,0.002,микроволновая печь beko mgf23330w white,ctv / монитор видеодомофона белый ctv-m1701s
fold_03,Продукты питания,790274129180,584115566359,0,0.944,0.91,"яшкино яшкино, вафли с какао, шоколадные,3 шт по 200 г","яшкино вафли шоколадные, 200 г, 3 уп"
fold_03,Продукты питания,798863918852,300647760446,1,0.397,0.173,"кофе в зернах gutenberg бразилия сантос, 1кг","gutenberg / кофе gutenbergв зёрнах индия робуста черри аа, уп. 1 кг"
fold_03,Аптека,798863930423,309237782267,1,0.265,0.567,без бренда бандаж для коленного сустава,бандаж для коленного сустава
fold_03,Аптека,798863964305,446676733802,1,0.396,0.25,alcon / контактные линзы dailies aquacomfort plus 30 / 8.7 / -2.00,"alcon астигматические линзы dailies aquacomfort plus toric_160_-1.25, 30 шт., -2.00 / 8.8/-1.25/160, 1 день"
fold_03,Бытовая техника,798863978684,807453968866,1,0.359,0.272,двухкамерный холодильник pozis rk-139 бежевый,холодильник don r-290 s
fold_03,Спорт и отдых,798864042120,627065355423,1,0.339,0.734,"блесна колебалка luremax atom-lm 67мм., 15 г., 20","блесна колеблющаяся luremax atom-lm 67мм, 15 г,111"
fold_03,Красота и гигиена,798864070130,42397,1,0.311,0.324,губная помада mac matte lipstick dubonnet buzz,mac cosmetic / помада mac powder kiss lipstick 3г 316 devoted to chili
fold_03,Бытовая техника,807453858213,266288006214,1,0.233,0.364,утюг,утюг паровой
fold_03,Музыкальные инструменты,807453862191,429496758019,1,0.225,0.574,d'addario exl170tp,струны d'addario exl170-12
fold_03,Музыкальные инструменты,807453874648,730144473944,1,0.332,0.305,пластик для барабана evans b13g1,пластик для барабана evans g1 b10g1
fold_03,Продукты питания,807453874673,712964594617,1,0.26,0.48,русские традиции.вологодский иван-чай / иван-чай вологодский с яблоком и корицей 500гр.,иван-чай вологодский глинтвейн 500гр.
fold_03,Бытовая химия,807453899178,798864008958,0,0.948,0.477, стиральный порошок,ушастый нянь / стиральный порошок ушастый нянь для детского белья/детский
fold_03,Спорт и отдых,807453900146,395137054865,0,0.977,0.993,"мастер к. бинокль 7х50, ""путешественник"", линзы рубин, с выемками на вставках","бинокль 7х50, ""путешественник"", линзы рубин, с выемками на вставках"
fold_03,Хобби и творчество,807453912892,798863998591,0,0.989,0.984,"настольная игра ""дабл. смайлики"", 20 карточек","десятое королевство настольная игра «дабл. смайлики», 20 карточек"
fold_03,Строительство и ремонт,807453954260,214748376035,0,0.933,0.877,p.i.t. / гайковерт аккумуляторный p.i.t.piw20h-300a без акб и зу,"аккумуляторный гайковёрт 1/2"", 300 нм p.i.t. piw20h-300a"
fold_03,Галантерея и аксессуары,807453993965,498216297808,1,0.35,0.724,tropical / очки солнцезащитные мужские,очки солнцезащитные tropical
fold_03,Красота и гигиена,807453996474,584115675764,0,0.966,0.829,jigott антивозрастной крем с экстрактом ласточкиного гнезда bird's nest wrinkle cream,"jigott антивозрастной крем с экстрактом ласточкиного гнезда bird's nest wrinkle cream, 70 мл"
fold_03,Продукты питания,816043791698,395137067584,1,0.393,0.652,"кондитерская посыпка дуохром оттенки сиреневого, 50 г","кондимир кондитерская посыпка «дуохром» белый/фиолетовый, 50 г"
fold_03,Мебель,816043800909,695784788920,0,0.923,0.969,"лига диванов угловой диван сенатор правый угол, экокожа, модель 27877","лига диванов диван-кровать, механизм еврокнижка, 232х150х85 см"
fold_03,Ювелирные изделия,816043805959,146028928191,1,0.288,0.685,razzhivin / ювелирные серьги,серебряные серьги с натуральным аметистом и фианитами английский замок
fold_03,Мебель,816043811640,111669179008,1,0.289,0.396,кресло-кровать меркурий 60 лига диванов 111608,"кресло-кровать кресло-кровать меркурий 80, 112х110х93 см"
fold_03,Детские товары,816043824919,652835060344,1,0.376,0.209,blackaqua детский велосипед black aqua 1602 (красный),детский велосипед black aqua 2002 (красный)
fold_03,Канцелярские товары,816043845045,180388644697,0,0.935,0.946,calligrata подставки для книг 2 штуки микс дино,"calligrata, подставки для книг 2 штуки микс дино"
fold_03,Музыкальные инструменты,816043849433,17179876867,1,0.309,0.711,ivolga pdc 02 свирель настраиваемая,"pgc-01 свирель соль, ivolga"
fold_03,Музыкальные инструменты,816043872075,343597405654,0,0.976,0.971,dunlop / 518rjprd primetone® john petrucci signature набор медиаторов,медиатор dunlop 518rjprd primetone john petrucci signature
fold_03,Продукты питания,816043884009,455266551114,1,0.281,0.732,не определен сахарные картинки на торт на выпускной и последний звонок. декор для торта / съедобная бумага а4,вафельная картинка на торт на выпускной и последний звонок. декор для торта / съедобная бумага а4
fold_03,Одежда,816043887667,695784717673,1,0.177,0.561,borovkova / плюшевая кофта с сердечками,толстовка warm winter
fold_03,Бытовая химия,816043930157,352187353490,0,0.953,0.952,ваше хозяйство / гранулы от муравьев великий воин 150 г,великий воин от муравьев гранулы 150г.
fold_03,Музыкальные инструменты,816043939622,420906825487,1,0.333,0.646,aquila 15u струны для укулеле тенор,aquila / 11u струны для укулеле тенор high d
fold_03,Бытовая техника,824633722832,455266670637,0,0.942,0.83,"korting hi 32003 b, индукционная варочная панель, черный",korting hi 32003 b
fold_03,Спорт и отдых,824633729123,455266554645,0,0.931,0.9,nika снегокат,"nika снегокат тимка спорт 4-1 ""граффити"", цвет красный"
fold_03,Музыкальные инструменты,824633754153,807453961177,1,0.28,0.352,струна для электрогитары d'addario nyxl nys013 13,d'addario nys012 струна одиночная для электрогитары
fold_03,Канцелярские товары,824633754648,343597399238,1,0.379,0.334,"карандаш чернографитный (простой) kores (нв, трехгранный, с ластиком, заточенный) черный матовый, 1шт.",kores / карандаш чернографитный kores
fold_03,Музыкальные инструменты,824633774140,120259196360,1,0.376,0.71,"напольная подставка для гитары из дерева с гравировкой магия (волшебство, луна, солнце) - 295",подставка для гитары бруталити из дерева с гравировкой гитара - 226
fold_03,Автотовары,824633777735,103079304107,0,0.984,0.984,felix / антифриз felix carbox x freeze красный 1 л 430206073,"x-freeze антифриз, 1 л"
fold_03,Товары для животных,824633782641,455266540876,1,0.343,0.093,monge / корм сухой daily line urinary для кошек с курицей 10 кг,корм для кошек monge bwild cat anchovies с анчоусами (10 кг)
fold_03,Мебель,824633799442,85899478228,0,0.939,0.829,"кресло норден ldv_109064, 73х74х78 см",кресло норден лига диванов 109064
fold_03,Музыкальные инструменты,824633802174,498216321069,1,0.181,0.458,скрипка vasile gliga m-v014,скрипка vasile gliga m-v044-n
fold_03,Строительство и ремонт,824633809920,721554604721,1,0.317,0.303,"палитра стандарт темно-красный №7 большой,по 0,9 л/1,260кг, (1шт)","не определен колер для краски стандарт палиж бирюза №45 большой, по 0,9 л/1,260кг, (1шт) (97554)"
fold_03,Бытовая техника,824633841597,266287977580,0,0.992,0.99,без бренда температурный датчик сушки для стиральных машин whirlpool вирпул 482000028298,температурный датчик сушки для стиральных машин whirlpool вирпул 482000028298
fold_03,Продукты питания,833223688240,146029034981,1,0.136,0.329,"сахарная картинка для торта ""8 марта"", размер а4. украшение для торта и декор для выпечки.",вафелька / вафельная картинка. декор для капкейков
fold_03,Строительство и ремонт,833223728631,661425069819,1,0.391,0.705,круг отрезной по нержавеющей стали ftl e-nox 125*1.2*22.2мм a54tbf,ftl / круг отрезной по нержавеющей стали e-nox 125*1.2*22.2мм 3шт.
fold_03,Строительство и ремонт,833223728932,747324389920,1,0.394,0.292,люстра свет luxury 1040-350 sl d35h40-100 6хg9х9w,"panta люстра подвесная, g9, 60 вт"
fold_03,Ювелирные изделия,833223741259,412316910286,1,0.242,0.692,talant / серьги,talant серьги ювелирные золото красное 585 пробы
fold_03,Канцелярские товары,833223771997,472446409723,0,0.941,0.947,"не определен карандаши акварельные набор 24 цвета, mondeluz 3724, в металлическом пенале","карандаши акварельные набор 24 цвета, mondeluz 3724, в металлическом пенале, блистер"
fold_03,Одежда,833223803305,85899396871,1,0.382,0.543,farella / перчатки кожаные женские осенние тонкие,перчатки farella
fold_03,Красота и гигиена,833223808763,695784872854,0,0.96,0.962,"viking средство для душа, гель, 300 мл",viking / гель для душа пробуждение вулкана
fold_03,Электроника,833223818399,747324409229,1,0.36,0.507,"xiaomi смартфон redmi note 12 pro 8/128 гб, серый",xiaomi redmi note 12 pro 4g 8/256gb
fold_03,Красота и гигиена,833223820813,472446451614,0,0.944,0.821,masil / 8 seconds salon super mild hair mask восстанавливающая маска,masil 8 seconds salon super mild hair mask восстанавливающая маска для ослабленных волос 8мл
fold_03,Товары для животных,841813607687,94489327393,0,0.979,0.636,сухой корм для собак brit premium dog adult small с курицей 2шт по 3кг,brit / лакомство для собак premium dog adult small с курицей 3000г 2 шт
fold_03,Красота и гигиена,841813702456,747324354011,0,0.924,0.992,concept оттеночный бальзам для волос эффект пепельный блонд 300мл blond explosion,"concept / оттеночный бальзам ""пепельный блонд"", 300 мл"
fold_03,Строительство и ремонт,841813711404,575525685610,1,0.253,0.377,накладка дверная под цилиндр нора-м нк-a slim - хром,накладка дверная под цилиндр нора-м нк-a slim - белый
fold_03,Хобби и творчество,841813748349,558345915881,0,0.928,0.926,"арт узор / пайетки ""круг"" сиреневые набор 30 гр","пайетки ""круг"" сиреневые набор 30 гр d:2 см"
fold_03,Товары для животных,850403528414,206158560974,0,0.923,0.844,"pro plan / optidigest для мелких собак, с индейкой 2.5 кг","сухой корм pro plan adult dog optidigest grain-free small & mini беззерновой для взрослых собак маленьких пород с чувствительным пищеварением с индейкой (2,5 кг)"
fold_03,Строительство и ремонт,850403531035,446676747948,1,0.303,0.072,"zein футорка zein, 3/4"" х 1/2"", наружная/внутренняя резьба, никелированная латунь (5 шт)","кран шаровой zein, внутренняя/внутренняя резьба 1"", бабочка"
fold_03,Хобби и творчество,850403564079,798863988879,0,0.938,0.801,настольная игра-ходилка колобок,"умные игры / настольная игра-ходилка ""колобок"""
fold_03,Продукты питания,850403569857,163208803206,0,0.958,0.987,печенье сахарное falcone кантуччи с миндалем 200г италия,falcone / печенье cantucci кантуччи с миндалем 200 г
fold_03,Детские товары,850403607483,403726947812,0,0.943,0.664,"подгузники pampers new baby-dry для новорожденных 2-5 кг, 1 размер, 94 шт",zhaskanat / pampers new baby-dry
fold_03,Музыкальные инструменты,850403627147,833223656574,1,0.26,0.218,струны для электрогитары elixir 12450 nanoweb light 10-46,"струны для электрогитары, комплект из 6 струн, стальные, elixir 12052 10-46"
fold_03,Товары для животных,850403655460,798864015157,0,0.954,0.876,"wellness core / для щенков крупных пород,, курица 2.75кг","сухой беззерновой корм wellness core original puppy large breed для щенков крупных пород с курицей 2,75 кг"
fold_03,Детские товары,850403683771,231928288442,0,0.921,0.886,"грузовик радиоуправляемый самосвал, работает от батареек,","грузовик радиоуправляемый «самосвал», работает от батареек,"
fold_04,Детские товары,11120,807453888157,0,0.934,0.826,game true / конструктор ideas робот валли 8886/ 687 дет,"конструктор робот валли, 687 деталей"
fold_04,Товары для животных,39719,566935724059,0,0.972,0.959,monge / monge cat sterilised сухой корм с уткой для стер. кошек 10кг,"сухой корм monge pfb cat monoprotein sterilised для стерилизованных кошек, с уткой 10 кг"
fold_04,Хобби и творчество,70433,257698099902,1,0.359,0.134,"без бренда бусина ""шамбала"" 6мм (набор 15шт), цвет морской","бусина ""шамбала"" 10мм (набор 15шт), цвет морской"
fold_04,Одежда,74287,197568630020,1,0.37,0.646,платье женское elenatex п-137 коричневое 50 ru,платье n.e.w.
fold_04,Товары для животных,91560,231928299914,1,0.204,0.506,"софа ferplast charles с подушкой для собак, коричневая (68x47x25см)","софа для собак ferplast charles 50 с двухсторонней подушкой, коричневая, 45x35x17 см"
fold_04,Мебель,93558,532575967061,1,0.145,0.651,"стол обеденный нераскладной кухонный loft со столешницей цвета антрацит из массива сосны 40 мм и белыми металлическими ножками, 100х75х75 см, 100х75х75 см","solarius стол кухонный loft со столешницей без покрытия из массива сосны 40 мм и черными металлическими ножками, 100х70х75 см"
fold_04,Детские товары,112436,472446498952,0,0.945,0.995,"milo toys мягкая игрушка с пледом «милашка», ""milo toys "", цвет розовый",мягкая игрушка с пледом милашка
fold_04,Канцелярские товары,118774,360777416851,1,0.3,0.497,"краска акриловая, набор 9 цветов x 20 мл, гамма ""хобби""",гамма краски акриловые 12 цветов &quot;хобби&quot; 20 мл (3012198)
fold_04,Продукты питания,143946,446676675910,1,0.39,0.656,"кофе для похудения / кофе для похудения, снижения аппетита. жиросжигатель",кофе для похудения напиток жиросжигатель.
fold_04,Спорт и отдых,143968,489626311526,1,0.301,0.381,"мягкие приманки crazy fish mf h-worm inline 1.1"" сладкий сыр # 077 (2 х 10шт)","cf company силиконовая приманка мягкая съедобная crazy fish mf h-worm 1.65"" 42 мм 64-42-77-7 10 шт."
fold_04,Хобби и творчество,149677,644245177847,0,0.951,0.915,"woodlandtoys / магнитная рыбалка ""ёлочка"", деревянная игра с удочкой","развивающая игра, головоломка. магнитная рыбалка ""ёлочка"""
fold_04,Хобби и творчество,8589967780,446676681265,0,0.949,0.815,"без бренда головоломка ""зоопарк"", виды микс","головоломка ""зоопарк"", виды микс"
fold_04,Музыкальные инструменты,8589980723,601295535416,1,0.355,0.483,"струны для акустической гитары ernie ball 2148 earthwood phosphor bronze 11-52 light лёгкое натяжение. подходят для музыкантов любого уровня: как для начинающих, так и для профессионалов.",струны для акустической гитары ernie ball 2548 everlast coated phosphor bronze light 11-52
fold_04,Товары для животных,8590003847,652835163086,1,0.398,0.623,"пижон дразнилка для кошек на пружине с мышью, 5 см, 10,5 х 23 см, розовая","дразнилка для кошек на пружине с мышью (5 см), 10,5 х 23 см, голубая"
fold_04,Строительство и ремонт,8590024387,661425077004,1,0.346,0.089,выключатель автоматический дифференциального тока 1п+n c 16а 30ма электрон. тип ac 4.5ка nxble-63y (r) | код 105542 | chint (9шт. в упак.),выключатель автоматический дифференциального тока 1п+n c 10а 30ма электрон. тип ac 4.5ка nxble-63y (r) chint 105541
fold_04,Автотовары,8590031231,730144514114,1,0.304,0.051,"ls  колесный диск литой 20x8.5"" pcd6х139.7 et20 d106.1",диск литой r18 8j 5x112/66.6 et35 ls 1242 gmf s079668
fold_04,Детские товары,8590039886,721554611607,1,0.372,0.418,"игровой набор zuru pets alive ласковый котенок, с аксессуарами, со звуком, механический",игровой набор zuru pets alive котенок со звуковыми и световыми эффектами
fold_04,Строительство и ремонт,8590049383,395137012778,1,0.347,0.629,кэаз / выключатель автоматический кэаз 2-полюсный (2p) 10а 2 шт.),выключатель автоматический модульный 2п c 2а 6ка optidin bm63-2c2-ухл3 кэаз 260603
fold_04,Хобби и творчество,8590055213,850403560960,0,0.934,0.977,"звезда / сборная модель машина тбмп т-15 ""армата"" военная техника",сборная модель российская тяжелая боевая машина пехоты тбмп т-15 армата
fold_04,Строительство и ремонт,8590055455,455266685800,0,0.925,0.679,машина полировальная зубр зпм-240,зубр / полировальная машинка зпм-240
fold_04,Аптека,8590060928,661425044428,1,0.221,0.204,cooper vision / линзы астигматические vitality toric +2.00 -0.75 80,"coopervision астигматические линзы avaira vitality toric, 6 шт. , +2.00, 8.5, -1.75, 20, 2 недели "
fold_04,Детские товары,8590064327,575525760795,1,0.297,0.714,"мягкая игрушка ""я тебя люблю"", мишка, 18 см","без бренда мягкая игрушка ""ты чудо"", мишка, 18 см"
fold_04,Детские товары,8590078918,274878018413,1,0.358,0.348,"самолёт инерционный ""пассажирский"", 15х14х4,3 см, 2 штуки",без бренда самолёт инерционный «пассажирский» (комплект из 11 шт)
fold_04,Бытовая техника,8590091226,412316971811,1,0.386,0.24,"электрический чайник sakura sa-2709r promo, 1,8л, 1800вт, с подсветкой",sakura / sakura sa-2709g
fold_04,Красота и гигиена,17179892214,197568579690,0,0.939,0.772,белита маска косметическая для всех типов кожи,белита / маска для лица распаривающая pure green
fold_04,Бытовая химия,17179907356,850403571929,1,0.377,0.515,раптор / защита от насекомых,"пластины от комаров ""раптор"", без запаха, 10 шт"
fold_04,Мебель,17179931170,584115674044,1,0.374,0.851,"шкаф-купе 2,4 кааппи 4 3-х дверный 240 х 230 х 60 дуб кастелло бренди лдсп",рв-мебель шкаф-купе 3-х дверный кааппи 4 морское дерево винтаж 240х60х230 см
fold_04,Продукты питания,17179956488,120259118908,0,0.967,0.913,"вафли яшкино ""глазированные с орешками"", с какао, фундуком и арахисом, 200 г, яв218","яшкино / вафли с орешками с какао, фундуком и арахисом, 200 г"
fold_04,Продукты питания,17179970299,94489342142,1,0.241,0.077,trawa / сыродавленное миндальное масло холодного отжима 250мл,"масло грецкого ореха trawa сыродавленное 250мл, россия( 1 штука в заказе)"
fold_04,Детские товары,17179993292,687194924584,0,0.934,0.742,milin toys / сортер домик,"сортер ""домик"", 1 шт."
fold_04,Продукты питания,17180033590,532575979144,0,0.921,0.881,"сироп pinch & drop ""миндаль"", 1 л",сироп миндаль pinch&drop 1л
fold_04,Спорт и отдых,25769821285,146029022058,0,0.933,0.882,"бинокль ночного видения levenhuk atom digital dnb250, 6 - 14 x 35, зеленый [83055]",бинокль ночного видения levenhuk atom digital dnb250
fold_04,Канцелярские товары,25769904194,128849019366,1,0.388,0.33,"классный журнал brauberg 5-11 кл, универсальный, а4, 200х290 мм, твердая ламин. обложка","классный журнал artspace для 1-4 классов, офсетная бумага (kzhi-iv_16740)"
fold_04,Музыкальные инструменты,25769905411,481036409108,1,0.354,0.632,гитара акустическая ditson d-10,"акустическая гитара из массива ситхинской ели, sigma "
fold_04,Товары для животных,25769956896,326417610804,1,0.344,0.195,"royal canin hair&skin корм для кошек для кожи и шерсти , желе 85гр*28шт",canin / корм влажный hepatic для собак для печени 85 г 28 шт
fold_04,Хобби и творчество,34359754902,515396124425,1,0.266,0.182,"печать для сургуча с деревянной ручкой ""космонавт в космосе"" 9х2,5х2,5 см","nobrand печать для сургуча с деревянной ручкой ""виноград"" 9х2,5х2,5 см"
fold_04,Обувь,34359807242,747324317715,1,0.321,0.438,кроссовки tamaris,"tamaris кроссовки tamaris, размер 41, черный"
fold_04,Детские товары,34359813409,180388792637,0,0.922,0.879,"набор трансформеров космоботы , 3 шт.","не определен набор трансформеров «космоботы», 3 шт."
fold_04,Музыкальные инструменты,34359830476,420906887497,0,0.996,0.994,"d'andrea cp23 md blk - упаковка медиаторов, толщина: 0.73 мм, 72 шт.","d'andrea cp23 md blk медиаторы, толщина 0.73 мм, 72 шт"
fold_04,Детские товары,34359848363,549755909501,0,0.93,0.937,"мягкая игрушка коала, 25 см",forсhildren / мягкая игрушка коала 25 см цвет серый
fold_04,Детские товары,34359855738,601295546904,1,0.32,0.192,"велосипед 20"" rook sprint, черный",велосипед 14 rook sprint черный
fold_04,Мебель,34359868928,94489304495,1,0.379,0.653,"е1 шкаф-купе 2,4 экспресс 3-х дверный 240 х 240 х 60 фотопечать на стекле №1015 морские волны сонома","шкаф-купе 2,4 экспресс 3-х дверный 240 х 240 х 60 фотопечать на стекле №1015 морские волны ясень анкор светлый"
fold_04,Продукты питания,34359872592,747324365184,1,0.377,0.126,спецдеталь бефстроганов сублимированный 200г,"спецдеталь чашушули, ""спецдеталь"", 220 г"
fold_04,Товары для животных,34359874524,120259194979,1,0.288,0.65,"pro plan® delicate сухой корм для котят при чувствительном пищеварении с индейкой, 3 кг","корм purina pro plan для котят с чувствительным пищеварением или с особыми предпочтениями в еде, с индейкой и рисом"
fold_04,Красота и гигиена,42949749536,755914251502,0,0.94,0.952,"dr. ceuracle / reyouth moist sun spf 50, солнцезащитный крем spf 50","dr. ceuracle/крем солнцезащитный увлажняющий hyal reyouth moist sun spf50 spf50+ pa+, 50мл"
fold_04,Электроника,42949769172,506806250754,1,0.264,0.089,"aoc 24"" монитор 24g2ze, черный","27"" монитор aoc черный 165hz 1920x1080 ips"
fold_04,Канцелярские товары,42949772187,730144506341,1,0.397,0.191,"этикетки самоклеящиеся promega label 38х16,9 мм/85 шт. на листе а4 (100л. , 1 уп.", этикетка
fold_04,Спорт и отдых,42949815070,541165987347,1,0.253,0.153,giant велосипед двухколесный спортивный горный городской дорожный 28 дюймов мужской женский подростковый,kms / велосипед взрослый 29''pro x2 21'' рост 175-190 см
fold_04,Детские товары,42949820819,300647833181,1,0.339,0.207,"пеленки terezamed super 60x60 см, 5 шт",пеленки одноразовые terezamed super 60*90см 5шт
fold_04,Музыкальные инструменты,51539617020,128849062346,0,0.972,0.985,мостик для скрипки 3/4-4/4 wolf forte-secondo sr23,wolf forte-secondo sr23 - мостик для скрипки
fold_04,Товары для животных,51539622943,850403617515,1,0.396,0.126,корм для собак zooring mini active dog мясо молодых бычков и рис 2кг,zooring / корм mini active dog лосось 2 кг
fold_04,Бытовая химия,51539642727,558345858897,0,0.924,0.594,средство для чиcтки сантехники wc gel 5л / wc gel grass,"grass / концентрированное чистящее средство канистра 5,5кг"
fold_04,Хобби и творчество,51539646592,283467954665,1,0.338,0.282,без бренда набор для творчества «стринг арт. солнышко» на подставке (комплект из 4 шт),"набор для творчества ""стринг арт. кактус"" на подставке"
fold_04,Канцелярские товары,51539649739,678604992533,1,0.379,0.438,erichkrause / клей-карандаш 36г 1 штука,"клей-карандаш ""erich krause"" 21 грамм."
fold_04,Товары для животных,51539651769,257698103104,1,0.373,0.322,tetra micro pellets корм для мелких видов рыб 100мл,tetra / сухой корм для рыб 46 г
fold_04,Автотовары,51539653390,670014949281,0,0.941,0.866,bosch фильтр воздушный арт. 1987429194,bosch / фильтр воздушный chrysler (00-08)
fold_04,Красота и гигиена,51539682103,395137050141,1,0.39,0.736,"luxor professional / фиолетовый тонирующий краситель disco colors, 100мл.","тонирующий краситель для волос luxor professional disco colors объём 100мл голубой, - 1шт"
fold_04,Товары для животных,60129548298,712964667493,0,0.953,0.935,"pro plan / sterilised утка в соусе, 85гр*26шт",purina pro plan cat nutrisavour sterilised duck / паучи пурина про план для стерилизованных кошек утка в соусе (цена за упаковку) 85г х 26шт
fold_04,Товары для животных,60129548341,154618929547,0,0.984,0.685,сухой корм royal canin miniature schnauzer adult для взрослых собак миниатюрный шнауцер (3 кг),"canin / миниатюрного шнауцера, 3кг"
fold_04,Ювелирные изделия,60129603452,730144609077,1,0.195,0.544,"poemiq / браслет серебро черненое 925 проба, плетение сердечко","poemiq браслет женский серебряный 925, нонна, родированный, полновесный"
fold_04,Продукты питания,60129613520,523986044733,0,0.957,0.849,"арт лайф, кисель лесные ягоды, 300 г., на натуральном соке с кусочками ягод. обогащен витаминно-минеральным комплексом.",арт лайф / кисель лесные ягоды
fold_04,Продукты питания,60129644172,154618945845,0,0.949,0.938,"конфеты желейные со вкусом барбариса, красный октябрь, 250 гр",красный октябрь / желейные со вкусом барбариса 250 г
fold_04,Галантерея и аксессуары,60129656558,395137124857,1,0.265,0.585,"косметичка на молнии, цвет бежевый/камуфляж","косметичка на молнии, цвет бежевый/зелёный"
fold_04,Бытовая техника,68719501226,395137145778,1,0.374,0.016,встраиваемая микроволновая печь свч smeg fmi120b3,"микроволновая печь встраиваемая gorenje bm251sg2bg, черный"
fold_04,Канцелярские товары,68719504994,317827649987,1,0.337,0.403,"копибланк (1 шт.), журнал антикоррозийной защиты сварных соединений (60 лист, полист. нумерация, тв. переплёт)", ежедневник
fold_04,Детские товары,68719541215,420906889365,1,0.362,0.835,детская прогулочная коляска peg-perego veloce bronze noir,коляска прогулочная peg-perego veloce black shine 
fold_04,Обувь,68719624237,292057884138,1,0.256,0.203,коньки хоккейные onlitop,onlitop / коньки хоккейные
fold_04,Ювелирные изделия,68719625297,833223745270,1,0.392,0.574,sokolov кольцо золото красное 585 пробы,кольцо из красного золота с бриллиантом р. 17 adamas 14035772/01-а50д-421
fold_04,Спорт и отдых,77309422626,42949779665,0,0.985,0.934,"кровать надувная full, 191 x 137 x 30 см, 67681 bestway","кровать надувная full, 191 x 137 x 30 см, 67681 bestway"
fold_04,Электроника,77309440552,180388753261,1,0.375,0.137,"gigabyte 27"" монитор g27q, черный","27"" монитор gigabyte g27f black 144hz 1920x1080 ips"
fold_04,Детские товары,77309471084,60129660929,0,0.962,0.877,"конструктор ""диномир"", тиранозавр, звуковые эффекты, 17 деталей","unicon конструктор диномир, тиранозавр, звуковые эффекты, 17 деталей"
fold_04,Строительство и ремонт,77309497095,773094148745,0,0.942,0.995,"электропила huter els-2,7p","huter / электропила цепная huter els- 2,7p"
fold_04,Продукты питания,77309523951,687194925998,1,0.289,0.46,"растительный напиток take a bite фундук без сахара, 1л","напиток из кешью-макадамии take a bite 1,5% 1 л"
fold_04,Детские товары,85899373712,206158524367,0,0.921,0.884,"настольная игра bondibon обучающие игры ""поединок рыбок"" (вв3149)",bondibon / настольная игра поединок рыбок
fold_04,Красота и гигиена,85899390129,661425095941,0,0.974,0.926,"ручка-корректор erichkrause techno white ergo, 12 мл, с металлическим наконечником","ручка-корректор erichkrause techno white ergo, 12 мл, с металлическим наконечником"
fold_04,Бытовая техника,85899412216,25769848851,0,0.922,0.728,водонагреватель electrolux ewh 50 flash,"electrolux водонагреватель накопительный ewh 50 royal flash, серебристый"
fold_04,Электроника,85899434062,103079356423,1,0.362,0.447,"samsung смартфон galaxy a04 64gb (sm-a045fzggskz), green",samsung / смартфон galaxy a04 3/32gb green sm-a045f samsung
fold_04,Строительство и ремонт,85899439503,42813,1,0.233,0.127,автоматический выключатель chint nxb-63s 2p b6 а 4.5 ка 296773,"автоматический выключатель 2 полюса 10а 4,5ка (в) chint (комплект 4шт)"
fold_04,Ювелирные изделия,85899451310,532576066022,1,0.366,0.226,delta крестик золото красное,"яхонт подвеска яхонт, золото, 585 проба"
fold_04,Дом и сад,85899475484,618475413505,1,0.254,0.653,"master цветы искусственные ""роза жанна"" 10х61 см, малиновый","цветы искусственные ""роза жанна"" 10х61 см, красный"
fold_04,Продукты питания,85899476943,532576099854,1,0.354,0.11,каша heinz овсяная безмолочная с 5 месяцев 180 г,"каша heinz безмолочная низкоаллергенная кукурузная c 5 месяцев, 180 г, сухая"
fold_04,Дом и сад,85899486718,575525662924,1,0.289,0.568,"набор ножей из 6 предметов agness на подставке нержавеющая сталь, пластик",набор ножей на подставке agness нержавеющая сталь 5 предметов
fold_04,Музыкальные инструменты,85899499147,103079342416,1,0.328,0.252,струны для акустической гитары dr string npa-11,dr npe-11 - струны для электрогитары
fold_04,Спорт и отдых,94489284642,489626324150,0,0.989,0.936,жилет для плавания bestway надувной 51х46 см человек-паук 98014,denco store жилет для плавания
fold_04,Бытовая химия,94489285617,755914318712,0,0.924,0.917,cредство от укусов кровососущих reftamid baby детский 100мл,"рефтамид / аэрозоль от комаров детский, 100м"
fold_04,Одежда,94489312706,128849067599,1,0.272,0.761,худи / зип худи с утеплителем,худи
fold_04,Автотовары,94489355676,231928273844,0,0.979,0.862,mannol / трансмиссионное масло maxpower 4x4 8102 75w-140,трансмиссионное масло маnnol 8102 maxpower 4x4 75w140 1 л. синтетическое
fold_04,Автотовары,94489388175,712964674787,1,0.378,0.071,"маркер с краской color1 для mercedes, цвет 519 - hellrot","маркер с краской color1 для mercedes, цвет 5206 - perlblau"
fold_04,Канцелярские товары,94489391363,180388650991,1,0.382,0.592,"арт рэйсинг / знак ""указатель запасного выхода"", самокл., 200х100мм","знак безопасности e23 указ-ль запасного выхода (пластик,ф/л,300х150)"
fold_04,Бытовая техника,94489392345,566935686739,0,0.941,0.944,аэрогриль centek ct-1456 (red),"centek аэрогриль ct-1456, серебристый, красный"
fold_04,Продукты питания,103079221750,317827687348,0,0.973,0.971,увелка крупа перловая в пакетах для варки 5х80гр/5 шт,увелка / крупа перловая увелка в варочных пакетиках 80 г х 5 шт
fold_04,Канцелярские товары,103079262994,85899503841,1,0.353,0.362,"office space / папка с 10 вкладышами, 9 мм, 400 мкм","папка с 30 вкладышами officespace, 21мм, 400мкм, зеленая (арт. 254249) - 10 шт."
fold_04,Товары для животных,103079263273,627065372363,0,0.934,0.907,"pro plan veterinary diets / корм сухой nf renal для кошек 1,5 кг","pro plan renal для кошек 1,5 кг."
fold_04,Красота и гигиена,103079269562,506806174286,1,0.34,0.176,"свобода крем-гель для душа алиса нежное очищение, 350 мл, 2 шт","свобода пена для ванны детская, алиса, волшебные пузырьки, 350 мл, 2 шт"
fold_04,Спорт и отдых,103079312736,824633775212,1,0.343,0.36,крючки рыболовные двойные n6 50шт,cannelle / крючки рыболовные двойные n1 50шт
fold_04,Хобби и творчество,111669155267,609885379206,0,0.982,0.952,"palma.store творчество / набор для опытов ""попрыгунчики"", 2 формы, 4 цвета","набор для опытов ""попрыгунчики"", 2 формы, 4 цвета"
fold_04,Бытовая химия,111669198125,335007574938,1,0.279,0.522,циперметрин 25 средство от клещей 50 мл,"циперметрин 25 %, 50 мл 2 шт средство от тараканов, клопов, комаров, клещей и других насекомых"
fold_04,Ювелирные изделия,111669204297,429496792154,1,0.232,0.39,"maskom кольцо maskom, красное золото, 585 проба, фианит, размер 17.5",maskom кольцо золотое женское 585
fold_04,Одежда,111669215181,223338422305,1,0.393,0.496,"wrangler джинсы wrangler, размер 34/34, синий",джинсы wrangler
fold_04,Автотовары,111669217033,85899432107,1,0.369,0.002,шины michelin pilot sport 4 245/40r20 99y runflat,michelin pilot sport 4 suv шины летние 285/40  r21 109y
fold_04,Галантерея и аксессуары,111669222215,17179952118,0,0.967,0.423,пирамида продаж / браслеты ассорти,"браслеты ""неразлучники"" небесные собачки со звёздами, цвет чёрно-белый"
fold_04,Музыкальные инструменты,111669228717,446676711987,1,0.284,0.377,бас-гитара schecter omen-4 blk,"schecter бас-гитара c-4 deluxe 4-струнная, корпус липа"
fold_04,Красота и гигиена,111669232410,781684156880,1,0.356,0.016,"гиалуроновый гель-концентрат флора алоэ sos средство для сухой и раздраженной кожи, 10 мл",professional / питательное масло для кутикулы
fold_04,Канцелярские товары,111669237267,104554,0,0.933,0.945,paw patrol / касса букв слогов и счета учим буквы и цифры а5 пвх,"касса букв, слогов и счета ""учим буквы и цифры"", а5, пвх, щенячий патруль"
fold_04,Одежда,111669272375,670014901880,1,0.119,0.519,"o'stin футболка o'stin, размер 54-56, черный",футболка uniqlo
fold_04,Автотовары,111669282405,472446441993,1,0.376,0.122,"краска для сколов во флаконе с кисточкой color1 для bmw, цвет yp7k - rosso corsa","краска для сколов во флаконе с кисточкой color1 для ford, цвет l7 - bright magenta"
fold_04,Товары для животных,111669290042,790274114616,1,0.313,0.232,"pet line поводок профессиональный нейлоновый с латексной нитью, с карабином, 2 м",buddy / поводок профессиональный с латексом для собак 20 мм х 5 м
fold_04,Канцелярские товары,120259094866,77309551429,1,0.384,0.481,"attache economy / стикеры с клеевым краем 38x51 мм, 12 блоков по 100 листов","стикеры attache economy с клеев.краем 76x51 мм, 100л в блоке, неон 12 бл"
fold_04,Бытовая техника,120259124284,541165952487,0,0.943,0.864,"edisson водонагреватель накопительный es 30 v, белый",нет бренда / водонагреватель 30 литров электрический edisson es 30 v
fold_04,Одежда,120259146391,214748428176,1,0.39,0.315,кигуруми funfur,кигуруми
fold_04,Хобби и творчество,120259157224,17179982218,0,0.949,0.873,"funny toys / головоломка ""змейка"", цвет синий","головоломка ""змейка"", цвет синий"
fold_04,Спорт и отдых,120259160297,274877911887,1,0.249,0.123,"блесна вращающаяся / sprut alba ball system #1 (65mm/3,5g/bks)",блесна вращающаяся / sprut alba ball system #3 (65mm/7g/sbko)
fold_04,Дом и сад,120259166783,180388697076,1,0.3,0.217,ароматические кубики аурасо паяльник ароматический воск для аромалампы 9 штук,"сладкий табак - аромакубики аурасо, воск для аромалампы, 9 штук"
fold_04,Продукты питания,120259184877,120259227654,1,0.378,0.402,"экопастила, сыр яблочный яблоко-грецкий орех-корица 120 грамм",эко пастила / сыр яблочный яблоко-корица-курага 120 грамм
fold_04,Бытовая химия,120259193398,773094122004,0,0.978,0.98,fairy / средство для мытья посуды зеленое яблоко 900 мл,"fairy средство для мытья посуды, зеленое яблоко, 900мл"
fold_04,Хобби и творчество,120259196664,515396089696,1,0.36,0.503,сборная модель. рояль (белый). без клея и ножниц,умная бумага / рояль (серый). сборная модель
fold_04,Детские товары,120259201464,764504290942,1,0.345,0.79,"abtoys пупс мой малыш с бутылочкой в переноске, 23см, в бело-сиреневом комбинезончике","пупс мой малыш с бутылочкой в переноске, 23см, в бело-голубом комбинезончике"
fold_04,Обувь,120259210807,489626318081,1,0.331,0.277,nike / кроссовки sb dunk low,кроссовки nike
fold_04,Галантерея и аксессуары,120259210997,816043856670,1,0.257,0.561,без бренда подвеска,подвеска квадрат
fold_04,Детские товары,120259229134,678604913021,0,0.971,0.763,"конструктор звездные войны, вездеход at-st первого ордена",spielkind / конструктор вездеход at-st первого ордена
fold_04,Обувь,120259237905,541165995777,1,0.373,0.224,мир одежды / тапочки меховые теплые,"тапочки albert&gloria, 1"
fold_04,Дом и сад,128849025419,730144581247,1,0.328,0.714,"кора сосны ""рецепты дедушки никиты"" 10 л фр 6-10","рецепты дедушки никиты / кора сосны ""рецепты дедушки никиты"" 10 л фр 2-6"
fold_04,Мебель,128849058862,549755813986,1,0.291,0.518,шкаф-пенал трикс правый цвет графит 600-550-2200 наполнение белье,без бренда шкаф-пенал трикс правый цвет графит с ящиками 600-550-2000 наполнение платье
fold_04,Хобби и творчество,128849069703,773094216260,0,0.96,0.828,"без бренда силиконовый молд ""воланы"", 2 предмета, 21x5,5x1 см, цвет микс","силиконовый молд ""воланы"", 2 предмета, 21х5,5х1 см"
fold_04,Строительство и ремонт,128849111653,489626369619,1,0.17,0.094,югсталь шпилька крепежная 10 x 400 мм 5 шт,шпилька крепежная
fold_04,Товары для животных,128849139946,773094223096,0,0.954,0.947,"eukanuba puppy medium breed / сухой корм эукануба для щенков средних пород с курицей, 3 кг","eukanuba / eukanuba корм для щенков средних пород, курица 3 кг"
fold_04,Электроника,137439010102,34359747292,1,0.221,0.656,"задняя крышка для iphone 12 pro max серый (стекло, широкий вырез под камеру, логотип)",remontoff / задняя крышка для iphone 12 pro max широкий вырез под камеру
fold_04,Одежда,137439055640,103079249574,1,0.268,0.179,"бейсболка тт, тт",your number / бейсболка
fold_04,Галантерея и аксессуары,137439067875,747324330696,1,0.285,0.539,uegrafic браслет со вставками,/ кожаный браслет с гравировкой bts 21st century girl
fold_04,Дом и сад,137439072670,463856534733,0,0.998,0.971,"органайзеры-пентаур / короб стеллажный для хранения с крышкой ""страны"", 38х25х25см","короб стеллажный для хранения с крышкой ""страны"", 38х25х25 см"
fold_04,Автотовары,137439094294,188978644262,0,0.94,0.758,luxfore / аэрозольная краска ford 2851 panther black 520 мл,"краска ford, код 2851, panther black, автомобильная эмаль fixpaint spray в аэрозольном баллончике 520 мл"
fold_04,Электроника,146028926462,292057842074,1,0.255,0.727,тонер (б. 30г) hi-black тип 2.1 пурпурный для hp color laser 150,"тонер hi-black универсальный для hp color laser 150, тип 2.1, красный 30 г, банка"
fold_04,Продукты питания,146028934276,214748502791,1,0.307,0.631,"кофе в зёрнах ароматизированный со вкусом глясе, уп. 1 кг gutenberg","кофе в зёрнах gutenberg ароматизированный ""тоффи"", 1 кг"
fold_04,Мебель,146028946504,635655184826,1,0.219,0.327,"stylint антресоль для бонн элегант (угол слева) 90 см, высота с антресолью 250 см ясень шимо","антресоль для бонн, ульм элегант (угол слева) 90 см, высота с антресолью 245 см дуб сонома"
fold_04,Бытовая техника,146028968682,644245102713,1,0.392,0.325,пылесборники karcher 6.904-407.0 из нетканого материала adv для пылесоса nt 14/1 (5 шт.),фильтр-мешки 10 шт. karcher 6.907-017.0
fold_04,Бытовая химия,146028972221,481036442554,1,0.375,0.439,средство для мытья окон стекол и зеркал green love 500мл,green love спрей-очиститель для ванной и душа 500 мл
fold_04,Галантерея и аксессуары,146028994029,8590024860,1,0.343,0.715,"брелок на ключи, кухня",lasertoken / брелок на ключи с гравировкой кухня
fold_04,Спорт и отдых,146028994715,515396118677,1,0.373,0.096,воблер tsuyoki colector 110sp 039z,tsuyoki / воблер tsuyoki miser 95f 039z
fold_04,Бытовая химия,146029009810,695784862592,0,0.949,0.897,"стиральный порошок ariel color автомат, 12 кг, 80 стирок",ariel / ariel автомат color 80 стирок 12 кг
fold_04,Галантерея и аксессуары,146029017845,395137009370,1,0.258,0.591,шпильки для волос,шпилька для волос 2 шт.
fold_04,Электроника,146029024204,584115653300,0,0.929,0.823,сетевой фильтр defender es 3м,сетевой фильтр defender es 3м
fold_04,Хобби и творчество,154618854733,738734411238,0,0.937,0.805,"набор для рисования и творчества ""чемоданчик юного художника"" розовый единорог/ розовый пони lizuntoys",art set / набор для рисования и творчества в чемоданчике детям
fold_04,Ювелирные изделия,154618877714,618475434997,1,0.356,0.545,"master brilliant серьги master brilliant, желтое золото, 585 проба, бриллиант",master brilliant серьги ювелирные золото красное 585 пробы
fold_04,Бытовая техника,154618926751,403726959759,0,0.95,0.933,"кофемолка электрическая centek ct-1360, 250вт, ротационный нож, пластик, белая.",кофемолка centek ct-1360 white
fold_04,Бытовая химия,154618934536,816043835677,0,0.936,0.946,средство mr. muscle утренняя роса для стекол 500 мл,"средство для стекол и поверхностей mr. muscle утренняя роса, 500мл"
fold_04,Обувь,154618936816,68719585386,1,0.205,0.273,босоножки dino ricci select,босоножки женские velvet 510-01-ig-17-pp голубые 37 ru
fold_04,Хобби и творчество,154618978802,77309472866,0,0.964,0.952,"алмазная вышивка с полным заполнением ""кот"", холст 20 30 см","школа талантов алмазная мозаика с полным заполнением 20х30 ""кот"", холст"
fold_04,Детские товары,163208767913,627065286990,0,0.924,0.945,кот батон 70 см мягкая игрушка 70 см рыжий,"maxitoys мягкая игрушка «кот батон», цвет рыжий, 70 см"
fold_04,Детские товары,163208775776,635655302311,0,0.972,0.986,полесье / набор для песка №182 - 7 предметов,набор для песка полесье №182 - 7 предметов
fold_04,Хобби и творчество,163208793790,807453881593,0,0.92,0.746,"пазл лунтик , 35 элементов","степ пазл. / ""лунтик"""
fold_04,Хобби и творчество,163208815180,77309518328,0,0.973,0.708,геодом / игра-ходилка в океане,настольная игра-ходилка в океане
fold_04,Продукты питания,163208860324,438086810699,1,0.306,0.63,"mikus / китайский связанный зеленый чай, 50 г, лилия","китайский связанный зеленый чай роза, 50 г (+ - 5 г)"
fold_04,Товары для животных,163208896932,824633796420,1,0.336,0.229,"tetra / easy balance поддержания параметров воды, 500 мл.","tetra easy balance кондиционер для поддержания параметров воды, 100 мл"
fold_04,Хобби и творчество,171798708408,8589953198,1,0.335,0.802,подарочный набор для творчества .от 6 лет,не определен подарочный набор для творчества . от 6 лет
fold_04,Дом и сад,171798712688,609885407921,1,0.358,0.367,комплект постельного белья 2-x спальный ситрейд люкс-сатин 100% хлопок пододеяльник 180x215 наволочки 50x70,ситрейд / дуэт семейный 150х210 постельное белье люкс сатин 100% хлопо
fold_04,Хобби и творчество,171798749380,326417533171,1,0.276,0.432,"булавки английские №000, 19 x 4 мм, 80 шт, цвет золотой","без бренда булавки английские n000, 19 x 4 мм, 80 шт, цвет серебристый"
fold_04,Детские товары,171798763648,369367307340,0,0.928,0.807,"пистолет космический, световые и звуковые эффекты, работает от батареек","без бренда пистолет «космический», световые и звуковые эффекты, работает от батареек"
fold_04,Товары для животных,171798773638,42949757289,1,0.354,0.526,"farmina / консервы nd ocean для мини щенков треска, тыква 140г (6шт)","farmina n&d ocean cod & squid / консервы фармина для собак треска с кальмаром , 140г х 6шт"
fold_04,Продукты питания,171798777443,429496878321,0,0.958,0.917,"рот фронт / карамель мятная, рот фронт","карамель мятная, рот фронт, 1000 гр"
fold_04,Аптека,171798791141,635655297422,1,0.344,0.236,"паста стоматологическая, 40мл omega dent",omega dent omega dent/ полирпаст-d cухой блеск (2 шприца x 3 мл)
fold_04,Обувь,171798801693,257698124732,1,0.213,0.559,balini linea / ботинки демисезонные из натуральной кожи,ботинки balini linea
fold_04,Музыкальные инструменты,171798807062,154618840026,1,0.256,0.205,"fante акустическая гитара ft-r38b-bk 6-струнная,","ижевский завод т.и.м. акустическая гитара, ижевский завод т. и. м 1c-bk"
fold_04,Красота и гигиена,171798809068,541165892130,1,0.308,0.222,"аурасо шоколад и табак - натуральный бальзам для губ аурасо, увлажняющий, парфюмированный, 30 мл","туя и перец - натуральный бальзам для губ аурасо, увлажняющий, парфюмированный, 30 мл"
fold_04,Спорт и отдых,171798814518,128849081461,1,0.376,0.465,"не определен вратарские перчатки , желтый, синий",вратарские перчатки футбольные спортивные с защитой пальцев для футболиста и вратаря
fold_04,Дом и сад,171798847563,635655161870,1,0.275,0.437,"аурасо роскошная роза - ароматические кубики аурасо, ароматический воск, аромакубики для аромалампы, 9 штук","посейдон - аромакубики аурасо, воск для аромалампы, 9 штук"
fold_04,Электроника,171798849882,678604878589,0,0.945,0.759,"komstore / умная колонка ""новая станция мини""","умная колонка ""новая яндекс станция мини"""
fold_04,Музыкальные инструменты,180388656450,592705620182,1,0.201,0.04,мундштук для тенор саксофона yanagisawa №7 эбонитовый,мундштук для баритон саксофона №9 эбонитовый
fold_04,Хобби и творчество,180388669698,549755950390,0,0.989,0.793,пазлы с фигурными элементами .67 дет .23х29 см .от 3 лет,puzzle time фигурный пазл в рамке «лев»
fold_04,Одежда,180388677250,824633859906,1,0.374,0.083,"misstyle бюстгальтер misstyle, размер 95c, белый",бюстгальтер mila_lingerie
fold_04,Продукты питания,180388677648,309237685263,0,0.98,0.977,кофе в зернах today blend №8 200г 1шт,"today / кофе в зёрнах blend 8, today, 200 г, нидерланды"
fold_04,Ювелирные изделия,180388724793,566935764908,1,0.135,0.488,подвеска из белого золота c бриллиантом алькор,алькор / серебряная подвеска c бриллиантом
fold_04,Мебель,180388735486,747324354262,1,0.12,0.515,"комплект мебели для ванной комнаты с раковиной wellsee genuine tree 201015648: столешница, раковина, встраиваемый смеситель, сифон, донный клапан, аксессуары (цвет набора золото)",комплект мебели для ванной комнаты wellsee genuine tree с раковиной 201015728
fold_04,Строительство и ремонт,180388746871,438086822085,0,0.931,0.864,"escada настенно-потолочный светильник  1140/1a, e14, 40 вт","спот escada 1140/1a, e14, 40 вт"
fold_04,Бытовая химия,180388747634,137439031032,1,0.236,0.017,кондиционер-ополаскиватель для белья clean home хлопковые сны 900мл,биогель clean home пятновыводитель активный кислород 400 мл
fold_04,Обувь,180388766127,661425069738,1,0.339,0.32,лоферы obba,obba / лоферы женские туфли грубая подошва цепи
fold_04,Обувь,180388788771,34359821767,1,0.397,0.176,"горнолыжные ботинки head formula mv 130 gw black/blue 23/24, 28.5","горнолыжные ботинки head formula lv 130 gw anthracite (см:26,5)"
fold_04,Бытовая техника,180388796054,627065336891,1,0.382,0.163,"технология уплотнителей / уплотнитель liebherr cup 4606. м.к, 690х565 мм. пс",уплотнитель для холодильника полюс 2. размер - 1100х530 мм. р1
fold_04,Бытовая химия,180388800976,154618966988,0,0.967,0.955,туалетный утенок / туалетный утенок для унитаза видимый эффект/900мл,чистящее средство туалетный утенок видимый эффект 900 мл
fold_04,Аптека,188978593521,532576087791,0,0.93,0.973,"индапамид+периндоприл, таблетки, 0,625 мг + 2 мг, 30 шт.","периндоприл плюс индапамид таблетки п/о плен. 0,625мг+2мг 30шт"
fold_04,Автотовары,188978638753,627065286228,1,0.394,0.049,"подшипник ступицы передний mitsubishi carisma 95-06, colt",technobrake / тормозные колодки 29123 без датчиков 110х64х20.
fold_04,Товары для животных,188978657445,377957240087,0,0.968,0.685,"корм из разнотравья для кроликов ""зеленая долина"" little one 750 г",little one / корм зеленая долина для кроликов 750гр
fold_04,Музыкальные инструменты,188978663931,773094149491,1,0.368,0.461,markbass riverbero педаль эффектов ,педаль эффектов markbass chorus flanger
fold_04,Хобби и творчество,188978667326,807453927555,0,0.957,0.726,"карта - пазл ""наша родина-россия"" - 260 элементов / размер пазла 33х47см","карта-пазл геодом наша родина — россия, 260 элементов, микс"
fold_04,Канцелярские товары,188978687014,695784858073,1,0.292,0.453,waterman / ручка,"waterman ручка шариковая, толщина линии: 0.5 мм, цвет: синий, 1 шт."
fold_04,Аптека,188978687709,403726961032,1,0.229,0.336,очки mien мод. 729 цвет 7 с линзами glance cr-39 -3.75 рц 64-66,очки mien мод. 797 цвет 7 с линзами glance cr-39 -3.75 рц 64-66
fold_04,Одежда,188978689302,154618979188,1,0.323,0.259,комбинезон утепленный nikastyle,комбинезон nikastyle
fold_04,Товары для животных,188978717481,274878013497,1,0.257,0.199,almo nature / корм для собак крупных пород с говядиной 12кг,корм для взрослых собак крупных пород с лососем 12кг
fold_04,Бытовая техника,197568508462,575525678527,0,0.973,0.928,электробритва xiaomi showsee electric f1-r red,электробритва xiaomi showsee electric shaver f1-r red
fold_04,Детские товары,197568533822,197568544491,0,0.971,0.958,пистолет водяной 7188b,водный пистолет игрушечный oubaoloon 7188b
fold_04,Хобби и творчество,197568537962,214748499095,0,0.949,0.923,"карты игральные пластиковые ""абстракция"", 54 шт, 9 х 6 см","не определен карты игральные пластиковые ""абстракция"", 54 шт, 9 х 6 см"
fold_04,Галантерея и аксессуары,197568557133,352187330592,1,0.257,0.45,daniel wellington часы наручные кварцевые,часы наручные daniel wellington dw00100307
fold_04,Красота и гигиена,197568562246,326417603026,1,0.316,0.428,tiffany & co 4х30 ml подарочный парфюмерный набор женский,"духи женские, мужские / tiffany & co"
fold_04,Продукты питания,197568591204,523986152820,1,0.314,0.547,лукашинские / икра баклажановая нежная 460 г,икра лукашинская кабачковая нежная 460 г
fold_04,Продукты питания,197568616922,25769841146,0,0.954,0.866,mamba / конфеты жевательные mamba волшебный твист 150 г,конфеты жевательные mamba волшебный твист 150 г
fold_04,Обувь,197568625765,343597470611,1,0.238,0.185,"inuovo сандалии inuovo, размер 37, черный",босоножки inuovo
fold_04,Бытовая химия,197568628157,77309486411,1,0.397,0.14,"аурасо апельсин и чёрный перец - аромакристаллы аурасо, натуральный ароматический диффузор в стеклянном стакане, 450 гр","иланг-иланг - аромакристаллы аурасо, натуральный ароматический диффузор в стеклянном стакане, 450 гр"
fold_04,Бытовая техника,197568634499,824633859186,0,0.952,0.7,kemei / профессиональная машинка для стрижки волос v-030,"vgr электробритва v-030, черный"
fold_04,Бытовая техника,206158447706,747324352556,0,0.925,0.943,анод магниевый 230d22+10m5,"итатэн анод ""итатэн"" 230d22+10m5, магниевый, d=22 мм, l=230 мм"
fold_04,Продукты питания,206158475419,128849101241,1,0.225,0.163,оливковое масло costa d'oro extra virgin нерафинированное 1 л,costa d&#39;oro оливковое масло costa d'oro extra virgin нерафинированное 500 мл
fold_04,Продукты питания,206158483172,609885510600,1,0.312,0.379,чай черный принцесса нури высокогорный пакетированный без ярлычка 100г 50шт. / горячие напитки,"принцесса нури / чёрный чай принцесса нури высокогорный листовой, 100 гр"
fold_04,Бытовая техника,206158505516,60129669207,1,0.296,0.157,scarlett sc-ek27g53 1.7l,pioneer / чайник pioneer ke811g
fold_04,Строительство и ремонт,206158554433,77309567065,1,0.339,0.735,лампа светодиодная horoz electric e14 175-265 в 4 вт свеча на ветру матовая 250 лм нейтральный белый свет,лампа светодиодная e14 4w 6400k матовая 001-004-0004 hrz00000028. 10 шт.
fold_04,Детские товары,206158566979,558345921145,0,0.981,0.754,"конструктор самоделкин 30, 184 детали, 30 моделей, цветной","конструктор металлический цветной мульти-пульти ""самоделкин с-30"", 30 моделей, 184 эл, пластик. коробка"
fold_04,Автотовары,214748371640,721554541226,1,0.372,0.223,мотоперчатки leatt moto 2.5 x-flow glove 2024,"мотоперчатки leatt moto 2.5 windblock glove (black, l, 2023 (6023040852))"
fold_04,Хобби и творчество,214748383967,584115668795,0,0.958,0.79,"лас играс таро «обучающая колода», 78 карт, мешочек, свеча, четки, 16+","карты таро обучающая колода, 78 карт, мешочек, свеча, четки"
fold_04,Электроника,214748390298,575525732880,1,0.377,0.723,наушники superlux hmd660,superlux / hmc660e стерео гарнитура
fold_04,Хобби и творчество,214748421885,687194851411,0,0.968,0.945,"не определен набор для творчества. елочные шары под раскраску ""чудесные зверята"", 2 шт","набор для творчества. ёлочные шары под раскраску ""чудесные зверята"", набор 2 шт"
fold_04,Музыкальные инструменты,214748439370,841813740661,1,0.133,0.162,sevillia ic-120h na - гитара классическая,sevillia iw-240m na акустическая гитара
fold_04,Красота и гигиена,214748442259,68719596757,1,0.27,0.271,прокладки ежедневные naturella normal с ароматом ромашки 52 шт,naturella 208 шт ежедневные лайт ромашка прокладки
fold_04,Обувь,214748469278,34359853947,1,0.218,0.124,резиновые сапоги дарина,резиновые сапоги дарина
fold_04,Хобби и творчество,214748473216,223338358561,1,0.258,0.445,"арт узор молд силикон ""лаванда"" 7х5,4х2 см (комплект из 3 шт)","молд силиконовый ""рожь"" 7х5,4х2 см"
fold_04,Спорт и отдых,214748474036,188978633215,0,0.992,0.966,игольчатый подшипник tohatsu 369-00043-0,kacawa игольчатый подшипник tohatsu 369-00043-0
fold_04,Строительство и ремонт,223338307818,730144545840,1,0.384,0.577,"краска dulux bindo 7 матовая моющаяся интерьерная, 9л, 80yr 57/179",краска dulux bindo 7 матовая bw белая 9л
fold_04,Товары для животных,223338358401,541165928800,1,0.358,0.723,"сумка переноска для животных/ для кошек / для собак мелких и средних пород, для машины, для самолета",переноска сумка для животных черная
fold_04,Канцелярские товары,223338394820,816043800984,0,0.93,0.79,"не определен мешок для обуви с карманом, 28х37 см, холодное сердце","мешок для обуви с карманом, 28х37 см, холодное сердце"
fold_04,Обувь,223338419619,455266609912,1,0.355,0.312,chicshoes / ботинки найк air terra antarktik gore-tex,кроссовки acg dimension nike
fold_04,Музыкальные инструменты,223338421122,188978649602,0,0.972,0.789,буратино игрушка деревянная бубен «щенячий патруль»,"игрушка деревянная бубен ""щенячий патруль"""
fold_04,Спорт и отдых,223338421648,249108139474,1,0.4,0.104,veber / бинокль silver line бп 8x42l wp,бинокль veber silver line бп 10x42l wp
fold_04,Автотовары,223338430311,111669274239,0,0.945,0.76,"ctr опора шаровая, арт. cbis13, 1 шт.",ctr / опора шаровая нижняя замена cbis-13/ isuzu trooper ubs52/55 -92
fold_04,Товары для животных,223338444568,670015017253,1,0.249,0.412,farmina / сухой корм для кастрированных котов farmina vet life cat neutered male диетическийс курицей 2кг 2 шт,"farmina / vet life neutered female корм для кошек сухой , 2 кг"
fold_04,Одежда,231928235778,317827727197,1,0.317,0.601,xolm / футболка,футболка xolm
fold_04,Обувь,231928236561,678604947789,1,0.377,0.336,ботинки tendance,tendance / ботинки
fold_04,Спорт и отдых,231928248215,712964591999,1,0.394,0.206,фонарь светодиодный fenix c7 аккумуляторный,фонарь fenix tk16v20 cree sst70 led
fold_04,Галантерея и аксессуары,231928263345,678604840264,1,0.389,0.456,"кошелёк на молнии, цвет жёлтый","кошелек на молнии, цвет желтый"
fold_04,Электроника,231928272394,661425015884,1,0.255,0.361,mietubl гидрогелевая защитная пленка антишпион / anty-spy / анти-шпион для konka 419 глянцевая,гидрогелевая приватная/ антишпион пленка для samsung a20s / на весь экран
fold_04,Ювелирные изделия,231928277570,137439094986,1,0.322,0.444,"sokolov, кольцо из золота с бриллиантом, 1012458, украшение из красного золота 585 пробы","кольцо из красного золота р. 16 sokolov 1012464, бриллиант"
fold_04,Хобби и творчество,231928282205,335007483647,0,0.95,0.874,"лас играс развивающая игра для детей «найди лишнее», 30 карт","развивающая игра ""найди лишнее"", 30 карточек"
fold_04,Товары для животных,231928287668,609885417460,1,0.372,0.362,"барсик / барсик стандарт 4,54 л впитывающий наполнитель для кошачьих","барсик / наполнитель для кошачьего туалета ""стандарт"" 15 л"
fold_04,Бытовая техника,231928301112,670015062168,0,0.963,0.993,вакуумный упаковщик bbk bvs801,вакуумный упаковщик bbk bvs801 белый
fold_04,Товары для животных,231928319610,8590069561,1,0.397,0.616,"nobby поводок classic для собак, нейлон, оранжевый, 2х120 см","nobby / поводок classic для собак, нейлон, оранжевый, 1.5х120 см"
fold_04,Товары для животных,231928322150,103079291537,0,0.956,0.998,"влажный корм для кошек pro plan delicate при чувствительном пищеварении с ягненком, 85 г х 26 шт","pro plan / влажный корм для кошек delicate, с ягненком 26х85 г"
fold_04,Спорт и отдых,231928340099,257698066887,1,0.229,0.032,"горный велосипед stinger 29 graphite std зеленый, алюминий, размер 18",велосипеды гибриды мужские merida crossway 10 (2022)
fold_04,Бытовая химия,231928345310,472446492513,0,0.957,0.911,grass / чистящее средство для кухни azelit 600 мл,моющее средство grass azelit для кухни 600 мл
fold_04,Электроника,231928355725,695784785736,1,0.147,0.786,"чехол soft touch на oppo realme 8/8 pro / реалми 8/8 про ""самурай в воде"", черный","awog силиконовый чехол на realme 8/8 pro / реалми 8/8 про ""самурай на красном фоне"""
fold_04,Строительство и ремонт,231928356028,128849159419,1,0.268,0.087,смеситель для душа kludi ameo 41028 0575 хром,смеситель для раковины roca atlas 75a3290c0m
fold_04,Обувь,231928365574,197568529467,1,0.228,0.679,converse / кеды,кеды converse
fold_04,Бытовая химия,231928369108,429496749772,1,0.333,0.305,ariel стиральный порошок 3000 г 20  стирок для цветных тканей,"washing / стиральный порошок ariel автомат color 16 стирок 2,4кг"
fold_04,Мебель,231928402514,764504333992,1,0.286,0.687,"лига диванов угловой диван ,190х112х80см","лига диванов кухонный угловой диван омура правый угол, велюр бежевый и зеленый"
fold_04,Электроника,240518174870,695784798569,0,0.976,1.0,камера видеонаблюдения ip trassir tr-d2121ir3w 3.6-3.6мм цв. корп: белый (tr-d2121ir3w (3.6 mm)),камера видеонаблюдения ip trassir tr-d2121ir3w 3.6-3.6мм цв. корп.:белый (tr-d2121ir3w (3.6 mm))
fold_04,Детские товары,240518210684,609885512288,0,0.938,0.705,"плакат электронный ""тачки: вперёд, к победе!""","disney плакат электронный «тачки: вперёд, к победе!»"
fold_04,Мебель,240518217334,292057794117,1,0.366,0.831,"лига диванов п-образный диван меркурий, коричневый; сиреневый","лига диванов угловой диван ,304х152х85см"
fold_04,Товары для животных,240518240105,240518219032,0,0.934,0.973,"сухой корм farmina n&d prime беззерновой для взрослых кошек, ягненок и черника, 1.5 кг","farmina / сухой корм для кошек farmina n&d prime lamb & blueberry, беззерновой, ягненок с черникой, 1,5кг"
fold_04,Товары для животных,240518243003,180388666314,0,0.951,0.573,"сухой корм для шиншилл зоомир мадам шинши, 500 г",мадам шинши корм для шиншилл 500г
fold_04,Мебель,240518249690,687194880858,1,0.22,0.296,"шкаф-купе 1,8 экспресс 3-х дверный 180х240х60 (2 зеркала лдсп) сонома",е1 шкаф-купе экспресс 3-x дв 180 x 240 x 45 (2 зеркала лдсп) сонома
fold_04,Бытовая химия,240518258936,498216287055,0,0.923,0.859,sunday стиральный порошок 3000 г для цветных тканей,"sunday / стиральный порошок для цветного, автомат 3 кг"
fold_04,Строительство и ремонт,240518315928,833223775725,0,0.93,0.964,"arlight светильник mag-flat-45-l1005-30w warm3000 (wh, 100 deg, 24v) (arlight, ip20 металл, 3 года)",трековый светодиодный светильник для магнитного шинопровода arlight mag-flat-45-l1005-30w warm3000 026962
fold_04,Бытовая химия,249108139522,352187328652,0,0.92,0.869,grass / чистящее средство antigraffiti 600 мл,"grass специальное чистящее средство, antigraffiti, 600 мл /"
fold_04,Хобби и творчество,249108174104,120259169110,0,0.941,0.979,"набор для росписи керамической кружки ""девочка с пони"", 300 мл",без бренда набор для росписи керамической кружки «девочка с пони» 300 мл
fold_04,Мебель,249108174679,94489376342,1,0.391,0.478,"садовая мебель. набор кофейный на 2 персоны (2 кресла + кофейный столик), искуственный ротанг, мокко, с коричневыми подушками","альтернатива комплект садовой мебели: набор кофейный homlygreen на 2 персоны (2 кресла + кофейный столик), искуственный ротанг, мокко, с серыми подушками"
fold_04,Электроника,249108176940,120259145709,1,0.238,0.262,vosk / защитная пленка антишпион oppo k5,гидрогелевая защитная пленка антишпион для телефона oppo reno 10
fold_04,Музыкальные инструменты,249108203420,592705608065,1,0.174,0.307,sterling cutlass short scale hs mint green - электрогитара,sterling cutlass sss daphne blue - электрогитара
fold_04,Продукты питания,249108209150,17179984567,0,0.922,0.519,соус burcu гранатовый 345 г,"соус турецкий burcu гранатовый, 345 г"
fold_04,Дом и сад,249108223150,352187341136,1,0.132,0.492,шторы рогожка брайт-декор на люверсах молочный 440*260см.,брайт-декор / шторы рогожка брайт-декор на люверсах молочный 400*260см.
fold_04,Бытовая техника,249108230323,266288016212,0,0.94,0.941,dreame cordless vacuum cleaner v12 pro grey,"ручной пылесос dreame v12 pro cordless vacuum cleaner, серый"
fold_04,Красота и гигиена,249108238414,369367206512,1,0.383,0.302,рени 368 наливная парфюмерия reni parfum,рени 384 наливная парфюмерия reni parfum
fold_04,Бытовая техника,257698116302,85899501538,0,0.977,0.974,"korting стиральная машина kwm 42ls1267, белый",стиральная машина korting kwm 42ls1267
fold_04,Детские товары,257698123517,128849032743,1,0.389,0.35,"конструктор построй и играй! briсkmaster ""арка"" из настоящих кирпичиков (163 деталей)","brickmaster / конструктор керамический ""летний домик"", 243 детали"
fold_04,Продукты питания,257698148427,609885431978,1,0.384,0.074,getuva / масло подсолнечное getuva 250мл 1 шт,масло getuva кунжутное 0.25л
fold_04,Спорт и отдых,257698163078,627065358787,0,0.928,0.985,kyoda / раттлин bar vib 90мм 27гр цвет p1752,воблер kyoda bar vib 90мм 27гр цвет p1752
fold_04,Бытовая химия,266287979041,584115608311,0,0.927,0.954,средство для мытья посуды fairy сочный лимон 5л,fairy / средство для мытья посуды 5л сочный лимон
fold_04,Продукты питания,266287982750,412317000673,1,0.301,0.631,"вода калинов родник питьевая негазированная, 2 шт по 6 л",вода питьевая калинов родник негазированная 6 л
fold_04,Детские товары,266288048743,257698038643,1,0.334,0.491,"zarrin toys / кухня mini stove, набор 35 предметов, цвет фиолетовый","кухня игровая mini stove, с набором, 35 предметов, цвет красный"
fold_04,Хобби и творчество,266288091065,377957272652,1,0.277,0.446,"фоамиран арт узор фуксия 2 мм набор 5 листов формат а4, 2шт","фетр жесткий 2 мм ""телесно-розовый"" набор 10 листов формат а4"
fold_04,Дом и сад,266288114833,773094183596,1,0.275,0.742,"no name рамка для фото мдф 30х40см ""trend"", белая (пластиковый экран)","фоторамка мдф 30х40 см ""trend"" капучино (пластиковый экран)"
fold_04,Продукты питания,274877915279,541165929602,0,0.929,0.851,"кофе молотый egoiste espresso, 250 г","egoiste / кофе egoiste espresso молотый, 250г"
fold_04,Одежда,274877926242,558345759420,1,0.17,0.454,ballado / куртка демисезонная с меховыми вставками,куртка diffberd
fold_04,Спорт и отдых,274877966224,103079251318,1,0.392,0.782,lucky john / балансир lucky john baltic 5 + тр. 50мм/201 блистер,"балансир (lucky john) ""baltic"" 5  + тр. 50мм/301rt                                                  "
fold_04,Бытовая химия,274878005581,128849098289,0,0.944,0.928,"автоматический освежитель воздуха air wick нежность шелка и лилии, 250мл",освежитель воздуха air wick freshmatic нежный шелк и лилия автоматический 250 мл
fold_04,Одежда,274878017920,317827676035,1,0.382,0.354,clarissa / перчатки кожаные мужские зимние теплые,"перчатки chansler, chansler"
fold_04,Бытовая химия,274878021880,481036429584,0,0.92,0.959,капсулы для посудомоечных машин finish quantum ultimate 45 шт,finish / капсулы для посудомоечных машин finish quantum ultimate
fold_04,Бытовая химия,274878052206,395137068441,0,0.995,0.715,универсальный чистящий гель grass dos gel сила цитрусов флакон 750 мл 125678,"дезинфицирующий чистящий гель ""dos gel"" сила цитрусов 750 мл 125678"
fold_04,Обувь,283467880075,103079270570,1,0.363,0.469,сапоги женские ионесси 8-4097-041 черные 36 ru,сапоги ионесси
fold_04,Товары для животных,283467882152,128849138960,0,0.965,0.942,"homecat / когтеточка-столбик для кошек, серая, 29,5х29,5х50 см","когтеточка-столбик homecat для кошек ковролин, джут серый 295х295х500 65632"
fold_04,Мебель,283467885873,403726946835,1,0.342,0.646,детские качели гнездо закачайся плюс диаметр 100 см цвет обода коричневый цвет сети зеленый толщина каната обода 14 мм толщина каната сети 8 мм,садовые качели гнездо закачайся плюс диаметр 100 см цвет обода оранжевый-зеленый цвет сети зеленый толщина каната обода 14 мм толщина каната сети 8 мм
fold_04,Одежда,283467888092,17180013750,1,0.203,0.346,um / платье миди новый год,туника трикотаж натали
fold_04,Галантерея и аксессуары,283467939008,128849040729,1,0.298,0.29,"наручные часы pierre lannier 306f628, серебряный",женские механические часы pierre lannier 311d601 с гарантией
fold_04,Детские товары,283467958201,395137058219,0,0.971,0.946,"игрушечный робот-игрушка детская ""динозавр игрушечный тиранобот"", стреляет, свет, звук, работает от батареек  / 4388180","iq bot робот-игрушка «динозавр тиранобот», 4388180, стреляет, свет, звук, работает от батареек"
fold_04,Галантерея и аксессуары,283467966901,60129650279,1,0.262,0.591,"часы наручные мужские механические восток командирские 811817, нейлон, серый/черный","наручные часы восток командирские, бежевый, серебряный"
fold_04,Детские товары,283467973534,103079268312,0,0.936,0.578,"робот радиоуправляемый, интерактивный ""аррас"", стреляет присосками, световые и звуковые эффекты",/ робот игрушка
fold_04,Обувь,292057806324,489626312855,1,0.192,0.405,шлепанцы tommy hilfiger,tommy hilfiger / шлепанцы
fold_04,Дом и сад,292057836907,257698130946,0,0.963,0.99,"пакет ламинированный вертикальный, 31 х 40 х 11 см""с новым годом!"", холодное сердце","disney пакет ламинированный вертикальный, 31 х 40 х 11 см ""с новым годом!"", холодное сердце"
fold_04,Бытовая химия,292057865413,214748502642,0,0.947,0.942,"капсулы для посудомоечной машины fairy ""platinum. all in 1. лимон"", 50шт., 8001841748412","fairy / капсулы для посудомоечной машины fairy platinum лимон, 50"
fold_04,Бытовая химия,292057865413,644245102248,0,0.977,0.943,"капсулы для посудомоечной машины fairy ""platinum. all in 1. лимон"", 50шт., 8001841748412",капсулы для посудомоечных машин fairy platinum all in one лимон 50 шт
fold_04,Музыкальные инструменты,292057880884,455266555258,1,0.339,0.354,"kepma d1ce sunburst электроакустическая гитара, цвет санберст, в комплекте 3м кабель","kepma акустическая гитара kepma-edc 6-струнная, корпус ель 4/4"
fold_04,Одежда,292057885011,661425100718,1,0.372,0.146,"чулки компрессионные центр компресс бежевый, 2 класс компрессии, 1 шт","моночулок центр компресс 4 размер, 1 класс компрессии, 1 шт"
fold_04,Детские товары,292057895231,841813638391,0,0.93,0.985,"no name / мягкая игрушка мишка, 25 см, цвет белый","мягкая игрушка ""мишка"", 25 см, цвет белый"
fold_04,Автотовары,292057924751,523986019316,0,1.0,0.997,miles ролик ремня грм mitsubishi galant/lancer/l200 2.0/2.4d -07 (ina 531019320) ag02016,ролик ремня грм mitsubishi galant/lancer/l200 2.0/2.4d -07 ag02016
fold_04,Продукты питания,292057925510,635655245751,1,0.355,0.206,архыз вода газированная 1500мл. 6шт,"вода минеральная легенда гор архыз негазированная столовая 1,5 л х 6 шт"
fold_04,Одежда,300647722924,137439094836,1,0.37,0.491,"не определен футболка , размер 26, белый",футболка
fold_04,Электроника,300647731387,369367245168,1,0.284,0.317,"wearfit pro умные часы smartwatch x3 pro max black /gx 3 max / for men, 46mm, черный",honor / смарт часы gt x3 pro
fold_04,Бытовая химия,300647743766,670015047590,1,0.329,0.359,тайд / стиральный порошок,"tide порошок для белья color стиральный 4,5кг/"
fold_04,Детские товары,300647744651,446676624952,0,0.936,0.912,"развивающий набор ""графические диктанты"", пиши стирай, уровень 1","iq-zabiaka / развивающий набор графические диктанты, пиши стирай"
fold_04,Спорт и отдых,300647747144,352187450873,1,0.207,0.175,"груз чебурашка vj (5 шт) разборная 26 гр, цв. зелёный","volga jig груз чебурашка vj (10 шт) разборная 26 гр, цв. чёрный"
fold_04,Автотовары,300647750698,377957149016,1,0.341,0.184,"оплетка, чехол (накидка) на руль ауди а5 (2007 - 2011) купе / audi a5, экокожа (премиального качества), черный с бежевым","автопилот оплетка на руль ауди с5 (2011 - 2016) кабриолет / audi s5, карбон и искусственная кожа (высокого качества), черный с белым"
fold_04,Обувь,300647759843,283467925027,1,0.135,0.363,туфли giovanni fabiani,"giovanni fabiani туфли giovanni fabiani, размер 37, бежево-розовый"
fold_04,Детские товары,300647760720,60129565313,0,0.935,0.938,"budibasa / мягкая игрушка кот басик baby в футболке со смайликом, 20 см",мягкая игрушка budi basa кот басик baby в футболке со смайликом 20 см
fold_04,Бытовая химия,300647761862,687194803440,0,0.94,0.971,стикер чистоты для унитаза туалетный утенок цитрус 3 шт.,"туалетный утенок стикер чистоты цитрус, 3 штуки в упаковке"
fold_04,Спорт и отдых,300647766851,352187475504,1,0.318,0.099,бинокль levenhuk atom 12x25,бинокль veber sport бн 10x25 черный
fold_04,Товары для животных,300647805374,146028932883,1,0.385,0.778,"пижон комплект прошитый цветы, ширина 1 см, поводок 120 см, шлейка 23-35 см, тёмно-синий","пижон комплект ""цветные следы"", ширина 1 см, поводок 120 см, шлейка 23-35 см, синий"
fold_04,Дом и сад,300647819796,635655264747,0,0.938,0.897,"huter / бензиновый триммер садовый, бензокоса huter ggt-2900s pro",бензиновый триммер ggt-2900s pro (с антивибрационной системой pro) huter
fold_04,Продукты питания,300647831515,352187379904,1,0.321,0.273,"вода минеральная архыз vita газированная, 6 шт х 1,5 л","минеральная вода архыз vita негазированная, пэт 1.5 л (6 штук)"
fold_04,Красота и гигиена,300647871885,214748500698,0,0.957,0.827,"прокладки ola! classic wings super, мягкая поверхность, с крылышками, 10 шт (4680007632181)","ola! прокладки гигиенические, classic wings super, мягкая поверхность, с крылышками, 10 шт."
fold_04,Канцелярские товары,309237648426,283467921858,1,0.39,0.24,"фотобумага славич унибром 160 пэ березка, пэп кг гл н, 18х24 см, 25 л","фотобумага славич унибром 160 имп. бп тг гл к 13х18 см, 25 листов"
fold_04,Мебель,309237672072,584115667954,1,0.31,0.735,"лига диванов интерьерная кровать кариба 180, микровельвет коричневый","интерьерная кровать кариба 180, микровельвет, модель 108336"
fold_04,Одежда,309237680774,498216314451,1,0.378,0.451,футболка smail-paj,"футболка smail-p качок с гантелями и надпись я под протеином, размер 4xs, черный"
fold_04,Хобби и творчество,309237691763,403727048507,0,0.933,0.858,tablegames / настольная игра имаджинариум,настольная игра имаджинариум
fold_04,Хобби и творчество,309237695140,343597497129,1,0.328,0.461,головоломка - умная игра для умников и умниц,настольная игра головоломка/ умная игра для умников и умниц.
fold_04,Спорт и отдых,309237699580,678604846718,1,0.187,0.57,воблер tsuyoki chef 38f e040,воблер tsuyoki chef 38f 032z
fold_04,Аптека,309237707224,592705595089,1,0.226,0.58,"контактные линзы acuvue oasys for astigmatism with hydraclear plus 6 линз +1,50/-0,75/80","acuvue астигматические линзы, 6 шт. , 8.6"
fold_04,Бытовая химия,309237715520,781684104283,0,0.948,0.988,vesta / кондиционер для белья 1 л чарующий белый,"кондиционер для белья vesta ultra comfort, чарующий белый, 1л."
fold_04,Продукты питания,309237729067,68719567229,1,0.269,0.446,"кофе maccoffee pure arabica crema (мак кофе арабика крема), в зернах, италия 1 кг","maccoffee / кофе жареный в зернах maccoffee ""pure arabica crema"" 250 г"
fold_04,Автотовары,309237754750,695784840653,1,0.378,0.019,втулка стабилизатора переднего 548131h100,deqst 106091 насос топливный vw golf/jetta/passat 1.8i 91
fold_04,Электроника,309237762254,429496759453,1,0.344,0.629,sino power аккумуляторная батарея для ноутбука lenovo 42t4739 10.8-11.1v (4400-5200mah),аккумулятор для ноутбука lenovo e525 5200 mah 10.8v
fold_04,Ювелирные изделия,309237776123,377957249377,1,0.047,0.026,"sokolov цепь sokolov, белое золото, 585 проба, длина 40 см, средний вес 1.99 г","jewelry цепочка из родированного серебра 925 пробы / плетение колос / ширина 1,2 мм"
fold_04,Одежда,309237784227,274877953287,1,0.245,0.383,clanbay / футболка аниме,футболка clanbay
fold_04,Продукты питания,309237786607,94489300673,1,0.39,0.405,здоровые детки / крупа манка пшённая безмолочная с 12 мес. 500 гр.,"каша безмолочная мaнка oвсяная дeтское питание с 12 мес здоровые детки, 500 г."
fold_04,Товары для животных,309237805744,8590029577,1,0.364,0.196,"намордник trixie из нейлона, размер 2","trixie намордник из нейлона для собак ""trixie"", размер 4"
fold_04,Музыкальные инструменты,317827611506,721554655976,0,0.948,0.977,"струны для акустической гитары ernie ball 2078 paradigm phosphor bronze 11-52 light лёгкое натяжение. повышенная прочность, долгий срок службы.","струны для акустической гитары, комплект из 6 струн, фосфорная бронза, ernie ball 2078 paradigm 11-52"
fold_04,Ювелирные изделия,317827624926,154618899642,1,0.362,0.699,"sokolov браслет sokolov, красное золото, 585 проба, корунд синтетический, длина 18 см.","sokolov, браслет из золота с синими корундами, 750295, декоративные, украшение из красного золота 585 пробы"
fold_04,Музыкальные инструменты,317827633277,292057881916,1,0.223,0.136,скрипка antonio vl-28m 1/4,скрипка antonio lavazza vl-28m 1/8
fold_04,Продукты питания,317827678975,455266573548,1,0.232,0.033,"образ жизни алтая мука овсяная цельнозерновая для выпечки, 5 кг","гречка зеленая /образ жизни алтая/ натуральная для полезных блюд и проращивания, высший сорт, 5 кг"
fold_04,Ювелирные изделия,317827691661,283467930772,1,0.255,0.502,drevo amber / величественный янтарый кулон,нежный янтарный кулон в серебре drevo amber
fold_04,Красота и гигиена,317827696523,154618826842,0,0.939,0.933,шампунь schauma men intensive против перхоти для всех типов волос 380 мл (в заказе 1 штука),schauma / шампунь schauma мужской intensive 380 мл *1шт
fold_04,Товары для животных,317827716909,94489350573,0,0.943,0.861,наполнитель глиняный цеосан впитывающий 14600г.,"цеосан / для гладкошерстных кошек, впитывающий (3 уп по 8 л)"
fold_04,Галантерея и аксессуары,317827717343,807453910163,1,0.295,0.223,"не определен рюкзак , фактура гладкая, коричневый",sofi sumki рюкзак
fold_04,Спорт и отдых,326417566023,412316922577,1,0.284,0.485,блесна select tail spinner turbo 12g 27mm ц:01,блесна select tail spinner turbo-ii 27мм 13.0гр #10
fold_04,Обувь,326417566305,678604980352,1,0.19,0.342,кроссовки new balance,"кроссовки new balance 574, размер 37,5, белый"
fold_04,Детские товары,326417589233,755914375192,1,0.399,0.608,машинка hot wheels шрифт брайля braille racer twin mill коллекционная,hot wheels / машинка базов hw braille racer- twin mill
fold_04,Товары для животных,326417614943,206158465876,0,0.972,0.984,"сухой корм дарлинг для взрослых кошек, с мясом и овощами, 1,75 кг",darling корм сухой дарлинг для взрослых кошек с мясом и добавлением овощей 1.75кг
fold_04,Обувь,326417617404,352187393298,1,0.201,0.027,jordan / кроссовки джорданы,кроссовки warrior
fold_04,Обувь,326417641552,112121,1,0.267,0.281,кеды вамлю chuck 70,кеды женские converse 162050 черные 42 eu
fold_04,Музыкальные инструменты,326417650615,687194886166,1,0.35,0.458,акустическая гитара sigma sdm-18,sigma dm-st - акустическая гитара
fold_04,Музыкальные инструменты,326417668576,403727068623,1,0.316,0.815,"тарелка crash sabian 18"" sbr crash ride","sabian 18"" b8x crash ride тарелка crash ride"
fold_04,Ювелирные изделия,335007458591,223338347411,1,0.352,0.604,"tutushkin jeweler кольцо tutushkin jeweler, серебро, 925 проба, фианит, размер 15.5, серебряный",tutushkin jeweler кольцо кольцо из серебра с фианитами tutushkin jeweler
fold_04,Красота и гигиена,335007470541,188978698101,1,0.376,0.591,ресницы nagaraku d 0.10 7 мм 16 линий,"ресницы для наращивания nagaraku, 10 мм, толщина 0,10 мм, изгиб d, 16 рядов"
fold_04,Аптека,335007473219,171798824741,0,0.931,0.689,"acuvue контактные линзы acuvue oasys with hydraclear plus 6, 24 шт., -8.00 / 8.8/ 2 недели",acuvue / контактные линзы акувью oasys / оазис 24 шт / 8.8 -8.00
fold_04,Канцелярские товары,335007484028,773094140502,1,0.311,0.324,"набор обложек пп 12 шт, 212 х 347 мм, 80 мкм, erichkrause ""mini для тетрадей и дневников, микс","набор обложек пп, 212 х 347 мм, ""mini traveler"", для тетрадей и дневников, 6 штук"
fold_04,Аптека,335007498509,747324313876,1,0.375,0.45,alcon / линзы precision 1 day для астигматизма -3.75 -0.75 150,"alcon контактные линзы precision1, 30 шт., -3.75 / 8.3/ 1 день"
fold_04,Электроника,335007499942,652835097955,1,0.398,0.829,чехол it baggage для планшета samsung galaxy tab a8 sm-x200/205 10.5 с рисунком сакура,"не определен чехол для планшета samsung galaxy tab a8 10.5"" (2021) sm-x200/x205, с красивым рисунком, прочный пластик (цветущая сакура)"
fold_04,Бытовая техника,335007504893,42949784583,0,0.938,0.788,ресанта / масляный обогреватель радиатор ресанта омм-7н,"масляный радиатор омм-7н (0,7 квт) ресанта"
fold_04,Товары для животных,335007514243,231928350927,1,0.358,0.619,"шлейка trixie premium y-harness, размер m, 55-70 см, черный","trixie / шлейка для собак premium y-harness, m-l, 65-80см х 2см"
fold_04,Строительство и ремонт,335007518713,94489360636,0,0.946,0.827,21641t настольная лампа globo jeremy,globo lighting настольная лампа декоративная globo jeremy 21641t
fold_04,Детские товары,335007533755,558345922088,0,0.942,0.978,"игрушка - грелка с вишнёвыми косточками развивающая ""мишка""",крошка я развивающая игрушка - грелка с вишнёвыми косточками «мишка»
fold_04,Строительство и ремонт,335007542706,154618890907,1,0.318,0.347,зажим 61 074 ntc-jc-y733m 61074,"сжим ответвительный, 16 35/16 25мм2"
fold_04,Музыкальные инструменты,335007564187,110949,1,0.238,0.242,dr / струны для бас-гитары dr neon hidef yellow nyb5-45 45-125,"комплект струн для 7-струнной электрогитары, никелированные, с покр., 10-56, neon yellow dr nye7-10"
fold_04,Продукты питания,335007574286,335007598316,1,0.346,0.442,aroy-d / рисовая лапша 3 мм aroy-d,"aroy-d рисовая лапша ширина 1 мм, 454 гр."
fold_04,Бытовая химия,335007575511,566935691695,1,0.264,0.254,grass / средство для мытья полов floor wash 250мл,"grass средство для мытья пола ""floor wash"" 1000мл"
fold_04,Хобби и творчество,335007595938,249108118897,1,0.194,0.019,"artwood пазл деревянный, головоломка, с фигурками, развивающий, большой из дерева 230 деталей 46х23 см аниме моя геройская академия - 326",пазл магнитный 29x20 см dead cells - 1 
fold_04,Строительство и ремонт,335007599154,17179941450,0,0.986,0.964,"съёмник внутренних стопорных колец airline прямой сжим 7"" 180 мм at-icp7-02","съёмник внутренних стопорных колец ""прямой сжим"" 180мм airline at-icp7-02"
fold_04,Обувь,343597392553,206158496391,1,0.098,0.162,кроссовки geox,кеды geox
fold_04,Музыкальные инструменты,343597409534,575525735841,1,0.273,0.054,"extend-o-grip тренажер для пальцев, регулируемый, черный, flanger fa-10p-b","pu-mmb6 звукосниматель магнитный, басовый, 6 струн, metallor"
fold_04,Товары для животных,343597418648,747324338481,0,0.947,0.919,"корм сухой для собак pro plan / проплан optidigest sensitive digestion для взрослых животных средних пород при чувствительном пищеварении, ягненок 3кг / зоотовары","сухой корм pro plan для собак средних пород с чувствительным пищеварением, с ягненком, 3 кг"
fold_04,Товары для животных,343597456104,781684063037,1,0.369,0.298,"pro plan / корм для собак 2,5 кг",proplan duo delice сухой корм для собак крупных и средних говядина 2.5кг 
fold_04,Продукты питания,343597469375,498216276711,0,0.939,0.861,"напиток соевый nemoloko barista, с бананом, 1 л",без бренда напиток nemoloko barista соевый с бананом 1л
fold_04,Хобби и творчество,343597476224,584115631650,0,0.948,0.891,"настольная игра, мемо 2 в 1 ""мировые шедевры и картины русских художников""","нескучные игры настольная игра мемо 2в1 «мировые шедевры» и «картины русских художников», 100 карт"
fold_04,Галантерея и аксессуары,343597492195,60129567524,1,0.225,0.585,"обложка dreamurr для паспорта из натуральной кожи, на документы мужская и женская на подарок",dreamurr / кожаная обложка для паспорта
fold_04,Бытовая химия,343597505286,609885492353,0,0.934,0.757,"g-brand / моющее средство для стекол, зеркал и кафельной плитки aparta","профхим д/стекл-зеркал поверхн и кафеля grass/apartament series а3, 0,6л 1 шт."
fold_04,Обувь,343597520855,558345879641,1,0.271,0.833,шлепанцы puma,шлепанцы puma
fold_04,Бытовая техника,343597527758,584115708722,0,0.97,0.897,homestar hs-1103 (008750),"homestar / электроплитка homestar hs-1103, тэн, серия сапфир (008750)"
fold_04,Спорт и отдых,343597529716,309237698169,1,0.353,0.867,"колеблющаяся блесна lucky john pepa длина 25мм/02.2г, 048 ljpe22-048","блесна колеб. lucky john pepa длин.25мм/02,2г 002"
fold_04,Продукты питания,343597533009,635655184871,0,0.928,0.82,"без бренда драже m&m's соленый с арахисом, 145 г","драже m&m's солёный арахис с солью и молочным шоколадом в хрустящей разноцветной глазури, 145г"
fold_04,Бытовая химия,352187336332,687194793903,0,0.952,0.975,сонца / стиральный порошок для цветного sunday автомат 3 кг,sunday стиральный порошок 3000 г 30  стирок для цветных тканей
fold_04,Спорт и отдых,352187357435,369367299246,0,0.979,0.902,воблер tsuyoki chef sr 40f silent 172,tsuyoki / воблер tsuyoki chef sr 40f silent #172 5гр
fold_04,Товары для животных,352187371840,747324347592,0,0.978,0.953,grandorf / грандорф ягненок с индейкой для домашних 2кг,cухой корм для взрослых домашних кошек всех пород ягненок и индейка grandorf adult indoor lamb & turkey 2 кг
fold_04,Галантерея и аксессуары,352187372270,77309493684,1,0.296,0.589,pnpmetall / кулон с гравировкой металлическая подвеска с надписью,pnp подвеска круг
fold_04,Товары для животных,352187383015,274878025615,0,0.923,0.884,1 all systems / super rich protein кондиционер суперпротеиновый 500 мл,super rich protein кондиционер для животных суперпротеиновый 500 мл
fold_04,Бытовая техника,352187392635,670014984265,0,0.958,0.907,"тэн 1600w для lg, samsung с отверстием, l171мм (htr007lg), b3406050","без бренда тэн стиральной машины 1600w lg с/о 171*135мм backer, htr007lg"
fold_04,Продукты питания,352187441701,618475346673,0,0.943,0.805,"конфеты рафаэлло, ferrero, 240 г, россия",ferrero / конфеты raffaello 240 г
fold_04,Продукты питания,352187461585,678604896363,0,0.938,0.835,"азерчай / чай черный с бергамотом, 6шт х 200г (100 пакетиков)","чай черный азерчай с бергамотом в пакетиках 2 г х 100 шт, комплект: 6 упаковок по 200 г"
fold_04,Хобби и творчество,352187471229,206158534837,0,0.978,0.908,"настольная игра головоломка puzzle ""iq-блоки 12 элементов"" 1 вид, 5+","настольные игры от лисички / настольная игра головоломка puzzle ""iq-блоки. 12 элементов"""
fold_04,Одежда,352187480305,609885501711,1,0.317,0.44,платье mark formelle,mark formelle / платье комбинация атласное на бретелях
fold_04,Детские товары,360777273478,163208873983,0,0.943,0.778,музыкальная игрушка курочка веселушки,развивающая музыкальная игрушка азбукварик веселушки курочка
fold_04,Хобби и творчество,360777289189,601295436676,1,0.306,0.262,"сорсофф / крючок для вязания, аллюминевый, №4 мм, 15 см - 3 штуки","вязальный крючок односторонний № 6 длина 15 см, комплект - 3 штуки"
fold_04,Детские товары,360777291495,180388720019,0,0.945,0.616,"нет бренда / конструктор ""забавные присоски"", 24 детали","конструктор ""забавные присоски"", 24 детали"
fold_04,Хобби и творчество,360777323957,34359769120,0,0.982,0.925,"плюх / слайм, с шариками, оранжевый, капсула 40 г","слайм, оранжевый, капсула с шариками 40 г"
fold_04,Строительство и ремонт,360777326255,223338431861,1,0.325,0.373,"vr191 трехходовой смесительный клапан 1""",vieir трехходовой смесительный клапан 1
fold_04,Хобби и творчество,360777334698,558345853435,1,0.261,0.215,не определен выкройка бумажная бомбер леон,выкройка бумажная рубашка бенито
fold_04,Бытовая техника,360777360051,549755965764,0,0.923,0.741,тепловентилятор oasis sb-20,a.s.garden / тепловентилятор напольный oasis sb-20 обогреватель
fold_04,Бытовая химия,360777375600,584115628659,0,0.99,0.994,chirton / освежитель воздуха лайт эир шоколадное ассорти,"освежитель воздуха чиртон лайт эйр ""шоколадное ассорти"", 300 мл"
fold_04,Бытовая химия,360777406102,798864014221,0,0.946,0.98,"grass концентрированное чистящее средство gloss concentrate, 1 литр",grass / чистящее средство gloss concentrate 1л
fold_04,Канцелярские товары,360777418660,111669238395,0,0.93,0.997,calligrata-tm / блок бумаги с клейким слоем 400 листов 8 цветов 76 мм х 76 мм флуоресцентный,"блок с липким краем 76 мм х 76 мм, 400 листов, флуоресцентный, 8 цветов, calligrata"
fold_04,Хобби и творчество,369367240611,257698048030,0,0.949,0.988,"надувная песочница с блёстками, 60х45 см, цвет розовый","школа талантов надувная песочница с блестками, 60*45 см, цвет розовый 5088595"
fold_04,Хобби и творчество,369367257643,687194769403,0,0.982,0.91,"набор для творчества. кружка под раскраску ""весёлого нового года"", 300 мл","школа талантов / кружка под раскраску «весёлого нового года», 300 мл"
fold_04,Одежда,369367324010,77309486992,1,0.274,0.369,happy socks / новогодние носки турецкие теплые happy socks,носки happy socks
fold_04,Красота и гигиена,369367336967,223338368579,1,0.335,0.559,"зубная щетка бамбуковая жесткая в коробке, зеленая","не определен зубная щетка бамбуковая жесткая в коробке, белая"
fold_04,Обувь,369367354799,695784751221,1,0.253,0.575,адидас / кроссовки,кроссовки adidas
fold_04,Бытовая химия,377957142028,126566,1,0.378,0.275,"mr. proper / средство моющее для домов с питомцами свежий цитрус, 1 л","mr. proper жидкость для пола, для дома с кошками, свежий цитрус, 500 мл"
fold_04,Продукты питания,377957145302,549755865554,1,0.22,0.048,"самарский здоровяк каша ""самарский здоровяк” №72 пшенично-рисовая с пробиотиком, 250 г. х 3 пакета","каша ""самарский здоровяк"" №70 пшеничная с арахисом и грецким орехом, 250 г. х 3 пакета"
fold_04,Хобби и творчество,377957151457,360777400931,0,0.938,0.614,"zigabest / настольный хоккей ""матч""","настольный хоккей матч , плоские игроки"
fold_04,Музыкальные инструменты,377957164672,352187403711,0,0.989,0.744,ernie ball / струны для 12 струнной акустической гитары 2153 9-46,струны для 12-струнной акустической гитары ernie ball 2153 phosphor bronze 9-46
fold_04,Дом и сад,377957183733,154618841124,1,0.326,0.543,subelia kids / постельное белье семейное 70х70 хлопок 100%,"комплект постельного белья евро, бязь, хлопок, наволочки 70х70 / постельное белье евро"
fold_04,Галантерея и аксессуары,377957194828,566935840839,1,0.203,0.179,skmei часы наручные,daniel klein / часы наручные daniel klein dk-1547-1
fold_04,Хобби и творчество,377957205501,481036499468,0,0.947,0.817,"алмазная вышивка с полным заполнением водопад 30х40 см, холст, ёмкость","школа талантов алмазная вышивка с полным заполнением ""водопад"", 40 х 30 см"
fold_04,Бытовая техника,377957210099,609885464586,0,0.953,0.963,ariston накопительный водонагреватель superlux nts 80v,"накопительный водонагреватель superlux nts nts 80 v накопительный, электрический, 220 в, вертикальный, погружной тэн настенный напорный из эмалированной стали"
fold_04,Хобби и творчество,377957286307,386547172960,0,0.925,0.884,"кружево гипюровое, 80 мм х 6,8 +/- 0,5 м, цвет белый / 5128694","без бренда кружево гипюровое, 80 мм 6,8х0,5 м, цвет белый"
fold_04,Дом и сад,386547074640,266288119415,0,0.943,0.691,"karizada диспенсер для мыла механический, 350 мл, 1 шт",houseworks / диспенсер для губки/дозатор
fold_04,Канцелярские товары,386547090559,747324441145,0,0.988,0.988,"стержень для гелевой ручки crown hi-jell hjr-200, 0.5 мм, 138 мм черный 12 шт.","стержень гелевый crown ""hi-jell"" черный, 138мм, 0,5мм (12 шт), hjr-200"
fold_04,Красота и гигиена,386547133387,584115652320,0,0.944,0.669,weleda / крем-butter для профилактики растяжек,"крем-butter для профилактики растяжек, weleda, 150 мл"
fold_04,Красота и гигиена,386547139154,146028980480,0,0.943,0.832,"дезодорант axe anarchy, 150 мл",axe / дезодорант спрей anarchy 150 мл 1 шт
fold_04,Продукты питания,386547160457,704374642198,1,0.085,0.617,бренди вишневый-настойка для самогона (алт винокур)-5 шт,алтайский винокур / домашний ром-настойка для самогона (алтайский винокур)-5 шт
fold_04,Электроника,386547185761,352187351651,0,0.935,0.976,wd / жесткий диск wd blue wd40ezaz/4tb,western digital 4 тб внутренний жесткий диск blue pc hdd 3.5 (wd40ezaz) 
fold_04,Музыкальные инструменты,395137003460,42949753593,1,0.289,0.343,акустическая гитара rockdale aurora d1 n натуральный,акустическая гитара rockdale folk novel f1n
fold_04,Дом и сад,395137025027,515396177748,0,0.93,0.893,"садовая фигура ""олененок"" 24*13*20 см","без бренда садовая фигура ""олененок"" 13х24х20см"
fold_04,Музыкальные инструменты,395137054680,335007469747,0,0.968,0.966,"terris tc-3901a na классическая гитара 4/4, цвет: натуральный",классическая гитара terris tc-3901a na
fold_04,Товары для животных,395137058522,326417568866,0,0.941,0.784,"monge / корм для собак лосось с рисом 2,5 кг","сухой корм monge speciality dog light salmon диетический для взрослых собак всех пород с лососем и рисом (2,5 кг)"
fold_04,Продукты питания,395137063546,377957259613,1,0.269,0.482,"nordic, хлопья овсяные с овсяными отрубями, 500 грамм","nordic геркулес финский, фрукты, ягоды, 500 г"
fold_04,Музыкальные инструменты,395137093136,506806150553,1,0.358,0.261,"комплект ладов из нейзильбера, ширина 3.0мм, магазинная поставка, sintoms 300147s","комплект ладов из нейзильбера, ширина 2.7мм, особо твердые, магазинная поставка, sintoms 270091se.h."
fold_04,Дом и сад,395137102698,89874,0,0.938,0.947,"без бренда салфетница mercy, 13х9х3 см, цвет золотой","салфетница mercy, 13 9 3 см, цвет золотой"
fold_04,Бытовая техника,403726959158,584115685628,0,0.965,0.855,"starwind фен-щетка для волос shb 6050, серый","фен-щетка starwind shb 6050, серый"
fold_04,Продукты питания,403726993414,429496834924,1,0.373,0.749,"набор чая приятный вечер ""чудесному человеку"" 6 уп по 50 гр",старые времена / подарочный набор чая наилучшие пожелания 6 упаковок
fold_04,Одежда,403727016005,429496791973,1,0.362,0.591,tom tailor / прямые джинсы marvin straight,джинсы tom tailor
fold_04,Мебель,403727024295,309237792029,1,0.283,0.294,шкаф пенал stella polar концепт 36 sp-00000146 с бельевой корзиной белый,колонна gradeonika 240 48183
fold_04,Автотовары,403727070501,386547188458,0,0.999,0.984,lynxauto / сайлентблок переднего рычага подвески -,"lynxauto сайлентблок, арт. c9251"
fold_04,Канцелярские товары,412316877924,223338443962,1,0.305,0.51,"штамп ""выполнено""","не определен штамп ""платежные"""
fold_04,Галантерея и аксессуары,412316883091,240518300823,0,0.951,0.835,casio / часы casio mtp-vd02bl-5e,наручные часы casio mtp-vd02bl-5e
fold_04,Хобби и творчество,412316903239,764504327249,0,0.921,0.262,games / настольная игра архитекторы западного королевства,аксессуар lavka games плеймат для игры архитекторы западного королевства
fold_04,Красота и гигиена,412316911806,824633834642,1,0.4,0.093,"лимонный сорбет - натуральный бальзам для губ аурасо, увлажняющий, парфюмированный, 30 мл","аурасо мята курчавая - натуральный бальзам для губ аурасо, увлажняющий, парфюмированный, 30 мл"
fold_04,Обувь,412316932211,781684175937,1,0.344,0.425,"ernesto dolani сапоги ernesto dolani, размер 39, черный",сапоги ernesto dolani
fold_04,Канцелярские товары,412316965353,17179989793,1,0.157,0.474,"комплект 3 штук, бумага цветная color (оранжевый неон) 75+-5гр, а4, 50 л","бумага комус color цветная (желтый неон) 75+-5 грамм, a4 (21 29.7 см), 50 листов"
fold_04,Обувь,412316971975,369367216065,1,0.23,0.541,туфли giovanni fabiani,туфли женские giovanni fabiani s23567 бежевые 39 eu
fold_04,Хобби и творчество,412316981176,755914279760,0,0.982,0.958,"kogarashi / алмазная мозаика с полным заполнением 20х30 ""кот"". холст","алмазная мозаика с полным заполнением 20х30 ""кот"", холст"
fold_04,Бытовая химия,412316983303,360777341604,0,0.95,0.939,"wonder lab / антижир-гель для плит, духовых шкафов и грилей, 550 мл",wonder lab антижир эко средство для чистки кухонных плит и духовых шкафов и грилей 550 мл
fold_04,Бытовая химия,412317001280,85899382745,1,0.281,0.131,cif / средство для удаления пятен cif professional 500 мл. х 2 шт.,cif professional чистящее средство для стекол и блестящих поверхностей 500 мл. спрей х 2 шт
fold_04,Бытовая химия,420906812182,575525728387,0,0.938,0.926,"средство для мытья посуды ""ромашка и витамин е"", 900 мл",аоs / средство для мытья посуды ромашка и витамин е 900 мл
fold_04,Бытовая техника,420906826362,309237781754,0,0.948,0.882,кулер ael lc-ael-850a напольный компрессорный черный,ael / кулер для воды lc 850a black
fold_04,Автотовары,420906828397,17179988565,1,0.4,0.007,шина maxxis 215/65r16c 109/107q ma-slw presa spike lt (8pr),goodyear 195/65r16c 104/102t cargo ultragrip 2 tl m+s a-stud (шип.) шины зимние 195/65  r16с 104t шипованные
fold_04,Бытовая техника,420906844207,377957195189,0,0.953,0.816,"кассетный кондиционер ballu blc_c-36hn1, белый",сплит-система ballu blc_c-36hn1 кассетная
fold_04,Обувь,420906857897,798864039629,1,0.28,0.053,кроссовки nike air force 1,exowaysneakers / кроссовки sb dunk low
fold_04,Товары для животных,420906877753,309237751952,1,0.24,0.197,"деревенские лакомства холистик премьер корм для собак средних и крупных пород, ягненок с рисом 12 кг","корм деревенские лакомства холистик премьер для собак средних и крупных пород, говядина с рисом, 12 кг"
fold_04,Ювелирные изделия,420906883822,755914337258,0,0.966,0.642,кольцо из серебра с крупным фианитом оксидирование б2387612,красная пресня / кольцо из серебра с крупным фианитом оксидирование б2387612
fold_04,Музыкальные инструменты,429496731418,395136994703,1,0.237,0.552,ремень для акустической и электрической гитары,melt ремень для акустической и электрической гитары
fold_04,Хобби и творчество,429496736943,738734427680,1,0.342,0.621,страна карнавалия / тесьма декор для рукоделия кружево 5 см в рулоне 25 м,"тесьма страна карнавалия, гипюр на атласе с фольгой, 5 см, в рулоне 25 м"
fold_04,Дом и сад,429496788546,515396078767,0,0.922,0.861,"без бренда сейф-книга дерево кожзам ""компас"" 21х13х5 см",сейф-книга дерево кожзам компас 21х13х5 см
fold_04,Электроника,429496788961,833223800218,0,0.934,0.57,"smartbuy / флеш-диск 16 gb glossy, usb 2.0, черный, sb16gbgs-k",флешка smartbuy glossy sb16gbgs-k usb2.0 flash drive 16gb (rtl)
fold_04,Спорт и отдых,429496794231,240518274640,1,0.376,0.288,"solgar coq-10, 100 мг, 60 капсул / коэнзим q10",solgar / коэнзим q10 100 мг солгар капсулы 30 штук
fold_04,Музыкальные инструменты,429496794406,652835107868,0,0.991,0.956,"мозеръ струны акустической гитары, сталь фрг + бронза 80/20 (.011-052)",мозеръ / струны мозеръ акустической гитары (.011-052)
fold_04,Спорт и отдых,429496802758,455266558246,1,0.354,0.929,раттлин силиконовый bat shiriten vibe 83mm 23g цвет 923,bat / ратлин силиконовый shiriten vibe 83 23г
fold_04,Продукты питания,429496807388,652835038884,1,0.158,0.103,"лимонад калинов апельсин, 1.5 л, 6 шт.","лимонад калинов ""манго"", 6 шт по 1,5 л"
fold_04,Одежда,429496858284,627065361127,1,0.394,0.668,itrendstar / куртка демисезонная с капюшоном,куртка
fold_04,Мебель,429496867534,111669170404,1,0.27,0.676,"лига диванов угловой диван ,245х147х85см",угловой диван лига диванов эмир бс правый угол
fold_04,Продукты питания,429496870846,798864020834,1,0.385,0.61,hello kitty / жевательная резинка со вкусом тутти-фрутти,"жевательная резинка ""антикариес"", hello kitty, 104 г"
fold_04,Хобби и творчество,438086674439,274877957633,0,0.989,0.856,"пазл острова. таиланд , 500 элементов",castorland / castorland пазл 500 острова таиланд
fold_04,Хобби и творчество,438086675474,377957216825,0,0.96,0.919,"школа талантов / набор с прядями, тату, стразами, в сумочке","набор с прядями, тату, стразами, в сумочке"
fold_04,Канцелярские товары,438086690858,523986120701,1,0.319,0.305,"calligrata, обложка пвх 218 х 354 мм, 100 мкм, для дневника, 50 штук","calligrata обложка пвх 210 х 345 мм, 170 мкм, для тетрадей и дневников (в мягкой обложке), (50шт.)"
fold_04,Продукты питания,438086702963,558345868925,1,0.32,0.011,"сохраним традиции / говядина тушеная в/с, премиум гост, 338 г","свинина тушеная в/с, премиум гост, сохраним традиции, 10 шт. по 338 г"
fold_04,Электроника,438086746441,377957197473,1,0.397,0.725,"acer 23.8"" моноблок aspire c24-1800 (intel core i3-1305u (1.6 ггц), ram 8 гб, ssd 256 гб, intel uhd graphics, windows), dq.blfcd.003, черный, русская раскладка","моноблок acer aspire c24-1800 core i3 1305u/8gb/ssd256gb/23,8""/ips/fhd/kb/m/noos/silver (dq. blfcd.002)"
fold_04,Одежда,438086748440,300647808562,1,0.263,0.417,куртка louren wilton,daigan / куртка
fold_04,Бытовая химия,438086765407,446676711127,1,0.399,0.141,"clever мыло жидкое клевер, канистра, 5 литров",мыло жидкое перламутровое ландыш 5 л
fold_04,Канцелярские товары,438086772726,833223822624,0,0.941,0.945,"набор обложек пп 10 шт, 232 х 440 мм, 80 мкм, erichkrause ""fizzy clear"", для учебников, с клеевым краем и клапаном в край, с тиснением","набор обложек пп 10 шт, 232 х 440 мм, 80 мкм, erichkrause ""fizzy clear"", для учебников, с клеевым краем, с тиснением"
fold_04,Строительство и ремонт,438086776316,223338366419,1,0.228,0.594,выключатель автоматический трехполюсный ва 47-100 100а c 10ка proxima. mcb47100-3-100c-pro ekf (6шт),выключатель автоматический модульный 3п d 100а 10ка ва 47-100 proxima ekf mcb47100-3-100d-pro
fold_04,Бытовая химия,438086777904,257698062939,1,0.35,0.614,биолан стиральный порошок 9000 г для цветных тканей,"биолан / стиральный порошок белые цветы для белых вещей, 9000 г."
fold_04,Музыкальные инструменты,438086785340,618475393745,1,0.369,0.39,акустическая гитара sigma dm-18,"sigma s000m-18 - акустическая гитара, с чехлом"
fold_04,Канцелярские товары,438086801436,429496848634,0,0.955,0.979,ограничитель-подставка для книг лондон 15х10х10см,"хорошие сувениры ограничитель-подставка для книг ""лондон"" 15х10х10см"
fold_04,Ювелирные изделия,446676609679,42949789078,1,0.238,0.204,браслет из красного золота р. 18 эстет 01б012990,эстет браслет браслет из комбинированного золота 585 пробы без вставок 01б012997. размер 17
fold_04,Продукты питания,446676653471,171798812529,1,0.313,0.804,"печенье растворимое фрутоняня пшеничное с 6 месяцев, 120г * 6 шт. (арт 41000310)",печенье фрутоняня пшеничное растворимое с 6 месяцев 120 г
fold_04,Канцелярские товары,446676660939,137439051661,0,0.994,0.928,"фоамиран цветной а4 2мм 10л*10цв, остров сокровищ, иридисцентные цвета 665101","остров сокровищ пористая резина/фоамиран а4, 2 мм, остров сокровищ, 10 листов, 10 цветов, иридисцентные цвета, 665101"
fold_04,Бытовая химия,446676682873,738734527152,1,0.309,0.531,средство для мытья посуды fairy professional,silver / средство для мытья посуды fairy
fold_04,Красота и гигиена,455266557449,335007518283,0,0.947,0.891,зубная паста lacalut aktiv защита десен и бережное отбеливание 75мл,"зубная паста lacalut aktiv защита дёсен и бережное отбеливание, 75 мл"
fold_04,Мебель,455266569562,463856572955,1,0.388,0.661,"шкаф-купе 1,8 экспресс 3-х дверный 180 х 220 х 45 фотопечать на стекле №1018 абстракция фиолетово-золотая бетон",шкаф трехстворчатый е1 экспресс фото трио ясень шимо светлый 180-220 1018
fold_04,Продукты питания,455266570340,627065257506,1,0.277,0.727,хани принт / сахарная картинка на торт новый год 2024,сахарная картинка на торт на новый 2024 год / с новым 2024 годом. кондитерские украшения для торта и выпечки. съедобная бумага а4
fold_04,Аптека,455266622345,335007500233,1,0.056,0.399,"coopervision астигматические линзы avaira vitality toric, 6 шт. , +0.25, 8.5, -1.25, 50, 2 недели ",coopervision / vitality toric (6pk) +2.50 -2.25 30
fold_04,Товары для животных,463856500152,798863965337,0,0.978,0.868,"sera / корм для растит-х цихлид seragranugreen в гран-х, 1л, 565 гр",sera корм для цихлид растительноядных granugreen 1000 мл 565 г 
fold_04,Товары для животных,463856503798,85899393733,1,0.368,0.506,"домик для грызунов сборный ""нора"" 18 х 13 х 10, белый с бирюзовой крышей","пижон домик для грызунов сборный ""нора"" 9 х 13 х 10, белый с бирюзовой крышей"
fold_04,Музыкальные инструменты,463856526310,352187434489,0,0.949,0.898,"rockdale 3323 настенный кронштейн для ас, наклонный, поворотный, сталь, чёрный. разъём 35 мм, цена за 1 шт",rockdale / 3323 настенный кронштейн для ас
fold_04,Продукты питания,463856533562,103079331815,1,0.388,0.688,sosero желтый перец фаршированный сыром 290 г,sosero / острый перец sosero фаршированный сыром 300 г
fold_04,Бытовая техника,463856571968,498216233448,0,0.948,0.804,electrolux / водонагреватель ewh 100 formax dl,electrolux водонагреватель накопительный ewh 100 formax dl
fold_04,Бытовая техника,463856617577,386547161189,1,0.394,0.185,rexant конвектор электрический 1.5квт с механическим термостатом; стич нагревательный элемент; но,"обогреватель для дома конвекторный электрический с термостатом 0,5 квт"
fold_04,Аптека,472446408617,566935808036,1,0.033,0.226,очки с футляром-змейка melorsch мод. 2110 цвет 6 с линзами ecoplus 1.56 hmc -6.00 рц 60-62,очки с футляром-змейка melorsch мод. 2110 цвет 6 с линзами ecoplus 1.56 hmc -8.00 рц 58-60
fold_04,Строительство и ремонт,472446497627,103079242895,0,0.924,0.765,"lustrof встраиваемый светильник, gu10, 6 вт",novotech / светильник потолочный встраиваемый точечный
fold_04,Канцелярские товары,472446498450,704374684622,1,0.382,0.353,кисть белка круглая №10 (диаметр обоймы 10 мм; длина волоса 30 мм) calligrata,"кисть пони круглая №10 (диаметр обоймы 10 мм; длина волоса 30 мм), деревянная ручка, calligrata"
fold_04,Продукты питания,472446536425,369367322720,0,0.927,0.739,nescafe / кофе растворимый classic crema 190г,кофе nescafe classic crema растворимый 190 г
fold_04,Автотовары,472446546023,412316956065,1,0.287,0.002,rapid ice knight 235/55 r 18 100 t зима нешипованная,royal black royal black explorer 215/45 r18 93w - mow шины летние 215/45  r18 93w
fold_04,Бытовая химия,481036342188,850403553397,0,0.95,0.976,grass / таблетки для посудомоечных машин экологичные crispi 100шт,"grass crispi экологичные таблетки для посудомоечных машин, 100 шт"
fold_04,Канцелярские товары,481036351180,747324343257,1,0.263,0.626," ручка шариковая, толщина линии: 0.7 мм, цвет: синий, 1 шт.","без бренда ручка с именем на армянском языке "" вазген """
fold_04,Канцелярские товары,481036360616,343597408757,1,0.397,0.389,"спрей-краска, 50 мл, wizzart spray, белый снег",wizzart / спрей краска акриловая artspray голубой залив 50мл
fold_04,Одежда,481036394529,824633790304,1,0.349,0.21,no brand комплект домашний женский 22 зеленый 58 ru,пижама rabbit hawk одежда для сна и отдыха
fold_04,Товары для животных,481036407940,17180032929,1,0.271,0.328,хвостатыч / поводок для собак нейлон ширина 25 мм,"поводок для собак брезентовый, длина 1,5м, ширина 25мм."
fold_04,Спорт и отдых,481036407984,670014974816,1,0.324,0.042,джиг-головки narval zg 120 6/0 24g (3 шт.),джиг-головки narval zg 120 5/0 12g (3 шт.)
fold_04,Продукты питания,481036431377,455266542966,0,0.99,0.651,"сухой паёк ""разведчик"" ирп-рг №1 армейские будни (суточный)","сухой паёк ""разведчик"" ирп-рг №1 армейские будни (суточный)"
fold_04,Бытовая химия,481036454987,60129604993,0,0.948,0.73,"капсулы для стирки белья tide color, 45шт х 22 г","tide / капсулы для стирки tide color, 45 шт"
fold_04,Канцелярские товары,481036455766,661424964563,1,0.343,0.509,"штемпельная подушка trodat ideal 4912 typo прямоугольный, 1 шт.","штамп самонаборный 4-строчный, оттиск 47x18 мм, без рамки, trodar ideal 4912 p2, касса в комплекте"
fold_04,Бытовая химия,481036486798,541165988456,0,0.954,0.908,"блок для унитаза domestos power 5 свежесть лайма защита от микробов и налета, 2х55 гр",domestos / domestos блок для унитаза power 5 свежесть лайма 55 г х 2 уп
fold_04,Бытовая техника,481036496208,309237742463,0,0.939,0.98,zipbaza / петля люка для стиральной машины electrolux 1327662001,петля для стиральной машины electrolux электролюкс 1327662001 (1327662)
fold_04,Хобби и творчество,481036501815,592705626605,0,0.986,0.859,"пластилин 30 цветов 600 г, гамма ""мультики"", со стеком, картонная упаковка 210119 04","пластилин гамма ""мультики"", 30 цветов, 600 г, со стеком, 210119_04"
fold_04,Ювелирные изделия,481036503065,798863965432,1,0.238,0.251,эстет браслет браслет из комбинированного золота 585 пробы без вставок 01б062985. размер 22,"эстет браслет эстет, красное золото, 585 проба, длина 18 см."
fold_04,Ювелирные изделия,489626308646,532576019032,1,0.322,0.918,the-jeweller серьги ювелирные золото красное 585 пробы,"the jeweller серьги the jeweller, красное золото, 585 проба"
fold_04,Продукты питания,489626312933,214748444557,0,0.941,0.702,"набор шоколадных конфет ferrero коллекция, ассорти, 269 г","конфеты шоколадные ferrero collection 269,4 г"
fold_04,Бытовая химия,489626341840,515396160183,0,0.988,0.964,grass / средство для мытья посуды velly premium лайм и мята 500мл,средство для мытья посуды grass velly premium лайм и мята 500мл
fold_04,Детские товары,489626346484,309237660754,0,0.929,0.864,кот батон 70 см мягкая игрушка 70 см рыжий,"мягкая игрушка maxitoys кот батон рыжий, 70 см"
fold_04,Бытовая техника,489626356312,17179925664,0,0.993,0.964,"russell hobbs погружной блендер 24690-56 красный, красный",блендер russell hobbs 24690-56 красный
fold_04,Бытовая техника,489626410189,498216321242,1,0.367,0.201,equation / обогреватель электрический 1000 вт,обогреватель электрический 1500 вт 15 м2
fold_04,Канцелярские товары,489626437243,601295557104,1,0.374,0.523,"гамма / акварель ""старый мастер"", 2.6мл, кювета","акварель художественная гамма ""старый мастер"" ауреолин (имит.), 2,6мл, кювета (6 шт в 1 уп)"
fold_04,Галантерея и аксессуары,498216220940,128849113549,1,0.192,0.267,omax / наручные часы omax quartz hsj743g003,наручные часы omax quartz hsj739g013
fold_04,Хобби и творчество,498216228895,704374773361,1,0.317,0.307,"добрбобр, мыло пластилин своими руками ""шоколадный пончик"", 5 цветов по 15 грамм","добрбобр мыло пластилин своими руками ""непобедимый танк"", 5 цв. по 15 г"
fold_04,Спорт и отдых,498216231348,790274070817,1,0.337,0.14,паста форелевая berkley powerbait natural scent glitter 50gr (bgtabsgt2) анис,паста форелевая berkley powerbait natural scent glitter trout bait 50гр чеснок #spring green
fold_04,Галантерея и аксессуары,498216234379,609885401538,0,0.955,0.589,"nazamok kids рюкзак детский nazamok ""авомаг"", 27*23 см",china рюкзак
fold_04,Детские товары,498216277085,146029027126,0,0.94,0.854,"развивающий набор ""умный скотч. веселые картинки"" морские, в пакете",iq-zabiaka развивающий набор «умный скотч. весёлые картинки» морские
fold_04,Галантерея и аксессуары,498216291624,42949712917,0,0.934,0.916,citizen / часы citizen eco drive bm8475-26e,наручные часы citizen bm8475-26e
fold_04,Канцелярские товары,498216300309,377957195642,1,0.399,0.288,"кисть художественная профессиональная brauberg art classic, синтетика жесткая, круглая, № 6, длинная ручка","brauberg кисть художественная профессиональная brauberg art classic , синтетика мягкая, под колонок, круглая, № 6, короткая ручка, 200691"
fold_04,Товары для животных,498216316273,798864004684,0,0.97,0.941,"сухой корм pro plan для щенков средних пород с чувствительным пищеварением, с высоким содержанием ягненка, пакет, 3 кг х 1 шт","pro plan / корм для средних щенков sensitive digestion, ягненок 3кг"
fold_04,Одежда,498216324499,386547092739,1,0.188,0.482,kute / джинсы прямые трубы корейские y2k,джинсы creanova
fold_04,Бытовая техника,498216325878,42949819208,0,0.96,0.875,фильтр для очистителя stb-a83_41,"steelberg / фильтр а83 steelberg, черный"
fold_04,Товары для животных,498216340120,386547206762,1,0.303,0.416,лежак сибирская кошка comfort plus №1 мебельная ткань (микророгожка) прямоугольная 45*35*17см / 1 шт,"лежанка сибирская кошка mr. alex comfort plus №3 для животных, 65х45х20 см"
fold_04,Музыкальные инструменты,498216349262,601295489780,1,0.341,0.26,"кларнет amati acl372iis-o, полупрофессиональная модель, 18 клапанов, 6 кольцевых клапанов","clarinet bb amati concerto acl321s-o - semi professional clarinet from grenadilla wood, 17 keys, 6 rings. abs case included"
fold_04,Одежда,498216358360,266287977616,1,0.319,0.139,футболка игра,bondugoff / футболка чикен ган
fold_04,Хобби и творчество,498216362314,171798741648,0,0.931,0.978,"бусины для творчества пластик ""розовая сирень"" набор 20 гр d:1 см","арт узор бусины для творчества пластик ""розовая сирень"" набор 20 гр d=1 см"
fold_04,Строительство и ремонт,506806141971,335007480532,1,0.249,0.541,"tundra, бита с торцевой головкой, сталь crv, магнит, 13 х 65 мм, 3 штуки","тундра бита с торцевой головкой тундра, сталь crv, магнит, 12 х 65 мм"
fold_04,Детские товары,506806152130,51539731103,1,0.399,0.457,мягкая игрушка стич 50см синий,мягкая игрушка стич 45 см голубой
fold_04,Аптека,506806155294,420906848273,1,0.339,0.575,"тримедат форте, таблетки пролонг. покрыт. плен. об. 300 мг, 60 шт.",тримедат форте таблетки с пролонг высвобождением покрыт.плен.об. 300 мг 20 шт
fold_04,Галантерея и аксессуары,506806163644,171798771707,1,0.132,0.406,chrome hearts очки солнцезащитные,chrome heart. / очки солнечные мужские
fold_04,Одежда,506806200440,824633745742,1,0.186,0.301,"не определен трусы , размер l, черный","трусы solefly, 1 шт"
fold_04,Аптека,506806206119,352187342893,1,0.34,0.572,компьютерные очки для чтения с футляром-змейка dacchi мод. 32544 цвет 8 с линзами romeo 1.56 blue block +0.75 рц 66-68,очки для чтения с футляром-змейка dacchi мод. 32544 цвет 8 с линзами ecoplus 1.50 uc +0.75 рц 68-70
fold_04,Бытовая химия,506806219301,412316890089,0,0.941,0.786,кондиционер-концентрат для тканей ipc vela s 5 л,ipc кондиционер-концентрат для тканей ipc vela s 5 л
fold_04,Канцелярские товары,506806225915,438086745159,1,0.217,0.36,"лоток для бумаг вертикальный стамм ""актив"", тонированный голубой, ширина 70мм (арт. 351503)","лоток для бумаг вертикальный стамм ""актив"", тонированный фиолетовый, ширина 70мм"
fold_04,Спорт и отдых,506806251860,592705560130,1,0.317,0.026,"novasport городской велосипед stels navigator 28"" 300 с z010, темно-зеленый, 2022","stels / велосипед горный v 29"" f020, рама 17.5"""
fold_04,Музыкальные инструменты,515396095323,773094206958,0,0.968,0.904,"gpb-01b педалборд на 4 педали с чехлом, guitto","педалборд на 4 педали с чехлом, guitto gpb-01b"
fold_04,Автотовары,515396106897,309237718629,1,0.395,0.041,"аэрозольная краска color1 для mercedes, цвет 7294 - lindgrau","аэрозольная краска color1 для opel, цвет 27e - cub blue"
fold_04,Галантерея и аксессуары,515396138974,721554555714,1,0.119,0.483,"очки от компьютера женские корригирующие (+5.50) glodiatr 1731, компьютерные, с футляром, цвет бордовый, рц 62-64","корригирующие компьютерные очки (+4.50) glodiatr 1731, компьютерные, с футляром, цвет бордовый, рц 62-64"
fold_04,Товары для животных,515396186479,584115557879,0,0.973,0.674,"now fresh / dog senior diet с индейкой,уткой 5,44 кг","сухой корм now fresh dog senior беззерновой диетический для пожилых собак всех пород с индейкой, уткой, овощами  (5,44 кг)"
fold_04,Одежда,523986014245,266288006459,1,0.175,0.616,пике / футболки-поло с коротким рукавом рубашки большие размеры,поло
fold_04,Спорт и отдых,523986040615,635655285611,1,0.242,0.073,звено соединительное быстроразъёмное 10 мм,зубр / карабин винтовой с муфтой диаметр 8 мм оцинкованный 20 шт
fold_04,Продукты питания,523986049845,163208885651,0,0.949,0.882,ritter sport / шоколад молочный альпийское молоко 100г,шоколад риттер спорт молочный с альпийским молоком 100г - в заказе 1 шт.
fold_04,Продукты питания,523986049845,326417585416,0,0.952,0.837,ritter sport / шоколад молочный альпийское молоко 100г,"ritter sport шоколад молочный альпийское молоко, 100г (1 шт)"
fold_04,Электроника,523986074943,154618948095,1,0.27,0.01,картридж cc533a (304a) magenta для принтера hp color laserjet cm2320n; cm2320nf,"nv print картридж c-718 magenta для принтера кэнон, canon i-sensys mf8380cdw; mf8340cdn"
fold_04,Мебель,523986076750,592705591812,1,0.3,0.532,"комплект мебели для ванной комнаты с раковиной wellsee genuine tree 201018801: столешница, раковина, смеситель, сифон, донный клапан, угловые вентили, аксессуары (цвет набора хром)","wellsee / комплект столешница с раковиной в ванную комнату, 201018806"
fold_04,Галантерея и аксессуары,523986091571,584115676643,1,0.338,0.324,"светодиодная клипса, модель sy-ah01, (2 х cr2032), белый","не определен светодиодная клипса, модель sy-ah01, (2 х cr2032), зеленый"
fold_04,Обувь,523986109749,481036432388,1,0.341,0.388,кроссовки hoka one one,hoka / кроссовки беговыеа
fold_04,Обувь,523986133225,755914266137,1,0.276,0.425,ботинки officine creative,"officine creative ботинки officine creative, размер 42, коричневый"
fold_04,Бытовая техника,523986133308,128849079072,0,0.928,0.949,мечта / электрическая настольная плитка мечта 212т черная,"мечта электрическая настольная плита 212т, черный"
fold_04,Электроника,523986145094,661425015884,1,0.275,0.058,mietubl гидрогелевая защитная пленка антишпион / anty-spy / анти-шпион для coolpad cool s глянцевая,гидрогелевая приватная/ антишпион пленка для samsung a20s / на весь экран
fold_04,Бытовая химия,523986155255,695784743233,1,0.343,0.424,"sanfor средство для труб, 5 мин, прочистка канализации, 1 л",sanfor / средство от засоров труб 5 минут 750 мл
fold_04,Товары для животных,532575952803,498216216192,1,0.371,0.775,florida сухой корм для взрослых стерилизованных кошек с лососем и черникой 3+1 кг,"florida. / корм для стерилизованных кошек, лосось,4 кг"
fold_04,Обувь,532575954138,781684135833,1,0.225,0.175,туфли kapika,"kapika туфли kapika, размер 36, черный"
fold_04,Детские товары,532575971205,790273992431,0,0.981,0.883,"ming jia long попрыгун ""машина"", 56 x 39 x 30 см, 1600 г","попрыгун ""машина"", 56 х 39 х 30 см, 1600 г, 1 шт."
fold_04,Галантерея и аксессуары,532575993155,635655192928,1,0.254,0.1,pinko сумка на плечо кросс-боди,adem / сумка багет женская сумка
fold_04,Товары для животных,532575994180,841813613066,0,0.933,0.966,"лакомство для собак triol косточки жевательные dental, 10см, 160г (уп.4шт.)","triol / косточки жевательные dental, 10см, (4шт.)"
fold_04,Мебель,532576017216,472446416762,1,0.093,0.395,"комплект мебели для ванной комнаты с раковиной wellsee genuine tree 201017587: столешница, раковина, встраиваемый смеситель, сифон, выпуск, аксессуары (цвет набора матовый черный)",комплект мебели для ванной комнаты с раковиной wellsee genuine tree 201017127
fold_04,Бытовая химия,532576028841,575525640905,0,0.935,0.975,"ушастый нянь / гель для стирки детского белья, 1200 мл","гель для стирки детского белья ушастый нянь, 1.2л"
fold_04,Продукты питания,532576032449,163208826633,0,0.974,0.739,"мармелад fruittella медвежата, 150г","мармелад fruittella медвежата, 150 г"
fold_04,Хобби и творчество,532576045108,678604906930,1,0.302,0.503,"арт узор молд силикон ""голубика"" 1х1х1 см","молд силикон ""черника"" 1х1х1 см"
fold_04,Бытовая химия,532576060908,481036378837,0,0.944,0.812,туалетный утенок гель для чистки туалета цитрус 900 мл /,чистящее средство туалетный утенок wc 900 мл цитрусовый
fold_04,Обувь,532576065305,584115601423,1,0.137,0.48,ботинки tendance,полусапоги
fold_04,Продукты питания,532576067019,627065378648,0,0.929,0.742,"чай в пакетиках черный азерчай букет, 100 шт","чай черный азерчай букет в пакетиках 1,8 г х 100 шт"
fold_04,Бытовая техника,532576076146,188978623089,0,0.934,0.723,"electrolux  вентилятор argentum eafa-120t с таймером, серебристый",вентилятор вытяжной electrolux argentum eafa-120t (таймер)
fold_04,Одежда,532576086275,77309510681,1,0.394,0.227,платье,eleve / платье теплое свитер вязаное
fold_04,Хобби и творчество,532576091662,120259153505,0,0.975,0.692,mellingward / набор для опытов,"набор для опытов ""выращивание удивительных кристаллов"", новогодние чудеса, эврики, 1 набор"
fold_04,Галантерея и аксессуары,532576096072,163208821320,1,0.271,0.333,kat-bijoux-shop / серьги пусеты бижутерия гвоздики с камнями,zultanit серьги
fold_04,Обувь,541165933759,283467989668,1,0.216,0.183,ботинки мужские tendance hz207b-15-b12 черные 41 eu,ботинки officine creative
fold_04,Дом и сад,541165955906,223338339222,1,0.381,0.678,цветы искусственные на кладбище / искусственные цветы на кладбище большие герберы,букет искусственных цветов герберы
fold_04,Строительство и ремонт,541165977214,781684075627,1,0.287,0.149,краскопульт pegas pneumatic верхний бак сопло 2мм 2708,"краскопульт hvlp 1,0 мм,  28-115 л/мин, 2,1 бар, верхний бачок 100 мл automaster"
fold_04,Товары для животных,541165988939,429496850463,0,0.92,0.853,rio / корм для средних попугаев основной 1 кг,"корм rio для для средних попугаев ""основной рацион"", 1 кг"
fold_04,Автотовары,541165990722,850403666339,1,0.4,0.005,краска для сколов kiwix volkswagen 0u pool blau 20 мл,ремонт сколов кузова (подкраска) + грунт комплект land rover 945 chablis 40 мл
fold_04,Продукты питания,541165998212,446676623438,0,0.975,0.912,"чай greenfield summer bouquet травяной (2г х 100шт), 200г","чайный напиток в пакетиках greenfield summer bouquet, 100 шт"
fold_04,Дом и сад,541166000081,455266634400,1,0.308,0.713,"агросидстрейд семена цветов петуния ""изи вейв сильвер"", f1, 5 шт","семена цветов петуния изи вейв вайт , f1, 5 шт"
fold_04,Товары для животных,541166013656,463856602759,1,0.138,0.06,"monge dog monoprotein mini корм для щенков мелких пород с ягненком и рисом 2,5 кг",monge / monge dog для собак ягненок 12 кг
fold_04,Дом и сад,541166034112,146029030990,0,0.988,0.905,"матрёшка божья коровка , зелёное платье, 5 кукольная, 10-12 см","матрёшка божья коровка, зелёное платье, 5 кукольная, 10-12"
fold_04,Музыкальные инструменты,549755814012,206158581272,0,0.984,0.915,укулеле сопрано cascha hh-3964 linden series,"poni linden series укулеле сопрано, с чехлом, желтый, cascha hh-3964"
fold_04,Товары для животных,549755815036,790274076985,1,0.302,0.22,"корм для хомяков  с орехами, 500 г","сухой корм для морских свинок seven seeds с орехами, 500 г"
fold_04,Бытовая техника,549755855374,438086673707,1,0.393,0.084,kitfort / чайник кт-619,чайник электрический viconte vc-3278 стекло
fold_04,Товары для животных,549755856878,712964607427,1,0.383,0.806,"farmina n&d prime для кошек курица с гранатом  1,5 кг","farmina / корм с курицей игранатом для кошек 1,5кг"
fold_04,Галантерея и аксессуары,549755870239,317827724255,1,0.359,0.469,casio edifice classic спортивные часы с хронографом efv-640l-2a,casio / наручные часы efv-640d-2a
fold_04,Музыкальные инструменты,549755904744,137439074162,0,0.983,0.978,"mz-chg-12-3skull2/b чехол для классической гитары, mezzo",чехол для классической гитары mezzo mz-chg-12-3skull2/b
fold_04,Товары для животных,549755906244,335007474689,0,0.974,0.878,canin / корм сухой maxi puppy для крупных щенков до 15 мес 3кг,royal canin maxi puppy - сухой корм для щенков крупных пород от 2 до 15 месяцев - 3 кг
fold_04,Канцелярские товары,549755913545,618475305691,0,0.952,0.992,"disney / блокнот а6, 32 листа на скрепке эльза. холодное сердце, 1 шт","блокнот на скрепке ""эльза"" холодное сердце, 32 листа, а6"
fold_04,Хобби и творчество,549755958390,274877965698,1,0.297,0.674,деревянные заготовки / яйцо на подставке 5х7см (3шт) заготовка для творчества,"""добрый мастер"" деревянная заготовка для творчества, декупажа №11645 ""яйцо на подставке"" 4,8*7см (1шт), дерево"
fold_04,Спорт и отдых,558345760762,489626365710,0,0.947,0.992,игровые футбольные ворота dfc goal120t,ворота игровые dfc goal120t
fold_04,Мебель,558345782579,704374657176,0,0.929,0.884,dobrin 5017-lmtailor,"барный стул dobrin tailor (серый велюр) 5017-lmtailor, 1 шт."
fold_04,Бытовая техника,558345808985,103079337294,0,0.924,0.943,"пылесос delta lux dl-0848 черный с синим: 2200 вт, мешок для сбора пыли, мощн.всас 400вт","пылесос delta dl-0848, черный/синий"
fold_04,Строительство и ремонт,558345831390,498216209284,1,0.26,0.568,"не определен мягкое окно софтокна 145х220 см, прозрачная пленка 0,7мм, скоба-ремешок, черная окантовка, комплект для установки","мягкое окно софтокна 145х220 см, прозрачная пленка 0,7мм, скоба-ремешок, коричневая окантовка, комплект для установки"
fold_04,Продукты питания,558345842620,678604962975,1,0.302,0.628,мини-сушки семейка озби с солью 150 г,упаковка из 24 штук мини-сушки семейка озби с солью 150г
fold_04,Мебель,558345856324,94489283828,1,0.365,0.65,"лига диванов угловой диван, механизмнераскладной,260х147х83см","лига диванов угловой диван леонардо правый угол, рогожка корфу 02"
fold_04,Красота и гигиена,558345861960,670015062461,0,0.96,0.991,"сменные кассеты gillette fusion power 8 шт. для мужской бритвы, с 5 лезвиями, кассеты gillette. джилет фьюжн повер.",gillette / кассеты для бритья сменные лезвия мужские fusion 5 power 8шт
fold_04,Электроника,558345875974,644245238904,0,0.94,0.965,seagate 2 тб внутренний жесткий диск (st2000nm000a) ,"seagate / st2000nm000a exos 7e8 жесткий диск hdd 3,5"" 2тб, sata iii, буфер 256 mb, скорость 7200 rpm"
fold_04,Бытовая техника,558345905139,420906938117,0,0.928,0.71,xiaomi / фен compact hair dryer h101 (white) eu xiaomi,"xiaomi фен для волос h101, кол-во насадок 1, белый"
fold_04,Бытовая химия,558345911077,360777295267,1,0.302,0.18,"jerminal cosmetics средство для мытья посуды ""яблоко"" пэт 5 литров","средство для мытья посуды любаша яблоко, канистра, 5л, 4шт."
fold_04,Одежда,558345913260,472446462147,1,0.316,0.599,алтекс. / рубашка женская больших размеров хлопок,рубашка алтекс
fold_04,Детские товары,558345918250,292057854808,0,0.937,0.798,"мягкая игрушка maxitoys кот батон рыжий, 70 см",кот батон 70 см мягкая игрушка 70 см рыжий
fold_04,Продукты питания,566935692081,455266601570,0,0.963,0.696,"чай riston earl grey черный, 100 пакетиков","чай черный riston earl grey с ароматом бергамота, 100 пакетиков"
fold_04,Электроника,566935716145,352187477961,1,0.239,0.911,karl lagerfeld / чехол на iphone 15 pro с принтом pc/tpu,"чехол karl lagerfeld pc/tpu на apple iphone 15 pro, для айфон 15 про ударопрочный, с защитой камеры, с принтом monogram nft karl ikonik, прозрачный"
fold_04,Хобби и творчество,566935729700,472446467829,0,0.997,0.879,"/ пазлы ""страна единорогов"", 35 элементов","пазлы, puzzle time, ""страна единорогов"", 35 элементов"
fold_04,Обувь,566935734998,798863988307,1,0.294,0.575,кроссовки adidas originals originals superstar,adidas / кеды
fold_04,Обувь,566935743427,197568554269,1,0.248,0.174,туфли in-step,"in step мокасины in step, размер 46, коричневый"
fold_04,Строительство и ремонт,566935756675,635655168803,1,0.346,0.3,диск пильный по дер. makita d-51390,"диск пильный по дереву 165х20х3,2мм, 24 зуб. makita d-51409"
fold_04,Хобби и творчество,566935759981,807453907485,0,0.96,0.849,"патч на липучке ушёл в себя, 8х5 см","zашеvрон / патч на липучке ушёл в себя, 8х5 см"
fold_04,Красота и гигиена,566935805387,309237811697,0,0.955,0.992,"тоник для лица сто рецептов красоты освежающий, увлажнение и свежесть, 250 мл (67972740)","тоник для лица сто рецептов красоты освежающий ""увлажнение и свежесть"", 250 мл"
fold_04,Электроника,566935828581,85899446507,1,0.111,0.667,дизайнерский силиконовый чехол для tecno spark 20 pro амонг ас обои,tecno / чехол на tecno spark 20 pro/текно спарк 20 про
fold_04,Автотовары,566935831184,687194780271,1,0.381,0.025,liqui moly / масло liqui moly top tec 6600 0w-20 нс- 1 л,"liqui moly top tec 4600 5w-30, масло моторное, синтетическое, 1 л"
fold_04,Спорт и отдых,575525629121,670014926505,1,0.375,0.528,/ поролоновая рыбка 140 мм 23 uv (5 шт.),"поролоновая рыбка yaman на двойнике, р. 95 мм, в комплекте 2 упаковки y-p95-23"
fold_04,Мебель,575525654147,747324310760,1,0.236,0.766,"кровать с матрасом cocos foam 219 160х200 см высотой 19 см, кровать c подъемным механизмом и местом для хранения техас лиловый","не определен кровать с матрасом cocos foam 219 160х200 высотой 19 см, кровать c подъемным механизмом и местом для хранения техас светло-бежевый"
fold_04,Строительство и ремонт,575525666294,566935788878,0,0.953,0.99,раковина 41 см grossman gr-3018,раковина-чаша grossman 41 gr-3018 белая
fold_04,Товары для животных,575525694202,34359819412,0,0.929,0.61,"сухой корм farmina для кошек farmina vet life struvite 0.4 кг фармина корм при мочекаменной болезни мкб, для растворения струвитных уролитов, курица",farmina / корм для растворения струвитов у кошек 400 гр
fold_04,Обувь,575525713173,592705497179,1,0.24,0.447,туфли giovanni fabiani,"giovanni fabiani туфли giovanni fabiani, размер 40.5, бежевый"
fold_04,Хобби и творчество,584115555492,670015016467,0,0.992,0.764,развивающая игра накорми зверушку (2 основы+ ложка+ 20 элементов),"развивающая игра лесная мастерская ""накорми зверушку"" (2 основы+ ложка+ 20 элементов)"
fold_04,Красота и гигиена,584115603496,403727045042,1,0.375,0.027,"бальзам для лица american crew all in one, spf15, 170 мл","american crew / ultra gliding oil масло для бритья, 50мл"
fold_04,Одежда,584115626169,34359785120,1,0.364,0.243,softline / трусы эротик,трусы softline
fold_04,Бытовая техника,584115629924,369367197616,0,0.979,0.99,scarlett утюг sc-si30k51,scarlett / утюг scarlett sc-si30k51 фиолетовый
fold_04,Бытовая техника,584115635562,755914351258,0,0.923,0.642,морозильная камера indesit sfr 100 белый,морозильная камера indesit sfr 100
fold_04,Одежда,584115644384,223338349481,1,0.231,0.442,lc waikiki / шорты для мальчика,шорты lc waikiki
fold_04,Бытовая техника,584115713222,712964638854,1,0.377,0.265,газовая поверхность maunfeld eghg.43.33cw/g,варочная панель gefest пвг 2231-01 р52
fold_04,Обувь,584115713961,240518312905,1,0.326,0.24,кроссовки мужские nike m air force 1 черные 8 us,кроссовки jordan air jordan 1
fold_04,Аптека,592705538411,94489413469,1,0.321,0.063,life extension / таурин капсулы taurine витамины и бады,"глицин, glycine, life extension, 1000 мг, 100 вегетарианских капсул"
fold_04,Электроника,592705583384,592705626459,1,0.382,0.048,"без бренда транзистор 2sa1358-y to-126, pnp, 120в, 1а, пара к 2sc3421, 10штук","транзистор 2sa1249 to-126, pnp transistor, 10штук"
fold_04,Бытовая техника,592705623707,300647723888,0,0.944,0.986,пылесос kelli kl-8005 красный,пылесос kelli kl-8005 красный
fold_04,Аптека,601295433499,386547116041,0,0.969,0.972,лозартан таблетки п/о плен. 100мг 30шт,"лозартан, таблетки покрыт. плен. об. 100 мг (озон), 30 шт."
fold_04,Обувь,601295465708,601295435546,1,0.236,0.127,шлепанцы adidas,"adidas шлепанцы adidas, размер eu 44,5, черный"
fold_04,Хобби и творчество,601295491520,369367242194,0,0.921,0.969,набор школа талантов для творчества «новогодняя гирлянда из ниток своими руками»,"школа талантов, набор для творчества ""новогодняя гирлянда из ниток своими руками"""
fold_04,Одежда,601295536741,128849065712,1,0.182,0.33,бейсболка atributika & club,"atributika & club бейсболка atributika & club, размер 55-58, черный"
fold_04,Одежда,601295548272,549755917188,1,0.37,0.608,с / куртка джинсовая спортивная весна,куртка джинсовая vxo
fold_04,Канцелярские товары,601295565131,773094235682,0,0.96,0.998,perfeo фотобумага а4 108 г/м2 матовая 500л,perfeo / фотобумага а4 108 г/м2 матовая 500л
fold_04,Канцелярские товары,601295567096,292057864966,0,0.926,0.895,noname лупа 3-кратная,"не определен лупа налобная 1-3х бинокулярная, с подсветкой, 5 линз в комплекте, 3 ааа"
fold_04,Музыкальные инструменты,609885398785,584115599261,0,0.984,0.993,"укулеле сопрано kaimana uk-21 ppm , цвет фиолетовый матовый",укулеле сопрано kaimana uk-21 ppm
fold_04,Спорт и отдых,609885401176,111669169180,1,0.226,0.517,"балансир hitfish flicker 50 (50 мм, 10 гр) #018","балансир hitfish flicker-50, цвет 052"
fold_04,Товары для животных,609885405451,618475316552,1,0.386,0.536,"ломтики крольчатины для собак ""деревенские лакомства"" для мини-пород, 55г.","деревенские лакомства ломтики крольчатины для малых и миниатюрных пород 0,055 кг 19689 (10 шт)"
fold_04,Бытовая техника,609885476137,755914342692,0,0.927,0.895,обогреватель ресанта омм-7н,ресанта / ресанта-омм-7н
fold_04,Хобби и творчество,609885476854,249108184731,1,0.34,0.775,"набор бусин с русскими буквами ""астра"" 6 мм, 150 шт/упак","astra & craft набор бусин с цифрами ""астра"" 6х6 мм, 150 шт/упак"
fold_04,Продукты питания,609885480165,566935784475,1,0.289,0.834,printartcake / вафельная картинка,вафельная картинка
fold_04,Одежда,609885509922,283467912801,1,0.279,0.473,"трусы finetoo универсальная, 1 шт",perfectly you / трусы кружевные стринги бразильяна
fold_04,Обувь,618475311676,420906854393,1,0.095,0.306,кроссовки asics,asics / кроссовки asics спортивные кеды для бега
fold_04,Одежда,618475330610,266288084349,1,0.375,0.442,q&h shop / футболка новогодняя для фотосессии,футболка q&h
fold_04,Бытовая техника,618475332814,197568525493,0,0.925,0.954,электробритва vgr v-332,"vgr электробритва для бритья головы и бороды v-332, золотой"
fold_04,Товары для животных,618475378265,206158552756,1,0.324,0.491,"tappi / когтеточка кейн из гофрированного картона, 22x60x20см","tappi когтеточка смик из гофрированного картона, 22x65x25см"
fold_04,Бытовая химия,618475380121,377957240514,0,0.928,0.967,"barantsev защита от насекомых / спрей репеллентный от комаров ""тайга дэта"", 100 мл",тайга дэта спрей репеллентный от насекомых 100 мл.
fold_04,Автотовары,618475442508,206158593536,1,0.371,0.022,"оплетка, чехол (накидка) на руль тойота камри (2017 - 2018) седан / toyota camry, экокожа и спонж, черный и серый","coolpart оплетка, чехол (накидка) на руль киа стингер (2017 - 2021) лифтбек / kia stinger, экокожа и спонж, черный и синий"
fold_04,Бытовая химия,627065289243,317827656509,0,0.95,0.983,"аэрозоль-репеллент от комаров дэта ""аква"", для чувствительной кожи, 150 мл",дэта / аква аэрозоль от комаров для чувствительной кожи фл. 150мл
fold_04,Дом и сад,627065293469,231928349524,0,0.999,0.898,"nobrand салфетница «рапунцель», 25x15x13 см","салфетница деревянная рапунцель, 25 15 13 см"
fold_04,Одежда,627065314913,266288027629,1,0.322,0.453,лонгслив bossa nova,лонгслив bossa nova
fold_04,Бытовая химия,627065317220,197568561572,0,0.946,0.983,"grass / очиститель после ремонта cement remover, 1 л",средство для очистки после ремонта cement remover grass 1л
fold_04,Канцелярские товары,627065324737,292057818388,1,0.268,0.63,"calligrata ручка подарочная роллер, в кожзам футляре пб ys, корпус серый/золото","ручка подарочная роллер, в кожзам футляре пб uh, корпус серебро/золото/черный"
fold_04,Товары для животных,627065358092,738734504798,1,0.302,0.228,"светильник подводный, jingye, 17.5 см, 2 вт, розовый","jingye светильник подводный, jingye, 17.5 см, 2 вт, голубой"
fold_04,Хобби и творчество,635655235552,257698126577,0,0.934,0.94,"буква-ленд раскраска ""рисуем пальчиками. транспорт"", 16 стр.","раскраска ""рисуем пальчиками. транспорт"", 16 стр."
fold_04,Дом и сад,635655241141,592705603296,1,0.307,0.623,"фоторамка пластик на 7 фото 10х10, 9х13 см 'розовый сад' белая 43,5х39 см","сима-ленд фоторамка на 7 фото 10х10, 10х15 см ""розовый сад"" белая 56х46х3 см 1935642"
fold_04,Музыкальные инструменты,635655243728,25769941180,1,0.377,0.701,flight / укулеле тенор flight diana te / цвет: коричневый,flight diana ce - укулеле концерт
fold_04,Продукты питания,635655297300,180388666764,1,0.296,0.342,подарочный набор wowman crazy box чай ройбуш классический/матэ/молочный улун 1 категории,wowman health подарочный набор wowman crazy box чай ройбуш классический/матэ/улун клубника-банан
fold_04,Бытовая техника,635655311526,343597498332,0,0.987,0.944,манжета люка стиральной машины атлант 908092000500 узкая,"atlant манжета люка атлант, узкие машины 908092000500"
fold_04,Детские товары,635655322355,85899432701,1,0.347,0.781,мишка лаппи мягкая игрушка «мишка лаппи» с веночком,"мягкая игрушка ""мишка лаппи"" в розовом"
fold_04,Красота и гигиена,644245138987,42949675754,0,0.955,0.983,"тушь для ресниц belor design ""bad doll"", цветная, желтая, объемная","belordesign тушь для ресниц belor design bad doll объёмная, цветная, жёлтая"
fold_04,Продукты питания,644245146167,644245222422,1,0.388,0.305,"bahlsen / вафельные трубочки в молочном шоколаде, 100 гр.","трубочки вафельные в тёмном шоколаде, bahlsen, 100 г, германия - в заказе 1 шт."
fold_04,Продукты питания,644245147334,773094182628,1,0.268,0.422,"кофе в зернах жокей ""традиционный"", натуральный, 900 г, вакуумная упаковка, 1129-06","жокей / кофе в зернах традиционный, 400 гр"
fold_04,Одежда,644245189911,584115662335,1,0.378,0.059,трусы jolidon,"jolidon трусы jolidon, размер l, белый"
fold_04,Аптека,644245193074,42949792812,1,0.278,0.374,"контактные линзы acuvue oasys 1-day with hydraluxe for astigmatism, 30 шт., r 8,5, d -1, cyl: -1,75, aх: 130, 1 уп.","астигматические линзы acuvue oasys 1-day with hydraluxe for astigmatism (30 линз) ось 50, оптическая сила цилиндра -1.75 -1.00 r 8.5, однодневные, прозрачные"
fold_04,Обувь,644245222156,438086710533,1,0.099,0.228,converse / кеды,кеды converse
fold_04,Автотовары,644245226632,618475322112,0,0.992,0.992,"gazpromneft масло трансмиссионное, 4 л",масло gl-4 80w-85 4л gazpromneft 2389901366
fold_04,Красота и гигиена,652835097796,695784761766,0,0.929,0.893,зубная паста от кариеса exxe кальций комплекс 100 мл ,"exxe / зубная паста от кариеса ""кальций комплекс"", 100 мл"
fold_04,Бытовая химия,652835110012,292057777114,1,0.313,0.55,"кислородный отбеливатель персоль extra экстра 200 г*2шт для отбеливания хлопчатобумажных, льняных, вискозных, штапельных, синтетических и шерстяных тканей.",персоль кислородный отбеливатель
fold_04,Галантерея и аксессуары,652835117102,60129667040,1,0.155,0.435,наручные часы casio f-91ws-7,casio / часы наручные casio f-91ws-2d
fold_04,Детские товары,652835120030,420906871698,1,0.187,0.289,"не определен универсальная москитная сетка для детской коляски см 60х100, на резинке, цвет белый","крошка я, универсальная москитная сетка на детскую коляску 120х140 см, цвет белый"
fold_04,Красота и гигиена,652835123838,747324418329,0,0.934,0.962,rexona / антиперспирант стик champions 50 мл,"rexona антиперспирант-стик champions, мужской, 50 мл"
fold_04,Бытовая химия,652835136233,704374704508,1,0.357,0.585,"средство для мытья полов и стен mr.proper ""лавандовое спокойствие"", 1 л (5 шт)","mr.proper / средство для мытья полов и стен, 1 литр"
fold_04,Товары для животных,652835147665,25769947979,1,0.292,0.306,комбинезон для собак collar демисезонный s35 розовый,"дождевик для собак, m 47см   (спаниель, колли, бультерьер) розовый  "
fold_04,Детские товары,652835155611,721554554336,0,0.943,0.51,"развивающий набор ""пространственное мышление""","zabiaka развивающий набор ""пространственное мышление"""
fold_04,Музыкальные инструменты,661425021794,103079254989,0,0.975,0.932,струны для акустической гитары ernie ball 2151,струны ernie ball 2151 (10/52)
fold_04,Строительство и ремонт,661425044450,214748493917,0,0.964,0.896,"фреза внутр.радиус r=4,75 (нижн. подш.) s=8 d=22,2x12,7 cmt 938.222.11",фреза кромочная калевочная (22.2x12.7 мм; r 4.75 мм; s 8 мм) по дереву смт 938.222.11
fold_04,Ювелирные изделия,661425091273,515396077870,1,0.385,0.739,голден глоб / золотое кольцо 585,golden globe золотое кольцо женское 585 пробы
fold_04,Товары для животных,661425105503,446676716848,0,0.949,0.921,"sirius / корм сухой для кошек лосось и рис 1,5кг","сухой корм для взрослых кошек, лосось и рис тм sirius 1,5кг"
fold_04,Бытовая химия,670014904676,60129707281,0,0.983,0.97,"sanfor / чистящее средство 750 г, sanfor wc gel (санфор гель)","чистящее средство 750 г, sanfor wc gel (санфор гель) ""special black"", 1896  "
fold_04,Канцелярские товары,670014917560,292057839055,1,0.325,0.219,"маркер для пленки edding 140 s/003, 0,3мм, синий","edding / маркер тонкий 0.3 мм, зеленый e-140"
fold_04,Красота и гигиена,670014984768,360777315926,1,0.317,0.427,мужская гигиеническая помада для губ с экстрактом апельсина,не определен мужская гигиеническая помада для губ с экстрактом клубники
fold_04,Обувь,670014990260,197568581893,1,0.209,0.237,asics / кроссовки спортивные,кроссовки asics
fold_04,Музыкальные инструменты,670014990799,283467861744,1,0.368,0.308,струны для акустической гитары ernie ball 2013,"ernie ball струны ernie ball earthwood folk nylon classic 28-42, шарики на конце (2069)"
fold_04,Красота и гигиена,670015012469,558345915557,1,0.241,0.641,чёрные ресницы black 16 линий c 0.07 10 mm,ресницы для наращивания lashfeya c 0.07 9 мм
fold_04,Галантерея и аксессуары,670015014912,68719508649,1,0.347,0.577,sunglasses / очки солнцезащитные,alese очки солнцезащитные
fold_04,Хобби и творчество,670015015911,163208851769,1,0.382,0.807,"стразы в цапах (набор 5 шт), 6*10мм, цвет синий в серебре","queen fair стразы в цапах (набор 5 шт), 6*10мм, цвет голубой в серебре"
fold_04,Обувь,670015017103,644245231156,1,0.186,0.281,кроссовки nike кеды,sakenov / jordan 4
fold_04,Бытовая химия,670015021320,292057829217,0,0.926,0.934,grass / гель-концентрат для стирки белья grass alpi color 5кг,"жидкое средство для стирки grass гель-концентрат для цветных вещей alpi color gel, 5кг"
fold_04,Хобби и творчество,670015054570,584115714184,0,0.977,0.977,сборная модель корабля звезда крейсер варяг,"звезда (zvezda) / модель сборная/крейсер ""варяг""/военная техника"
fold_04,Красота и гигиена,678604860835,27303,0,0.983,0.921,"шампунь для волос bioblas с маслом крапивы для придания объема тонким слабым волосам, 360мл","шампунь для волос bioblas с маслом крапивы для придания объема тонким слабым волосам, 360мл"
fold_04,Товары для животных,678604866622,463856573872,0,0.94,0.81,наполнитель padovan 3502г.,padovan / sanipet profumato кукурузные гранулы для грызунов 10л
fold_04,Электроника,678604870304,558345858654,1,0.234,0.872,tecno / ноутбук для учёбы и дома для работы техно 16гб/512гб,"tecno megabook s1 ноутбук 15.6"", intel core i5-1240p, ram 16 гб, ssd, intel iris xe graphics, серый, русская раскладка"
fold_04,Товары для животных,678604875426,120259237272,1,0.333,0.236,"корм мираторг pro meat kittens (консерв.) для котят, с куриной грудкой, 80 г  x 24 шт","мираторг / влажный корм для котят, телятина, 80г*24"
fold_04,Одежда,678604877743,463856487403,1,0.353,0.534,футболка kiss,е-майка / футболка мужская с принтом
fold_04,Автотовары,678604912305,412316965038,1,0.371,0.215,"автомобильная краска color1 для toyota, цвет pc - canterbury blue","автомобильная краска color1 для bmw, цвет 346 - navarraviolett"
fold_04,Электроника,678604913929,841813593429,1,0.346,0.132,"google смартфон pixel 7 jp 128 гб, белый",google / смартфон pixel 7a 8/128gb au version
fold_04,Товары для животных,678604918932,618475365837,1,0.191,0.453,"корм сухой для взрослых кошек royal canin veterinary renal для поддержания функции почек при острой или хронической почечной недостаточности, 400г",canin / корм для кошек 4 кг
fold_04,Бытовая химия,678604920439,206158562943,1,0.311,0.101,"богатство аромата диффузор ароматический ""артдекор"", 100 мл, шоколад, ""богатство аромата""","диффузор ароматический ""артдекор"", 100 мл, лаванда, ""богатство аромата"""
fold_04,Детские товары,678604946605,120259192101,0,0.996,0.93,"stellar / неваляшка малая ""аленушка"", 01698","неваляшка малая ""аленушка"""
fold_04,Спорт и отдых,678604952499,77309561078,1,0.394,0.859,"herbalife травяной напиток малина, 50 г",herbalife nutrition / herbalife гербалайф травяной напиток чай
fold_04,Бытовая химия,678604952691,240518172834,0,0.924,0.996,grass / средство для ванны и туалета универсальное dos-gel 750мл,"чистящее средство для туалета и ванной grass ""dos-gel"", 750 мл"
fold_04,Бытовая химия,678604962813,850403665102,1,0.246,0.444,"""жидкая кожа"", бежевый, блистер, 20 мл","без бренда ""жидкая кожа"", черный, 20 мл"
fold_04,Дом и сад,678604970571,403727019194,1,0.345,0.931,delfi professional чайный сервиз из костяного фарфора на 6 персон 250 мл,чайный сервиз из костяного фарфора на 6 персон 250 мл
fold_04,Товары для животных,678604971922,670015041458,1,0.359,0.564,"подвес для собаки и браслет на руку ""такса""",подвес для собаки пушистое счастье и браслет на руку «лабрадор»
fold_04,Бытовая техника,678604981136,292057902152,1,0.33,0.048,"электрический чайник 1,5л (керамика) maestro mr-073","maestro электрический чайник mr-053, черный"
fold_04,Красота и гигиена,687194769020,850403612608,1,0.396,0.275,не определен солнцезащитная сыворотка для лица spf30 50 мл dr spiller sun sensitive serum spf 30 50 мл,солнцезащитный крем для лица spf50 50 мл dr spiller sun sensitive cream spf 50 50 мл
fold_04,Товары для животных,687194779588,807453999023,0,0.934,0.858,titbit жевательный снек dent со вкусом говядины для мелких собак титбит 35г,"titbit biff dent лакомство для собак мелких пород жевательный снек со вкусом говядины, 35 г"
fold_04,Обувь,687194879659,609885408489,1,0.369,0.593,сапоги respect,respect / сапоги женские демисезонные на платформе
fold_04,Спорт и отдых,687194884468,103079233119,1,0.284,0.142,"поплавок namazu pro 132-040, вес 4 гр. 1(штука)","поплавок namazu pro 132-100, вес 10 гр, 5 шт. np132-100"
fold_04,Детские товары,687194898840,644245195873,0,0.926,0.815,конструктор транспорт самолёт (19 элементов) (в пакете),"полесье / конструктор-транспорт ""самолёт"" (19 элементов) (в пакете)"
fold_04,Хобби и творчество,687194903738,403726953810,0,0.95,0.778,викторина о животных,дрофа / игра-викторина о животных
fold_04,Продукты питания,687194924984,85899419890,1,0.301,0.68,азовская кондитерская фабрика / карамель-мини леденц nanobons 150гр,"карамель леденцовая ""nanobons"" 150 г 5 шт"
fold_04,Детские товары,695784702242,257698145421,0,0.981,0.849,валдайские колокольчики колокольчик валдайский №4 с ручкой двуглавый орел,колокольчик №4  с ручкой двуглавый орел
fold_04,Дом и сад,695784704010,412316980732,1,0.357,0.224,"набор столовых приборов ""уралочка"", 4 предм.","не определен набор столовых приборов ""уралочка"", 24 предмета, с частичным декоративным покрытием"
fold_04,Дом и сад,695784708760,120259152987,0,0.932,0.938,"стакан гранёный в подарочной упаковке ""антистресс"" 250 мл","не определен стакан гранёный в подарочной упаковке ""антистресс"" 250 мл"
fold_04,Детские товары,695784719997,704374672903,0,0.956,0.989,"кукла-модель для девочки ""топ-модель лили"" шарнирная / 3043596",happy valley кукла-модель «топ-модель лили» шарнирная
fold_04,Канцелярские товары,695784723040,83205,1,0.127,0.03,"bruno visconti ежедневник недатированный a5 (14.8 × 21 см), листов: 136","копибланк (2 шт.), журнал дезинфекции холодильников (100 лист, полист. нумерация, тв. переплёт)"
fold_04,Хобби и творчество,695784750690,695784757198,0,0.988,0.824,"nelli home / раскраски в дорогу, набор, 6 шт. по 20 стр","раскраски в дорогу, набор, 6 шт. по 20 стр."
fold_04,Детские товары,695784774486,764504292794,0,0.932,0.867,вселенная конструкторов / конструктор набор техник monster jam monster mutt dalmatian,"конструктор lego technic монстер джем ""далматинец"""
fold_04,Бытовая химия,695784775638,781684182187,0,0.963,0.687,"чистящее средство для унитазов haus frau ""море"", 2 таблетки по 50 гр","haus frau / чистящее средство для унитазов haus frau 'море', 2 таблетки"
fold_04,Дом и сад,695784838460,549755853806,0,0.939,0.924,снегоуборщик бензиновый huter sgc 4000b,снегоуборщик huter sgc 4000b
fold_04,Обувь,695784843112,300647788863,1,0.11,0.201,полуботинки enrico fantory,enrico fantory / ботинки
fold_04,Красота и гигиена,695784846339,240518274911,0,0.953,0.948,"дезодорант axe dark temptation аэрозоль, 150мл",axe дезодорант-аэрозоль dark temptation 150 мл
fold_04,Канцелярские товары,695784864237,317827661824,1,0.298,0.213,бумага широкоформатная attache economy 80г 620x175 76.2мм,бумага широкоформатная attache economy 80г 420x175 76.2мм
fold_04,Красота и гигиена,704374671675,154618832099,0,0.931,0.918,sargan / лосьон для тела 'sargan' туба 30 мл.,"лосьон для тела ""sargan"" туба 30 мл, 20 штук"
fold_04,Детские товары,704374683920,566935724846,0,0.93,0.675,мягкая игрушка зелёная игуана,"all about nature игрушка мягкая зелёная игуана, 25 см"
fold_04,Бытовая техника,704374764947,481036459344,1,0.395,0.228,газовая плита de luxe 5040.40г(кр) чр,плита комбинированная leran gec 3311 w
fold_04,Спорт и отдых,704374785362,721554539516,1,0.306,0.258,scitec nutrition 100% whey isolate (700 гр) (шоколад-орех),протеин гидролизованный scitec nutrition 100% hydro isolate 700 г ваниль
fold_04,Спорт и отдых,712964573466,77309499367,1,0.351,0.021,"без бренда фидергам флюорокарбоновый snow wolf длина - 25 м, толщина - 0.25 мм , тест - 5.32 кг, прозрачная","фидергам флюорокарбоновый snow wolf длина - 25 м, толщина - 0.16 мм , тест - 2.36 кг, прозрачная"
fold_04,Продукты питания,712964577949,188978727957,1,0.332,0.054,althaus / чай althaus rooibush cream deli pack 20пак x 1.75,чай althaus ginseng balans deli pack 20пак x 1.75г
fold_04,Ювелирные изделия,712964607781,549755863982,1,0.36,0.368,золото дисконт кольцо золото желтое 585 пробы,"gold center кольцо gold center, красное золото, 585 проба, фианит, размер 18"
fold_04,Канцелярские товары,712964610143,575525630388,1,0.216,0.667,подарочная ручка лучшему руководителю,/ подарочная ручка лучшему бортпроводнику
fold_04,Товары для животных,712964626477,137439079655,1,0.174,0.601,"влажный корм для кошек felix аппетитные кусочки, курица, говядина, индейка, кролик, 52*75г","влажный корм, felix аппетитные кусочки индейка 75г х 26шт + felix аппетитные кусочки говядина, курица, индейка 75г х 52шт"
fold_04,Одежда,712964640333,111669226133,1,0.336,0.815,джинсы united colors of benetton,united colors of benetton джинсы
fold_04,Продукты питания,712964658563,8590060555,1,0.211,0.109,bliz&ko / зеленый чай клубника со сливками 100 г,"настоящий листовой китайский чай улун черная смородина рассыпной, 100 грамм"
fold_04,Красота и гигиена,712964689098,575525766941,1,0.243,0.326,juliette has a gun vanila vibes edp 100ml,juliette has a gun parfumes / vanilla vibes 5мл отливант
fold_04,Мебель,712964728078,266288012835,1,0.325,0.634,стул скай lst_2500000099007,"стул leset скай профиль, металл/велюр, металл, цвет: черный/ultra sand"
fold_04,Музыкальные инструменты,712964731930,764504203159,0,0.951,0.919,струны для акустической гитары la bella 7gpt extra light 10-50,струны для акустической гитары 10-50 la bella 7gpt
fold_04,Бытовая химия,721554512317,231928234379,1,0.378,0.393,отбеливатель жидкий для детского белья умка 500 мл,"умка концентрированный кондиционер для детского белья сладкий сон, 1 л, 1 кг"
fold_04,Хобби и творчество,721554516633,171798791770,0,0.967,0.818,"кружка для росписи красками школа талантов ""принцесса с розой""",школа талантов / кружка для росписи красками «принцесса с розой»
fold_04,Галантерея и аксессуары,721554527824,627065361629,1,0.275,0.571,cloud / кулон парный stray kids стрей кидс ин и чан,подвеска сердце
fold_04,Электроника,721554549763,128849060267,1,0.243,0.168,без бренда аккумуляторная батарея для maxvi c25,аккумуляторная батарея для maxvi m1
fold_04,Строительство и ремонт,721554550284,584115686249,1,0.342,0.393,"люстра потолочная, e27, 160 вт",люстра 1521-4pc
fold_04,Строительство и ремонт,721554556102,403727008625,1,0.097,0.021,обои флизелиновые lutece 0.53 м цвет оранжевый 51197320,"виниловый ламинат alpine floor sequoia lvt есо 6-2 секвойя коньячная 2,245 м2, толщиной 3,2 мм"
fold_04,Электроника,721554558774,343597458832,1,0.39,0.655,oem аккумуляторная батарея для ноутбука asus ul20a (a32-ul20) 10.8v 47wh черная,аккумуляторная батарея iqzip для ноутбука asus ul20a (a32-ul20) 5200mah oem черная
fold_04,Ювелирные изделия,721554579053,283467934535,1,0.37,0.428,"кольцо из красного золота/керамики р. 18 sokolov diamonds 6015024, бриллиант","sokolov, керамическое кольцо с золотом и бриллиантами, 6015079, украшение из красного золота 585 пробы"
fold_04,Строительство и ремонт,721554584771,369367348895,1,0.227,0.314,радиатор панельный thermo compact c22-300-1200 ral9016,радиатор панельный royal thermo compact c22-300-400 ral9016
fold_04,Продукты питания,721554623947,231928295953,1,0.271,0.219,"svay / чай svay bergamot-orange черн.с бергамотом, 20пак","чай svay black assam черн., 20пак."
fold_04,Электроника,721554659185,592705525607,1,0.361,0.412,canon / картридж для лазерного принтера 3025c002,"картридж лазерный canon (054hy) для i-sensys lbp621cw/mf641cw/645cx, желтый, ресурс 2300 страниц, оригинал"
fold_04,Красота и гигиена,730144443017,206158473095,0,0.941,0.919,"viking гель-шампунь для тела и волос ""сила прибоя"", 300 мл",viking / гель-шампунь сила прибоя 300 мл
fold_04,Музыкальные инструменты,730144455615,403727071046,1,0.298,0.201,"invotone / acm1010fs/bk микрофонный кабель, длина 10 м","invotone acm1005s/bk - микрофонный кабель, 6,3 джек стерео <-> xlr (папа), длина 5 м (черный)"
fold_04,Бытовая химия,730144456960,68719545836,1,0.202,0.358,"сменный баллон освежителя воздуха до-ре-ми автомат ванильный коктейль 250мл , 3 шт.",без бренда сменный баллон освежителя воздуха до-ре-ми автомат яблоко и корица 250мл
fold_04,Детские товары,730144464411,352187432727,0,1.0,0.944,dominata / новогодняя мозаика для малышей,"мозаика ""нарядная ёлочка"", размер 17 х 12,5 х 2 см, кружок: 1,8 см, звезда: 2,4 см"
fold_04,Бытовая техника,730144465538,128849126523,1,0.385,0.012,lex / духовой шкаф электрический встраиваемый 60 см lex edm 070 iv,духовой шкаф газовый mbs dg-604iv
fold_04,Автотовары,730144470259,103079288907,1,0.397,0.038,краска для сколов kiwix ford 7jwewha dark amethyst 20 мл,ремонт сколов кузова (подкраска) + грунт комплект volkswagen b3y coloradorot ab 6/2001 40 мл
fold_04,Канцелярские товары,730144489464,128849144523,0,0.942,0.965,bic / карандаш чернографитный evolution эко hb с ластиком пласт.,"карандаш чернографитный evolution эко, hb, с ластиком, пластиковый"
fold_04,Автотовары,730144501839,317827675852,1,0.377,0.005,шина rotalla setula s-race rs01+ 285/50 r20 116w,rotalla setula s-race ru01 шины летние 275/35  r19 100y
fold_04,Товары для животных,730144511782,541166001781,0,0.967,0.794,"натуральный наполнитель для кошачьего туалета комкующийся барсик tofu(тофу) зеленый чай 4,54 л","барсик наполнитель соевый, минеральный комкующийся зеленый чай 2300г."
fold_04,Бытовая техника,730144515079,386547065950,0,0.952,0.874,gefest свн 2230 к23 панель варочная газовая встраиваемая,варочная панель gefest сг свн 2230 к23
fold_04,Спорт и отдых,730144517807,240518272054,1,0.358,0.139,"виброхвост kosadaka awaruna 100, 5шт., цвет dmo","виброхвост kosadaka awaruna 75, 10шт, цвет dmo"
fold_04,Красота и гигиена,730144521315,721554619578,0,0.931,0.969,"l'oreal paris revitalift крем дневной против морщин для лица, 50 мл",l'oreal paris / крем для лица антивозрастной дневной revitalift 50мл
fold_04,Галантерея и аксессуары,730144543691,249108196138,1,0.272,0.468,серьги маленькие,lady valentina / серьги гвоздики
fold_04,Обувь,730144551188,549755878437,1,0.252,0.23,кроссовки asics,asics / кроссовки gel nyc
fold_04,Канцелярские товары,730144600775,25769928186,0,0.927,0.935,"no name краситель ""джинса"" фиолетовый, 10 гр",краска для ткани
fold_04,Ювелирные изделия,730144609698,816043908449,1,0.245,0.314,золото дисконт крестик золото красное,"красносельский ювелир подвеска красносельский ювелир, золото, 585 проба"
fold_04,Продукты питания,738734376948,833223700551,0,0.959,0.597,"sprite, спрайт, 330мл, 12 банок, напиток газированный","sprite / напитки газированные спрайт 0,33 л - 12шт."
fold_04,Музыкальные инструменты,738734399926,283467844843,0,0.939,0.804,барабан маршевый детский ap percussion fktyg,ap percussion fktyg - барабан маршевый детский
fold_04,Бытовая химия,738734405196,403727053063,0,0.925,0.981,"средство для сантехники hg чистящее средство для акриловых ванн 0,5л",hg / чистящее средство для акриловых ванн 500 мл
fold_04,Строительство и ремонт,738734409813,171798813455,1,0.24,0.051,"дифференциальный автомат ekf proxima авдт-63, 50а/100ма, характеристика c, электронный, тип a, 6ка da63-50-100e","ekf дифференциальный автомат 2p 16а 30ма, a, 1 шт."
fold_04,Товары для животных,738734413687,601295511778,0,0.974,0.894,"monge / корм сухой daily line, стерилизованные кошки, курица, 10 кг",monge pfb cat daily line sterilised корм с курицей для стерилизованных кошек 10 кг
fold_04,Мебель,738734414799,137439063896,1,0.11,0.256,"лига диванов угловой диван, механизмпантограф,372х165х90см",лига диванов угловой диван пекин угол левый
fold_04,Товары для животных,738734427215,377957208065,1,0.33,0.352,"корм royal canin sterilised для стерилизованных кошек 1-7 лет, 2 кг",canin / сухой корм sterilised + 7 для стерилизованных кошек
fold_04,Дом и сад,738734444960,558345881928,1,0.35,0.151,"благовония ""natura"" 20 конусов с подставкой мирр, 12,5х7х2,5 см","noname благовония ""natura"" 20 конусов с подставкой корица"
fold_04,Хобби и творчество,738734497739,300647793161,0,0.958,0.772,"молд силикон 'лепесток' 4,5х3,5 см (набор 2 шт.)","store-m / молд силикон ""лепесток"" набор 2 шт"
fold_04,Мебель,738734504098,584115659789,1,0.377,0.822,"е1 шкаф-купе 1,2 прайм 2-х дверный 120х230х57 лдсп венге с доводчиками","шкаф-купе прайм 2дв. 2 дсп, (с) 120х57х230 см"
fold_04,Хобби и творчество,738734509030,841813644114,0,0.928,0.844,"настольная игра ""найди и покажи""","лас играс kids. / ""найди и покажи"""
fold_04,Детские товары,738734526527,807453973603,0,0.923,0.945,dc accessories / полесье кран 61355 №2 на колёсиках в/п,башенный кран №2 на колесиках (79х22х65см) в/п 61355 (полесье)
fold_04,Бытовая техника,747324327659,300647851333,0,0.93,0.749,braun / погружной блендер braun mq535 sauce,"braun погружной блендер mq535 white sauce, серый, белый"
fold_04,Галантерея и аксессуары,747324373296,171798832211,1,0.193,0.714,ted browne / солнцезащитные очки,ted browne очки для вождения
fold_04,Дом и сад,747324378293,747324472392,1,0.331,0.577,"nobrand музыка ветра металл ""горлянка"" 3 колокольчика 1 фигурка 40 см микс","музыка ветра металл ""хотей"" 3 колокольчика 42 см"
fold_04,Продукты питания,747324380546,257698115776,0,0.94,0.488,"не определен китайский выдержанный чай ""шу пуэр"", 250 г, 2012 год, юньнань, кирпич","китайский выдержанный чай шу пуэр, 250 г, 2012 год, юньнань, кирпич"
fold_04,Обувь,747324400847,472446465545,1,0.23,0.401,ботинки officine creative,"officine creative ботинки officine creative, размер 43.5, синий"
fold_04,Обувь,747324409235,429496816381,1,0.338,0.213,the_street's / кроссовки scott x air jordan 1 low,кроссовки nike
fold_04,Канцелярские товары,747324447674,335007551017,0,0.987,0.937,"artfox сумка для обуви «люблю скорость», непромокаемое полотно 41х30х0,5 см","сумка для обуви ""люблю скорость"",непромокаемое полотно 41х30х0,5 см"
fold_04,Канцелярские товары,747324454866,798864022015,1,0.367,0.493,набор лотков 3 шт для бумаг deli e9209 горизонт на металл.стерж черн,набор лотков 3 шт. для бумаг deli e9217grey горизонт на металл.стерж
fold_04,Бытовая химия,747324464958,60129633708,1,0.122,0.507,"стиральный порошок teon универсал 4,5кг, 3уп.",teon / стиральный порошок автомат универсальный 3 кг
fold_04,Товары для животных,747324471100,17179928895,0,0.978,0.886,"корм для стерилизованных стареющих кошек royal canin sterilised ageing 12+ сухой сбалансированный, 2 кг","canin / сухой корм для пожилых стерилизованных кошек canin ageing sterilised 12+, 2 кг"
fold_04,Строительство и ремонт,755914247436,326417649109,1,0.338,0.431,тройник ostendorf htea (113300) d75 мм 67° пластиковый для внутренней канализации,тройник для внутренней канализации pp 110*110*67 ostendorf
fold_04,Бытовая техника,755914262972,627065243123,0,0.945,0.845,электрокамин electrolux efp/w-1200urls,электрический камин electrolux efp/w-1200urls
fold_04,Продукты питания,755914303940,206158594861,0,0.949,0.971,"уксус kuhne яблочный 5%, 750 мл",kuhne / уксус яблочный натуральный 5% 750мл
fold_04,Канцелярские товары,755914307036,42949680950,1,0.379,0.429,"маркер для скетчинга двусторонний 1 мм - 6 мм  art classic, теплый серый 1 (wg01), 151873",brauberg / маркер для скетчинга двусторонний (6шт)
fold_04,Электроника,755914348608,42949769917,1,0.388,0.149,borasco гибридное стекло hybrid glass для realme gt master 5g,borasco by vespa защитное стекло borasco hybrid glass для tcl 20l plus
fold_04,Бытовая химия,755914374454,558345871210,0,0.937,0.998,"средство для сантехники domestos универсальное свежесть атлантики 1,5 л","domestos / средство чистящее domestos свежесть атлантики 1шт*1,5л"
fold_04,Канцелярские товары,764504196319,816043920911,1,0.379,0.521,маркер меловой edding 4085/053. 1-2 мм. золотой,"маркер меловой edding 4085, 1-2 мм, красный, влагостираемый, для гладких поверхностей, е-4085/2, e-4085/2"
fold_04,Канцелярские товары,764504234769,644245134638,1,0.254,0.418,"наклейка фотолюминисцентная: эвакуационный знак e02-02 ""направляющая стрелка под углом 45 400х400 фотолюм. пленка, уп. 1 шт.","не определен эвакуационный знак e02-02 ""направляющая стрелка под углом 45°"" 250х250 пластик+фотолюм, уп. 2 шт."
fold_04,Канцелярские товары,764504250846,515396184269,1,0.294,0.826,"записная книжка полиграф принт, листов: 80",academy style / записная книжка а5 80 листов в линию матовая ламинация
fold_04,Строительство и ремонт,764504263774,420906930769,0,0.931,0.993,замок навесной fuaro (фуаро) pl-protec-3075 3 ключа,fuaro / замок навесной fuaro pl-protec-3075 3 ключа блистер
fold_04,Товары для животных,764504281526,687194905219,1,0.361,0.674,"коврик 2-в-1 под миску/туалет животных ""киса"", 40 х 30 см, пепельно-розовый","пижон коврик 2-в-1 под миску/туалет для животных ""киса"", 40 х 30 см, бежевый"
fold_04,Продукты питания,764504286300,438086675552,1,0.395,0.065,кофе растворимый 500г. 1шт.,"жокей триумф кофе растворимый сублимированный, 95 г"
fold_04,Хобби и творчество,764504291808,807453983666,1,0.228,0.807,"арт узор бусины пластик ""кристалл многогранник. бледно-зелёный"" прозрачный набор 20 гр 1х1х1 см","бусины пластик ""кристалл многогранник. яблочный"" прозрачный набор 20 гр 1х1х1 см / 9431089"
fold_04,Продукты питания,764504298453,412316900335,1,0.383,0.278,микс из семян оргтиум все семена 200 г,"микс из семян льна: тёмный и светлый, 200 г"
fold_04,Детские товары,764504337207,833223667528,0,0.948,0.673,"кукла коллекционная китаянка в национальном платье 32х12,5х12,5 см","кукла коллекционная ""китаянка в национальном платье"" 32х12,5х12,5 см"
fold_04,Аптека,764504337962,816043883857,1,0.373,0.452,"acuvue / 1-day acuvue moist for astigmatism -0.75 -0.75 180, 90шт.",1-day acuvue moist for astigmatism (90 линз) (-0.75/-1.75/180/8.5)
fold_04,Бытовая техника,764504356590,360777339400,0,0.934,0.844,bosch wan282e9pl,"стиральная машина bosch wan282e9pl, белый"
fold_04,Спорт и отдых,773094127557,103079326148,1,0.396,0.668,vodenoi / тейл-спинер perch-ts 70мм 5гр,тейл-спинер. блесна для рыбалки perch-ts 70мм 5гр
fold_04,Хобби и творчество,773094147229,618475297410,0,0.976,0.799,"раскраска с наклейками ""домашние животные"", 16 наклеек","буква-ленд / раскраска с наклейками домашние животные, 16 стр."
fold_04,Бытовая химия,773094169171,266288002077,1,0.393,0.683,"освежитель воздуха chirton ""антитабак"" для дома, туалета и ванны, 2 шт. по 300 мл","chirton / освежитель воздуха антитабак, 300 мл"
fold_04,Бытовая техника,773094170851,807453853974,0,0.938,0.645,willmark / миксер willmark whm-6023st,"willmark ручной миксер whm-6023st, 400 вт"
fold_04,Музыкальные инструменты,773094243152,549755957010,0,0.926,0.973,veston kuc100 bk укулеле концерт серия q3,veston kuc100 bk - укулеле концерт
fold_04,Мебель,773094256927,472446451995,1,0.357,0.657,прямой диван прага модерн подлокотник справа,диван-кровать рига модерн
fold_04,Бытовая химия,781684050073,446676746307,0,0.948,0.905,synergetic / ср-во для мытья посуды с ароматом алоэ 500мл,средство synergetic для мытья посуды алоэ 0.5l 4623721671463
fold_04,Товары для животных,781684052181,317827622234,0,0.936,0.724,"сухой корм для кошек purina one для стерилизованных, с высоким содержанием говядины и пшеницей, 3 кг",purina one / purina one для стерилизованных кошек говядина пшеница 3 кг
fold_04,Бытовая химия,781684104854,240518217342,1,0.391,0.125,sandokkaebi / сменный баллон для автоматического освежителя «жасмин» 290мл,"sandokkaebi сменный баллон для автоматического освежителя воздуха сухого распыления лимон air freshener, 290мл"
fold_04,Строительство и ремонт,781684105146,824633746375,1,0.268,0.123,"настенный газовый котел ferroli vitabel c24, двухконтурный (открытая камера)","котел газовый ferroli vitabel f 18 квт (двухконтурный, закрытая камера сгорания)"
fold_04,Автотовары,781684115351,618475414277,1,0.309,0.076,"luxe  супер (super)  15w-40, масло моторное, минеральное, 5 л",luxe / моторное масло molybden 10w40 молибден sj/cf 4л полусинт
fold_04,Продукты питания,781684127798,549755824063,1,0.241,0.348,mr. djemius zero соус сладкий чили 330 мл,mr. djemius zero соус кисло-сладкий 330 г
fold_04,Одежда,781684128829,335007548052,1,0.271,0.484,футболка koton,футболка koton
fold_04,Ювелирные изделия,781684137107,670015021184,1,0.379,0.306,"sokolov, серьги из золота, 0200040, петля, украшение из красного золота 585 пробы",серьги из красного золота sokolov 028622
fold_04,Детские товары,781684143354,223338393329,0,0.941,0.941,"mum&baby соска-пустышка классическая, от 0 мес, латекс, ""котенок""","соска-пустышка классическая, от 0 мес., латекс, 'котенок'"
fold_04,Бытовая химия,781684151546,8589954587,1,0.261,0.503,"капсулы для стирки persil power caps color 4в1, для цветного, 42 капсул","persil / капсулы для стирки persil power caps ""color"" 4в1, 11 капсул"
fold_04,Канцелярские товары,781684173192,764504185672,0,0.951,0.83,"корректирующая лента erichkrause ergoline, 5 мм х 8 м, с резиновой вставкой, в блистере","не определен корректирующая ergoline, 5 мм х 8 метров, с резиновой вставкой, в блистере"
fold_04,Детские товары,781684182904,257698067962,0,0.989,0.602,развивай играй / электронный обучающий плакат,"электронный обучающий плакат ""zabiaka"", ""умная азбука"", работает от батареек"
fold_04,Дом и сад,781684185127,420906840448,1,0.271,0.505,"не определен наволочка ""этель"", размер 50х70 см","этель наволочка, дом, поплин, 50x70 см  1шт"
fold_04,Музыкальные инструменты,790273995450,352187444795,1,0.27,0.425,отдельная струна ре для скрипки 4/4 pirastro 319320 chromcor d,pirastro / струны для скрипки pirastro chromcor 319020 (4 шт)
fold_04,Дом и сад,790274024094,644245230468,1,0.386,0.664,maclay набор столовой посуды,maclay / набор туристической посуды
fold_04,Строительство и ремонт,790274048354,146029004608,1,0.392,0.504,"st luce sl1178.221.02 бра золотистый/золотистый, прозрачный e14 2*40w",бра garda decor стеклянное (золото) 62gdm-903
fold_04,Ювелирные изделия,790274062141,575525744007,1,0.397,0.838,quizas кольцо серебряное женское родированное с фианитами 925 проба в подарок,quizas / кольцо серебро 925 золотое 585 серебряное
fold_04,Детские товары,790274076138,352187359871,0,0.933,0.816,"зоомир набор животных ""звери африки"", 6 фигурок","зоомир.-qb / набор животных ""звери африки"", 6 фигурок"
fold_04,Автотовары,790274099571,223338423097,1,0.359,0.069,eurodisk колесный диск евродиск 86j39c (b) 7xr17 et39 5*114.3 d60.1,"eurodisk  колесный диск штампованный 15x6"" pcd5х112 et47 d57.1"
fold_04,Галантерея и аксессуары,790274110782,403727063313,1,0.261,0.133,casio часы наручные наручные mtp-1374d-1a,наручные часы мужские casio mtp-1374l-1a черные
fold_04,Автотовары,790274137619,42949826689,1,0.313,0.0,toyo observe g3-ice шины зимние 275/40  r19 105t шипованные,автошина roadx rx frost wcs01 195/70 r15c 104/102q шип.
fold_04,Галантерея и аксессуары,798863919895,68719591670,1,0.171,0.619,"postart обложка для паспорта postart, синий",postart обложка для паспорта
fold_04,Продукты питания,798863968175,738734445823,0,0.93,0.77,"чай принцесса нури пакетированный 25*1,5г черная смородина 6 штук",принцесса нури / чай черный черная смородина 25 пак 6 шт
fold_04,Одежда,798863970914,206158488523,1,0.36,0.411,"anais трусики santige с вырезом сзади, s, черный",эротическое белье angels never sin
fold_04,Продукты питания,798863980897,790273985149,1,0.392,0.281,gutenberg / кофе gutenberg в зёрнах гондурас shg 250 г,"кофе в зёрнах gutenberg уганда drugar, 250 г"
fold_04,Бытовая химия,798863997480,489626294664,0,0.927,0.935,"средство grass azelit gel анти-жир бережный уход для плит, духовок и грилей 500 мл","grass средство для чистки плит azelit антижир 500мл гель свч, грили, коптильни"
fold_04,Музыкальные инструменты,798864003315,146028978741,1,0.187,0.184,скрипка ars music 024a размер 1/2,скрипка hora skr100-1/4 студенческая в футляре с смычком
fold_04,Канцелярские товары,798864016450,51539732454,1,0.314,0.726,"пастель сухая в карандаше koh-i-noor 8820/165 gioconda soft, красный коралловый (12 шт)","пастель сухая в карандаше 12 шт. gioconda 8820/05 soft pastel, кармин"
fold_04,Бытовая химия,798864055378,695784854629,0,0.975,0.953,new progress активный кислород супер - пул 1 л,активный кислород супер - пул 1 л
fold_04,Галантерея и аксессуары,798864057773,670015041066,1,0.378,0.618,наручные часы мужские casio mwd-100hd-1b,мужские наручные часы casio mwd-100h-1b
fold_04,Детские товары,807453853833,25769923941,1,0.203,0.48,"подгузники-трусики pampers pants 6 (15 кг+), 44 шт.","подгузники-трусики pampers pants для малышей 15+ кг, 6 размер, 14 шт"
fold_04,Канцелярские товары,807453898867,51539658807,1,0.399,0.327,lisik. гуашь,"невская палитра гуашь художественная в банке 100 мл, pearl, зхк ""сонет"", розовая перламутр (6627322) (комплект из 5 шт)"
fold_04,Продукты питания,807453909769,231928259316,0,0.947,0.945,"baker house шварцвальд торт бисквитный, 350 г",baker house / торт бекер хаус шварцвальд 350 гр.
fold_04,Канцелярские товары,807453917351,412316967622,1,0.138,0.66,ручка с надписью киров.,papriq / ручка с надписью нижний новгород.
fold_04,Детские товары,807453975183,790274084228,0,0.972,0.881,"крошка я поильник с силиконовой трубочкой «солнышко», 250 мл, ручки, цвет микс","поильник с силиконовой трубочкой солнышко , 250 мл., ручки, цвет микс"
fold_04,Строительство и ремонт,807453978719,180388720272,0,0.936,0.766,"краска масляная лакра /ма-15/ зеленый 1,9кг, арт.ма15зел1,9","лакра / краска ма-15 масляная зеленый 1,9кг"
fold_04,Мебель,816043811458,163208793980,1,0.293,0.67,"стол кухонный loft со столешницей цвета темного дуба из массива сосны 40 мм и белыми металлическими ножками, 140х60х75 см","solarius стол кухонный loft со столешницей цвета темного дуба из массива сосны 40 мм и белыми металлическими ножками, 140х75х75 см"
fold_04,Бытовая техника,816043816980,678604980647,0,0.954,0.999,увлажнитель воздуха stadler form oskar o-021,традиционный увлажнитель stadler form oskar black o-021
fold_04,Детские товары,816043838960,532576034199,0,0.94,0.832,"железная дорога ""экспресс"", 66 деталей, работает от батареек, подходит для деревянных железных дорог / 6904737","автоград железная дорога «экспресс», 66 деталей, работает от батареек, подходит для деревянных железных дорог"
fold_04,Музыкальные инструменты,816043857694,618475411633,0,0.942,0.816,hora классическая гитара hora n1117-4/4 laura,n1117-4/4 laura классическая гитара hora
fold_04,Продукты питания,816043865012,850403590024,1,0.316,0.041,мука образ жизни алтая из зеленой гречки цельносмолотая 5кг,мука образ жизни алтая рисовая 5кг
fold_04,Музыкальные инструменты,816043884625,738734401318,1,0.356,0.872,"kaledin drumsticks барабанные палочки 5a, граб",барабанные палочки kaledin drumsticks 5a long
fold_04,Мебель,816043897223,472446468207,1,0.367,0.669,clicker угловой диван лига диванов атланта м левый угол велюр диван черный/компаньон серый/вставка серая,"лига диванов угловой диван ,250х153х73см"
fold_04,Спорт и отдых,816043931168,137439010098,1,0.352,0.715,груз оливка скользящая яман - 20 гр.,"яман / груз оливка скользящая ""яман"" (10 шт.) - 44 гр./250/"
fold_04,Продукты питания,824633720899,274877931960,1,0.128,0.341,"чай черный листовой принцесса нури завтрак в бенгалии, коробка 12 шт по 100 гр",чай черный принцесса нури завтрак в бенгалии в пакетиках 2 г х 100 шт
fold_04,Автотовары,824633739156,8589961900,1,0.377,0.034,altenzo sports navigator шины летние 285/30  r22 101w,altenzo / sports 285/35 r21 105v xl шина летняя
fold_04,Спорт и отдых,824633755428,231928341448,0,0.933,0.959,stg / шлем велосипедный защитный mv29-a,велошлем stg mv29-a
fold_04,Обувь,824633759010,446676677632,1,0.38,0.543,мюли tendance,"tendance шлепанцы tendance, размер 39, черный"
fold_04,Строительство и ремонт,824633806042,523986099041,0,0.942,0.927,круглый канальный вентилятор tube 200 xl,shuft / вентилятор канальный круглый tube 200 xl
fold_04,Бытовая техника,824633814494,807453942844,0,0.945,0.934,настольная плита homestar hs-1104,"homestar / плитка электрическая homestar hs-1104, 2 конф"
fold_04,Детские товары,824633823969,532575997967,0,0.942,0.869,"maxitoys мягкая игрушка «кот батон», цвет рыжий, 70 см",кот батон 70 см мягкая игрушка 70 см рыжий
fold_04,Строительство и ремонт,824633828418,180388674519,1,0.391,0.675,arte lamp подвесной светильник,arte lamp / светильник
fold_04,Продукты питания,824633833556,197568627160,1,0.316,0.283,приправа kotanyi для рыбных блюд 44 г,"приправа для мясных блюд kotanyi,  мельница 40г"
fold_04,Товары для животных,824633860014,223338377552,0,0.925,0.991,корм сухой perfect fit sterile с курицей для кастрированных котов и стерилизованных кошек 650г,"корм сухой perfect fit для взрослых стерилизованных кошек, с курицей, 650 г"
fold_04,Продукты питания,833223672155,446676683940,1,0.351,0.503,сибирская клетчатка / отруби,"сибирская клетчатка 'суперчерника', 280 грамм"
fold_04,Одежда,833223732731,343597414724,1,0.309,0.338,"трусы шорты opium, 1 шт",opium / хлопковые трусы-шортики в спортивном стиле
fold_04,Галантерея и аксессуары,833223736638,678604836340,1,0.25,0.639,forsining / наручные механические часы с автоподзаводом,forsining часы наручные механические мужские наручные часы
fold_04,Электроника,833223744635,25769844150,1,0.273,0.054,print rite картридж лазерный print-rite tfk906bprj pr-tn324k tn324k черный (26000стр.) для konica minolta bizhub c258/c308/c368,картридж лазерный print-rite tfk909yprj pr-tn324y tn324y желтый (26000стр.) для konica minolta bizhub c258/c308/c368
fold_04,Дом и сад,841813599354,163208890971,0,0.969,0.929,"венок праздничный морозное утро,45 см, ручная работа","венок праздничный ""морозное утро"",45 см, ручная работа"
fold_04,Товары для животных,841813602755,197568600336,1,0.367,0.306,влажный корм royal canin diabetic для взрослых кошек при сахарном диабете пауч (85 гр х 12 шт),"canin / satiety weight management в соусе, 85 г х 12 шт"
fold_04,Автотовары,841813614203,163208765625,0,0.953,0.995,шина 255/55r18 toyo proxes sport suv 109y,toyo proxes sport suv шины летние 255/55  r18 109y
fold_04,Аптека,841813632537,66756,0,0.945,0.94,диклофенак гель для наружного применения 1% 40г,"диклофенак, гель 1%, 40 г"
fold_04,Продукты питания,841813639060,137439013231,1,0.311,0.166,"амадо / кофе в зернах ирландский крем зерновой, 500 г","кофе ароматизированный молотый amado ирландский крем, 200 г"
fold_04,Товары для животных,841813660904,661425109887,0,0.952,0.94,"корм сухой hill's prescription diet t/d dental care диетический для собак поддержания здоровья полости рта, с курицей 4 кг","hill's / t/d dental care для собак с курицей, 4 кг"
fold_04,Канцелярские товары,841813687225,171798724427,0,0.97,0.915,"губка магнитная для доски ""сказка"" текстиль 2,5x5,5x12,5 см","не определен губка магнитная для доски ""сказка"" текстиль 2,5×5,5×12,5 см"
fold_04,Красота и гигиена,841813712726,721554546380,0,0.943,0.827,"fa дезодорант-антиперспирант шариковый женский, ритмы острова бали, 50 мл",дезодорант шариковый фа delight ритмы острова бали женский 50 мл
fold_04,Одежда,841813733561,558345823292,1,0.374,0.329,/ футболка хлопок однотонная,футболка avrora
fold_04,Обувь,841813736794,120259135835,1,0.366,0.165,мокасины baden натуральная кожа,мокасины женские benetti er021-01 белые 36 ru
fold_04,Бытовая техника,850403524701,171798746238,0,0.922,0.606,hiberg / духовой шкаф vm 6192 b,"духовой шкаф hiberg vm 6192 b, белый"
fold_04,Канцелярские товары,850403528117,627065270727,1,0.273,0.658,"без бренда ручка с именем на армянском языке "" минас """," ручка шариковая, толщина линии: 0.7 мм, цвет: синий, 1 шт."
fold_04,Строительство и ремонт,850403586145,712964672874,1,0.354,0.207,schneider electric выключатель автоматический дифференциальный диф-101 1п+n 16а c 30ма тип ac (3 мод) | код. 15157dek | dekraft (2шт. в упак.),"dekraft автоматический дифференциальный выключатель 1p+n 50а 30ма ac х-ка d диф-101 4,5ка (арт. 15171dek)"
fold_04,Товары для животных,850403606181,197568614985,1,0.39,0.427,"alphapet wow superpremium / сухой корм альфапет для стерилизованных кошек индейка потрошки, 750 г","alphapet / wow superpremium для кошек цыпленок, 750 г."
fold_04,Аптека,850403610502,171798741927,1,0.393,0.559,контактные линзы acuvue oasys hydraluxe for astigmatism 30 линз/оптическая сила (d) -1.25/радиус (bc) 8.5/цилиндр (cyl) -1.25/ось (axis) 40,acuvue / 1 day oasys hydraluxe astigmatism 30шт -1.25 -1.25 90 r 8.5
fold_04,Красота и гигиена,850403637682,764504215931,0,0.93,0.963,"splat / зубная паста splat отбеливание плюс для безопасного отбеливания и защиты эмали, 100 мл",зубная паста splat отбеливание плюс 100 мл (4603014001061)
fold_04,Строительство и ремонт,850403637722,506806169771,0,0.934,0.988,"ombra / 281201 рукоятка трещоточная 1/2""dr, металлическая ручка, 72 зубца","трещетка ""ombra"" (281201) 1/2"" dr, металлическая ручка"
fold_04,Строительство и ремонт,850403647340,455266610422,0,0.948,0.908,sturm / мойка высокого давления pw9219,мойка высокого давления sturm! pw9219
fold_04,Продукты питания,850403673010,472446423684,1,0.308,0.59,не определен подарочный набор для приготовления настоек глеб,именной подарочный набор для приготовления настоек
