reason,is_fashion,fold,category,id1,id2,target,q_new,q_llm,name1,name2,attrs1,attrs2
confident_contradiction,1,fold_01,Галантерея и аксессуары,764504205847,721554594850,0,0.928,0.974,"тундра / замок навесной кодовый, 'сердце', красный","замок навесной кодовый тундра ""сердце"", красный",валюта:rub; комплектация:1 шт; страна производства:китай,бренд:тундра; коллекция:осень-зима 2023; пол:мужской; страна-изготовитель:китай; тип:навесной замок для багажа
confident_contradiction,1,fold_02,Обувь,807453859824,403726927562,1,0.241,0.052,"nike кеды nike, размер 43 eu, белый",кроссовки enkei,"бренд:nike; материал верха:искусственная кожа, текстиль; материал подкладки:текстиль; материал подошвы:резина; размер:43 eu; цвет товара:белый",бренд в одежде и обуви:enkei; вид застёжки:шнурки; коллекция:базовая коллекция; материал:натуральная кожа акулы; материал верха:натуральная кожа; материал подкладки обуви:текстиль; название цвета:(белый; пол:мужской; размер производителя:46 евро; российский размер:45; сезон:на любой сезон; спортивно
confident_contradiction,1,fold_03,Галантерея и аксессуары,790273995998,377957241586,1,0.111,0.289,polaroid очки солнцезащитные glasses-polaroid-men,polaroid / солнцезащитные очки,"артикул:nmt3466100588; бренд:polaroid; вес товара, г:50; категория защиты линзы:2 (43–18% светопропускания); коллекция:базовая коллекция; материал линзы:стекло; материал оправы:пластик; название цвета:модель1384; наличие флексов:нет; покрытие линз:uv фильтр; пол:мужской; степень затемнения:2 - средн",валюта:rub; комплектация:чехол; салфетка; очки; крепление дужек:сгибаемое; материал оправы:металл; страна производства:китай; цвет:серый; цвет линз:серебристый; ширина линзы:5.6 см; ширина носового моста:16 мм; ширина оправы:14 см
confident_contradiction,1,fold_03,Ювелирные изделия,395137002895,523986130166,1,0.183,0.288,young moon jewels / серьги из серебра 925 пробы,valtera серьги ювелирные серебро родированное 925 пробы,"валюта:rub; вид замка:английский; вставка:без вставки; комплектация:ювелирные серьги - 1 пара, бирка, пломба, подарочный мешочек; минимальный вес (г):5.5 г; покрытие:родий; проба:925; состав ювелирного изделия:серебро 925 пробы 100%; страна производства:россия; цвет:серебристый","артикул:103362; бренд:valtera; вес товара, г:3.56; вид замка:английский; вставка:стразы; количество камней:россыпь камней; коллекция:базовая коллекция; комплектация:серьги, пломба, бирка, подарочная упаковка; модель сережек:длинные; о драгоценном металле:родированное серебро - покрытие тонким слоем "
confident_contradiction,1,fold_02,Обувь,738734468069,146028927609,1,0.244,0.017,кроссовки jordan air jordan 7,nike / nike air max 2090,бренд в одежде и обуви:jordan; вид застёжки:шнурки; вид каблука:без каблука; декоративные элементы:вышивка; коллекция:базовая коллекция; материал:кожа с покрытием; материал верха:полимерные материалы; материал подкладки обуви:текстиль; материал подошвы обуви:полиуретан; материал стельки:эва (вспенен,"валюта:rub; российский размер:43,5"
confident_contradiction,1,fold_02,Галантерея и аксессуары,463856527710,395137087449,1,0.249,0.112,anyijmo очки солнцезащитные,"солнцезащитные очки ray-ban ray-ban rb 4165 710/13 rb 4165 710/13, коричневый","артикул:13ff7fb3ee7c6478fbf91ee1bf9abfa57; бренд:anyijmo; вес товара, г:33; высота линзы, мм:43; гарантийный срок:не ограничен; категория защиты линзы:3 (18–8% светопропускания); коллекция:весна-лето 2024; комплектация:коробка, футляр, салфетка, информационный буклет; материал линзы:поликарбонат; ма","артикул sku:rb 4165 710/13; вес:50 г; высота линзы:44 мм; гарантийный срок:1 г.; длина дужки:145 мм; комплектация:салфетка, футляр; конструкция оправы:ободковая; материал линз:поликарбонат; материал оправы:ацетат, пластик; модель:квадратные; особенности линз:градиентные; пол:мужской; степень затемне"
confident_contradiction,1,fold_01,Ювелирные изделия,455266630074,661424993003,1,0.098,0.116,"серьги из белого золота diamant 52-120-01945-1, фианит","diamant, серьги из белого золота с бриллиантами, 52-220-02092-1, декоративные, 585 проба",артикул производителя:52-120-01945-1; бренд:diamant; вид:классические; вставка:фианит; изображение/надпись:нет; код товара:100059793931; количество карат:0; материал изделия:белое золото; модель:52-120-01945-1; особенности дизайна:винтажные; покрытие:родирование; пол:женский; проба:585; размер (дхшх,"артикул:52-220-02092-1; бренд:diamant; бриллиант:42 бр круг 17 0,90*1,00, 2 бр круг 57; вес основных вставок, карат:0.197; вид замка:английский; вставка:бриллиант; гарантийный срок:гарантийный срок изделий составляет 6 (шесть) календарных месяцев для ювелирных изделий, 3 (три) года для часов из драг"
confident_contradiction,1,fold_04,Галантерея и аксессуары,377957194828,566935840839,1,0.139,0.179,skmei часы наручные,daniel klein / часы наручные daniel klein dk-1547-1,бренд:skmei; коллекция:осень-зима 2023; пол:мальчики; тип:часы наручные,"валюта:rub; вид стекла:минеральное; высота упаковки:9 см; гарантийный срок:1 год; диаметр корпуса:38 см; длина упаковки:9 см; класс водонепроницаемости:wr50 (5 atm); комплектация:часы, фирменная упаковка, инструкция, гарантийный талон.; материал браслета:силикон; механизм часов:электронные; особенно"
confident_contradiction,1,fold_01,Одежда,231928248054,670015009940,1,0.131,0.24,костюм спортивный,birdo / костюм теплый оверсайз с начесом,бренд в одежде и обуви:нет бренда; вид одежды:оверсайз; вид принта:надписи; вид спорта:бег; детали:карманы; длина рукава:длинный; инструкция по уходу:бережная стирка при 30 градусах; гладить на низких температурах; коллекция:осень-зима 2023; материал:футер двухнитка; материал подклада/внутренней отд,валюта:rub; декоративные элементы:аппликация; комплектация:кофта женская; штаны; особенности модели:теплостойкость; параметры модели на фото (ог-от-об):90-60-60; пол:женский; рост модели на фото:170 см; сезон:круглогодичный; демисезон; зима; состав:полиэстер 100 %; страна производства:россия; темпер
confident_contradiction,1,fold_01,Одежда,764504328101,420906943191,1,0.179,0.258,костюм спортивный yamiwoo,костюм спортивный,бренд в одежде и обуви:yamiwoo; вид застежки:без застежки; декоративные элементы:капюшон; коллекция:базовая коллекция; материал:футер; материал подкладки:флис; модель:оверсайз; пол:мальчики; признак 18+:false; размер производителя:158-164; российский размер:158; сезон:на любой сезон; состав комплект,"материал (состав):хлопок 80%, полиэстер 20%; размер:146-152; сезон:постоянный; страна производства:россия; цвет:синий"
confident_contradiction,1,fold_02,Ювелирные изделия,541165980362,558345884873,1,0.177,0.147,"браслет из красного золота, р. 17 585gold 505008521",золото дисконт цепочка золото красное 585 пробы,"артикул производителя:4300131524; бренд:585gold; вставка:без вставки; код товара:100059699499; материал изделия:красное золото; модель:505008521; покрытие:без покрытия; пол:женский; размер:17; средний вес изделия, г:1,95; страна-производитель:россия; тип:браслет; цвет вставки:без вставки; цвет матер","артикул:324776; бренд:золото дисконт; вес товара, г:3.94; коллекция:базовая коллекция; комплектация:в комплект поставки входит: изделие, бирка, пломба, коробка; о драгоценном металле:красное золото - золото в сплаве с серебром и медью. такое золото имеет много плюсов: оно не тускнеет, прочное и долг"
confident_contradiction,1,fold_04,Одежда,498216358360,266287977616,1,0.258,0.139,футболка игра,bondugoff / футболка чикен ган,бренд в одежде и обуви:нет бренда; коллекция:весна-лето 2024; материал:хлопок; пол:мальчики; размер производителя:110-116; российский размер:116; сезон:демисезон; серия в одежде и обуви:игра; тип:футболка; тип рукава:короткий; цвет товара:светло-синий,валюта:rub; вырез горловины:округлый; декоративные элементы:принт чикен ган; комплектация:футболка 1 шт; особенности модели:дышащий материал; российский размер:146; состав:хлопок 100%; страна производства:узбекистан; тип карманов:без карманов; цвет:васильковый
confident_contradiction,1,fold_01,Галантерея и аксессуары,618475351534,601295542469,1,0.291,0.132,чехол mypads pettorale для ginzzu s4710 черный,стильная мужская барсетка / сумка на плечо / сумка на пояс/ для байкеров / для документов и телефона / многофункциональная бананка,артикул производителя:57849; бренд:mypads; водонепроницаемый:нет; код товара:100029849060; материал:пластик; прозрачный:нет; с аккумулятором:нет; с клавиатурой:нет; с рисунком:нет; совместимый бренд:ginzzu; тип:книжка; ударопрочный:нет; функция подставки:нет; цвет:черный,"бренд:maxishop; вес товара, г:130; вид принта:кожа; высота, см:13; гарантийный срок:нет; глубина, см:3.5; длина плечевого ремня, см:90; количество внешних карманов, шт:2; количество внутренних отделений:1; коллекция:базовая коллекция; комплектация:стильная мужская барсетка; материал:экокожа; материа"
confident_contradiction,1,fold_01,Одежда,670014965911,721554626212,1,0.133,0.274,футболка deep purple,"dreamshirts studio футболка dreamshirts studio, размер 7-8 лет, черный",бренд в одежде и обуви:deep purple; вид застежки:без застежки; декоративные элементы:манжеты; количество в упаковке:1; коллекция:базовая коллекция; материал:ситец; материал подкладки:дакрон; модель:вязаная; название цвета:1; пол:мужской; признак 18+:false; размер на модели:46; размер производителя:s,ворот:круглый; размер:7-8 лет; рукав:короткий; сезон:всесезон; состав:хлопок 100%; тип:футболка; цвет товара:черный
confident_contradiction,1,fold_04,Обувь,695784843112,300647788863,1,0.141,0.201,полуботинки enrico fantory,enrico fantory / ботинки,бренд в одежде и обуви:enrico fantory; вид каблука:без каблука; информация о размерах:размер в размер; коллекция:весна-лето 2022; материал:искусственная кожа; материал верха:искусственная кожа; материал стельки:искусственная кожа; пол:мужской; размер производителя:42; российский размер:42; сезон:дем,валюта:rub; комплектация:базовая коллекция; материал подошвы обуви:резина; особенности модели:обувь мужская кроссовки; российский размер:40; сезон:демисезон; страна производства:китай; цвет:темно-коричневый
confident_contradiction,1,fold_03,Обувь,781684122076,532575972954,1,0.214,0.267,bulvar / кроссовки,кроссовки bul`var,валюта:rub; комплектация:кроссовки -1 пара; материал подкладки обуви:нат. кожа; материал подошвы обуви:пу; материал стельки:флис 100%; особенности модели:удобство качество стиль; полнота обуви (eur):j (7); российский размер:41; сезон:лето; состав:натуральная кожа 100%; страна производства:россия; цв,"бренд в одежде и обуви:bul`var; вид застёжки:шнурки; внутренний материал:микрофибра; диапазон температур, °с:от 0 до +30; коллекция:базовая коллекция; материал:натуральная кожа; материал верха:натуральная кожа; материал подошвы:полиуретан; материал стельки:кожа+полиуретан; название цвета:темно-синий"
confident_contradiction,1,fold_01,Галантерея и аксессуары,790274087024,721554517883,1,0.179,0.07,dior очки солнцезащитные,polaroid / солнцезащитные очки модные,артикул:diorкругбирюзовые2; бренд:dior; коллекция:осень-зима 2023; пол:женский; тип:очки солнцезащитные; цвет товара:бирюзовый,валюта:rub; высота линзы:5 см; длина дужки:14 см; комплектация:очки; футляр; салфетка; крепление дужек:флексовое; материал линзы:пластиковые линзы; материал оправы:металл; степень защиты:1 категория (80 - 43% светопропускания); страна производства:китай; цвет:нежная мята; цвет линз:коричневый; черны
confident_contradiction,1,fold_04,Обувь,343597392553,206158496391,1,0.123,0.162,кроссовки geox,кеды geox,внутренний материал:полиэстер; материал (состав):54% полиуретан 43% натуральная кожа 3% термополиуретан подкладка: 100% текстиль (полиэстер); материал верха:натуральная кожа; материал подошвы:eva; размер:32; сезон:демисезон; страна производства:мьянма; цвет:красный,"бренд в одежде и обуви:geox; высота подошвы, см:3.5; коллекция:базовая коллекция; материал:искусственная кожа; материал верха:искусственная кожа; материал подошвы:резина; пол:мальчики; российский размер (обуви):31; сезон:демисезон; страна бренда:италия; страна-изготовитель:мьянма; цвет товара:темно-"
confident_contradiction,1,fold_02,Обувь,42949713808,678604882503,1,0.115,0.068,rammaz / весенниее ботинки fitzsimmons citylite,ботинки maneki neko,валюта:rub; вид застежки:шнуровка; высота подошвы:2 см; материал подкладки обуви:неопрен; материал подошвы обуви:eva; материал стельки:неопрен; особенности модели:формовая литая конструкция; российский размер:37; состав:неопрен; страна производства:китай; цвет:белый мрамор,бренд в одежде и обуви:maneki neko; вид застёжки:шнурки; вид каблука:без каблука; коллекция:осень-зима 2023; материал:водоросли; материал верха:полимерные материалы; материал подкладки обуви:велюр искусственный; материал подошвы обуви:резина; материал стельки:велюр; особенности модели:закрытый нос; 
confident_contradiction,1,fold_03,Одежда,644245191266,163208771477,1,0.25,0.237,"костюм nsd-style , размер 54 , синий",комплект одежды eco foff,верх:футболка; длина низа:укороченная; низ:шорты; особенности модели:с карманом; принт:абстрактный; размер:54; рукав:короткий; сезон:всесезонное; силуэт:свободный; состав:хлопок 100%; стиль:повседневный; тип ткани:кулирная гладь; цвет товара:темно-синий,бренд в одежде и обуви:eco foff; вид застежки:без застежки; коллекция:весна-лето 2023; материал:кулирная гладь; модель:полуприталенная; название цвета:фиолетовый листья; пол:женский; размер на модели:46; размер производителя:52; рисунок:анималистический; российский размер:52; рост модели на фото:170
confident_contradiction,1,fold_04,Галантерея и аксессуары,498216220940,128849113549,1,0.197,0.267,omax / наручные часы omax quartz hsj743g003,наручные часы omax quartz hsj739g013,"валюта:rub; вид стекла:минеральное стекло; высота упаковки:11 см; гарантийный срок:1 год.; длина упаковки:14 см; класс водонепроницаемости:3 bar; комплектация:наручные часы; гарантийный талон.; материал браслета:латунь; механизм часов:epson y121g; страна производства:китай; цвет:желтый, белый; ширин","браслет/ремешок:металлический сплав; бренд:omax; вес товара, г:114; водонепроницаемость:3 bar; гарантийный срок:1 год.; диаметр корпуса, мм:43; длина ремешка, мм:220; коллекция:базовая коллекция; комплектация:наручные часы; коробка omax; гарантийный талон.; материал корпуса:металлический сплав; пол:"
confident_contradiction,1,fold_04,Одежда,670014935307,85899346434,1,0.254,0.166,футболка sela,футболка sela,материал (состав):100% хлопок; размер:110; сезон:лето; страна производства:бангладеш; цвет:белый,бренд в одежде и обуви:sela; коллекция:весна-лето 2021; пол:девочки; размер производителя:98; российский размер:98; сезон:демисезон; состав материала:100% хлопок; страна-изготовитель:бангладеш; тип:футболка; тип упаковки одежды:пакет; цвет товара:синий
confident_contradiction,1,fold_04,Обувь,644245222156,438086710533,1,0.098,0.228,converse / кеды,кеды converse,валюта:rub; высота подошвы:2 см; комплектация:кеды конверсы - 1шт; материал подкладки обуви:текстиль 100 %; материал подошвы обуви:резина 100%; материал стельки:амортизирующая ortholite; российский размер:39; сезон:круглогодичный; страна производства:вьетнам; цвет:черный,бренд в одежде и обуви:converse; вид застёжки:шнурки; коллекция:базовая коллекция; материал:парусина; материал верха:замша; материал подкладки обуви:текстилен; материал подошвы обуви:резина; материал стельки:эва (вспененный полимер)+текстиль; название цвета:cv9; особенности модели:высокая модель; по
confident_contradiction,1,fold_03,Галантерея и аксессуары,515396075651,644245229089,1,0.15,0.245,noname / визитница,noname визитница,валюта:rub; высота предмета:9.6 см; комплектация:визитница - 1 шт; состав:искусственная кожа; страна производства:китай; цвет:черный; ширина предмета:6.3 см,"бренд:noname; вес товара, г:90; вид принта:без рисунка; высота, см:2; гарантийный срок:365; глубина, см:2; количество в упаковке:1; коллекция:базовая коллекция; материал:abs пластик; материал фурнитуры:abs пластик; пол:мужской; страна-изготовитель:китай; тип:визитница; упаковка:пакет бумажный; цвет "
confident_contradiction,1,fold_03,Одежда,343597462101,292057832869,1,0.157,0.236,timang / платье праздничное мини,платье max mara,валюта:rub; вид застежки:молния; декоративные элементы:эластичный пояс; материал подкладки:без подкладки; особенности модели:дышащий материал; параметры модели на фото (ог-от-об):89-62-98; размер на модели:м(44); российский размер:48-50; рост модели на фото:170 см; состав:прадо; полиэстер; страна пр,бренд в одежде и обуви:max mara; вид застежки:другое; количество в упаковке:1; коллекция:базовая коллекция; материал:полиэфирное волокно; материал подкладки:эластан; модель:платье-боди; пол:женский; размер на модели:m-l; размер производителя:s; рисунок:орнамент; российский размер:42; сезон:лето; сос
confident_contradiction,1,fold_02,Одежда,214748484758,103079315898,1,0.244,0.093,футболка albert&gloria,футболка happyfox,бренд в одежде и обуви:albert&gloria; коллекция:школа 2021; материал:хлопок; пол:мальчики; российский размер:140; сезон:на любой сезон; стиль:повседневное; страна-изготовитель:россия; тип:футболка; цвет товара:белый,материал (состав):хлопок 100%; размер:146; сезон:лето; страна производства:узбекистан; цвет:белый
confident_contradiction,1,fold_04,Одежда,292057885011,661425100718,1,0.284,0.146,"чулки компрессионные центр компресс бежевый, 2 класс компрессии, 1 шт","моночулок центр компресс 4 размер, 1 класс компрессии, 1 шт","бренд в одежде и обуви:центр компресс; инструкция по уходу:ручная стирка при температуре 35-37ºс. не применять машинную стирку. сушить не отжимая, вдали от нагревательных приборов и прямых солнечных лучей. гладить изделие не рекомендуется.; класс компрессии:2 класс компрессии; количество в упаковке:",действие:компрессионные; класс компрессии:первый (18.00 - 21.00 мм.рт.ст.); мысок:открытый; обхват щиколотки:26.00 - 29.00 см; размер:4; состав:нет данных; страна бренда:страна бренда: россия; тип:моночулок; цвет товара:кремовый
confident_contradiction,1,fold_01,Одежда,429496734251,506806199184,1,0.149,0.081,джинсы t.one symbol,defaeco / брюки вельветовые бананы мом на резинке,"бренд в одежде и обуви:t.one symbol; вид одежды:полуприталенная; вид принта:однотонный; детали:карманы; инструкция по уходу:стирать джинсы наизнанку при температуре не выше 30 градусов, не используйте стиральные порошки, в составе которых есть отбеливатель.; коллекция:весна-лето 2024; материал:хлопо",валюта:rub; вид застежки:молния; пуговица; декоративные элементы:защипы на поясе полоски рубчик бархат; комплектация:вельветовые брюки - 1 шт; особенности модели:свободные комфортные легкие зауженные укороченные штаны с завышенной талией; размер на модели:40 42 44 46 48 50; российский размер:52; рос
confident_contradiction,1,fold_01,Обувь,712964634664,60129575713,1,0.282,0.239,кроссовки nike jordan,exowaysneakers / кроссовки sb dunk low,"бренд в одежде и обуви:nike; вид застёжки:шнурки; вид каблука:без каблука; высота подошвы, см:2; информация о размерах:41 eu - стелька 26 см
42 eu -  стелька 26,5 см
43 eu -  стелька 27,5 см
44 eu -  стелька 28 см
45 eu - стелька 29 см; коллекция:весна-лето 2024; материал:breathable; материал верха:",валюта:rub; комплектация:носки; кроссовки dunk frog grey; материал подкладки обуви:текстиль; материал подошвы обуви:резина; материал стельки:текстиль; особенности модели:dunk low; полнота обуви (eur):f (6); российский размер:29; сезон:круглогодичный; демисезон; состав:искусственная кожа; страна прои
confident_contradiction,1,fold_01,Ювелирные изделия,17179963948,77309444651,1,0.135,0.246,trade_jewelry / кольцо из серебра 925 (покрытие золото 585),trade jewelry кольцо серебро 925 пробы,"валюта:rub; вставка:аквамарин; комплектация:кольцо,бирка,подарочная упаковка,пломба; минимальный вес (г):3.6 г; покрытие:серебро позолоченное; проба:серебро 925 пробы; российский размер:19; состав ювелирного изделия:серебро 925 пробы , золочение 585 пробы; страна производства:россия; цвет:золотистый","артикул:1840голубойтоп17; бренд:trade jewelry; вес товара, г:2.22; вставка:топаз; вставки дополнительные:фианит; количество камней:россыпь камней; коллекция:базовая коллекция; комплектация:подарочная упаковка, пломба, бирка, кольцо; о драгоценном металле:позолоченное серебро. декоративное покрытие т"
confident_contradiction,1,fold_01,Одежда,377957249266,377957221133,1,0.202,0.212,футболка glowpoint роблокс,printplace / футболка мем skibidi toilet скибиди туалет,"бренд в одежде и обуви:glowpoint; вид застежки:без застежки; декоративные элементы:воротник; длина изделия, см:59; количество в упаковке:1; коллекция:весна-лето 2024; материал:хлопок; материал подкладки:без подклада; модель:оверсайз; название цвета:белый-1; пол:девочки; размер на модели:34; размер п",валюта:rub; вырез горловины:округлый; декоративные элементы:skibidi toilet; комплектация:футболка 1шт; особенности модели:тренд лето 2023; российский размер:154; состав:хлопок 100%; страна производства:россия; тип карманов:без карманов; цвет:белый
confident_contradiction,1,fold_02,Одежда,68719603509,695784796160,1,0.125,0.276,angel a / куртка для осень-весна длинная,пальто пуховое aiwa,валюта:rub; вид застежки:молния; комплектация:пуховик для девочки/мальчика - 1 шт; материал подкладки:полиэстер; особенности модели:куртка для мальчика и для девочки; сезон:демисезон; состав:полиэстeр; страна производства:китай; температурный режим:от +10°с до -10°с; утеплитель:полиэфир; цвет:светлы,бренд в одежде и обуви:aiwa; вид застежки:без застежки; количество в упаковке:1; коллекция:осень-зима 2023; материал:полиэфир; материал подкладки:хлопок; модель:приталенная; пол:девочки; признак 18+:false; размер на модели:110; размер производителя:150/9-10t; рисунок:надписи; российский размер:150; 
confident_contradiction,1,fold_01,Обувь,146028917405,300647724000,1,0.219,0.245,кроссовки puma,"puma кроссовки puma, размер 40,5, белый","бренд в одежде и обуви:puma; вид застёжки:шнурки; вид каблука:без каблука; высота каблука, см:3; высота платформы, см:3; высота подошвы, см:3; информация о размерах:34ru=35eu; коллекция:весна-лето 2023; материал:вискоза; материал верха:полимерные материалы; материал подкладки обуви:нетканое волокно;","бренд:puma; материал верха:замша натуральная, кожа натуральная; материал подкладки:текстиль; материал подошвы:термопласт; материал стельки:текстиль; модель:puma 381983; размер:40,5; сезон:демисезон; цвет товара:белый"
confident_contradiction,1,fold_02,Обувь,841813601004,8590032267,1,0.217,0.075,sirius plus / полуботинки,кеды рабочие savel орион,"валюта:rub; комплектация:полуботинки 1 пара; материал подкладки обуви:текстиль; материал подошвы обуви:резина; материал стельки:дышащая; особенности модели:универсальные; российский размер:42; сезон:лето; состав:нейлон; страна производства:россия; цвет:черный, синий","бренд в одежде и обуви:savel; вид застёжки:шнурки; высота голенища, см:9; высота каблука, см:4; высота платформы, см:4; высота подошвы, см:3; длина стельки, см:28; длина стопы, см:28; информация о размерах:изготовлены по гост; коллекция:базовая коллекция; материал верха:кордура; материал подошвы:рез"
confident_contradiction,1,fold_02,Одежда,395137007054,764504251989,1,0.268,0.295,куртка pelican,куртка pelican,возрастная группа:дети 2-18 лет; размер:122; сезон:зима; страна производства:китай; цвет:желтый,бренд в одежде и обуви:pelican; коллекция:осень-зима 2020; материал подклада/внутренней отделки:флис; пол:мальчики; размер производителя:140; российский размер:134; рост:140; страна-изготовитель:китай; тип:куртка; цвет товара:оливковый
confident_contradiction,1,fold_02,Одежда,816043859978,77309462531,1,0.296,0.217,кальсоны baykar,кальсоны baykar,бренд в одежде и обуви:baykar; вид застежки:без застежки; вид одежды:утепленная модель; вид принта:однотонный; количество в упаковке:1; коллекция:осень-зима 2023; материал:эластан; материал подкладки:с начесом; название цвета:черный; пол:мальчики; размер на модели:158-164; размер производителя:11-12,материал (состав):хлопок 100%; размер:7; страна производства:турция; цвет:черный
confident_contradiction,1,fold_04,Галантерея и аксессуары,188978616103,51539711675,0,0.913,0.945,"очки солнцезащитные водительские поляризационные ""мастер к"", 4*14 см","мастер к. мастер к очки солнцезащитные водительские ""мастер к"", 4 х 14 см",артикул:2638684gc; бренд:нет бренда; коллекция:базовая коллекция; пол:мужской; тип:очки солнцезащитные,конструкция:ободковая; материал линз:пластик; материал оправы:пластик; назначение:для водителей; особенности:с защитой от уф; покрытие линз:поляризационное; пол:мужские; срок службы:1 г.; форма оправы:овальная; цвет оправы:черный
confident_contradiction,1,fold_01,Обувь,678604848001,455266633518,1,0.184,0.014,"кроссовки adidas ultraboost, размер 9, синий",кроссовки warrior,"бренд:adidas; вид спорта:бег; материал верха:текстиль; материал подкладки:текстиль; материал подошвы:резина; материал стельки:эва, текстиль; модель:ultraboost; размер:9; сезон:всесезон; технология:primeknit; цвет товара:синий; шнуровка:шнуровка",бренд в одежде и обуви:warrior; вид застёжки:шнурки; коллекция:базовая коллекция; материал:eva; материал верха:текстиль; материал подошвы обуви:пенорезина; материал стельки:эва (вспененный полимер)+текстиль; пол:мужской; размер производителя:eur40; российский размер:39; сезон:на любой сезон; спортив
confident_contradiction,1,fold_02,Галантерея и аксессуары,515396212242,60129546340,1,0.19,0.156,adidas рюкзак,adidas / сумка через плечо подростковая,"бренд:adidas; вид рюкзака:дорожный; высота, см:23; глубина, см:8; коллекция:базовая коллекция; материал:брезент; особенности конструкции сумки:воздухопроницаемая спинка; пол:мужской; размер рюкзака:маленький (до 20 л.); спортивное назначение:альпинизм; тип:рюкзак; тип застежки:без застежки; цвет тов",валюта:rub; вес товара без упаковки (г):150 г; вид застежки:молния; высота предмета:16 см; высота упаковки:3 см; глубина предмета:5 см; декоративные элементы:логотип; длина плечевого ремня:120 см; длина упаковки:16 см; карманы:внутренний на молнии; наружный сзади; количество отделений:3 шт.; комплек
confident_contradiction,1,fold_04,Обувь,566935743427,197568554269,1,0.183,0.174,туфли in-step,"in step мокасины in step, размер 46, коричневый",бренд в одежде и обуви:in-step; вид застёжки:без застёжки; внутренний материал:искусственная кожа; коллекция:базовая коллекция; материал:искусственная кожа; материал верха:искусственная кожа; материал подошвы:термопластичный эластомер; материал стельки:искусственная кожа; название цвета:черный матов,артикул:туфли ip-td01-1h; материал верха:экокожа; материал подошвы:тэп; материал стельки:синтетический материал; полнота:g; размер:46; сезон:демисезон/лето; тип:мокасины; цвет товара:темно-коричневый 2
confident_contradiction,1,fold_02,Галантерея и аксессуары,670014934347,360777349835,1,0.214,0.141,"наручные часы longines the longines master collection, серебряный, белый",longines часы наручные механические,"гарантийный срок:2 г.; диаметр корпуса:42 мм; дополнительные функции:дата; запас хода:42 ч; индикация:арабские цифры; источник энергии:пружинный механизм; класс водонепроницаемости:wr30 (брызги, дождь); материал браслета:кожа, не указан; материал корпуса:нерж. сталь; минутная стрелка:центральная; но","браслет/ремешок:сталь; бренд:longines; водонепроницаемость:100 bar; гарантийный срок:20; диаметр корпуса, мм:25; длина ремешка, мм:221; коллекция:осень-зима 2023; комплектация:1. часы
2. подарочная коробка
3. устройство для снятия ремешка
4. сертификат
5. счет-фактура
6. руководство пользователя; ма"
confident_contradiction,1,fold_04,Галантерея и аксессуары,498216291624,42949712917,0,0.959,0.916,citizen / часы citizen eco drive bm8475-26e,наручные часы citizen bm8475-26e,"валюта:rub; вид стекла:минеральное стекло; высота упаковки:20 см; гарантийный срок:2 года; диаметр корпуса:4.2 см; длина упаковки:10 см; класс водонепроницаемости:wr100 (10 atm); комплектация:коробка, инструкция, часы, гарантия; материал браслета:кожаный; механизм часов:кварцевые; особенности часов:","браслет/ремешок:натуральная кожа; бренд:citizen; водонепроницаемость:10 bar; диаметр корпуса, мм:42; коллекция:базовая коллекция; материал корпуса:нержавеющая сталь с покрытием; пол:мужской; стекло:минеральное стекло; страна-изготовитель:япония; тип:часы наручные; тип индикации:цифры + отметки; тип "
confident_contradiction,1,fold_03,Одежда,326417534977,352187398807,1,0.15,0.272,/ футболка женская принт рисунок самурай,футболка customarket,валюта:rub; вырез горловины:округлый; комплектация:футболка - 1 шт; особенности модели:немнущаяся ткань; параметры модели на фото (ог-от-об):89-60-92; размер на модели:м(46); российский размер:54; рост модели на фото:172 см; состав:полиэстер; страна производства:россия; тип карманов:без карманов; цв,"бренд в одежде и обуви:customarket; вид застежки:без застежки; длина изделия, см:73; количество в упаковке:1; коллекция:базовая коллекция; материал:полиэстер; модель:оверсайз; параметры модели на фото (ог-от-об):108-79-85; пол:мужской; размер на модели:48; размер производителя:xxl; рисунок:разноцвет"
confident_contradiction,1,fold_01,Ювелирные изделия,635655162032,343597459236,1,0.271,0.278,diamant кольцо 94-310-00356-1,"diamant кольцо diamant, серебро, 925 проба, фианит, корунд синтетический, размер 16.5","артикул:94-310-00356-1 р17; бренд:diamant; вес товара, г:1.87; вставка:сапфир; гарантийный срок:12; коллекция:базовая коллекция; основной материал украшения:серебро; проба:925; размер изделия:17; средний вес изделия, гр:1.87; страна-изготовитель:россия; тип:кольцо; упаковка:конверт","вид металла:серебро; вставка:корунд синтетический, фианит; вставка подробнее:1 корунд синт.недраг круг 6,00, 16 фианит недраг круг 1,00; пол:унисекс; проба:925; размер кольца:16.5; средний вес изделия:2.135; тип:кольцо; форма вставки:круг"
confident_contradiction,1,fold_04,Галантерея и аксессуары,790274110782,403727063313,1,0.249,0.133,casio часы наручные наручные mtp-1374d-1a,наручные часы мужские casio mtp-1374l-1a черные,"браслет/ремешок:металлический сплав; бренд:casio; вес товара, г:300; водонепроницаемость:2 bar; гарантийный срок:1year; диаметр корпуса, мм:43.5; коллекция:базовая коллекция; комплектация:1 часы; материал корпуса:металлический сплав; название цвета:mtp-1374d-1a; пол:мальчики; стекло:органическое сте",артикул производителя:mtp_1374l_1a; бренд:casio; водонепроницаемые:да; класс водонепроницаемости:5 атм; код товара:600009592397; материал браслета:натуральная кожа; материал корпуса:натуральная кожа; модель:mtp-1374l-1a; наименование модели:mtp-1374l-1a; особенности:без особенностей; пол:мужской; ра
confident_contradiction,1,fold_01,Одежда,678604839445,377957161613,1,0.177,0.018,albert&gloria / футболка,шорты albert&gloria,"валюта:rub; вырез горловины:округлый; декоративные элементы:горошек; комплектация:футболка - 1 шт; особенности модели:вентиляция; российский размер:34; состав:хлопок; страна производства:китай; тип карманов:без карманов; цвет:белый, черный",бренд в одежде и обуви:albert&gloria; вид принта:горох; количество в упаковке:1; коллекция:весна-лето 2023; материал:трикотаж; пол:девочки; размер производителя:128; российский размер:34; сезон:лето; стиль:повседневный; талия:стандартная; тип:шорты; тип застежки:без застежки; тип упаковки одежды:пак
confident_contradiction,1,fold_01,Обувь,850403653268,850403618385,1,0.201,0.134,полуботинки рабочие savel демисезон,сириус / полуботинки рабочие,"бренд в одежде и обуви:savel; вид застёжки:шнурки; высота голенища, см:9; высота каблука, см:4; высота платформы, см:4; высота подошвы, см:3; длина стельки, см:28; длина стопы, см:28; информация о размерах:изготовлены по гост; коллекция:базовая коллекция; материал верха:искусственная кожа; материал ",валюта:rub; высота подошвы:1 см; комплектация:полуботинки мужские - 1 пара; материал подкладки обуви:типика; материал подошвы обуви:пу-тпу; материал стельки:типика; особенности модели:без защитного подноска; полнота обуви (eur):f (6); российский размер:39; сезон:лето; состав:кожа; страна производств
confident_contradiction,1,fold_04,Обувь,541165933759,283467989668,1,0.196,0.183,ботинки мужские tendance hz207b-15-b12 черные 41 eu,ботинки officine creative,артикул производителя:hz207b-15-b12_черный_41; бренд:tendance; вид застежки:без застежки; вид подошвы:каблук; высота голенища:среднее; код товара:100031029799; материал верха:натуральная кожа; текстиль; материал подкладки:натуральный мех; материал подошвы:резина; модель:hz207b-15-b12; модель обуви:ч,"бренд в одежде и обуви:officine creative; высота каблука, см:3; высота подошвы, см:1.5; коллекция:базовая коллекция; материал:натуральная кожа; материал верха:натуральная кожа; материал подкладки обуви:мех натуральный; материал подошвы обуви:резина; пол:мужской; российский размер:42,5; сезон:зима; с"
confident_contradiction,1,fold_03,Одежда,103079322425,455266604521,1,0.089,0.219,пеньюар aurella,не определен прозрачная сетчатая сорочка рубашка,бренд в одежде и обуви:aurella; коллекция:осень-зима 2023; название цвета:черный; пол:женский; размер производителя:xl; российский размер:48; тип:пеньюар; цвет товара:черный,бренд:ella for women; вырез:v-образный; длина:миди; застежка:пуговицы; модель:рубашка; размер:48; рукав:длинный; состав:полиэстер 100%; цвет товара:черный кристалл
confident_contradiction,1,fold_01,Одежда,292057896152,592705561472,1,0.065,0.076,sarkech / брюки джоггеры,комплект одежды zara,валюта:rub; вид застежки:завязки; шнуровка; декоративные элементы:для школы; комплектация:брюки прямого кроя с фиксатором; особенности модели:дышащий материал; российский размер:42-44; сезон:круглогодичный; демисезон; зима; состав:футер; джоггеры; лайкра; офис; хлопок; страна производства:киргизия; ,бренд в одежде и обуви:zara; коллекция:базовая коллекция; материал:хлопок; название цвета:s; пол:женский; размер производителя:s; российский размер:46; сезон:на любой сезон; стиль:повседневный; тип:комплект одежды; тип застежки:без застежки; тип упаковки одежды:пакет; цвет товара:светло-зеленый
confident_contradiction,1,fold_03,Обувь,146029033190,146028900918,1,0.28,0.153,ботинки timberland,свечин п. а. / зимние ботинки из натуральной кожи тимберленд,бренд в одежде и обуви:timberland; вид застёжки:шнурки; вид каблука:каблук; коллекция:осень-зима 2023; материал:замша натуральная; материал верха:замша; материал подкладки обуви:натуральная кожа; материал подошвы обуви:резина; материал стельки:кожа; название цвета:wheat nubuck; особенности модели:за,валюта:rub; вид застежки:завязки; шнуровка; высота подошвы:1.5 см; комплектация:зимние женские ботинки; ботинки женские на зиму; фирменная коробка и упаковка; мешки для обуви; заводская упаковка; материал подкладки обуви:полиэстер; мягкий валик вокруг лодыжки; материал подошвы обуви:резина 100%; мик
confident_contradiction,1,fold_02,Одежда,206158511019,481036457942,1,0.073,0.231,"krasar футболка krasar, размер m, серый, синий",футболка beloc,"ворот:круглый вырез; длина:удлиненная; дополнительная информация:❗️важно: размерная сетка изделий krasar может отличаться от размеров других производителей. ❗️пожалуйста, воспользуйтесь нашей картинкой с размерной таблицей в фотогалереи данного товара, чтобы выбрать подходящий размер! ❗️рекомендации",бренд в одежде и обуви:beloc; вид застежки:без застежки; количество в упаковке:1; коллекция:базовая коллекция; материал:полиэфирное волокно; материал подкладки:без подклада; пол:мужской; размер на модели:46; размер производителя:s; рисунок:логотип; российский размер:46; сезон:на любой сезон; страна-
confident_contradiction,1,fold_04,Одежда,137439084568,481036502572,1,0.201,0.176,поло,футболка acoola,бренд в одежде и обуви:нет бренда; коллекция:осень-зима 2020; пол:мальчики; российский размер:122; страна-изготовитель:бангладеш; тип:поло; цвет товара:серый,материал (состав):100% хлопок; размер:122; сезон:лето; страна производства:бангладеш; цвет:черный
confident_contradiction,1,fold_04,Обувь,214748469278,34359853947,1,0.136,0.124,резиновые сапоги дарина,резиновые сапоги дарина,"бренд в одежде и обуви:дарина; коллекция:осень-зима 2023; название цвета:серебро +серый, 37(232); пол:женский; размер производителя:37; российский размер (обуви):37; сезон:демисезон; страна бренда:россия; страна-изготовитель:россия; цвет товара:серебристый; целевая аудитория:взрослая",материал (состав):100% пвх сырья; материал верха:пвх; материал подошвы:пвх; размер:39; сезон:демисезон; страна производства:россия; цвет:синий
confident_contradiction,1,fold_02,Одежда,790274098118,506806241825,1,0.288,0.26,футболка luneva,футболка,материал (состав):100% хлопок; размер:74-48; сезон:лето; страна производства:россия; цвет:серый,бренд в одежде и обуви:нет бренда; коллекция:весна-лето 2024; материал:кулирная гладь; название цвета:голубой; пол:мальчики; российский размер:26; рост:92-98; сезон:на любой сезон; состав материала:хлопок 100%; страна-изготовитель:россия; тип:футболка; цвет товара:голубой
confident_contradiction,1,fold_02,Обувь,455266549346,94489383129,1,0.226,0.112,maison / кеды,кеды maison david paris,валюта:rub; высота подошвы:3 см; комплектация:1 пара; материал подкладки обуви:натуральная кожа; материал подошвы обуви:натуральный каучук; российский размер:40; сезон:демисезон; состав:натуральная кожа; страна производства:китай; цвет:черный,"бренд в одежде и обуви:maison david paris; внутренний материал:натуральная кожа; высота подошвы, см:3.3; коллекция:базовая коллекция; материал:натуральная кожа; материал верха:натуральная кожа; пол:мужской; российский размер (обуви):46,5; сезон:демисезон; страна бренда:франция; страна-изготовитель:к"
confident_contradiction,1,fold_01,Одежда,60129708623,566935846920,1,0.294,0.222,"janira трусы janira, размер 54, черный",трусы janira,"декор:сеточка; количество штук в наборе:1; линия талии:завышенная; модель:слипы; особенности модели:прозрачная; пол:женский; принт:полоска; размер:54; состав:полиамид 50%, эластан 50%; тип:трусы; цвет товара:черный",бренд в одежде и обуви:janira; коллекция:весна-лето 2024; название цвета:молочный; пол:женский; размер производителя:l; российский размер:50; страна-изготовитель:испания; тип:трусы; цвет товара:разноцветный
confident_contradiction,1,fold_01,Одежда,532575975312,790274116271,1,0.145,0.17,комплект одежды fresh blossom,win fashion / футболка с принтом,"бренд в одежде и обуви:fresh blossom; вид одежды:прямая; вид принта:принт/логотип; длина рукава:короткий; инструкция по уходу:этот товар азиатского размера, размер на 1 или 2 размера меньше, чем европейский или американский размер, пожалуйста, выберите 1 или 2 размера больше и проверьте таблицу разм","валюта:rub; вырез горловины:u-образный; комплектация:кофта; особенности модели:дышащий материал; российский размер:52; состав:хлопок 100%; цвет:серый, графит"
confident_contradiction,1,fold_03,Ювелирные изделия,103079360306,472446543864,1,0.248,0.297,"sokolov, цепь из золота, плетение двойной ромб, 585 проба, 581010252, ромб двойной, украшение из красного золота 585 пробы","sokolov цепь sokolov, красное золото, 585 проба, длина 55 см, средний вес 2.13 г","артикул:581010252_65; бренд:sokolov; вид плетения цепочки:двойной ромб; гарантийный срок:гарантийный срок изделий составляет 6 (шесть) календарных месяцев для ювелирных изделий, 3 (три) года для часов из драгоценных металлов, 12 (двенадцать) месяцев для часов из недрагоценных металлов, и исчисляется",вид металла:золото; плетение:панцирь; пол:женский; проба:585; размер украшения:55; средний вес:2.126 г; средний вес изделия:2.126; тип:цепь; тип замка:шпрингельный; тип золота:красное
confident_contradiction,1,fold_04,Галантерея и аксессуары,532575993155,635655192928,1,0.253,0.1,pinko сумка на плечо кросс-боди,adem / сумка багет женская сумка,"бренд:pinko; вес товара, г:300; вид сумки:кросс-боди; высота, см:15.0; глубина, см:10.0; коллекция:осень-зима 2023; материал:натуральная кожа; материал подкладки:текстиль; название цвета:черный, золотой8; пол:женский; стиль:повседневное; страна-изготовитель:китай; тип:сумка на плечо; упаковка:пакет;",валюта:rub; вес товара без упаковки (г):500 г; вид застежки:кнопки; высота предмета:17 см; высота упаковки:30 см; глубина предмета:27 см; декоративные элементы:брошь; длина плечевого ремня:90 см; длина упаковки:30 см; карманы:внутренний на молнии; количество отделений:2 шт.; комплектация:сумка кожан
confident_contradiction,1,fold_02,Обувь,541166018320,764504239046,1,0.107,0.218,"rieker rieker, размер 38, коричневый",ботинки remonte большие размеры,материал верха:натуральная кожа; материал подкладки:натуральная кожа; размер:38; сезон:зима; цвет товара:коричневый,"бренд в одежде и обуви:remonte; вид застёжки:молния; вид каблука:без каблука; внутренний материал:шерсть; высота голенища, см:12; высота каблука, см:4; высота подошвы, см:2.5; длина стельки, см:29,6; длина стопы, см:28.6; информация о размерах:соответствуют российской размерной шкале. полнота регули"
confident_contradiction,1,fold_03,Обувь,274878016572,25769896169,1,0.211,0.246,полуботинки officine creative,"officine creative полуботинки оксфорды officine creative, размер 44.5, коричневый","бренд в одежде и обуви:officine creative; высота каблука, см:2.3; высота подошвы, см:1; коллекция:весна-лето 2019; материал:натуральная кожа; материал верха:натуральная кожа; материал подошвы обуви:каучук; пол:мужской; российский размер:43,5; сезон:демисезон; страна бренда:италия; страна-изготовител",материал верха:кожа натуральная; материал подкладки:кожа натуральная; модель:оксфорды; размер:44.5; сезон:демисезон; тип:полуботинки; цвет товара:коричневый
confident_contradiction,1,fold_02,Галантерея и аксессуары,773094240140,438086814425,1,0.287,0.223,наручные часы мужские emporio armani ar60053 серебристые,emporio armani часы наручные кварцевые,артикул производителя:897702; бренд:emporio armani; водонепроницаемые:да; дополнительные функции:мировое время; секундомер; класс водонепроницаемости:5 атм; код товара:600011403820; материал браслета:сталь; материал корпуса:сталь; модель:ar60053; особенности:люминесцентная подсветка; часы-скелетоны;,"браслет/ремешок:сталь; бренд:emporio armani; вес товара, г:120; водонепроницаемость:100 bar; гарантийный срок:24 месяца; диаметр корпуса, мм:41; длина ремешка, мм:220; коллекция:весна-лето 2024; материал корпуса:сталь; название цвета:кварц 41mm; особенности часов:тихий механизм; пол:мужской; стекло:"
confident_contradiction,1,fold_04,Обувь,197568625765,343597470611,1,0.152,0.185,"inuovo сандалии inuovo, размер 37, черный",босоножки inuovo,материал подкладки:кожа натуральная; материал подошвы:резина; размер:37; сезон:лето; цвет товара:black,"бренд в одежде и обуви:inuovo; внутренний материал:натуральная кожа; высота подошвы, см:3.3; коллекция:весна-лето 2019; материал:натуральная кожа; материал верха:текстиль; пол:женский; российский размер (обуви):40; сезон:лето; страна бренда:турция; страна-изготовитель:китай; цвет товара:темно-синий;"
confident_contradiction,1,fold_02,Обувь,566935768545,635655169164,1,0.257,0.266,"caprice мокасины caprice, размер 38, серый",мокасины caprice,высота каблука:2 см; материал верха:натуральная кожа; материал подкладки:без подкладки; материал подошвы:резина; материал стельки:натуральная кожа; полнота:не указана; размер:38; сезон:лето; тип:мокасины; цвет товара:серый..,"бренд в одежде и обуви:caprice; внутренний материал:без подклада; высота подошвы, см:2; коллекция:базовая коллекция; материал:натуральная кожа; материал верха:натуральная кожа; материал подошвы:резина; пол:женский; российский размер (обуви):36; сезон:лето; страна бренда:германия; страна-изготовитель"
confident_contradiction,1,fold_02,Ювелирные изделия,566935741064,266288074024,1,0.203,0.146,poemiq / золотая цепочка на шею женская 375 пробы,"poemiq цепочка позолоченная серебряная 925, ""ролло"" / без огранки, полновесная","валюта:rub; вид замка:карабин; вид плетения цепочки:якорное; вставка:нет; комплектация:подарочная коробочка - 1 шт; золотая цепочка; минимальный вес (г):1.07 г; покрытие:нет; проба:375; состав ювелирного изделия:золото красное; красное золото; страна производства:россия; цвет:золотистый, красный","артикул:ц1рл17пз010100_цепочка_55; бренд:poemiq; вид плетения цепочки:ролло; вставка:без вставок; длина украшения, см:55; замок:карабин; коллекция:базовая коллекция; комплектация:цепочка, пломба, бирка; о драгоценном металле:позолоченное серебро. декоративное покрытие тонким слоем золота позволяет с"
confident_contradiction,1,fold_03,Ювелирные изделия,601295423261,455266629659,1,0.283,0.254,"кольцо из белого золота р. 19 эстет 01к127960, фианит",эстет кольцо золото желтое 585 пробы,"артикул производителя:01к127960; бренд:эстет; вид:классическое; вставка:фианит; изображение/надпись:нет; код товара:100027243271; количество карат:0,2; коллекция:impulse gold; материал изделия:белое золото; модель:01к127960; особенности дизайна:с танцующим камнем; покрытие:родирование; пол:женский; ","артикул:4085592; бренд:эстет; вставка:фианит; коллекция:базовая коллекция; проба:585; размер изделия:17,5; состав ювелирного изделия:золото желтое; средний вес изделия, гр:1.81; тип:кольцо ювелирное"
confident_contradiction,1,fold_01,Одежда,635655162310,240518258970,1,0.285,0.204,шорты ray,ray / шорты спортивные,"бренд в одежде и обуви:ray; вид застежки:завязки; коллекция:весна-лето 2021; материал:полиамид; модель:свободная модель; название цвета:ярко синий; пол:мужской; признак 18+:false; размер производителя:52; рисунок:логотип; российский размер:52; сезон:на любой сезон; состав материала:полиамид 80%, эла",валюта:rub; вид застежки:резинка; комплектация:шорты - 1шт.; особенности модели:износостойкость; российский размер:38; состав:полиэстер 100%; страна производства:россия; тип посадки:средняя; фактура материала:гладкий; цвет:синий
confident_contradiction,1,fold_03,Галантерея и аксессуары,188978650220,601295518580,0,0.909,0.997,"hasbro рюкзак детский, 23х21х10 см, my little pony","рюкзак детский, 23х21х10 см, my little pony",вес в транспортной упаковке:0.098 кг; возрастная группа:дошкольники; высота:23 см; габариты транспортной упаковки:1х21х27 см; количество отделений:1; материал:искусственная кожа; тип:рюкзак дошкольника; цвет товара:розовый,"бренд:hasbro; вес товара, г:100; вид принта:аниме; коллекция:осень-зима 2023; комплектация:товар в фабричной упаковке; материал:искусственная кожа; материал фурнитуры:искусственная кожа; название цвета:розовый; пол:девочки; страна-изготовитель:китай; тип:рюкзак; тип застежки:молния; цвет товара:розо"
confident_contradiction,1,fold_03,Ювелирные изделия,618475382110,635655288107,0,0.912,0.911,красная пресня / ювелирное кольцо из серебра,кольцо из серебра без камней оксидирование красная пресня б2309532,"валюта:rub; вставка:нет; комплектация:ювелирное кольцо из серебра - 1 шт, бирка, пломба, подарочная упаковка; минимальный вес (г):2.47 г; покрытие:окидирование; проба:925; состав комплекта:кольцо; состав ювелирного изделия:серебро 925 пробы; страна производства:россия; цвет:серебро, серебристый","артикул:192779; бренд:красная пресня; вес товара, г:2.47; вставка:без вставок; коллекция:весна-лето 2023; основной материал украшения:серебро оксидированное; пол:женский; проба:925; размер изделия:16,5; средний вес изделия, гр:2.47; страна-изготовитель:россия; тип:кольцо; упаковка:пластиковый пакет"
confident_contradiction,1,fold_04,Галантерея и аксессуары,317827717343,807453910163,1,0.248,0.223,"не определен рюкзак , фактура гладкая, коричневый",sofi sumki рюкзак,"застежка:завязки, кнопки, магнит; материал:натуральная кожа; материал подкладки:текстиль; особенности модели:внутренний карман; пол:для девочек, женский; способ ношения:на плече, боковая ручка; стиль:повседневный; тип:рюкзак; фактура:гладкая; цвет товара:коричневый; цвет фурнитуры:серебряный","бренд:sofi sumki; вес товара, г:1200; вид рюкзака:городской; высота, см:25; гарантийный срок:50; глубина, см:14; количество внешних карманов, шт:1; количество внутренних отделений:2; коллекция:базовая коллекция; материал:натуральная кожа; материал подкладки:текстиль; материал фурнитуры:металл; назва"
confident_contradiction,1,fold_04,Обувь,68719624237,292057884138,1,0.275,0.203,коньки хоккейные onlitop,onlitop / коньки хоккейные,бренд в одежде и обуви:onlitop; возрастная группа:взрослые (sr); коллекция:весна-лето 2021; материал лезвия:сталь; материалы внешнего ботинка:дюспо; материалы внутреннего ботинка:полиэстер с пу пропиткой; модельный год:2020; позиция игрока:полевой игрок; размер производителя:43; российский размер (о,валюта:rub; комплектация:1 пара; российский размер:38; страна производства:китай; цвет:желтый
confident_contradiction,1,fold_03,Одежда,197568627372,25769964204,1,0.193,0.005,брюки lisik.,"сима-ленд платье сима-ленд, размер 54, черный",бренд в одежде и обуви:lisik.; коллекция:весна-лето 2024; пол:женский; российский размер:универсальный; страна-изготовитель:россия; тип:брюки; цвет товара:белый,пол:женский; размер:54; рост модели:170 см; рукав:короткий; сезон:всесезон; состав:хлопок 100%; тип:платье; цвет товара:чёрный
confident_contradiction,1,fold_03,Галантерея и аксессуары,549755887672,515396203660,1,0.222,0.111,солнцезащитные очки унисекс ray-ban rb3648 голубые,ray-ban очки солнцезащитные,артикул производителя:rb3648-001/3f/54-21; бренд:ray-ban; вид линзы:градиентные; тонированные; декоративные особенности:планка; код товара:600015251437; материал линзы:стекло; материал оправы:металл; модель:rb3648; особенности:квадратные; пол:унисекс; степень защиты от ультрафиолета:uv380; страна-пр,"артикул:00200137626258; бренд:ray-ban; вес товара, г:50; категория защиты линзы:2 (43–18% светопропускания); коллекция:базовая коллекция; материал линзы:стекло; материал оправы:пластик; название цвета:модель2558; наличие флексов:нет; покрытие линз:uv фильтр; пол:мужской; степень затемнения:2 - средн"
confident_contradiction,1,fold_02,Ювелирные изделия,515396086616,730144473997,1,0.21,0.244,серьги ювелирные золото красное 375 пробы,"the jeweller серьги the jeweller, красное золото, 375 проба, топаз, голубой","артикул:37727480; бренд:нет бренда; вес товара, г:2.4; вид замка:английский; вставка:фианит; длина украшения, см:1.4; коллекция:базовая коллекция; комплектация:ювелирное изделие, бирка, пломба; модель сережек:классические; о главном камне украшения:фианит - искусственный аналог бриллианта. изначальн",вид металла:золото; вставка:топаз; пол:женский; проба:375; средний вес изделия:2.41 г; тип:серьги; тип замка:английский; тип золота:красное
confident_contradiction,1,fold_01,Ювелирные изделия,77309517077,549755850897,1,0.239,0.24,"кольцо женское из красного золота с жемчугом, фианитом 585gold 201013167, р. 18",эстет кольцо 01к3111542-1,"артикул производителя:4300130260; бренд:585gold; вставка:жемчуг; фианит; код товара:100036093526; количество карат:жемчуг, 1 шт., 1.000 карат; материал изделия:красное золото; модель:201013167; покрытие:родирование; пол:женский; проба:375; размер:18; средний вес изделия, г:1,18; страна-производитель","артикул:01к3111542-1_18,5; бренд:эстет; вес основных вставок, карат:фианит 0.05г 22 шт. 0/0 1.1*0*0 круг 0-0; вставка:фианит; детские украшения:нет; комплектация:ювелирное украшение, фирменный пакет магазина, фирменный подарочный футляр.; о главном камне украшения:фианит - искусственный аналог брилл"
confident_contradiction,1,fold_01,Обувь,8589998582,506806148175,1,0.184,0.28,дутики basvello,volta / дутики,3d-изображение:https://cdn1.ozone.ru/s3/multimedia-p/6763746085.jpg; бренд в одежде и обуви:basvello; внутренний материал:искусственный мех; код тру:140000000.03100300300000000000; коллекция:осень-зима 2023; материал:текстиль; материал верха:текстиль; материал подошвы:резина; название цвета:m819-3; ,валюта:rub; вид застежки:молния; комплектация:дутики женские 1 пара; материал подкладки обуви:шерсть; материал подошвы обуви:тпу; материал стельки:шерсть; обхват голенища:34 см; особенности модели:удобные/на каждый день; полнота обуви (eur):средняя; российский размер:36; сезон:демисезон; состав:плащ
confident_contradiction,1,fold_04,Обувь,326417617404,352187393298,1,0.183,0.027,jordan / кроссовки джорданы,кроссовки warrior,валюта:rub; комплектация:одна пара джордан 4; особенности модели:джорданы; российский размер:37; страна производства:вьетнам; цвет:красный,бренд в одежде и обуви:warrior; вид застёжки:шнурки; вид каблука:платформа; коллекция:базовая коллекция; материал:eva; материал верха:нубук; материал подошвы обуви:пенорезина; материал стельки:эва (вспененный полимер)+текстиль; ортопедический:нет; особенности модели:толстая подошва; пол:мужской; раз
confident_contradiction,1,fold_02,Обувь,249108238119,171798773851,1,0.227,0.196,dr.martens / ботинки,ботинки dr. martens,валюта:rub; вид застежки:шнуровка; материал подкладки обуви:натуральная кожа 100%; материал подошвы обуви:полиуретан 100%; материал стельки:натуральная кожа 100%; особенности модели:ботинки dr.martens; полнота обуви (eur):f (6); российский размер:37; сезон:зима; демисезон; состав:натуральная кожа; с,бренд в одежде и обуви:dr. martens; коллекция:осень-зима 2022; материал стельки:текстиль; пол:мужской; российский размер:42; сезон:демисезон; температурный режим:от -10 до +15; цвет товара:черный; целевая аудитория:взрослая
confident_contradiction,1,fold_02,Галантерея и аксессуары,558345857070,60129672866,1,0.299,0.244,"emporio armani наручные часы emporio armani, синий",emporio armani часы наручные кварцевые,гарантийный срок:2 г.; диаметр корпуса:42 мм; индикация:отсутствует; источник энергии:от батарейки; класс водонепроницаемости:wr100 (10 атм); материал браслета:кожа; материал корпуса:нерж. сталь; особенности:поворотный безель; отображение даты и времени:отображение числа; пол:мужской; размер корпуса,"браслет/ремешок:сталь; бренд:emporio armani; вес товара, г:120; водонепроницаемость:100 bar; гарантийный срок:24 месяца; диаметр корпуса, мм:42; длина ремешка, мм:220; коллекция:весна-лето 2024; материал корпуса:сталь; название цвета:кварц 42mm; особенности часов:тихий механизм; пол:мужской; стекло:"
confident_contradiction,1,fold_01,Галантерея и аксессуары,309237682979,51539645366,0,0.957,0.991,сумка baseus easyjourney series dark grey lbjx010013,сумка baseus easyjourney серая lbjx010013,"бренд:baseus; высота, см:11.5; гарантийный срок:официальная от baseus по чеку; глубина, см:6.5; коллекция:базовая коллекция; пол:мужской; тип:сумка дорожная; цвет товара:серый; ширина, см:17.5",вес:0.103 кг; высота:11.5 см; материал:искусственная кожа; тип:сумка дорожная; цвет товара:серый; ширина:17.5 см
confident_contradiction,1,fold_03,Одежда,618475330953,549755929524,1,0.298,0.036,бюстгальтер lauma,бюстгальтер женский mia-amore 45k21 белый 75j,"бренд в одежде и обуви:lauma; инструкция по уходу:идеальный вариант – ручная стирка. но если у вас нет такой возможности, стирайте на режиме «деликатная стирка» в машине. категорически запрещается использовать отбеливатели любого типа, а также кондиционер. перед стиркой не забудьте застегнуть крючки","артикул производителя:45k21; бесшовный:нет; бренд:mia-amore; код товара:600013402102; модель:45k21; модель бюстгальтера:классический; пол:женский; размер:75j 75j; размер производителя:75j; серия:18092023; состав ткани:52 % полиамид, 28 % хлопок, 10 % эластан, 10 % полиэстер; тип:бюстгальтер; цвет:бе"
confident_contradiction,1,fold_02,Ювелирные изделия,773094207073,558345785186,1,0.205,0.189,krastsvetmet цепочка нц22-050-3#0.50,"krastsvetmet цепь krastsvetmet, серебро, 925 проба, золочение, длина 65 см, средний вес 4.45 г, золотой","артикул:нц22-050-3#0.50#70; бренд:krastsvetmet; вес товара, г:6.36; вид плетения цепочки:глаз пантеры; замок:карабин; коллекция:весна-лето 2022; основной материал украшения:серебро; пол:женский; проба:925; размер изделия:70; средний вес изделия, гр:6.36; страна-изготовитель:россия; тематика:классиче",вид металла:серебро; материал шнура:серебро; отделка:золочение; плетение:якорь; пол:мужской; проба:925; размер:65 см; размер украшения:65; средний вес:4.45 г; средний вес изделия:4.45; технология плетения:машинная; тип:цепь; тип замка:карабин; цвет товара:золотой; цельность:полновесная
confident_contradiction,1,fold_02,Галантерея и аксессуары,566935729308,352187394379,1,0.224,0.257,swarovski ожерелье,swarovski / браслет swarovski 5373230,"бренд:swarovski; вес товара, г:200; вид замка:пряжка; возраст украшения:винтажное; вставка:бижутерный сплав; дизайн:узор; коллекция:базовая коллекция; материал:бижутерный сплав; название цвета:0; покрытие:серебро; пол:женский; стиль украшения:повседневный; страна-изготовитель:австрия; тематика:друго",валюта:rub; цвет:серебристый
confident_contradiction,1,fold_01,Галантерея и аксессуары,687194861335,197568542194,1,0.253,0.174,louis vuitton сумка на плечо,reva bags / сумка женская маленькая,бренд:louis vuitton; коллекция:базовая коллекция; материал:полиэфир; материал подкладки:текстиль; название цвета:20*17*9.5cm; пол:мужской; стиль:винтажный; страна-изготовитель:китай; тип:сумка на плечо; цвет товара:серебристый; целевая аудитория:взрослая,"валюта:rub; вид застежки:клапан; высота предмета:16 см; высота упаковки:10 см; декоративные элементы:сумка диор, сумка кристиан диор, сумка на плечо; длина упаковки:3 см; карманы:внутренний для ноутбука/планшета; количество отделений:1 шт.; комплектация:сумка диор 1шт, брендированный пакет диор 1шт;"
confident_contradiction,1,fold_01,Обувь,824633845797,412316990452,1,0.25,0.194,кроссовки котофей,кроссовки котофей,бренд в одежде и обуви:котофей; вид застёжки:липучки; внутренний материал:текстиль; гарантийный срок:30 дней; код тру:140000000.03240200300000000000; коллекция:школа 2023; материал:softshell; материал верха:текстиль; материал подошвы:этилвинилацетат; материал стельки:кожа; особенности повседневной о,внутренний материал:текстиль; материал (состав):материал верха: искусственная кожа+текстиль; материал подкладки: текстиль; материал стельки: натуральная кожа; материал подошвы: эва; материал верха:комбинированный материал; материал подошвы:eva; размер:25; сезон:демисезон; страна производства:китай; 
confident_contradiction,1,fold_02,Ювелирные изделия,738734403300,747324451699,1,0.152,0.146,niagara jewelry серьги ювелирные золото белое 585 пробы,niagara jewelry / ювелирные серьги,артикул:788322-23-3; бренд:niagara jewelry; вид замка:винтовой; вставка:бирюза; детские украшения:нет; коллекция:базовая коллекция; комплектация:серьги; пломба; бирка; фирменная упаковка; модель сережек:пусеты; о главном камне украшения:бирюза один из самых красивых самоцветов. цветовая гамма камня ,валюта:rub; вид замка:винтовой; вставка:халцедон натуральный; комплектация:серьги; пломба; бирка; фирменная упаковка; минимальный вес (г):1.8 г; проба:585; состав ювелирного изделия:золото белое; страна производства:россия; цвет:белый
confident_contradiction,1,fold_03,Галантерея и аксессуары,17179881995,566935838928,0,0.903,0.928,"кошелек детский nazamok kids ""зайчик в юбочке"" 11х9 см / вместительный / один отдел / для девочки",кошелек детский nazamok «зайчик в юбочке»,"бренд:nazamok; вес товара, г:13; вид принта:животные; высота, см:11; глубина, см:8.5; количество в упаковке:1; коллекция:базовая коллекция; комплектация:кошелек-1шт.; материал:искусственная кожа; материал подкладки/внутренней отделки:полиэстер; материал фурнитуры:металл; название цвета:зайчик в юбоч",страна производства:китай; тип рюкзака/аксессуара:кошелек
confident_contradiction,1,fold_02,Галантерея и аксессуары,532576086115,25769830899,1,0.17,0.265,polaroid / солнцезащитные очки трендовые,celine очки солнцезащитные,"валюта:rub; высота линзы:5 см; длина дужки:14 см; комплектация:очки; футляр; салфетка; крепление дужек:флексовое; материал линзы:пластиковые линзы; материал оправы:пластик; степень защиты:2 категория (43 - 18% светопропускания); страна производства:китай; цвет:белый, черный; цвет линз:фиолетовый; че","артикул:оудзуцж; бренд:celine; гарантийный срок:120; категория защиты линзы:1 (80–43% светопропускания); коллекция:весна-лето 2024; комплектация:полная упаковка бренда
коробка,чехол,тряпочка,очки,цепь; материал линзы:поликарбонат; материал оправы:металл; наличие флексов:да; покрытие линз:антибликово"
confident_contradiction,1,fold_02,Обувь,721554645056,833223691579,1,0.182,0.127,полусапоги spur,"не определен ботильоны, размер 39, черный",бренд в одежде и обуви:spur; вид застёжки:молния; внутренний материал:ворсин; коллекция:осень-зима 2023; материал:натуральная кожа; материал верха:натуральная кожа; материал подошвы:полиуретан; пол:женский; размер производителя:36; российский размер (обуви):36; сезон:демисезон; цвет товара:черный,гарантийный срок:30 дн.; дополнительная информация:ботильоны нужно заказывать на размер больше!; каблук высотой:5 см; материал верха:натуральная кожа; материал подкладки:байка; материал подошвы:искусственный материал; материал стельки:байка; размер:39; сезон:демисезон; тип:ботильоны; цвет товара:чер
confident_contradiction,1,fold_04,Ювелирные изделия,309237776123,377957249377,1,0.051,0.026,"sokolov цепь sokolov, белое золото, 585 проба, длина 40 см, средний вес 1.99 г","jewelry цепочка из родированного серебра 925 пробы / плетение колос / ширина 1,2 мм","вид металла:золото; комплектация:ювелирное украшение, фирменный пакет магазина, фирменный подарочный футляр.; плетение:якорь; пол:для девочек, для мальчиков, женский; проба:585; размер:40 см; размер украшения:40; средний вес:1.986 г; средний вес изделия:1.986; тип:цепь; тип замка:шпрингельный; тип з","артикул:968410350#50; бренд:jewelry; вес товара, г:3.33; вид плетения цепочки:колос; длина украшения, см:50; замок:карабин; коллекция:базовая коллекция; комплектация:ювелирное изделие, бирка, пломба; о драгоценном металле:родированное серебро - покрытие тонким слоем родия (металл платиновой группы) "
confident_contradiction,1,fold_02,Обувь,17179895303,489626412230,1,0.203,0.292,кроссовки asics,zakiraev / кроссовки спортивные,"бренд в одежде и обуви:asics; вид застёжки:шнурки; высота подошвы, см:2; информация о размерах:маломерят на 1 размер; коллекция:базовая коллекция; материал верха:текстиль; материал подошвы:вулканизированная резина; материал стельки:текстиль; название цвета:белый,синий; назначение рабочей обуви:униве",валюта:rub; высота подошвы:2 см; комплектация:коробка; материал подкладки обуви:текстиль; материал подошвы обуви:тпр; материал стельки:текстиль; особенности модели:дышащий материал; полнота обуви (eur):f (6); российский размер:26; сезон:круглогодичный; демисезон; состав:текстиль; резина; страна прои
confident_contradiction,1,fold_01,Обувь,420906894381,455266626826,1,0.227,0.05,кроссовки swooshstride,кроссовки унисекс nike 2202-103456 желтые 40 eu,бренд в одежде и обуви:swooshstride; вид застёжки:шнурки; вид каблука:платформа; информация о размерах:смотрите таблицу размеров в фото; коллекция:осень-зима 2023; материал:breathable; материал верха:натуральная кожа; материал подкладки обуви:текстиль; материал подошвы обуви:искусственный каучук; ма,артикул производителя:jordan4retrolightning2021-40; бренд:nike; вид застежки:шнурки; для занятий спортом:нет; код товара:600015997221; материал верха:нубук; материал подкладки:текстиль; материал подошвы:резина; материал стельки:текстиль; модель:2202-103456; назначение:лайфстайл; особенности:без особ
confident_contradiction,1,fold_03,Галантерея и аксессуары,197568540784,386547183894,1,0.148,0.102,oharles & aeith / сумка через плечо,сумка на плечо тоут,валюта:rub; вес товара без упаковки (г):400 г; вид застежки:магнит; молния; высота предмета:18 см; высота упаковки:6 см; глубина предмета:18 см; декоративные элементы:банты; подвески; длина плечевого ремня:66 см; длина упаковки:27 см; карманы:внутренний на молнии; внутренний открытый; количество отд,"бренд:нет бренда; вес товара, г:600; вид принта:однотонный; вид сумки:тоут; высота ручек, см:13; высота, см:21; гарантийный срок:2; глубина, см:13; длина плечевого ремня, см:125; количество внешних карманов, шт:1; количество внутренних отделений:2; коллекция:осень-зима 2023; комплектация:сумка женск"
confident_contradiction,1,fold_04,Одежда,137439055640,103079249574,1,0.279,0.179,"бейсболка тт, тт",your number / бейсболка,"бренд в одежде и обуви:тт; вид застежки:фиксатор; длина изделия, см:28; количество в упаковке:1; коллекция:базовая коллекция; материал:хлопок; название цвета:бордовый; пол:мужской; размер на модели:56; размер производителя:56/58; рисунок:однотонный; российский размер:56; сезон:демисезон; состав мате",валюта:rub; комплектация:бейсболка - 1 шт; российский размер:55-60; сезон:круглогодичный; состав:замша искусственная 100%; страна производства:китай; цвет:бордовый
confident_contradiction,1,fold_02,Одежда,661425100198,369367191657,1,0.188,0.111,чулки kaftan,"cubu / набор женских следков basic 3 пары,р. 36-39 (23-25 см)",бренд в одежде и обуви:kaftan; коллекция:весна-лето 2023; пол:девочки; российский размер:универсальный; страна-изготовитель:россия; тип:чулки; цвет товара:черный,валюта:rub; декоративные элементы:без элементов; комплектация:носки женские - 3 пары; особенности модели:классические; страна производства:китай; цвет:белый
confident_contradiction,1,fold_02,Одежда,240518283139,515396081498,1,0.278,0.078,одеваем пузики / топ,шорты одеваем пузики,валюта:rub; комплектация:топ; российский размер:50; состав:хлопок 95% ; эластан 5%; страна производства:россия; цвет:белый,"бренд в одежде и обуви:одеваем пузики; вид одежды:для беременных; коллекция:базовая коллекция; пол:женский; размер производителя:44; размер товара на фото:44; российский размер:44; рост модели на фото:170 см; сезон:демисезон; состав материала:95% хлопок, 5% эластан; страна-изготовитель:россия; тип:ш"
confident_contradiction,1,fold_02,Одежда,446676745528,532575974822,1,0.238,0.004,брюки zolla,водолазка zolla,бренд в одежде и обуви:zolla; коллекция:осень-зима 2021; материал:полиэстер; модель:слим; пол:женский; размер на модели:44; размер производителя:xs; российский размер:42; рост:164-176; сезон:демисезон; состав материала:100% полиэстер; стиль:повседневное; страна-изготовитель:китай; тип:брюки; тип упа,материал (состав):80% вискоза;20% нейлон; размер:l; сезон:демисезон; страна производства:китай; цвет:черный
fashion_uncertain,1,fold_03,Ювелирные изделия,498216303487,103079269093,0,0.501,0.596,"diamant, кольцо из серебра, 94-111-02096-1, 925 проба","diamant кольцо diamant, серебро, 925 проба, родирование, размер 19","артикул:94-111-02096-1_16,5; бренд:diamant; вес товара, г:1.58; гарантийный срок:гарантийный срок изделий составляет 6 (шесть) календарных месяцев для ювелирных изделий, 3 (три) года для часов из драгоценных металлов, 12 (двенадцать) месяцев для часов из недрагоценных металлов, и исчисляется со дня ",вид металла:серебро; вставка:без вставок; отделка:родирование; пол:женский; проба:925; размер кольца:19; средний вес изделия:3.501 г; тип:кольцо
fashion_uncertain,1,fold_01,Ювелирные изделия,755914359153,730144464865,0,0.501,0.589,золотые серьги 585 женские,lucente / серьги золотые 585 пробы,"артикул:015202-1000; бренд:dinastia; вес товара, г:0.66; вид замка:без замка; вставка:без вставки; детские украшения:нет; дизайн:геометрия; длина украшения, см:5.2; количество камней:без камней; коллекция:весна-лето 2022; комплектация:серьги; упаковка; пломба; бирка; модель сережек:протяжки; о драго",валюта:rub; вид замка:без замка; вставка:без вставки; комплектация:серьги - 1 пара; пломба - 1 шт; бирка - 1 шт; минимальный вес (г):0.75 г; огранка:без огранки; покрытие:без покрытия; проба:585; состав комплекта:серьги - 1 пара; состав ювелирного изделия:золото красное; страна производства:россия; 
fashion_uncertain,1,fold_04,Галантерея и аксессуары,386547065013,738734503648,0,0.501,0.619,"queen fair колье queen fair, длина 30 см, серебряный, белый","queen fair, колье-чокер, симфония, с кругом, белый в золоте, 30 см","вставка:стразы; коллекция:весна-лето 2023; материал:бижутерный сплав, медь, стразы; пол:для девочек, для мальчиков, женский, мужской, унисекс; размер:30 см; цвет товара:серебристый","бренд:queen fair; вес товара, г:20; возраст украшения:современное; вставка:стекло; количество в упаковке:1; коллекция:базовая коллекция; комплектация:queen fair, колье-чокер, симфония, с кругом, белый в золоте, 30 см - 1 штука в упаковке; материал:металл; модель шейного украшения:колье; пол:девочки;"
fashion_uncertain,1,fold_03,Галантерея и аксессуары,154618972431,463856590274,0,0.501,0.542,"russia часы наручные кварцевые часы наручные мужские японские casio g-shock gst-b100xb-2a электронные часы кварцевые касио джи-шок водонепроницаемые для дайвинга, противоударные, многофункциональные с будильником, с гарантией.",casio / наручные часы mtp-vd01d-1e,"браслет/ремешок:нержавеющая сталь; бренд:russia; вес товара, г:200; водонепроницаемость:5 bar; гарантийный срок:365; диаметр корпуса, мм:45; длина ремешка, мм:20; коллекция:базовая коллекция; комплектация:casio collection mtp     x1; материал корпуса:нержавеющая сталь; название цвета:casio collectio",валюта:rub; вид стекла:минеральное; высота упаковки:10 см; гарантийный срок:24 месяцa; диаметр корпуса:4 см; длина упаковки:10 см; класс водонепроницаемости:50 м (wr 5 bar); комплектация:упаковка; часы; материал браслета:нержавеющая сталь; материал циферблата:нержавеющая сталь; механизм часов:кварце
fashion_uncertain,1,fold_02,Одежда,326417598970,721554537582,0,0.501,0.555,футболка sbelomavas,орчид текстиль / футболка базовая однотонная хлопок,"бренд в одежде и обуви:sbelomavas; вид застежки:без застежки; длина изделия, см:78; количество в упаковке:1; коллекция:весна-лето 2023; материал:хлопок; модель:оверсайз; название цвета:белый; параметры модели на фото (ог-от-об):85-62-94; пол:женский; признак 18+:false; размер на модели:48; размер пр",валюта:rub; вырез горловины:округлый; декоративные элементы:без элементов; комплектация:футболка унисекс базовая - 1шт; футболка мужская - 1 шт; особенности модели:спорт; параметры модели на фото (ог-от-об):оверсайз; размер на модели:48; российский размер:54; рост модели на фото:175 см; состав:100% 
fashion_uncertain,1,fold_03,Ювелирные изделия,566935816872,146028973196,0,0.498,0.566,"серьги золотые 585 пробы женские,","prima exclusive серьги prima exclusive, красное золото, 585 проба, жемчуг, фианит","артикул:81020493; бренд:sokolov; вставка:фианит; коллекция:базовая коллекция; пол:женский; проба:585; состав ювелирного изделия:золото красное; средний вес изделия, гр:3.75; страна-изготовитель:россия; тип:серьги ювелирные","вид металла:золото; вставка:жемчуг, фианит; пол:женский, унисекс; проба:585; средний вес изделия:3.89 г; тип:серьги; тип золота:красное"
fashion_uncertain,1,fold_02,Галантерея и аксессуары,446676731028,403727061956,0,0.501,0.673,сумка для ноутбука piquadro black square ca4021b3/n,"сумка для ноутбука piquadro blue square ca4021b2/n черный, натуральная кожа",тип:сумка; цвет товара:черный,"бренд:piquadro; вес товара, г:762; вид принта:однотонный; высота, см:31; гарантийный срок:6 месяцев; глубина, см:3; количество внутренних отделений:1; коллекция:базовая коллекция; комплектация:сумка; материал:натуральная кожа; материал подкладки:полиэстер; материал фурнитуры:металл; название цвета:b"
fashion_uncertain,1,fold_02,Обувь,163208830774,635655186012,0,0.498,0.187,кроссовки nike sb dunk low x nba kobe,кроссовки nike,"валюта:rub; комплектация:коробка + 1 пара кроссовок; материал подкладки обуви:искусственная кожа; материал подошвы обуви:резина; материал стельки:текстиль; особенности модели:дышащий материал; российский размер:41; сезон:круглогодичный; страна производства:вьетнам; цвет:голубой, желтый, серый","бренд в одежде и обуви:nike; вид застёжки:шнурки; длина стопы, см:25; информация о размерах:eu36=uk3.5=23cm / eu37=uk4.5=23.5cm / eu38=uk5=24cm / eu39=uk6=24.5cm / eu40=uk6=25cm / eu41=uk7=26cm / eu42=uk7.5=26.5cm / eu43=uk8.5=27.5cm / eu44=uk9=28cm / eu45=uk10=29cm; коллекция:базовая коллекция; мат"
fashion_uncertain,1,fold_02,Ювелирные изделия,747324432280,541165968789,0,0.5,0.477,проба кольцо серебро 925 позолоченное под 585пробу со вставками,aquamarine / ювелирное кольцо,"артикул:4-1-435п_19; бренд:проба; вес товара, г:1.15; вставка:фианит; гарантийный срок:365; коллекция:весна-лето 2022; о главном камне украшения:фианит - искусственный аналог бриллианта. изначально камень создавался как материал с определенными оптическими свойствами для лазерного оборудования и пол","валюта:rub; вставка:фианит; сапфир нано; комплектация:кольцо; упаковка; минимальный вес (г):1.7 г; покрытие:золото; проба:925; российский размер:17-1,70; состав ювелирного изделия:серебро; страна производства:россия; цвет:золотистый"
fashion_uncertain,1,fold_02,Ювелирные изделия,738734492514,292057784720,0,0.5,0.685,aurora siberica. якутские бриллианты кольцо,"кольцо из белого золота р. 16 aurora siberica. якутские бриллианты 0014-1110, бриллиант","артикул:0014-2110_17,0; бренд:aurora siberica. якутские бриллианты; бриллиант:1 бр. кр-57 0,150ct 3/6а; вес основных вставок, карат:0.15; вес товара, г:1.6; вставка:бриллиант; гарантийный срок:2 года; детские украшения:нет; как читать характеристику бриллианта:на примере ""1 бр. кр-57-0.26 6/6а"" расш","артикул производителя:0014-1110_16,0; бренд:aurora siberica. якутские бриллианты; вид:помолвочное; вставка:бриллиант; код товара:100065441637; количество карат:0,153; материал изделия:белое золото; модель:0014-1110; особенности дизайна:тонкое; покрытие:родирование; пол:женский; проба:585; размер:16;"
fashion_uncertain,1,fold_04,Ювелирные изделия,146028983229,188978713488,0,0.501,0.698,sokolov / кольцо из серебра с раухтопазом,"sokolov, кольцо из золочёного серебра с раухтопазом и фианитами, 92014452, раух-топаз, 925 проба",валюта:rub; вставка:топаз; фианит; комплектация:кольцо; пломба; минимальный вес (г):2.6 г; проба:925; российский размер:19; состав ювелирного изделия:серебро; страна производства:россия; цвет:золотистый,"артикул:92014452_17; бренд:sokolov; вес основных вставок, карат:2.635; вставка:фианит; гарантийный срок:гарантийный срок изделий составляет 6 (шесть) календарных месяцев для ювелирных изделий, 3 (три) года для часов из драгоценных металлов, 12 (двенадцать) месяцев для часов из недрагоценных металлов"
fashion_uncertain,1,fold_03,Ювелирные изделия,180388790994,549755959926,0,0.498,0.52,подвеска золото красное 585 пробы,"яхонт подвеска яхонт, золото, 585 проба","артикул:11802.1; бренд:нет бренда; вес товара, г:1.5; дизайн:крест; коллекция:базовая коллекция; комплектация:ювелирное изделие, бирка, пломба; о драгоценном металле:красное золото - золото в сплаве с серебром и медью. такое золото имеет много плюсов: оно не тускнеет, прочное и долговечное, устойчив",вид металла:золото; вставка:без вставок; пол:женский; проба:585; средний вес изделия:1.15 г; тип:подвеска
fashion_uncertain,1,fold_03,Одежда,197568571710,25769903876,0,0.498,0.35,футболка sladikmladik распродажа,"у+ футболка у+, размер 152, белый","бренд в одежде и обуви:sladikmladik; коллекция:базовая коллекция; материал:хлопок; пол:мальчики; размер производителя:116; российский размер:116; рост:116; сезон:на любой сезон; серия в одежде и обуви:распродажа; состав материала:интерлок 100% хлопок, трикотаж.; стиль:повседневное; страна-изготовите",дополнительная информация:стирать при температуре не выше 40 градусов; размер:152; рукав:короткий; сезон:всесезон; состав:хлопок 100%; тип:футболка; тип ткани:кулирная гладь; цвет товара:белый
fashion_uncertain,1,fold_03,Ювелирные изделия,523986051854,120259200035,1,0.498,0.655,кольцо серебряное позолоченное с жемчугом,достояние костромы / ювелирное кольцо серебро 925 с натуральным жемчугом,"артикул:1-5530з-200р (18,0); бренд:достояние костромы; вес товара, г:1.85; вид кольца:классическое; вставка:жемчуг; детские украшения:нет; дизайн:круг; коллекция:базовая коллекция; комплектация:бирка,пломба, упаковка; о драгоценном металле:серебро - серебряные украшения, над которыми не проводилось ",валюта:rub; вставка:фианит; жемчуг натуральный; жемчуг; комплектация:кольцо женское с камнем; подарочная упаковка(конверт); бирка с необходимой информацией; минимальный вес (г):1.67 г; огранка:бриллиантовая; покрытие:позолота; золото; родий; проба:925; 585; проба 925; состав комплекта:кольцо с жемчу
fashion_uncertain,1,fold_04,Одежда,42949822664,266288071964,1,0.498,0.407,куртка button blue,куртка button blue,"бренд в одежде и обуви:button blue; диапазон температур, °с:до -25; длина рукава:длинный; коллекция:осень-зима 2023; материал:мембранные материалы; материал наполнителя:синтепон; материал подклада/внутренней отделки:флис; название цвета:белый,черный; пол:мальчики; размер производителя:158*76*66; рос",возрастная группа:дети 2-18 лет; размер:122*60*54; сезон:зима; страна производства:китай; цвет:многоцветный
fashion_uncertain,1,fold_03,Ювелирные изделия,721554611515,652835168185,0,0.498,0.619,"coobachy jewelry, кольцо серебряное женское 925",pantera_jewellery / кольцо серебро 925 пробы с фианитами,"артикул:301025-18; бренд:coobachy jewelry; вес товара, г:2.8; вид кольца:гало; вставка:фианит; вставки дополнительные:фианит; детские украшения:нет; коллекция:базовая коллекция; комплектация:кольцо; подарочная упаковка; о главном камне украшения:фианит - искусственный аналог бриллианта. изначально к",валюта:rub; вставка:фианит; кубический цирконий; комплектация:кольцо женское серебряное - 1 шт; минимальный вес (г):2.1 г; огранка:бриллиантовая; покрытие:родирование; родий; проба:925; российский размер:19; состав комплекта:кольцо - 1 шт; подарочная упаковка; состав ювелирного изделия:серебро; стра
fashion_uncertain,1,fold_02,Ювелирные изделия,704374661346,317827674454,0,0.498,0.464,alexandragr / ювелирное кольцо,alexandra gr. кольцо ™,"валюта:rub; вставка:бриллиант натуральный; сапфир натуральный; комплектация:кольцо; подарочная упаковка; минимальный вес (г):1.25 г; проба:585; российский размер:18,5-1,25; состав ювелирного изделия:золото белое; страна производства:россия; цвет:белый","артикул:028-11000y/165; бренд:alexandra gr.; бриллиант:кр-57 4/5 а; вес основных вставок, карат:0,023; вес товара, г:1.8; вставка:бриллиант; гарантийный срок:365; дизайн:цветы; как читать характеристику бриллианта:на примере ""1 бр. кр-57-0.26 6/6а"" расшифровываются параметры так: 1 бр. – число брилл"
fashion_uncertain,1,fold_03,Ювелирные изделия,824633738576,283467971186,0,0.501,0.535,"браслет из красного золота р. 20,5 эстет 01б013018",адамас / золотой браслет-цепочка 585 пробы,артикул производителя:01б013018; бренд:эстет; вид:браслет-цепочка; вид замка:карабин; вставка:без вставки; код товара:100066548455; количество карат:0; коллекция:fashion; материал изделия:красное золото; модель:01б013018; особенности дизайна:без особенностей; покрытие:без покрытия; пол:женский; проб,"артикул:7457638/01-а50д-01размер20; бренд:adamas; вес товара, г:4.6; вид замка:карабин; детские украшения:да; дизайн:геометрия; длина украшения, см:20; коллекция:весна-лето 2022; комплектация:подарочная коробка;пломба;браслет; модель браслета:цепочка; о драгоценном металле:красное золото - золото в "
fashion_uncertain,1,fold_02,Ювелирные изделия,721554592369,609885438492,0,0.5,0.676,sokolov / женские серьги-пусеты (гвоздики) из золота 585 пробы с бриллиантами,"sokolov diamonds, серьги из комбинированного золота с бриллиантами и сапфирами, 2021148, пусеты, 585 проба, гвоздики",валюта:rub; вставка:бриллиант; комплектация:серьги; пломба; минимальный вес (г):1.7 г; проба:585; состав ювелирного изделия:золото красное; страна производства:россия; цвет:золотистый,"артикул:2021148; бренд:sokolov; бриллиант:14 бр круг 17 1,00*1,10; вес основных вставок, карат:0.455; вид замка:гвоздик; вставка:бриллиант; гарантийный срок:гарантийный срок изделий составляет 6 (шесть) календарных месяцев для ювелирных изделий, 3 (три) года для часов из драгоценных металлов, 12 (дв"
fashion_uncertain,1,fold_02,Одежда,369367195224,429496816351,0,0.501,0.136,спортивные брюки мужские zara 02553412 черные m,джинсы zara,артикул производителя:0255341280003; бренд:zara; вид застежки:шнурки; вид принта:без принта; код товара:600016168255; крой:зауженный; материал:полиэстер; вискоза; эластан; материал подкладки:без подкладки; модель:02553412; модель брюк:прямые; назначение:лайфстайл; особенности:с карманами; пол:мужско,бренд в одежде и обуви:zara; инструкция по уходу:машинная стирка при макс. 40ºc с коротким циклом отжима. не использовать отбеливатель. гладить при температуре не выше 110ºc. сухая чистка тетрахлорэтиленом. сушить в стиральной машине при низкой температуре.; коллекция:базовая коллекция; название цве
fashion_uncertain,1,fold_01,Ювелирные изделия,721554595729,566935739570,0,0.499,0.644,"помолвочное кольцо из розового золота 585 пробы с фианитами для женщин (арт. к13215363) (17,5)",aquamarine / ювелирное кольцо,"артикул:к13215363_679157893; бренд:gold center; вес основных вставок, карат:1-фианит, бесц., 0,105; вид кольца:помолвочное; вставка:фианит; гарантийный срок:6 месяцев; дизайн:геометрия; длина украшения, см:17.5; коллекция:осень-зима 2023; комплектация:изделие, подарочная упаковка, пломба, бирка прои","валюта:rub; вставка:фианит; комплектация:кольцо; упаковка; минимальный вес (г):1.44 г; проба:585; российский размер:17,5-1,45; состав ювелирного изделия:золото красное; страна производства:россия; цвет:золотистый"
fashion_uncertain,1,fold_04,Ювелирные изделия,816043885731,721554639916,0,0.499,0.489,"sokolov, кольцо из золота с жемчугом, 791199, украшение из красного золота 585 пробы","sokolov кольцо sokolov, красное золото, 585 проба, жемчуг пресноводный культивированный, размер 20","артикул:791199_17; бренд:sokolov; вес основных вставок, карат:5.723; вставка:жемчуг; гарантийный срок:гарантийный срок изделий составляет 6 (шесть) календарных месяцев для ювелирных изделий, 3 (три) года для часов из драгоценных металлов, 12 (двенадцать) месяцев для часов из недрагоценных металлов, ","вид металла:золото; вставка:жемчуг пресноводный культивированный; вставка подробнее:1 жемчуг преснов.культ. круг 8,00*8,50; пол:женский; проба:585; размер кольца:20; средний вес изделия:3.264; тип:кольцо; тип золота:красное; форма вставки:круг"
fashion_uncertain,1,fold_04,Обувь,790274069402,438086800047,0,0.499,0.463,"tendance полуботинки дерби tendance, размер 40, черный",полуботинки tendance,материал верха:кожа натуральная; материал подкладки:кожа натуральная; материал подошвы:резина; модель:дерби; размер:40; сезон:демисезон; тип:полуботинки; цвет товара:чёрный,"бренд в одежде и обуви:tendance; высота каблука, см:3.5; высота подошвы, см:1.3; код тру:140000000.032504005; коллекция:базовая коллекция; материал:натуральная кожа; материал верха:натуральная кожа; материал подкладки обуви:натуральная кожа; материал подошвы обуви:натуральная кожа; пол:мужской; росс"
fashion_uncertain,1,fold_03,Одежда,180388758907,730144459002,0,0.498,0.55,"комплект верхней одежды kerry размер 134, серый",комплект верхней одежды kerry,"водонепроницаемость:5000 мм; застежка:молния; максимальная температура:-30 °c; материал верха:текстиль; материал подкладки:полиэстер; паропроницаемость:5000 г/(м²⋅сут); плотность утеплителя:330 г/м2; размер:134; сезон:зима; утеплитель:полиэстер; цвет товара:малиновый,серый","бренд в одежде и обуви:kerry; диапазон температур, °с:от -30 до 0; инструкция по уходу:бережная стирка при 30 градусах;гладить при t не более 110с;отбеливание запрещено;при стирке не смешивать с другими типами тканей;сушка запрещена; коллекция:осень-зима 2021; материал:полиэстер; материал наполнител"
fashion_uncertain,1,fold_04,Одежда,292057809576,352187363893,0,0.501,0.182,"naemy beach купальник naemy beach, размер 46, синий",купальник раздельный primaverina,"модель купальника:раздельный; особенности бретелей:регулируемые; пол:женский; размер:46; размер на модели:44; рост модели:172 см; состав:полиамид 82%, эластан 18%; тип:купальник; тип чашки:формованная; цвет товара:синий",бренд в одежде и обуви:primaverina; вид застежки:защелка; количество в упаковке:1; коллекция:весна-лето 2023; материал:полиамид; модель:формованная чашка; название цвета:черный; параметры модели на фото (ог-от-об):объём груди - 88 см.;объём под грудью - 68 см.;объём талии - 58 см.;объём бёдер - 92 с
fashion_uncertain,1,fold_03,Ювелирные изделия,274878003239,515396147772,0,0.498,0.306,"diamant кольцо diamant, серебро, 925 проба, родирование, фианит, размер 16","diamant, кольцо из серебра с фианитами, 94-110-01513-1, 925 проба","артикул:94-110-01511-1; вид металла:серебро; вставка:фианит; вставка подробнее:17 фианит недраг круг 1,00; отделка:родирование; пол:женский; проба:925; размер кольца:16; средний вес изделия:1.361 г; тип:кольцо; форма вставки:круг","артикул:94-110-01513-1_18,5; бренд:diamant; вес основных вставок, карат:0.078; вставка:фианит; гарантийный срок:гарантийный срок изделий составляет 6 (шесть) календарных месяцев для ювелирных изделий, 3 (три) года для часов из драгоценных металлов, 12 (двенадцать) месяцев для часов из недрагоценных "
fashion_uncertain,1,fold_03,Обувь,678604986659,60129618471,0,0.501,0.364,кроссовки nike,кроссовки nike dunk low,бренд в одежде и обуви:nike; вид застёжки:шнурки; информация о размерах:eu36=us(w)5.5=22.5cm / eu37.5=us(w)6.5=23.5cm / eu38=us(w)7=24cm / eu39=us(w)8=25cm / eu40=us7=25cm / eu41=us8=26cm / eu42=us8.5=26.5cm /  eu43=us9.5=27.5cm / eu44=us10=28cm / eu45=us11=29cm / eu46=us12=30cm; коллекция:базовая к,валюта:rub; материал подкладки обуви:текстиль; материал подошвы обуви:резина; материал стельки:текстиль; особенности модели:авторский дизайн; сезон:круглогодичный; лето; демисезон; состав:кожа; страна производства:вьетнам; цвет:голубой
fashion_uncertain,1,fold_01,Ювелирные изделия,790274031830,309237760633,0,0.499,0.86,"эстет кольцо эстет, красное золото, 585 проба, фианит, размер 17",эстет кольцо 01к1112306р,"вид металла:золото; вставка:фианит; коллекция:золотые украшения; комплектация:ювелирное украшение, фирменный пакет магазина, фирменный подарочный футляр.; пол:женский; проба:585; размер кольца:17; средний вес изделия:2.03; тип:кольцо; тип золота:красное; форма вставки:круг","артикул:01к1112306р_17; бренд:эстет; вес основных вставок, карат:фианит 0.06г 1 шт. / 3.5*0*0 круг -; вставка:фианит; детские украшения:нет; комплектация:ювелирное украшение, фирменный пакет магазина, фирменный подарочный футляр.; о главном камне украшения:фианит - искусственный аналог бриллианта. и"
fashion_uncertain,1,fold_04,Ювелирные изделия,94489428603,463856538091,0,0.499,0.256,кольцо обручальное из белого золота с бриллиантом р. 19 sokolov diamonds 1112301-01,"sokolov diamonds, кольцо из белого золота с бриллиантом, 1012419-3, 585 проба","артикул производителя:1112301-01; бренд:sokolov diamonds; вид:обручальное; вставка:бриллиант; изображение/надпись:нет; код товара:100050147533; количество карат:0,143к; материал изделия:белое золото; модель:1112301-01; особенности дизайна:дорожка из камней; покрытие:родирование; пол:женский; проба:5","артикул:1012419-3_18; бренд:sokolov; бриллиант:1 бр круг 57 3,00*3,10; вес основных вставок, карат:0.11; вставка:бриллиант; гарантийный срок:гарантийный срок изделий составляет 6 (шесть) календарных месяцев для ювелирных изделий, 3 (три) года для часов из драгоценных металлов, 12 (двенадцать) месяце"
fashion_uncertain,1,fold_01,Ювелирные изделия,446676721444,300647754160,0,0.501,0.384,"sokolov кольцо sokolov, красное золото, 585 проба, размер 18.5", кольцо,вид металла:золото; вставка:без вставок; пол:женский; проба:585; размер кольца:18.5; средний вес изделия:1.04 г; тип:кольцо; тип золота:красное,"артикул:019271#16; бренд:нет бренда; вес товара, г:0.99; коллекция:базовая коллекция; комплектация:ювелирное изделие, бирка, пломба; модель кольца:классическое; о драгоценном металле:красное золото - золото в сплаве с серебром и медью. такое золото имеет много плюсов: оно не тускнеет, прочное и долг"
fashion_uncertain,1,fold_04,Ювелирные изделия,120259103177,274877979857,0,0.499,0.647,"кольцо из серебра 925-й пробы, позолоченное, с фианитами",кольцо женское красная пресня 4812492 белое,"артикул:28000; бренд:красная пресня; вид кольца:классическое; вставка:фианит; гарантийный срок:6 месяцев; коллекция:базовая коллекция; комплектация:кольцо, бирка, пломба, подарочная упаковка; о главном камне украшения:фианит - искусственный аналог бриллианта. изначально камень создавался как материа",артикул производителя:4812492; бренд:красная пресня; код товара:100055226160
fashion_uncertain,1,fold_03,Ювелирные изделия,51539666971,180388674188,0,0.498,0.419,"sokolov кольцо sokolov, красное золото, 585 проба, размер 17","sokolov, кольцо из золота, 019170, украшение из красного золота 585 пробы",вид металла:золото; вставка:без вставок; пол:женский; проба:585; размер кольца:17; средний вес изделия:1.586 г; тип:кольцо; тип золота:красное,"артикул:019170_19,5; бренд:sokolov; гарантийный срок:гарантийный срок изделий составляет 6 (шесть) календарных месяцев для ювелирных изделий, 3 (три) года для часов из драгоценных металлов, 12 (двенадцать) месяцев для часов из недрагоценных металлов, и исчисляется со дня передачи изделия потребителю"
fashion_uncertain,1,fold_02,Ювелирные изделия,77309519268,34359742410,0,0.498,0.331,"sokolov кольцо sokolov, красное золото, 585 проба, размер 17","sokolov, кольцо из золота, 019275, украшение из красного золота 585 пробы","вид металла:золото; вставка:без вставок; пол:женский, унисекс; проба:585; размер кольца:17; средний вес изделия:1.74 г; тип:кольцо; тип золота:красное","артикул:019275_20; бренд:sokolov; гарантийный срок:гарантийный срок изделий составляет 6 (шесть) календарных месяцев для ювелирных изделий, 3 (три) года для часов из драгоценных металлов, 12 (двенадцать) месяцев для часов из недрагоценных металлов, и исчисляется со дня передачи изделия потребителю; "
fashion_uncertain,1,fold_02,Обувь,111669215081,730144521451,0,0.5,0.328,кроссовки nike sb dunk low,кроссовки nike,"валюта:rub; высота упаковки:13 см; длина упаковки:33 см; материал подкладки обуви:текстиль; материал подошвы обуви:резина; материал стельки:текстиль; особенности модели:удобные комфортные стильные легкие; российский размер:35; сезон:весь год; цвет:белый, серый, красный; ширина упаковки:22 см",бренд в одежде и обуви:nike; вид застёжки:шнурки; вид каблука:без каблука; коллекция:базовая коллекция; материал:воловья кожа; материал верха:натуральная кожа; материал подкладки обуви:натуральная кожа; материал подошвы обуви:резина; материал стельки:эва (вспененный полимер)+текстиль; название цвета
fashion_uncertain,1,fold_04,Ювелирные изделия,60129686993,601295504115,0,0.501,0.25,"кольцо из серебра р. 18,5 sokolov 94013878, фианит","sokolov, кольцо из серебра с фианитами, 94013858, 925 проба","артикул производителя:94013878; бренд:sokolov; вид:классическое; вставка:фианит; изображение/надпись:нет; код товара:100056817344; количество карат:0; материал изделия:серебро; модель:94013878; особенности дизайна:дорожка из камней; покрытие:без покрытия; пол:женский; проба:925; размер:18,5; средний","артикул:94013858_18,5; бренд:sokolov; вес основных вставок, карат:1.101; вставка:фианит; гарантийный срок:гарантийный срок изделий составляет 6 (шесть) календарных месяцев для ювелирных изделий, 3 (три) года для часов из драгоценных металлов, 12 (двенадцать) месяцев для часов из недрагоценных металл"
fashion_uncertain,1,fold_02,Обувь,377957125009,214748491077,0,0.5,0.437,дутики gogc,gogc / дутики,"бренд в одежде и обуви:gogc; вид застёжки:молния; внутренний материал:натуральный мех; длина стельки, см:25,5; информация о размерах:актуальная длинна стельки представлена на одной из фотографий товара. данные замеры произведены сотрудниками нашего магазина при поступлении обуви на наш склад. вниман",валюта:rub; вид застежки:молния; материал подкладки обуви:искусственный мех; материал подошвы обуви:тпр; материал стельки:искусственный мех; особенности модели:повседневная; полнота обуви (eur):f (6); российский размер:41; сезон:зима; демисезон; цвет:черный
fashion_uncertain,1,fold_04,Одежда,292057818391,51539701202,0,0.501,0.271,"minaku козырек minaku, размер 56, белый","бейсболка promarket, promarket",модель:кепи/фуражка; пол:женский; принт:отсутствует; размер:56; сезон:лето; тип:козырек; цвет товара:белый,"бренд в одежде и обуви:promarket; коллекция:весна-лето 2024; пол:женский; размер производителя:56, 58; российский размер:56; сезон:лето; стиль:пляжное; страна-изготовитель:китай; тип:бейсболка; цвет товара:желтый"
fashion_uncertain,1,fold_03,Галантерея и аксессуары,661425053483,8590051984,1,0.498,0.057,рюкзак,"спортивные товары / сумка мешок для обуви для мальчиков , сумка на пикника",бренд:нет бренда; коллекция:осень-зима 2023; пол:женский; тип:рюкзак; цвет товара:бежевый,валюта:rub; вид застежки:завязки; декоративные элементы:без элементов; комплектация:мешок для обуви; материал изделия:текстиль; страна производства:россия; цвет:зеленый
fashion_uncertain,1,fold_01,Одежда,790274115892,180388761212,0,0.499,0.412,капор life style travel,hood / шапка капор женский съёмный капюшон,бренд в одежде и обуви:life style travel; вид застежки:затягивающийся шнурок; вид шапки:с завязками; декоративные элементы:капюшон; количество в упаковке:1; коллекция:осень-зима 2022; материал:футер трехнитка; материал подкладки:футер трехнитка; название цвета:графит; особенности шапки:двухслойная; ,валюта:rub; декоративные элементы:кнопки; комплектация:капор 1 шт; материал подкладки:хлопок; российский размер:48-56; сезон:демисезон; состав:хлопок; страна производства:россия; фактура материала:ворсистый; цвет:глубокий сине-зеленый
fashion_uncertain,1,fold_03,Одежда,627065370453,549755852174,0,0.501,0.457,пальто sainy,sainy / пальто,бренд в одежде и обуви:sainy; длина подола:средняя длина; инструкция по уходу:деликатная химическая чистка; количество в упаковке:1; коллекция:осень-зима 2023; материал:велюр натуральный; материал наполнителя:синтепон; материал подклада/внутренней отделки:полиэстер; название цвета:коричневый; параме,валюта:rub; вид застежки:пуговицы; длина изделия по спинке:91 см; комплектация:пальто; вешалка; конструктивные элементы:шлица; материал подкладки:полиэстер; опции капюшона:без капюшона; опции опушки:без опушки; особенности модели:нет; параметры модели на фото (ог-от-об):100-78-92; российский размер:
fashion_uncertain,1,fold_02,Ювелирные изделия,42949811072,420906936862,0,0.501,0.143,серьги каффы queen fair,"jc серьги серебряные длинные висячие протяжки, продевки, цепочки, серебро 925",материал:бижутерный сплав; модель:каффы; пол:женский; цвет товара:мильтиколор,"артикул:20210038/9#1; бренд:jc; вставка:без вставок; детские украшения:нет; дизайн:геометрия; замок:без замка; количество камней:без камней; коллекция:весна-лето 2024; комплектация:серьги, бирка, пломба, подарочная упаковка; модель сережек:протяжки; о драгоценном металле:родированное серебро - покры"
fashion_uncertain,1,fold_01,Галантерея и аксессуары,128849055527,352187383487,0,0.501,0.527,sobrand / сумка шоппер женская через плечо кожаная большая,сумка на плечо шоппер,валюта:rub; вес товара без упаковки (г):300 г; вид застежки:магнитная кнопка; высота предмета:39 см; высота упаковки:3 см; глубина предмета:2 см; длина упаковки:45 см; карманы:внутренний открытый; комплектация:сумочка женская; сумка шоппер кожа; сумка женская; шоппер черный; шоппер молочный; страна ,"бренд:нет бренда; вес товара, г:400; вид принта:однотонный; вид сумки:шоппер; высота, см:26; глубина, см:13; длина плечевого ремня, см:26; коллекция:весна-лето 2024; комплектация:сумка - 1 шт; подарочная упаковка - 1 шт; буклет - 1 шт; материал:экокожа; материал подкладки:акрил; материал фурнитуры:м"
fashion_uncertain,1,fold_04,Одежда,670014965694,343597513974,0,0.502,0.16,футболка mini maxi,футболка mini-maxi,"бренд в одежде и обуви:mini maxi; коллекция:весна-лето 2022; материал:хлопок; название цвета:сине-зеленый; пол:мальчики; размер производителя:86/1,5 года; российский размер:86; рост:86; сезон:на любой сезон; состав материала:30/1 супрем с лайкрой, 92% хлопок, 8% лайкра гребенная пряжа 190 г/м2; стил","материал (состав):30/1 супрем с лайкрой, 92% хлопок, 8% лайкра гребенная пряжа 190 г/м2; размер:98/3 года; сезон:лето; страна производства:узбекистан; цвет:серый"
fashion_uncertain,1,fold_04,Ювелирные изделия,197568620885,541166017429,0,0.501,0.678,"sokolov, золотой жесткий браслет с алмазной гранью, 050367, жесткие, украшение из красного золота 585 пробы",sokolov / ювелирный браслет на руку из золота 585,"артикул:050367_18; бренд:sokolov; гарантийный срок:гарантийный срок изделий составляет 6 (шесть) календарных месяцев для ювелирных изделий, 3 (три) года для часов из драгоценных металлов, 12 (двенадцать) месяцев для часов из недрагоценных металлов, и исчисляется со дня передачи изделия потребителю; ",валюта:rub; вид замка:коробчатый; вставка:без вставки; комплектация:браслет; пломба; бирка; упаковка; минимальный вес (г):4.92 г; покрытие:родий; проба:585; российский размер:17; состав ювелирного изделия:золото красное; страна производства:россия; цвет:золотистый
fashion_uncertain,1,fold_01,Обувь,678604884801,369367331082,0,0.499,0.252,кеды lucky sister,lucky sister / кеды женские,"бренд в одежде и обуви:lucky sister; вид застёжки:шнурки; вид каблука:без каблука; вид спорта:спортивная ходьба; внутренний материал:без подклада; длина стельки, см:22,5; коллекция:осень-зима 2023; материал:искусственная кожа; материал подошвы:пвх (поливинилхлорид); название цвета:белый; пол:женский",валюта:rub; комплектация:кеды; материал подкладки обуви:текстиль; экокожа; материал подошвы обуви:пвх; особенности модели:на каждый день; полнота обуви (eur):f (6); российский размер:39; сезон:лето; состав:текстиль 50%; экокожа 50%; страна производства:китай; цвет:белый
fashion_uncertain,1,fold_02,Одежда,180388797590,824633790360,0,0.501,0.658,"трусы боксеры vericoh, 2 шт",vericoh / трусы боксеры 2 шт,"бренд в одежде и обуви:vericoh; количество в упаковке:2; коллекция:базовая коллекция; материал:хлопок; модель:боксеры; параметры модели на фото (ог-от-об):обхват груди: 90 см, талии: 80 см, бедер: 96 см,; пол:мужской; размер на модели:44; размер производителя:3xl; рисунок:разноцветный; российский ра","валюта:rub; комплектация:набор 2шт; особенности белья:классическая модель; российский размер:56-58; состав:хлопок 70%; бамбук 22%; спандекс 8%; страна производства:турция; тип посадки:под живот; фактура материала белья:эластан; бамбук; хлопок; цвет:черный, синий, красно-коричневый, серый"
fashion_uncertain,1,fold_04,Галантерея и аксессуары,584115557061,798863984779,0,0.502,0.637,кольцо xuping jewelry,кольцо xuping jewelry,"коллекция:базовая коллекция; материал:бижутерный сплав; отделка:золочение; пол:для девочек, для мальчиков, женский, мужской, унисекс",бренд:xuping jewelry; количество в упаковке:1; коллекция:осень-зима 2023; комплектация:кольцо-1 шт; материал:бижутерный сплав; материал вставки:стразы; название цвета:золотистый; покрытие украшения:родирование; пол:женский; размер изделия:16; страна-изготовитель:китай; тип:кольцо; упаковка:пакет; цв
fashion_uncertain,1,fold_03,Одежда,51539675215,154618911470,0,0.5,0.645,charter / юбка-шорты шорты женские джинсовые,юбка fadjo,валюта:rub; вид застежки:пуговицы; декоративные элементы:бахрома; комплектация:шорты - 1 шт; особенности модели:вентиляция; параметры модели на фото (ог-от-об):90-62-90; размер на модели:42; российский размер:48; рост модели на фото:175 см; состав:хлопок; полиэстер; спандекс; страна производства:рос,"бренд в одежде и обуви:fadjo; вид застежки:пуговицы; вид одежды:облегающая; детали:бахрома; длина изделия, см:43; длина подола:укороченная модель; количество в упаковке:1; коллекция:весна-лето 2024; материал:деним; название цвета:голубой; параметры модели на фото (ог-от-об):85/62/89; пол:женский; пр"
fashion_uncertain,1,fold_02,Галантерея и аксессуары,300647764828,292057840972,0,0.501,0.195,кожаный брелок для ключей в твоих глазах я беззащитный цветок .,"не определен брелок, черный","бренд:uegrafic; вес товара, г:20; вид замка:защелка; возраст украшения:современное; дизайн:треугольник; коллекция:базовая коллекция; комплектация:упаковка 1 шт., брелок 1 шт.; материал:сталь; пол:мужской; размер изделия:безразмерный; стиль украшения:повседневный; страна-изготовитель:россия; тематика",бренд:ueplenka; держатель:кольцо; длина:7 см; застежка:отсутствует; материал:натуральная кожа; особенности модели:с гравировкой; тип:брелок; толщина:0.15 см; цвет товара:черный; ширина:5 см
fashion_uncertain,1,fold_01,Галантерея и аксессуары,8590022479,584115665325,0,0.499,0.383,наручные часы восток командирские,"наручные часы восток командирские, мультиколор","браслет/ремешок:натуральная кожа; бренд:восток; вес товара, г:75; водонепроницаемость:2 bar; гарантийный срок:12 месяцев; диаметр корпуса, мм:40; длина ремешка, мм:200; коллекция:базовая коллекция; комплектация:наручные командирские механические часы, брендированная индивидуальная упаковка с логотип",вес:75 г; гарантийный срок:12 мес.; диаметр корпуса:41.8 мм; индикация:арабские цифры; источник энергии:пружинный механизм; класс водонепроницаемости:wr20 (2 атм); материал браслета:нейлон; материал корпуса:латунь + нерж. сталь; минутная стрелка:центральная; номер механизма:2414а; особенности:поворо
fashion_uncertain,1,fold_03,Обувь,670014906751,34359816709,0,0.501,0.154,туфли el tempo,"el tempo туфли el tempo, размер 40, черный","бренд в одежде и обуви:el tempo; вид застёжки:пряжка; вид каблука:шпилька; вид спорта:танцы; внутренний материал:искусственная кожа; высота каблука, см:10; длина стопы, см:23; коллекция:весна-лето 2024; материал:натуральная кожа; материал верха:натуральная кожа; материал подошвы:резина; материал сте",застежка:пряжка; материал верха:текстиль; материал подкладки:натуральная кожа; материал подошвы:эва; материал стельки:натуральная кожа; размер:40; сезон:демисезон; тип:туфли; цвет товара:черный
fashion_uncertain,1,fold_01,Обувь,197568588436,592705521163,0,0.499,0.62,кроссовки asics,asics / кроссовки спортивные для бега gel-kahana 8,"бренд в одежде и обуви:asics; вид застёжки:шнурки; вид каблука:платформа; высота каблука, см:2; высота платформы, см:2; высота подошвы, см:2; информация о размерах:смотрите таблицу размеров в фото; коллекция:весна-лето 2024; материал:искусственные материалы; материал верха:искусственная кожа; матери",валюта:rub; высота подошвы:2 см; комплектация:базовая комплектация; нескользящая подошва; материал подкладки обуви:текстиль; гелевая; материал подошвы обуви:тпр; мягкая; материал стельки:текстиль; латекс; особенности модели:дышащий материал; полнота обуви (eur):f (6); российский размер:44; сезон:лет
fashion_uncertain,1,fold_03,Галантерея и аксессуары,549755837930,532576067140,0,0.501,0.451,loui verner / кошелек,"кошелёк на кнопке, цвет коричневый",валюта:rub; вид застежки:магнит и молния; высота предмета:9.5 см; глубина предмета:3 см; количество отделений:2 шт.; комплектация:мужской кошелек - 1 шт; состав:натуральная кожа 100%; страна производства:китай; цвет:коричневый; ширина предмета:10.5 см,бренд:нет бренда; коллекция:базовая коллекция; название цвета:коричневый; пол:женский; тип:кошелек
fashion_uncertain,1,fold_02,Галантерея и аксессуары,386547214458,627065260542,0,0.501,0.758,кожаный брелок для ключей тихон пивозавр с гравировкой,/ кожаный брелок для ключей аркадий пивозавр,"бренд:uegrafic; вес товара, г:20; вид замка:защелка; возраст украшения:современное; дизайн:треугольник; коллекция:базовая коллекция; комплектация:упаковка 1 шт., брелок 1 шт.; материал:сталь; пол:мужской; размер изделия:безразмерный; стиль украшения:повседневный; страна-изготовитель:россия; тематика",валюта:rub; вид замка:защелка; высота предмета:7 см; декоративные элементы:лазерная гравировка; количество предметов в упаковке:1; комплектация:упаковка 1 шт; брелок 1 шт; состав бижутерии:хромированная сталь; страна производства:россия; цвет:серебристый; ширина предмета:3 см; эффекты:ручная работа
fashion_uncertain,1,fold_04,Ювелирные изделия,438086761675,257698125662,0,0.501,0.79,"алькор кольцо алькор, серебро, 925 проба, фианит, размер 16.5, белый, золотой",алькор кольцо серебро 925 женское с фианитами,вид металла:серебро; вставка:фианит; пол:женский; проба:925; размер кольца:16.5; средний вес изделия:2.53 г; тип:кольцо; тип золота:белое,"артикул:01-1335+00кц-00_16; бренд:алькор; вес основных вставок, карат:0.49; вес товара, г:2.79; вид кольца:классическое; вставка:фианит; гарантийный срок:6 месяцев; детские украшения:нет; дизайн:геометрия; количество камней:россыпь камней; коллекция:базовая коллекция; комплектация:кольцо, пломба, би"
fashion_uncertain,1,fold_04,Обувь,558345825905,51539643257,0,0.501,0.492,котофей полуботинки:чёрный:39,полуботинки allee,размер:39,"бренд в одежде и обуви:allee; вид застёжки:шнурки; внутренний материал:натуральная кожа; высота подошвы, см:3; гарантийный срок:90 дней; коллекция:базовая коллекция; материал:натуральная кожа; материал верха:натуральная кожа; материал подошвы:термоэластопласт; материал стельки:кожа; пол:женский; пол"
fashion_uncertain,1,fold_03,Обувь,317827717353,584115631558,0,0.501,0.651,кроссовки adidas,samba / кроссовки спортивные самба всесезонные,бренд в одежде и обуви:adidas; вид застёжки:шнурки; информация о размерах:normal; коллекция:весна-лето 2024; материал верха:натуральная кожа; материал подкладки обуви:натуральная кожа; материал подошвы обуви:rubber; материал стельки:pu+полиэфир; название цвета:cloud white core black; ортопедический:,валюта:rub; высота подошвы:3 см; комплектация:кроссовки adidas samba 1шт.; материал подкладки обуви:текстильный; материал подошвы обуви:резина; материал стельки:текстиль; особенности модели:анатомическая модель; полнота обуви (eur):f (6); сезон:лето; демисезон; состав:замша; полиуретан; страна произ
fashion_uncertain,1,fold_04,Галантерея и аксессуары,352187376219,360777416583,0,0.499,0.6,"/ кулончик украшение для подростка вспомни, ради чего ты начал",pnp подвеска,валюта:rub; вставка:без вставки; лазерная гравировка; надпись; длина подвески:20 мм; комплектация:цепочка 1 шт.; кулон - 1 шт.; упаковка - 1 шт.; состав бижутерии:металл; нержавеющая сталь; бижутерный сплав; страна производства:россия; цвет:серебристый; ширина подвески:20 мм,"бренд:pnp; вес товара, г:30; вид замка:защелка; возраст украшения:современное; количество в упаковке:1; коллекция:базовая коллекция; комплектация:кулон 1шт;цепочка 1шт;картонная коробка 1шт; материал:нержавеющая сталь; материал вставки:нержавеющая сталь; модель шейного украшения:на цепочке; название"
fashion_uncertain,1,fold_04,Ювелирные изделия,541166033906,816043883132,0,0.499,0.758,adelfina official / серьги конго колечки,серьги из серебра 925 пробы конго 18мм,валюта:rub; вид замка:классический; защелка; вставка:без вставок; комплектация:серьги 2 шт; минимальный вес (г):3.18 г; покрытие:родий; проба:925; состав комплекта:серьга 2 шт; состав ювелирного изделия:серебро; серебряное; страна производства:россия; цвет:серебристый,"артикул:с548-с1_; бренд:new brilliance; вес товара, г:2.51; вид замка:конго; гарантийный срок:365; дизайн:геометрия; коллекция:базовая коллекция; комплектация:серьги-1пара; модель сережек:кольца; о драгоценном металле:родированное серебро - покрытие тонким слоем родия (металл платиновой группы) пред"
fashion_uncertain,1,fold_01,Одежда,120259097884,712964716522,0,0.501,0.188,"трусы слипы julimex, 1 шт","julimex трусы julimex, размер s, красный","бренд в одежде и обуви:julimex; количество в упаковке:1; коллекция:базовая коллекция; материал:полиамид; модель:слипы; название цвета:зеленый; пол:женский; размер на модели:44-46; размер производителя:s; российский размер:42; рост модели на фото:165 см; состав материала:79% полиамид, 20% эластан, 1%","декор:кружево; дополнительная информация:m; линия талии:завышенная; модель:бразильяна, слипы; особенности модели:бесшовное, кружево, ластовица; пол:женский; принт:отсутствует, флористический; размер:s; рекомендации по уходу:деликатная стирка; сезон:всесезонное; состав:полиамид 79%, хлопок 1%, эласта"
fashion_uncertain,1,fold_02,Галантерея и аксессуары,223338431900,395137117500,0,0.498,0.737,casio / часы casio collection mtp-v004d-7b,часы наручные casio mtp-v004d-7c,"валюта:rub; вид стекла:минеральное; высота упаковки:20 см; гарантийный срок:2 года; длина упаковки:10 см; класс водонепроницаемости:wr30 (3 atm); комплектация:коробка, инструкция, часы, гарантия; материал браслета:нержавеющая сталь; материал циферблата:нержавеющая сталь; механизм часов:кварцевые; ос","браслет/ремешок:нержавеющая сталь; бренд:casio; вес товара, г:70; водонепроницаемость:5 bar; диаметр корпуса, мм:41.5; коллекция:базовая коллекция; комплектация:часы, фирменная упаковка, фирменный пакет, инструкция на русском языке, заполненный гарантийный талон.; материал корпуса:сталь; название цв"
fashion_uncertain,1,fold_03,Одежда,584115607515,223338374093,0,0.5,0.354,"каждому своё футболка каждому своё, размер s (44-46), черный",футболка smail sport,декор:отсутствует; длина:средняя; пол:унисекс; принт:абстрактный; размер:s (44-46); сезон:всесезон; силуэт:свободный; состав:хлопок 100%; тип:футболка; тип ткани:хлопок; цвет товара:чёрный,"бренд в одежде и обуви:smail sport; вид застежки:без застежки; длина изделия, см:76; количество в упаковке:1; коллекция:базовая коллекция; материал:хлопок; материал подкладки:без подклада; модель:оверсайз; название цвета:вариант 1018; параметры модели на фото (ог-от-об):102-82-102; пол:мужской; разм"
fashion_uncertain,1,fold_01,Ювелирные изделия,687194900402,292057819924,0,0.499,0.504,"sokolov кольцо sokolov, серебро, 925 проба, родирование, фианит","sokolov, кольцо из серебра с фианитами, 94011573, 925 проба",вид металла:серебро; вставка:фианит; отделка:родирование; пол:унисекс; проба:925; размер кольца:16.5; средний вес изделия:1.23; тип:кольцо; форма вставки:круг,"артикул:94011573_18; бренд:sokolov; вес основных вставок, карат:0.34; вставка:фианит; гарантийный срок:гарантийный срок изделий составляет 6 (шесть) календарных месяцев для ювелирных изделий, 3 (три) года для часов из драгоценных металлов, 12 (двенадцать) месяцев для часов из недрагоценных металлов,"
fashion_uncertain,1,fold_03,Ювелирные изделия,257698142440,592705627396,0,0.5,0.45,"diamant online кольцо diamant online, золото, 585 проба, бриллиант, размер 18, коричневый",яхонт ювелирный кольцо золото красное 585 пробы,"артикул:181892; вид металла:золото; вставка:бриллиант; вставка подробнее:10 бр круг 57 0,033 7/5а; 11 бр круг 57 0,054 7/5а; 2 бр черн. обл. круг 57 0,011 7/6а; пол:женский; проба:585; размер кольца:18; средний вес изделия:3.76; тип:кольцо; форма вставки:круг","артикул:2311830017; бренд:яхонт ювелирный; вставка:бриллиант; детские украшения:нет; дизайн:змея; как читать характеристику бриллианта:на примере ""1 бр. кр-57-0.26 6/6а"" расшифровываются параметры так: 1 бр. – число бриллиантов. кр-57 – форма огранки и число граней (""кр"" - ""круглая""). 0.26 – масса б"
fashion_uncertain,1,fold_01,Одежда,68719507143,764504258953,0,0.501,0.111,бюстгальтер gorsenia,"gorsenia бюстгальтер gorsenia, размер 90g, синий",бренд в одежде и обуви:gorsenia; вид застежки:крючки; вид одежды:на косточках; вид принта:однотонный; детали:открытая спина; количество в упаковке:1; коллекция:базовая коллекция; материал:полиамид; материал подклада/внутренней отделки:без подклада; название цвета:молочный; параметры модели на фото (,декор:кружево; особенности бретелей:эластичная резинка. регулируется; размер:90g; тип:бюстгальтер; тип чашки:мягкая; цвет товара:синий
fashion_uncertain,1,fold_03,Галантерея и аксессуары,300647850727,472446405655,0,0.5,0.303,"darami браслет-нить darami, аквамарин, размер 11 см, бордовый","браслет желаний шар №4 гранёный ""агат моховой"" на красной нити, длина регулируется","вставка:аквамарин; модель:нить; отделка:золочение; пол:для девочек, для девочек, для мальчиков, для мальчиков; размер:11 см",бренд:нет бренда; коллекция:осень-зима 2023; пол:женский; страна-изготовитель:россия; тип:браслет
fashion_uncertain,1,fold_02,Ювелирные изделия,335007573797,549755820371,0,0.498,0.389,"the jeweller кольцо the jeweller, красное золото, 585 проба, размер 17",talant кольцо золото красное 585 пробы,вид металла:золото; вставка:без вставок; пол:унисекс; проба:585; размер кольца:17; тип:кольцо; тип золота:красное,"артикул:22-00-0000-41015_20; бренд:talant; вставка:без вставок; вставки дополнительные:без вставок; гарантийный срок:гарантийный срок 6 месяцев с момента продажи в соответствии с ост-117-3-002-95; дизайн:геометрия; количество камней:без камней; коллекция:базовая коллекция; комплектация:кольцо, подар"
fashion_uncertain,1,fold_04,Ювелирные изделия,17179920132,60129684021,0,0.498,0.646,"grante кольцо grante, красное золото, 585 проба, бриллиант, размер 19","diamant, кольцо из золота с бриллиантами, 51-210-01352-2, украшение из красного золота 585 пробы","вид металла:золото; вставка:бриллиант; пол:женский, мужской, унисекс; проба:585; размер кольца:19; средний вес изделия:1.77; тип:кольцо; тип золота:красное","артикул:51-210-01352-2_18; бренд:diamant; бриллиант:3 бр круг 57 1,00*1,10; вес основных вставок, карат:0.017; вставка:бриллиант; гарантийный срок:гарантийный срок изделий составляет 6 (шесть) календарных месяцев для ювелирных изделий, 3 (три) года для часов из драгоценных металлов, 12 (двенадцать) "
fashion_uncertain,1,fold_03,Ювелирные изделия,592705569704,764504255101,0,0.501,0.332,"sokolov, кольцо из белого золота с топазом, 716300-3, 585 проба","кольцо из белого золота р. 18 sokolov 715443-3, топаз","артикул:716300-3_18; бренд:sokolov; вес основных вставок, карат:1.73; вставка:топаз; гарантийный срок:гарантийный срок изделий составляет 6 (шесть) календарных месяцев для ювелирных изделий, 3 (три) года для часов из драгоценных металлов, 12 (двенадцать) месяцев для часов из недрагоценных металлов, ",артикул производителя:715443-3_18; бренд:sokolov; вид:классическое; вставка:топаз; изображение/надпись:нет; код товара:100029611120; количество карат:0; материал изделия:белое золото; модель:715443-3; особенности дизайна:без особенностей; покрытие:родирование; пол:женский; проба:585; размер:18; сред
fashion_uncertain,1,fold_02,Ювелирные изделия,343597425701,377957284370,0,0.498,0.732,valtera серьги ювелирные золото красное 585 пробы,"valtera серьги valtera, красное золото, 585 проба, изумруд, бриллиант, зеленый","артикул:117100; бренд:valtera; бриллиант:12 бриллиантов круглой огранки 17 граней 0.040 карат; вес основных вставок, карат:2 наноизумруда огранки груша 1.320 карат; вес товара, г:3.15; вид замка:английский; вставка:наноизумруд; вставки дополнительные:бриллиант; детские украшения:нет; дизайн:подарок;","артикул:093382; вид металла:золото; вставка:бриллиант, изумруд; коллекция:базовая коллекция; модель:классические; пол:женский; проба:585; средний вес изделия:3.86 г; тип:серьги; тип замка:английский; тип золота:красное"
fashion_uncertain,1,fold_03,Одежда,566935704219,712964589631,0,0.501,0.392,"beauty night боди sarina teddy beauty night, s/m, черный",эротическое белье beauty night,"вырез:v-образный; застежка:шнуровка; модель:боди; низ:шорты; особенности:ажурный рисунок, кружево, открытая спина, регулировка длины бретелей; размер:s/m; рукав:отсутствует; состав:полиамид 92 %, эластан 8 %; стопа:закрытая","бренд в одежде и обуви:beauty night; название цвета:красный; пол:для нее; размер производителя:s/m; российский размер:46; состав материала:па 92%, эластан 8%; страна-изготовитель:польша; тип:эротическое белье; тип эротического белья:боди; цвет товара:красный"
fashion_uncertain,1,fold_02,Галантерея и аксессуары,575525753849,300647793582,0,0.5,0.666,lil&di рюкзак,lil&di / рюкзак городской для подростков спортивный,"бренд:lil&di; вес товара, г:250; вид принта:без рисунка; вид рюкзака:городской; высота, см:42; глубина, см:13; количество внешних карманов, шт:3; количество внутренних отделений:1; коллекция:осень-зима 2023; комплектация:рюкзак - 1 шт; макс. размер ноутбука:15.6""; материал:текстиль; материал подклад",валюта:rub; вес товара без упаковки (г):250 г; вид застежки:молния; вместимость рюкзака:15.29 л; высота предмета:42 см; высота упаковки:42 см; глубина предмета:13 см; длина упаковки:30 см; карманы:наружный боковой; наружный спереди; внутренний для ноутбука\планшета; количество лямок:2; количество от
fashion_uncertain,1,fold_03,Одежда,103079363827,197568565464,0,0.498,0.306,нет бренда / футболка самая добрая ласковая любимая м,футболка footbolka,валюта:rub; вырез горловины:округлый; декоративные элементы:без элементов; комплектация:футболка 1 шт; особенности модели:дышащий материал; российский размер:50; страна производства:россия; тип карманов:без карманов; цвет:белый,бренд в одежде и обуви:footbolka; коллекция:весна-лето 2024; пол:женский; российский размер:42; сезон:демисезон; тип:футболка; цвет товара:белый
fashion_uncertain,1,fold_01,Одежда,25769922589,601295545972,0,0.499,0.537,d.s descrip / спортивные брюки трикотажные,брюки спортивные d.s,"валюта:rub; вид застежки:шнуровка; декоративные элементы:без элементов; комплектация:брюки 1 шт.; материал подкладки:без подкладки; особенности модели:дышащий материал; пол:мужской; российский размер:48; сезон:лето; круглогодичный; состав:хлопок 70%, полиэстер 30%; страна производства:россия; тип ка",бренд в одежде и обуви:d.s; вид застежки:завязки; декоративные элементы:бант; количество в упаковке:1; коллекция:базовая коллекция; название цвета:темный синий; пол:мужской; размер на модели:50; размер производителя:xxl; рисунок:однотонный; российский размер:54; рост модели на фото:180 см; сезон:на 
fashion_uncertain,1,fold_01,Одежда,721554622587,704374729480,0,0.501,0.56,водолазка crb,водолазка crb,"материал (состав):95% хлопок, 5% эластан; размер:98; сезон:демисезон; страна производства:узбекистан; цвет:синий",бренд в одежде и обуви:crb; длина рукава:длинный; количество в упаковке:1; коллекция:базовая коллекция; материал:интерлок; название цвета:темно-синий меланж; пол:мальчики; размер производителя:116; российский размер:116; сезон:на любой сезон; состав материала:100% хлопок; страна-изготовитель:узбекис
fashion_uncertain,1,fold_03,Ювелирные изделия,455266675740,51539618169,0,0.501,0.685,крест из серебра 925 пробы,ataria jewelry / крестик серебро православный 925 пробы,"артикул:5501488_0000081377_0; бренд:ориенталь; вес товара, г:1.26; комплектация:изделие, фирменная упаковка, бирка, пломба; пол:женский; проба:925; состав ювелирного изделия:серебро; средний вес изделия, гр:1.26; тип:подвеска ювелирная; упаковка:подарочная упаковка; целевая аудитория:взрослая",валюта:rub; вставка:без вставки; нет; комплектация:подвеска; пломба; бирка; минимальный вес (г):1.03 г; покрытие:родий; родирование; родиевое; проба:925; состав комплекта:подвеска; бирка; пломба; состав ювелирного изделия:серебро; серебро 925 пробы; страна производства:россия; цвет:серебристый
fashion_uncertain,1,fold_01,Галантерея и аксессуары,292057857010,420906858084,0,0.499,0.673,"не определен значок, металл",значок,"вставка:металл; коллекция:базовая коллекция; крепление:булавка; материал:металл; пол:для девочек, для мальчиков, унисекс; тип:значок","бренд:нет бренда; вес товара, г:15; вид замка:булавка; вставка:металл; количество в упаковке:1; коллекция:базовая коллекция; комплектация:значок 1 шт; материал:металл; название цвета:разноцветный; покрытие:без покрытия; пол:мужской; размеры, мм:37; стиль украшения:повседневный; страна-изготовитель:р"
fashion_uncertain,1,fold_01,Обувь,51539675539,231928351978,0,0.501,0.27,кроссовки jordan jordan,кеддхаус / кроссовки кожаные весенние джордан,бренд в одежде и обуви:jordan; вид застёжки:шнурки; вид каблука:платформа; информация о размерах:стандарт размера спортивной обуви ru=eu; коллекция:весна-лето 2024; материал:breathable; материал верха:искусственная кожа; материал подкладки обуви:текстилен; материал подошвы обуви:искусственный каучук,"валюта:rub; высота подошвы:4 см; комплектация:носочки; коробка; кроссовки джордан женские; материал подкладки обуви:текстиль; материал подошвы обуви:микропористая резина; материал стельки:текстиль; особенности модели:боковая сетка для вентиляции, надежная амортизация; полнота обуви (eur):f (6); росс"
fashion_uncertain,1,fold_03,Одежда,154618926042,317827693351,0,0.501,0.534,zarina / футболка оверсайз с принтом свободная хлопок,футболка zarina,валюта:rub; комплектация:футболка из хлопка; параметры модели на фото (ог-от-об):81-58-87; размер на модели:s; российский размер:42; рост модели на фото:178 см; состав:хлопок 100%; страна производства:узбекистан,"бренд в одежде и обуви:zarina; вид застежки:без застежки; длина изделия, см:63; количество в упаковке:1; коллекция:весна-лето 2024; материал:хлопок; материал подкладки:без подклада; модель:свободная модель; название цвета:розовый; параметры модели на фото (ог-от-об):90-60-90; пол:женский; размер на "
fashion_uncertain,1,fold_03,Обувь,85899456643,257698062586,0,0.498,0.196,new sera / кроссовки nike m2k tekno,кроссовки nike,валюта:rub; комплектация:кроссовки 1 пара; материал подкладки обуви:текстиль; материал подошвы обуви:тпр; материал стельки:текстиль; особенности модели:кроссовки nike; полнота обуви (eur):f (6); российский размер:41; сезон:лето; зима; демисезон; состав:искусственная кожа 80%; текстиль 20%; страна пр,"бренд в одежде и обуви:nike; вид застёжки:шнурки; вид каблука:без каблука; высота подошвы, см:3; информация о размерах:модель идет размер в размер по eu размерам. <br/><br/>перед заказом ознакомьтесь с таблицей размеров.; коллекция:осень-зима 2023; материал:кашемир искусственный; материал верха:поли"
fashion_uncertain,1,fold_04,Обувь,163208860553,283467895558,0,0.498,0.221,ботинки сказка для школьников,"зебра ботинки зебра, размер 27, черный",бренд в одежде и обуви:сказка; вид застёжки:липучки; вид каблука:без каблука; вид спорта:бег; внутренний материал:байка; информация о размерах:смотрите таблицу размеров.; коллекция:осень-зима 2023; материал:искусственная кожа; материал верха:искусственная кожа; материал подошвы:термопластичная резин,"застежка:липучки; материал верха:искусственная кожа, текстиль; материал подкладки:шерстяной мех; материал подошвы:тэп; материал стельки:шерсть; особенности модели:водонепроницаемость, высокие, нескользящая подошва, протекторная подошва, съемная стелька, толстая подошва, укрепленный мысок, утепленная"
fashion_uncertain,1,fold_02,Галантерея и аксессуары,369367327297,438086759721,0,0.5,0.191,fossil fs5706,"наручные часы fossil jacqueline, золотой",бренд:fossil; водонепроницаемость:5 bar; коллекция:базовая коллекция; пол:мужской; стекло:минеральное стекло; страна-изготовитель:сша; тип:часы наручные,"гарантийный срок:2 г.; диаметр корпуса:36 мм; дополнительные функции:дата; индикация:римские цифры; источник энергии:от батарейки; класс водонепроницаемости:wr30 (брызги, дождь); материал браслета:нерж. сталь; материал корпуса:нерж. сталь; минутная стрелка:центральная; особенности:водонепроницаемые;"
fashion_uncertain,1,fold_01,Обувь,85899492052,412316958222,0,0.499,0.198,лоферы tamaris comfort,"не определен лоферы , размер 43, синий",бренд в одежде и обуви:tamaris comfort; вид застёжки:без застёжки; вид каблука:каблук; внутренний материал:текстиль; гарантийный срок:30 дней; коллекция:весна-лето 2024; материал:кожа; материал верха:натуральная кожа; материал подошвы:полимерный материал; материал стельки:кожа; название цвета:синий;,материал верха:текстиль; материал подкладки:текстиль; модель:лоферы; размер:43; сезон:демисезон/лето; тип:мокасины; цвет товара:dark blue
fashion_uncertain,1,fold_04,Обувь,309237764237,352187336542,0,0.499,0.531,best.a туфли best.a:34,туфли best.a,размер:34,"бренд в одежде и обуви:best.a; вид застёжки:липучки; высота подошвы, см:0.7; длина стельки, см:20,5; коллекция:школа 2021; материал:натуральная кожа; материал верха:натуральная кожа; материал подкладки обуви:натуральная кожа; материал подошвы обуви:термоэластопласт; материал стельки:кожа с супинатор"
fashion_uncertain,1,fold_02,Одежда,214748491943,506806254702,0,0.501,0.61,terry / костюм праздничный на мальчика,костюм классический terrykids,"валюта:rub; вид застежки:пуговицы; молния; комплектация:брюки, рубашка, подтяжки, бабочка; параметры модели на фото (ог-от-об):3 года; размер на модели:4; российский размер:110-116; сезон:круглогодичный; состав:хлопок; страна производства:турция; тип карманов:прорезные; цвет:бело-синий, темно-синий","бренд в одежде и обуви:terrykids; вид одежды:двойка; детали:воротник; длина изделия, см:верх-42см,низ-55см; длина рукава:длинный; инструкция по уходу:стирка при 30градусах; количество в упаковке:1; коллекция:базовая коллекция; материал:хлопок; название цвета:синяя с белым клетка верх ,синий низ; пар"
fashion_uncertain,1,fold_01,Ювелирные изделия,489626293706,627065294894,1,0.499,0.56,jewelry / ювелирная подвеска,"sokolov, подвеска (кулон) из золота с топазом и фианитом, 37731649, декоративные, украшение из красного золота 375 пробы",валюта:rub; вставка:топаз; комплектация:1 упаковка; 1 подвеска; минимальный вес (г):0.53 г; проба:375; состав ювелирного изделия:золото 375 проба; страна производства:россия; цвет:золотистый,"артикул:37731649; бренд:sokolov; вес основных вставок, карат:0.572; вставка:фианит; гарантийный срок:гарантийный срок изделий составляет 6 (шесть) календарных месяцев для ювелирных изделий, 3 (три) года для часов из драгоценных металлов, 12 (двенадцать) месяцев для часов из недрагоценных металлов, и"
fashion_uncertain,1,fold_04,Одежда,300647814152,506806236906,0,0.498,0.565,bembi / лонгслив,лонгслив bembi,валюта:rub; декоративные элементы:принт; комплектация:футболка с длинным рукавом; особенности модели:дышащий материал; российский размер:80; состав:хлопок; цвет:оранжево-красный,"бренд в одежде и обуви:bembi; детали:воланы/оборки/рюши; длина рукава:длинный; инструкция по уходу:деликатная стирка при температуре 30º. стирать с изделиями такого же цвета, вывернув наизнанку. не отбеливать. легкий отжим, не выкручивать. сушить в подвешенном состоянии. принты гладить с изнанки.; к"
fashion_uncertain,1,fold_03,Галантерея и аксессуары,798863974989,764504302654,0,0.498,0.255,"наручные часы q&q casual, белый",q&q c10a-030 женские кварцевые наручные часы с арабскими индексами,гарантийный срок:2 г.; материал браслета:нерж. сталь; материал корпуса:нерж. сталь; пол:мужской; страна бренда:япония; цвет товара:белый,браслет/ремешок:натуральная кожа; бренд:q&q; водонепроницаемость:3 bar; гарантийный срок:12 месяцев; коллекция:осень-зима 2023; пол:женский; стекло:минеральное стекло; страна-изготовитель:япония; тип:часы наручные; тип индикации:арабские цифры; тип часов:кварцевые; форма:круг; цвет товара:белый
fashion_uncertain,1,fold_03,Обувь,429496814155,85899427374,0,0.498,0.077,берцы бизон полигон пн-10,arsenal.army / берцы 0707 с шерстяным мехом,"бренд в одежде и обуви:бизон; вид застёжки:шнурки; высота голенища, см:25; коллекция:базовая коллекция; материал верха:натуральная кожа; материал подошвы:каучук; пол:мужской; российский размер (обуви):40; сезон:лето; серия в одежде и обуви:полигон пн-10; страна бренда:россия; страна-изготовитель:рос",валюта:rub; вид застежки:шнуровка; молния; материал подкладки обуви:полушерсть; материал подошвы обуви:тэп; российский размер:42; сезон:зима; состав:натуральная кожа; страна производства:беларусь; цвет:черный
fashion_uncertain,1,fold_02,Ювелирные изделия,111669237146,206158558762,1,0.5,0.841,ювелирные серьги женские серебро с рубинами,ametrin / ювелирные серьги серебро 925 585 с рубинами,"артикул:с-1506зр001; бренд:joli jewelry; вес основных вставок, карат:0,17 ct; вес товара, г:3.19; вид замка:английский; вставка:рубин синтетический; детские украшения:нет; дизайн:геометрия; количество камней:россыпь камней; коллекция:базовая коллекция; комплектация:серьги, бирка, пломба; модель сере","валюта:rub; вид замка:английский; классический; вставка:рубин синтетический; корунд рубин; серьги с рубином; длина предмета:2 см; комплектация:серьги,пломба,бирка; серьги серебро; серебряные серьги; серьги серебро 925; серьги кольца серебро; серьги женские; серьги серебро женские; гвоздики серьги; с"
fashion_uncertain,1,fold_01,Одежда,824633769810,360777344323,0,0.501,0.389,"rago трусы rago, размер xl, белый, 2 шт.",белье корректирующее,"особенности модели:белый, корректирующие панталоны, прозрачные; размер:xl; состав:нейлон 70%, спандекс 30%; степень коррекции:сильная; тип:трусы; цвет товара:белый","бренд в одежде и обуви:нет бренда; коллекция:базовая коллекция; материал:нейлон; модель:с компрессией; название цвета:бежевый; пол:женский; размер производителя:8x; российский размер:56; сезон:на любой сезон; состав материала:75% нейлон, 25% спандекс; стиль:вечернее; страна-изготовитель:сша; тип:бел"
fashion_uncertain,1,fold_03,Ювелирные изделия,532576093582,412316947214,0,0.5,0.578,"sokolov кольцо sokolov, серебро, 925 проба, фианит, размер 17","sokolov, кольцо из серебра, 94014177, 925 проба",вид металла:серебро; вставка:фианит; пол:женский; проба:925; размер кольца:17; средний вес изделия:2.713 г; тип:кольцо,"артикул:94014177_17,5; бренд:sokolov; гарантийный срок:гарантийный срок изделий составляет 6 (шесть) календарных месяцев для ювелирных изделий, 3 (три) года для часов из драгоценных металлов, 12 (двенадцать) месяцев для часов из недрагоценных металлов, и исчисляется со дня передачи изделия потребите"
fashion_uncertain,1,fold_04,Галантерея и аксессуары,223338402419,326417652700,0,0.502,0.486,восток / часы командирские с автоподзаводом стальной браслет,"часы наручные мужские механические с автоподзаводом восток командирские 020711, нейлон, камо зеленая флора",валюта:rub; вид стекла:органическое; акриловое; высота упаковки:8 см; гарантийный срок:12 месяцев; декоративные элементы:поворотный безель; диаметр корпуса:4 см; длина упаковки:10 см; класс водонепроницаемости:wr200 (погружение под воду с аквалангом); комплектация:часы - 1шт. коробка - 1шт. инструкц,"браслет/ремешок:нейлон; бренд:восток; вес товара, г:146; водонепроницаемость:20 bar; гарантийный срок:1; диаметр корпуса, мм:41; длина ремешка, мм:235; коллекция:базовая коллекция; комплектация:часы, документы, держатель, упаковка; материал корпуса:нержавеющая сталь; название цвета:нейлон камо зелен"
fashion_uncertain,1,fold_03,Одежда,223338319076,575525731071,0,0.5,0.197,"не определен шорты шорты для самбо, размер 46, красный",шорты для самбо first,"бренд:борцовский клуб; вид спорта:mma, борьба, самбо; детали:без карманов, пояс на резинке; длина:мини; дополнительная информация:шорты для самбо для детей и подростков; пол:для девочек, для мальчиков; принт:надписи; размер:46; сезон:всесезон; силуэт:полуприлегающий; состав:хлопок 95%, эластан 5%; т",бренд в одежде и обуви:first; вид единоборства:самбо; вид одежды:шорты; вид спорта:самбо; инструкция по уходу:стирать при 30 градусах; количество в упаковке:1; коллекция:базовая коллекция; материал:хлопок; материал подклада/внутренней отделки:хлопок; название цвета:красный; пол:женский; размер произ
fashion_uncertain,1,fold_02,Ювелирные изделия,60129618038,171798797412,0,0.5,0.839,sokolov / золотая подвеска знаки зодиака лев из золота 585 пробы,"sokolov, подвеска (кулон) из золота с фианитами, 035845, декоративные, украшение из красного золота 585 пробы",валюта:rub; вставка:фианит; комплектация:подвеска; пломба; бирка; упаковка; минимальный вес (г):1.43 г; покрытие:родий; золото; проба:585; состав комплекта:подвеска; подарочная упаковка; состав ювелирного изделия:золото красное; страна производства:россия; цвет:золотистый,"артикул:035845; бренд:sokolov; вес основных вставок, карат:0.40200000000000002; вставка:фианит; гарантийный срок:гарантийный срок изделий составляет 6 (шесть) календарных месяцев для ювелирных изделий, 3 (три) года для часов из драгоценных металлов, 12 (двенадцать) месяцев для часов из недрагоценных"
fashion_uncertain,1,fold_01,Галантерея и аксессуары,386547144629,678604989307,0,0.499,0.507,casio часы наручные кварцевые,casio / японские наручные часы g-shock gm-2100cl-5a с хронографом,"браслет/ремешок:текстиль; бренд:casio; вес товара, г:72; водонепроницаемость:20 bar; гарантийный срок:2 года (официальная гарантия производителя); диаметр корпуса, мм:49; коллекция:базовая коллекция; комплектация:часы, коробка, инструкция на русском языке, гарантийный талон; материал корпуса:нержаве","валюта:rub; вид стекла:минеральное; с антибликовым покрытием; повышенной прочности; высота упаковки:15 см; гарантийный срок:2 года; диаметр корпуса:4.5 см; длина упаковки:15 см; класс водонепроницаемости:wr200 (20 atm); комплектация:часы-1 шт., гарантийный талон-1 шт., инструкция-1 шт., футляр-1 шт."
fashion_uncertain,1,fold_03,Галантерея и аксессуары,429496735812,429496856613,0,0.498,0.622,женские наручные часы casio analog ltp-v002d-1b3,casio / наручные часы ltp-v002d-2b3,"бренд:casio; вес товара, г:160; водонепроницаемость:3 bar; гарантийный срок:1 год; диаметр корпуса, мм:25; коллекция:базовая коллекция; комплектация:часы, коробка, инструкция, гарантийный талон; материал корпуса:нержавеющая сталь; пол:женский; стекло:минеральное стекло; тип:часы наручные; тип индика","валюта:rub; высота упаковки:8 см; гарантийный срок:12 мес; длина упаковки:13 см; комплектация:часы, гарантийный талон, инструкция, коробка casio.; страна производства:китай; ширина упаковки:11 см"
fashion_uncertain,1,fold_03,Обувь,17179942207,51539673552,0,0.501,0.52,atemi / бутсы,бутсы atemi спорт,валюта:rub; вид бутс:футзалки; вид застежки:шнуровка; комплектация:бутсы футбольные atemi sd700 indoor; материал подкладки обуви:вельвет; материал подошвы обуви:полиуретан; материал стельки:эва; пол:мальчики; российский размер:37; состав:искусственная кожа; страна производства:китай; цвет:темно-зеле,бренд в одежде и обуви:atemi; вид застёжки:шнурки; внутренний материал:полиэстер; информация о размерах:30-46; коллекция:базовая коллекция; материал верха:искусственная кожа; материал подошвы:резина; материал стельки:эва (вспененный полимер); название цвета:черный; ортопедический:нет; особенности сп
fashion_uncertain,1,fold_03,Галантерея и аксессуары,352187343819,42949688246,0,0.501,0.536,palio / сумка на через плечо кожаная большая,сумка на плечо palio,валюта:rub; вес товара без упаковки (г):460 г; вид застежки:молния; высота предмета:30 см; высота упаковки:12 см; глубина предмета:10 см; длина плечевого ремня:55 см; длина упаковки:32 см; карманы:внутренний на молнии; внутренний открытый; наружный сзади; количество отделений:1 шт.; комплектация:жен,"бренд:palio; высота ручек, см:18; высота, см:30; глубина, см:10; количество внутренних отделений:1; коллекция:весна-лето 2019; материал:натуральная кожа; материал подкладки:полиэстер; пол:женский; стиль:классический; тип:сумка на плечо; упаковка:чехол; цвет товара:розовый; целевая аудитория:взрослая"
fashion_uncertain,1,fold_04,Ювелирные изделия,498216233067,128849127625,0,0.499,0.789,бронницкий ювелир / кольцо золотое 585 пробы женское с фианитами,кольцо золотое женское 585 пробы с фианитами,валюта:rub; вставка:фианит; комплектация:кольцо - 1 шт.; бирка (паспорт украшения) - 1 шт.; защитная пломба - 1 шт.; огранка:круглая; покрытие:без покрытия; проба:585; состав комплекта:кольцо; состав ювелирного изделия:золото красное; страна производства:россия; цвет:красный,"артикул:81010418_17; бренд:sokolov; вставка:фианит; гарантийный срок:гарантийный срок изделий составляет 6 (шесть) календарных месяцев для ювелирных изделий, 3 (три) года для часов из драгоценных металлов, 12 (двенадцать) месяцев для часов из недрагоценных металлов, и исчисляется со дня передачи изд"
fashion_uncertain,1,fold_03,Галантерея и аксессуары,292057786072,120259129751,1,0.5,0.73,nirmal stone / браслет на руку из натуральных камней,nirmal stone браслет цепочка,валюта:rub; вид замка:завязки; затягивающийся; петля; вставка:гематит натуральный; вулканический камень (лава); декоративные элементы:камни; шнуровка; количество предметов в упаковке:1 шт.; комплектация:браслет шамбала-1 шт; льняной мешочек-1 шт; особенности модели:регулировка по размеру; состав биж,"бренд:nirmal stone; вес товара, г:33; вид замка:скользящий; возраст украшения:современное; вставка:гематит; гарантийный срок:14; количество в упаковке:1; коллекция:осень-зима 2021; комплектация:браслет, мешочек из льна; материал:гематит; модель браслета:цепочка; название цвета:40223-31118-черный.; п"
fashion_uncertain,1,fold_02,Галантерея и аксессуары,798864020462,326417654923,0,0.5,0.692,pnpmetall подвеска квадрат,"/ парные кулоны, подвески c гравировкой, неразлучники для пар","бренд:pnpmetall; вес товара, г:30; вид замка:защелка; возраст украшения:современное; вставка:нержавеющая сталь с покрытием; дизайн:квадрат; количество в упаковке:2; коллекция:базовая коллекция; комплектация:упаковка 1 шт;кулон 2 шт;цепочка 2 шт.; материал:нержавеющая сталь; модель шейного украшения:",валюта:rub; вставка:гравировка; парные кулоны; парные цепочки; длина подвески:17 мм; комплектация:цепочки - 2 шт.; кулоны - 2 шт.; деревянная шкатулка - 1 шт.; состав бижутерии:металл; нержавеющая сталь; бижетерный сплав; страна производства:россия; цвет:серебристый; ширина подвески:17 мм
fashion_uncertain,1,fold_02,Ювелирные изделия,635655206637,274877955518,0,0.5,0.705,"diamant, серьги из золота с бриллиантами, 51-220-01993-1, декоративные, украшение из красного золота 585 пробы",diamant / женские серьги (сережки) из золота 585 пробы с бриллиантами,"артикул:51-220-01993-1; бренд:diamant; бриллиант:2 бр круг 57; вес основных вставок, карат:0.313; вид замка:английский; вставка:бриллиант; гарантийный срок:гарантийный срок изделий составляет 6 (шесть) календарных месяцев для ювелирных изделий, 3 (три) года для часов из драгоценных металлов, 12 (две",валюта:rub; вид замка:английский; вставка:бриллиант; комплектация:серьги; минимальный вес (г):3.7 г; проба:585; состав ювелирного изделия:золото красное; страна производства:россия; цвет:золотистый
fashion_uncertain,1,fold_01,Одежда,781684086743,403726997966,0,0.499,0.486,by smoley endless love / майка в рубчик футболка женская топ для фитнеса под пиджак,футболка,"валюта:rub; вырез горловины:круглая горловина / округлый вырез / без ворота; декоративные элементы:без декоративных элементов; комплектация:майка женская - 1шт; особенности модели:тянущаяся ткань, удобно надевать; параметры модели на фото (ог-от-об):90-63-90; размер на модели:s ( 42-44); российский ","бренд в одежде и обуви:нет бренда; длина изделия, см:63-65; количество в упаковке:1; коллекция:базовая коллекция; материал:кулирная гладь; модель:полуприталенная; название цвета:белый; параметры модели на фото (ог-от-об):100-90-108; пол:женский; размер на модели:50; размер производителя:48; российск"
fashion_uncertain,1,fold_03,Обувь,558345916517,283467853457,0,0.501,0.349,сабо crocs,сабо yangjialin,внутренний материал:без подкладки; материал (состав):материал верха: 100% термопласт (эва); материал верха:эва; материал подошвы:eva; размер:36; сезон:лето; страна производства:вьетнам; цвет:синий,бренд в одежде и обуви:yangjialin; вид застёжки:без застёжки; коллекция:осень-зима 2023; материал:полиуретан; материал верха:полимерные материалы; материал подкладки обуви:полиуретан; материал подошвы обуви:eva; название цвета:темно-синий; особенности модели:закрытый нос; пол:мальчики; размер произв
fashion_uncertain,1,fold_03,Ювелирные изделия,240518226894,326417587014,0,0.5,0.584,"sokolov кольцо sokolov, красное золото, 585 проба, родирование, бриллиант, размер 16.5, бесцветный","sokolov, кольцо из золота с бриллиантами, 1012694, украшение из красного золота 585 пробы","вид металла:золото; вставка:бриллиант; вставка подробнее:38 бр круг 0,90*1,00; отделка:родирование; пол:унисекс; проба:585; размер кольца:16.5; средний вес изделия:1.427; тип:кольцо; тип золота:красное; форма вставки:круг","артикул:1012694_17; бренд:sokolov; бриллиант:27 бр круг 17 0,90*1,00; вес основных вставок, карат:0.1; вставка:бриллиант; гарантийный срок:гарантийный срок изделий составляет 6 (шесть) календарных месяцев для ювелирных изделий, 3 (три) года для часов из драгоценных металлов, 12 (двенадцать) месяцев "
fashion_uncertain,1,fold_02,Галантерея и аксессуары,283467938361,592705582620,0,0.501,0.647,"защитный браслет с подвеской - талисманом лотос и ом (гармония и развитие), натуральный камень песочная яшма, диаметр бусин 8мм, + подарочный бархатный мешочек, оберег & амулет",nurian / браслет на руку мужской с камнем песочная яшма в подарок,"бренд:оберег & амулет; вес товара, г:90; вид замка:без замка; возраст украшения:современное; вставка:бижутерный сплав; дизайн:подарок; количество в упаковке:1; коллекция:базовая коллекция; комплектация:браслет, бархатный подарочный мешочек, буклет с описанием значений камней и подвесок на крафтовой ",валюта:rub; вставка:песочная яшма; декоративные элементы:песочная яшма; количество предметов в упаковке:1 шт; комплектация:браслет - 1 шт; подарочный мешочек - 1 шт; российский размер:17-18; состав бижутерии:бижутерный сплав; натуральный камень; страна производства:россия
fashion_uncertain,1,fold_02,Обувь,16765,395137094753,0,0.501,0.204,ботинки ja.vensi,farinni / ботинки зимние натуральная кожа,"бренд в одежде и обуви:ja.vensi; внутренний материал:шерсть; высота голенища, см:14; высота каблука, см:4; высота платформы, см:3; коллекция:осень-зима 2021; материал верха:натуральная кожа; материал подошвы:полимерный материал; материал стельки:шерсть; название цвета:черный; пол:женский; размер про",валюта:rub; вид застежки:молния; высота подошвы:6 см; материал подкладки обуви:шерсть; материал подошвы обуви:полимер; материал стельки:шерсть; особенности модели:в размер; полнота обуви (eur):7; российский размер:36; сезон:зима; состав:кожа натуральная; страна производства:китай; цвет:черный
fashion_uncertain,1,fold_01,Ювелирные изделия,532576100861,489626338860,0,0.501,0.825,"красная пресня серьги красная пресня, стекло, серебряный",красная пресня серьги,"вставка:стекло; коллекция:базовая коллекция; материал:латунь, посеребрение с оксидированием, стекло ювелирное preciosa; отделка:серебрение; пол:для девочек, для мальчиков, женский, мужской, унисекс; тип замка:английский","артикул:3368935мс; бренд:красная пресня; вес товара, г:5.16; вставка:стекло; дизайн:круг; длина украшения, см:2.2; замок:английский замок; количество камней:2 камня; коллекция:базовая коллекция; комплектация:серьги,бирка,подарочная упаковка; модель сережек:классические; о драгоценном металле:позолоч"
fashion_uncertain,1,fold_04,Одежда,171798797049,523986033224,0,0.498,0.229,платье a-a awesome apparel by ksenia avakyan,халаты домашние,"бренд в одежде и обуви:a-a awesome apparel by ksenia avakyan; вид застежки:без застежки; декоративные элементы:пояс/ремень; длина изделия, см:127; длина юбки/платья:макси; количество в упаковке:1; коллекция:весна-лето 2022; материал:полиэстер; модель:свободная модель; название цвета:черный;синий; па","валюта:rub; вид застежки:завязки; комплектация:пояс, халат женский; особенности модели:плотная струящаяся ткань; российский размер:44; рост модели на фото:165 см; состав:полиэстер 95%, эластан 5%; страна производства:китай; тип карманов:без карманов; цвет:черный"
fashion_uncertain,1,fold_02,Одежда,807453864332,446676603402,0,0.501,0.788,mamashow / костюм для беременных теплый,комплект одежды mamashow,валюта:rub; вид застежки:без застежки; декоративные элементы:без элементов; комплектация:свитшот женский - 1 шт; брюки женские - 1 шт; особенности модели:с утеплением; размер на модели:42; российский размер:46; рост модели на фото:170 см; сезон:круглогодичный; состав:80% хлопок 20% полиэстер; страна,бренд в одежде и обуви:mamashow; вид одежды:для беременных; вид принта:однотонный; инструкция по уходу:бережная стирка при 30с; коллекция:базовая коллекция; материал:футер; материал подклада/внутренней отделки:с начесом; название цвета:абрикосовый; пол:женский; размер производителя:42; размер товара
fashion_uncertain,1,fold_01,Обувь,704374639732,790274103896,0,0.499,0.349,тапочки favorit fun,тапочки женские fun р 40 в ассортименте (цвет по наличию),бренд в одежде и обуви:favorit fun; коллекция:осень-зима 2023; пол:женский; размер производителя:40; российский размер (обуви):40; сезон:демисезон; цвет товара:серый; целевая аудитория:взрослая,вид стелек:стандартная; материал верха:полиэстер; материал подошвы:эва; ортопедическая:нет; пол:женский; производитель:сигма ооо; размер:1 шт.; сезон:всесезон; стиль:повседневный; страна:россия; тип задника:открытый; тип изделия:домашняя обувь; тип мыска:закрытый; цвет:белый;розовый;синий; целевая а
fashion_uncertain,1,fold_01,Галантерея и аксессуары,223338441678,257698068457,0,0.501,0.736,"кошелёк на магнитах, цвет чёрный","кошелёк на магнитах, цвет чёрный",валюта:rub; комплектация:уточни у продавца; страна производства:китай,бренд:lisik.; коллекция:осень-зима 2023; пол:девочки; страна-изготовитель:китай; тип:кошелек
fashion_uncertain,1,fold_03,Галантерея и аксессуары,463856609281,377957272447,1,0.498,0.719,michael kors часы наручные кварцевые,michael kors watches / часы michael kors наручные,"браслет/ремешок:сталь; бренд:michael kors; водонепроницаемость:10 bar; гарантийный срок:официальная гарантия 2 года + 1 год от магазина; диаметр корпуса, мм:42; коллекция:базовая коллекция; комплектация:наручные часы - 1 шт.; шкатулка - 1 шт; материал корпуса:нержавеющая сталь; название цвета:золоти","валюта:rub; вид стекла:минеральное стекло; высота упаковки:12 см; гарантийный срок:2 года; декоративные элементы:оригинальные стрелки, цифры; длина упаковки:16 см; класс водонепроницаемости:100 м; комплектация:инструкция; гарантия; часы-1шт.; материал браслета:нержавеющая сталь; механизм часов:кварц"
fashion_uncertain,1,fold_02,Галантерея и аксессуары,661424984034,412316974634,0,0.498,0.335,"не определен саквояж , 42 л, 28х31х48 см, ручная кладь, фиолетовый",life pro сумка спортивная,"бренд:kotoma; вес:0.65 кг; вес в транспортной упаковке:0.65 кг; габариты транспортной упаковки:31х48х2 см; максимальная длина плечевого ремня:135 см; максимальная нагрузка:15 кг; материал:полиэстер; общее количество внешних карманов:2; особенности модели:вмещает а4, водонепроницаемая, плечевой ремен","бренд:life pro; высота, см:29; глубина, см:25; коллекция:базовая коллекция; название цвета:фиолетовый; пол:женский; тип:сумка спортивная; цвет товара:фиолетовый; ширина, см:45"
fashion_uncertain,1,fold_04,Обувь,292057801380,395137121940,0,0.499,0.426,blessbox сандали blessbox:синий:27,сандалии blessbox для мальчиков,размер:27,"бренд в одежде и обуви:blessbox; вид застёжки:липучки; вид каблука:без каблука; внутренний материал:текстиль; высота платформы, см:2; высота подошвы, см:2; длина стельки, см:15; коллекция:осень-зима 2023; материал верха:текстиль; материал подошвы:eva; материал стельки:кожа с супинатором; название цв"
fashion_uncertain,1,fold_02,Одежда,94489401788,231928377608,0,0.498,0.811,куртка playtoday,куртка playtoday,возрастная группа:дети 2-18 лет; размер:158; сезон:демисезон; страна производства:китай; цвет:синий,"бренд в одежде и обуви:playtoday; вид одежды:утепленная модель; вид принта:однотонный; диапазон температур, °с:до +5°c; длина рукава:длинный; инструкция по уходу:максимальная температура стирки 30°с; мягкий режим; не отбеливать; утюжить запрещено; профессиональная сухая чистка; можно выжимать и суши"
fashion_uncertain,1,fold_01,Обувь,721554556174,128849163612,0,0.499,0.59,кроссовки primigi,кроссовки primigi,внутренний материал:текстиль; материал (состав):материал верха: искусственная кожа; материал подкладки: текстиль; материал стельки: текстиль; материал подошвы: резина; материал верха:искусственная кожа; материал подошвы:резина; размер:36; сезон:демисезон; страна производства:китай; цвет:синий,бренд в одежде и обуви:primigi; вид застёжки:липучки; внутренний материал:текстиль; коллекция:осень-зима 2023; материал:текстиль; материал верха:искусственная кожа; материал подошвы:филон; название цвета:темно-синий; особенности повседневной обуви:закрытый нос; пол:мальчики; посадка:нормальная; разм
fashion_uncertain,1,fold_03,Обувь,206158516197,8590070666,0,0.501,0.631,vans / кеды old skool,кеды vans,валюта:rub; высота подошвы:2 см; комплектация:кеды vans old skool - 1 шт.; материал подкладки обуви:текстиль; материал подошвы обуви:резина; материал стельки:eva; текстиль; особенности модели:олд скул; полнота обуви (eur):f (6); сезон:лето; круглогодичный; демисезон; состав:текстиль; страна производ,"бренд в одежде и обуви:vans; вид застёжки:без застёжки; вид каблука:без каблука; вид спорта:треккинг; внутренний материал:cotton peach; гарантийный срок:1; длина стельки, см:29,5; длина стопы, см:28.5; информация о размерах:размер 44, длина стопы 28,5 см, длина стельки 29,5 см.; коллекция:базовая ко"
fashion_uncertain,1,fold_02,Галантерея и аксессуары,618475328380,523986150071,0,0.501,0.462,a-s autostyle a|s autostyle / обложка-портмоне для автодокументов и паспорт кошелёк сеат,"обложка для автодокументов с маркой авто ""kamaz"" (камаз) кожаный флотер портмоне из натуральной кожи persona .в подарок на день рождения папе, мужу, дяде, брату ,маме жене, тёте, сестре. в сумку,",валюта:rub; вид застежки:кнопки; молния; высота предмета:14 см; высота упаковки:4 см; длина упаковки:16 см; количество карманов:11 шт.; количество отделений:10 шт.; комплектация:обложка-портмоне 3в1 для автодокументов с кошельком на кнопке; материал обложки:натуральная кожа; пол:мужской; страна прои,"бренд:persona; вес товара, г:180; вид обложки:для автодокументов; вид принта:логотипы; высота, см:1.5; количество в упаковке:1; коллекция:базовая коллекция; комплектация:обложка для автодокументов;
вкладыши под автодокументы; материал:натуральная кожа; материал подкладки/внутренней отделки:пвх (поли"
fashion_uncertain,1,fold_01,Одежда,541165964589,343597471955,0,0.501,0.219,бюстгальтер v.o.v.a.,misstyle / бюстгальтер,бренд в одежде и обуви:v.o.v.a.; коллекция:базовая коллекция; пол:женский; российский размер:75c; тип:бюстгальтер; цвет товара:светло-бежевый,валюта:rub; вид бюстгальтера:мягкая чашка; комплектация:бюстгальтер; особенности белья:регулировка бретелей по длине; российский размер:75f; состав:хлопок 15%; полиамид 75%; эластан 10%; страна производства:беларусь; фактура материала белья:гладкая; мягкая ткань; цвет:бежевый
fashion_uncertain,1,fold_01,Одежда,360777387198,77309450582,0,0.501,0.223,"боди amarobaby, 1 шт","amarobaby боди amarobaby, размер 80, розовый",бренд в одежде и обуви:amarobaby; вид принта:полоска; детали:воланы/оборки/рюши; длина рукава:длинный; количество в упаковке:1; коллекция:базовая коллекция; материал:хлопок; пол:девочки; российский размер:74; состав материала:хлопок 100%; стиль:повседневный; страна-изготовитель:россия; тип:боди; тип,"застежка:кнопки; особенности модели:застежка под подгузник, подарочная упаковка; пол:для девочек, для мальчиков; размер:80; рукав:длинный; состав:хлопок 100%; тип:боди; цвет товара:розовый"
fashion_uncertain,1,fold_02,Одежда,498216280079,146028966753,0,0.501,0.314,майка urban style,urban style / майка базовая,бренд в одежде и обуви:urban style; количество в упаковке:1; коллекция:базовая коллекция; материал:хлопок; модель:приталенная; название цвета:темно-бордовый; параметры модели на фото (ог-от-об):89-60-90; пол:женский; признак 18+:false; размер на модели:44; российский размер:46; рост:158-176; рост мо,валюта:rub; длина изделия по спинке:65 см; комплектация:майка; особенности белья:широкие бретели; параметры модели на фото (ог-от-об):89-60-90; пол:женский; размер на модели:46; российский размер:42; рост модели на фото:172 см; состав:хлопок; лайкра; страна производства:россия; фактура материала:три
fashion_uncertain,1,fold_01,Одежда,781684086743,352187324436,0,0.499,0.638,by smoley endless love / майка в рубчик футболка женская топ для фитнеса под пиджак,футболка,"валюта:rub; вырез горловины:круглая горловина / округлый вырез / без ворота; декоративные элементы:без декоративных элементов; комплектация:майка женская - 1шт; особенности модели:тянущаяся ткань, удобно надевать; параметры модели на фото (ог-от-об):90-63-90; размер на модели:s ( 42-44); российский ","бренд в одежде и обуви:нет бренда; длина изделия, см:63-65; количество в упаковке:1; коллекция:базовая коллекция; материал:кулирная гладь; модель:полуприталенная; название цвета:белый; параметры модели на фото (ог-от-об):100-90-108; пол:женский; размер на модели:50; размер производителя:44; российск"
fashion_uncertain,1,fold_03,Обувь,197568617020,68719603799,0,0.5,0.31,adidas / кроссовки ultrabounce w,кроссовки adidas,"валюта:rub; российский размер:37,5; состав:синтетический материал; текстиль; страна производства:индонезия; цвет:розовый дым","бренд в одежде и обуви:adidas; вид спорта:бег; коллекция:базовая коллекция; название цвета:schwarz;schwarz;rosa; пол:женский; размер производителя:40 2/3 eu; российский размер (обуви):39,5; сезон:на любой сезон; цвет товара:черный; целевая аудитория:взрослая"
fashion_uncertain,1,fold_02,Одежда,403726930663,197568611405,0,0.5,0.629,kerry / костюм детский зимний,комбинезон утепленный kerry,валюта:rub; вид застежки:молния; кнопки; декоративные элементы:светоотражающие элементы; комплектация:куртка; полукомбинезон; особенности модели:ветрозащита; плотность синтетического утеплителя:330 г/кв.м; российский размер:104; сезон:зима; состав:50% полиэстер; 50%полиамид; страна производства:эсто,"бренд в одежде и обуви:kerry; детали:капюшон; диапазон температур, °с:от 0 до -30; длина рукава:длинный; коллекция:осень-зима 2022; материал:полиэстер; материал подклада/внутренней отделки:полиэстер; пол:девочки; размер производителя:122; российский размер:122; рост:122; сезон:зима; состав материала"
fashion_uncertain,1,fold_02,Одежда,395137008355,317827721224,1,0.501,0.559,omsa / колготки attiva 40,"колготки omsa attiva, 40 ден, 1 шт","валюта:rub; вид колготок:классические; повседневные; с шортиками; комплектация:колготки женские attiva 40 omsa - 1 шт; плотность плетения:40 ден; 40 den; российский размер:2; рост модели на фото:176 см; состав:88% - полиамид, 11% - эластан, 1% - полипропилен; страна производства:сербия; цвет:бежевый",бренд в одежде и обуви:omsa; количество в упаковке:1; коллекция:базовая коллекция; материал:полиамид; модель:с шортиками; название цвета:fumo (серый); плотность плетения:40 ден; пол:женский; размер производителя:m; рисунок:однотонный; российский размер:3; сезон:на любой сезон; серия в одежде и обуви
fashion_uncertain,1,fold_02,Ювелирные изделия,137439022555,17179934602,0,0.501,0.619,"sokolov кольцо обручальное sokolov, комбинированное золото, 585 проба, фианит, размер 20.5","sokolov, обручальное кольцо из комбинированного золота с фианитами, 114118-11, 585 проба","вид металла:золото; вставка:фианит; вставка подробнее:7 фианит недраг круг 1,50; модель:обручальное; пол:женский, мужской, унисекс; проба:585; размер кольца:20.5; средний вес изделия:3.151 г; тип:кольцо; тип золота:комбинированное; форма вставки:круг","артикул:114118-11_21; бренд:sokolov; вес основных вставок, карат:0.2; вставка:фианит; гарантийный срок:гарантийный срок изделий составляет 6 (шесть) календарных месяцев для ювелирных изделий, 3 (три) года для часов из драгоценных металлов, 12 (двенадцать) месяцев для часов из недрагоценных металлов,"
fashion_uncertain,1,fold_01,Обувь,463856607208,326417617564,1,0.501,0.154,ботинки рабочие факел,"эталон ботинки рабочие высокие (нат. мех) perfect protection кп мс пу/нитрил, размер: (43)",бренд в одежде и обуви:факел; вид застёжки:шнурки; внутренний материал:овчина; коллекция:осень-зима 2023; материал верха:натуральная кожа; материал подошвы:полиуретан; материал стельки:овчина; название цвета:темно-коричневый / оранжевый; пол:мужской; размер производителя:39; российский размер (обуви,"материал верха:натуральная кожа; материал защитного подноска:поликарбонат; материал подкладки:натуральный мех; материал подошвы:полиуретан; метод крепления подошвы:литьевой; назначение:защита от общих производственных загрязнений, защита от пониженных температур; пол:мужской; размер:43; светоотражаю"
fashion_uncertain,1,fold_04,Одежда,652835085552,154618883668,0,0.502,0.363,"2k sport футболка 2k sport, размер ys(34), фиолетовый, черный",футболка 2k sport,особенности модели:влагоотводящая; размер:ys(34); рукав:короткий; сезон:всесезон; тип:футболка; цвет товара:фиолетовый/черный/белый,бренд в одежде и обуви:2k sport; коллекция:базовая коллекция; пол:мальчики; российский размер:140; сезон:на любой сезон; спортивное назначение:футбол; стиль:спорт; страна-изготовитель:россия; тип:футболка; цвет товара:бордовый
fashion_uncertain,1,fold_01,Ювелирные изделия,566935703108,326417596399,0,0.499,0.36,кольцо из комбинированного золота с бриллиантом р. 15 sokolov diamonds 1011713,"sokolov diamonds, кольцо из комбинированного золота с бриллиантом, 1011863, 585 проба",артикул производителя:1011713; бренд:sokolov diamonds; вид:классическое; вставка:бриллиант; изображение/надпись:нет; код товара:100044569176; количество карат:0.016; 0.021; материал изделия:комбинированное золото; модель:1011713; особенности дизайна:с алмазной гранью; покрытие:родирование; пол:женск,"артикул:1011863_16,5; бренд:sokolov; бриллиант:1 бр круг 57 1,50*1,60; вес основных вставок, карат:0.016; вставка:бриллиант; гарантийный срок:гарантийный срок изделий составляет 6 (шесть) календарных месяцев для ювелирных изделий, 3 (три) года для часов из драгоценных металлов, 12 (двенадцать) месяц"
fashion_uncertain,1,fold_02,Одежда,798864014963,214748493279,1,0.498,0.629,"joma шорты joma, размер 42, черный",шорты joma,вид спорта:футбол; застежка:завязки; материал подкладки:полиэстер; размер:42; размер на модели:48; сезон:всесезонное; состав:полиэстер 100%; цвет товара:черный,бренд в одежде и обуви:joma; вид застежки:без застежки; количество в упаковке:1; коллекция:весна-лето 2023; материал:микрополиэстер; модель:прямая; название цвета:черный; параметры модели на фото (ог-от-об):174; пол:мужской; признак 18+:false; размер на модели:158; размер производителя:158; российск
fashion_uncertain,1,fold_02,Одежда,463856559362,369367347109,0,0.5,0.408,платье baby gid,платье осеннее нарядное праздничное в садик,"бренд в одежде и обуви:baby gid; вид одежды:а-силуэт; вид принта:разноцветный; длина рукава:длинный; инструкция по уходу:предварительная стирка обязательна, бережная стирка при 30с, не отбеливать; количество в упаковке:1; коллекция:осень-зима 2023; материал:хлопок; название цвета:бежевый; пол:девочк",валюта:rub; вид застежки:молния; завязки; декоративные элементы:без элементов; материал подкладки:без подкладки; хлопок; особенности модели:дышащий материал; размер на модели:28; российский размер:98; состав:хлопок; страна производства:киргизия; тип карманов:без карманов; цвет:бежевый
fashion_uncertain,1,fold_02,Ювелирные изделия,781684075874,403727038518,0,0.498,0.529,"constantine filatov, классическое кольцо-гало с бриллиантами и крупным центральным камнем 0,3кт, золото желтое, cf585-r-y-012-18,25, 22+1 бр 0,4+0,3кт 3/5а","кольцо помолвочное constantine filatov помолвочное кольцо с бриллиантами, красное золото, 585 проба, бриллиант, размер 19.75, розовый","артикул:cf585-r-y-012-18,25; бренд:constantine filatov; бриллиант:22+1 бр 0,4+0,3кт 3/5а; вес основных вставок, карат:0.3; вставка:бриллиант; гарантийный срок:вы приобретаете у нас изделия, которые мы сами произвели с нуля с соблюдением строгих стандартов и технологий.

каждое изделие проходит двойн","вес основного камня:0.3 карат; вид металла:золото; вставка:бриллиант; вставка подробнее:1бр кр57 0,3кт 3/5а; дополнительная информация:розовое золото - популярный драгоценный металл в наше время. чистое золото в этом сплаве разбавляется серебром и медью и именно медь определяет интенсивность оттенка"
fashion_uncertain,1,fold_03,Ювелирные изделия,94489311871,214748471526,0,0.501,0.717,кольцо platina из серебра 925 пробы с фианитом,"platina кольцо platina, серебро, 925 проба, родирование, фианит, размер 16.5, серебряный","артикул:01-5699-00-401-0200_18; бренд:platina; вид кольца:классическое; вставка:фианит; гарантийный срок:6 месяцев; детские украшения:нет; количество камней:россыпь камней; коллекция:базовая коллекция; комплектация:кольцо, упаковка.; о главном камне украшения:фианит - искусственный аналог бриллианта",вид металла:серебро; вставка:фианит; отделка:родирование; пол:женский; проба:925; размер кольца:16.5; средний вес изделия:3.18; тип:кольцо
fashion_uncertain,1,fold_03,Ювелирные изделия,790273990960,541165931045,0,0.5,0.698,кольцо из золота с топазом и фианитами,sokolov / кольцо из золота с топазом и фианитами,"артикул:715957_17; бренд:sokolov; вставка:топаз; коллекция:весна-лето 2022; основной материал украшения:золото красное; пол:женский; проба:585; размер изделия:17; средний вес изделия, гр:1; страна-изготовитель:россия; тип:кольцо ювелирное","валюта:rub; вставка:топаз; фианит; комплектация:кольцо; пломба; минимальный вес (г):2 г; проба:585; российский размер:16,5; состав ювелирного изделия:золото красное; страна производства:россия; цвет:золотистый"
fashion_uncertain,1,fold_03,Обувь,498216322957,678604966702,0,0.498,0.191,ботинки котофей,"котофей ботинки котофей, размер 36, черный",бренд в одежде и обуви:котофей; вид застёжки:липучки; внутренний материал:байка; гарантийный срок:30 дней; коллекция:осень-зима 2023; материал:натуральная кожа; материал верха:натуральная кожа; материал подошвы:полиуретан; материал стельки:войлок; особенности повседневной обуви:съёмная стелька; пол:,"гарантийный срок:30 дн., с момента покупки или с момента начала сезона; застежка:шнуровка; материал верха:натуральная кожа; материал подкладки:натуральная шерсть; материал подошвы:тэп; материал стельки:войлок; особенности модели:светоотражающие элементы, утепленные; пол:для девочек; размер:36; сезон"
fashion_uncertain,1,fold_04,Ювелирные изделия,17179963692,51539691696,0,0.501,0.862,красная пресня / серьги серебро 925,красная пресня серьги из серебра 925 пробы,"валюта:rub; вид замка:английский; вставка:дымчатый кварц; комплектация:1 пара; покрытие:родий; проба:925; состав ювелирного изделия:серебро; страна производства:россия; цвет:серебристый, коричневый","артикул:3369728д; бренд:красная пресня; вес товара, г:13.47; длина украшения, см:4; замок:английский замок; коллекция:базовая коллекция; комплектация:серьги,подарочная упаковка; модель сережек:длинные; о драгоценном металле:родированное серебро - покрытие тонким слоем родия (металл платиновой группы"
fashion_uncertain,1,fold_02,Ювелирные изделия,532576095296,678604847658,1,0.501,0.264,"zoloto.gold кольцо обручальное сглаженное, широкое из красного золота 585 пробы, ширина - 4,0 мм.","zoloto.gold кольцо обручальное zoloto.gold, золото, 585 проба, размер 15","артикул:324000-19.0z; бренд:zoloto.gold; коллекция:весна-лето 2022; комплектация:кольцо, бирка, пломба, стильная белая коробочка с черным бархатом внутри, в которой украшения плотно фиксируются. каждое изделие проверяется и полируется вручную!; модель кольца:обручальное; основной материал украшения:","вид металла:золото; вставка:без вставок; модель:обручальное; пол:женский, мужской, унисекс; проба:585; размер кольца:15; средний вес изделия:1.74; тип:кольцо"
fashion_uncertain,1,fold_02,Одежда,712964699934,283467935511,1,0.5,0.547,эротическое белье intlife,erolanta / кружевные трусики с пикантным вырезом sonia,бренд в одежде и обуви:intlife; вид застежки:другое; вид принта:однотонный; декоративные элементы:в сеточку; длина рукава:без рукавов; количество в упаковке:1; материал:кружево; название цвета:черный; особенности 18+:ажурные; параметры модели на фото (ог-от-об):90-60-90; пол:для нее; размер на модел,"валюта:rub; комплектация:эротические трусы; особенности модели:эротическое; пол:женский; российский размер:50-52; рост модели на фото:170 см; состав:91% полиамид, 9% эластан; страна производства:россия; тип посадки:средняя; цвет:черный"
fashion_uncertain,1,fold_01,Галантерея и аксессуары,730144536434,661425014097,0,0.501,0.758,подвеска xuping jewelry,подвеска xuping jewelry,материал:бижутерный сплав; отделка:золочение; пол:женский; тип:подвеска,"бренд:магия скидок; вес товара, г:4; возраст украшения:современное; дизайн:звезда; замок:без замка; количество в упаковке:1; коллекция:весна-лето 2022; комплектация:подвеска - 1 шт.; материал:бижутерный сплав; материал вставки:искусственный камень; название цвета:золотой; покрытие украшения:без покр"
fashion_uncertain,1,fold_04,Галантерея и аксессуары,549755918686,412316861324,0,0.499,0.784,ремешок для часов кожаный 20 мм серый,серый лакированный ремешок для часов 20мм,"валюта:rub; декоративные элементы:без элементов; длина ремешка:21 см; материал браслета:кожа; нержавеющая сталь; российский размер:20; страна производства:китай; цвет:серо-бежевый, серо-коричневый; ширина ремешка:2 см","браслет/ремешок:натуральная кожа; бренд:axiver; вес товара, г:11; гарантийный срок:14; длина ремешка, мм:195; коллекция:базовая коллекция; комплектация:ремешок тип с, крепление для ремешка к часам (телескопы ), упаковка-пластиковый пакет.; пол:мужской; страна-изготовитель:китай; тип:ремешок для часо"
fashion_uncertain,1,fold_03,Одежда,790274096151,541165935985,0,0.5,0.289,"трусы стринги alles, 1 шт","alles / трусики-стринги scarlet, кремовые, размер 38","бренд в одежде и обуви:alles; количество в упаковке:1; коллекция:базовая коллекция; материал:полиамид; модель:стринги; название цвета:черный; пол:женский; размер на модели:44-46; размер производителя:40; российский размер:46; рост модели на фото:165 см; состав материала:70% полиамид, 20% эластан, 10",валюта:rub; комплектация:женские трусы стринги - 1 штука; российский размер:38; состав:70% полиамид; 20% эластан; 10% хлопок; страна производства:польша; тип посадки:стандартная; фактура материала белья:кружево; цвет:кремовый
fashion_uncertain,1,fold_02,Ювелирные изделия,128849022881,146028967368,0,0.501,0.628,"златамира, серьги из серебра с опалами 2580001055610 серьги (ag 925)","златамира серьги златамира, серебро, 925 проба, опал, фианит","артикул:2580001055610; бренд:златамира; вес товара, г:4.25; вид замка:английский; вставка:опал; гарантийный срок:6 месяцев; коллекция:базовая коллекция; комплектация:серьги, пломба, бирка; модель сережек:классические; о драгоценном металле:серебро - серебряные украшения, над которыми не проводилось ","вид металла:серебро; вставка:опал, фианит; пол:женский; проба:925; тип:серьги; тип замка:английский замок"
fashion_uncertain,1,fold_03,Одежда,592705594131,438086734180,0,0.498,0.346,tactmen / боевой тактический костюм камуфляж с наколенниками,костюм тактический с наколенниками камуфляжный,валюта:rub; вид застежки:молния; декоративные элементы:маскировочный камуфляжный костюм; особенности модели:защитные вставки; российский размер:44-46; сезон:круглогодичный; демисезон; лето; состав:полиэстер; хлопок; эластан; страна производства:китай; тип карманов:прорезные; цвет:мох,бренд в одежде и обуви:нет бренда; вид застежки:липучки; коллекция:базовая коллекция; материал:рипстоп; материал подкладки:хлопок; название цвета:мультикам; назначение спецодежды:для охоты и рыбалки; параметры модели на фото (ог-от-об):180; пол:мужской; размер на модели:52; размер производителя:3xl;
fashion_uncertain,1,fold_04,Одежда,60129573413,781684159554,0,0.498,0.197,"sielei трусы sielei, размер 2, белый",трусы бразильяна для себя любимой,"линия талии:стандартная; модель:бразильяна; пол:женский; размер:2; сезон:всесезонное; состав:полиамид 88%, эластан 12%; тип:трусы; цвет товара:белый","бренд в одежде и обуви:для себя любимой; коллекция:базовая коллекция; материал:хлопок; модель:бразильяна; название цвета:белый; пол:женский; размер производителя:170,176-100-106; рисунок:однотонный; российский размер:50; состав материала:хлопок-95%, эластан -5%; стиль:классический; страна-изготовите"
fashion_uncertain,1,fold_03,Галантерея и аксессуары,790274129486,489626327930,0,0.498,0.865,"кошелёк на магнитах, цвет красный","кошелек на магнитах, цвет красный",валюта:rub; комплектация:1 шт; страна производства:китай,"бренд:нет бренда; вес товара, г:230; высота, см:90; глубина, см:150; коллекция:базовая коллекция; материал:искусственная кожа; название цвета:красный; отделения:1 отделение для монет; пол:женский; страна-изготовитель:китай; тип:кошелек; тип застежки:магниты; цвет товара:красный; целевая аудитория:вз"
fashion_uncertain,1,fold_03,Галантерея и аксессуары,850403644820,377957218837,0,0.501,0.379,швейцарские женские механические часы certina ds caimano lady c035.007.22.117.01 (c0350072211701),"наручные часы certina c0010072211600, серебряный, золотой","браслет/ремешок:нержавеющая сталь с pvd покрытием; бренд:certina; водонепроницаемость:10 bar; гарантийный срок:официальная гарантия производителя 2 года.; диаметр корпуса, мм:29; коллекция:базовая коллекция; комплектация:оригинальные часы, фирменная упаковка, инструкция, гарантийный талон; материал ","артикул:c0010072211600; гарантийный срок:2 г.; материал браслета:нерж. сталь; материал корпуса:нерж. сталь; особенности:водонепроницаемые, индикатор запаса хода; пол:женский; тип механизма:механические; цвет товара:серебряный/золотой; циферблат:аналоговый (стрелки)"
fashion_uncertain,1,fold_02,Одежда,171798762016,46496,0,0.5,0.373,кардиган sela,кардиган sela,материал (состав):70% хлопок; 30% полиамид; размер:134; сезон:школа; страна производства:китай; цвет:серый,бренд в одежде и обуви:sela; коллекция:школа 2023; пол:девочки; размер производителя:158; российский размер:158; сезон:демисезон; состав материала:70% хлопок; 30% полиамид; стиль:школа; страна-изготовитель:китай; тип:кардиган; тип упаковки одежды:пакет; цвет товара:белый
fashion_uncertain,1,fold_02,Одежда,455266612964,171798776087,1,0.501,0.64,united colors of benetton / брюки спортивные с принтом,брюки спортивные united colors of benetton,валюта:rub; вид застежки:без застежки; завязки; декоративные элементы:манжет; комплектация:брюки - 1 шт; особенности модели:дышащий материал; российский размер:160; сезон:круглогодичный; лето; демисезон; состав:100% хлопок; страна производства:египет; тип карманов:накладные; тип посадки:средняя,"бренд в одежде и обуви:united colors of benetton; инструкция по уходу:деликатная стирка при температуре не больше 30 градусов, не отбеливать; количество в упаковке:1; коллекция:осень-зима 2023; материал:хлопок; название цвета:оранжевый; пол:девочки; размер производителя:m; размер товара на фото:140;"
fashion_uncertain,1,fold_03,Одежда,618475317442,790274129336,0,0.5,0.547,"не определен футболка размер s (44-46), белый",футболка,ворот:круглый вырез; декор:отсутствует; пол:унисекс; принт:абстрактный; размер:s (44-46); сезон:всесезон; силуэт:свободный; состав:хлопок 100%; стиль:повседневный; тип:футболка; тип ткани:хлопок; цвет товара:белый,"бренд в одежде и обуви:нет бренда; вид застежки:без застежки; длина изделия, см:67; количество в упаковке:1; коллекция:весна-лето 2024; материал:хлопок; материал подкладки:хлопок; название цвета:s_46_двесобаки; пол:мужской; признак 18+:false; размер на модели:48; размер производителя:m; рисунок:разн"
fashion_uncertain,1,fold_02,Одежда,833223815297,816043882386,1,0.501,0.595,"комплект трусов боксеры, бесшовная модель teksa, 3 шт","teksa трусы teksa, 3 шт., размер l, серый","бренд в одежде и обуви:teksa; длина изделия, см:27; количество в упаковке:3; коллекция:базовая коллекция; материал:хлопок; модель:боксеры; название цвета:темно-синий;бордовый;черный; пол:мужской; размер на модели:48-50; размер производителя:р.l, 94-98; рисунок:однотонный; российский размер:52; рост:",количество штук в наборе:3; линия талии:стандартная; модель:боксеры; особенности модели:бесшовное; пол:мужской; принт:полоска; размер:l; размер на модели:46; рекомендации по уходу:бережная стирка при температуре не выше 30°с; рост модели:180 см; сезон:всесезонное; силуэт:прилегающий; состав:хлопок 9
fashion_uncertain,1,fold_03,Одежда,635655279430,360777311881,0,0.498,0.587,джинсы pepe jeans,джинсы pepe jeans london,бренд в одежде и обуви:pepe jeans; коллекция:базовая коллекция; материал:джинс; название цвета:деним; пол:женский; размер производителя:26x28; российский размер:42; сезон:на любой сезон; стиль:повседневное; тип:джинсы; тип упаковки одежды:пакет; уход за вещами:рекомендуем следовать инструкциям по ух,"материал (состав):основной состав: 92% хлопок, 6% полиэстер, 2% эластан; размер:25; сезон:демисезон; страна производства:тунис; цвет:синий"
fashion_uncertain,1,fold_04,Ювелирные изделия,128849078389,412316898502,0,0.502,0.318,"poemiq цепочка позолоченная серебряная 925, ""нонна"" / алмазная огранка, полновесная","poemiq / цепочка серебро позолоченное 925 проба, плетение love","артикул:ц1нн27пз052050_цепочка_65; бренд:poemiq; вид плетения цепочки:нонна; вставка:без вставок; длина украшения, см:65; замок:шпрингельный замок; коллекция:базовая коллекция; комплектация:цепочка, пломба, бирка; о драгоценном металле:позолоченное серебро. декоративное покрытие тонким слоем золота ",валюта:rub; вид замка:карабин; вид плетения цепочки:лав; вставка:нет; комплектация:цепочка; минимальный вес (г):5.65 г; покрытие:золото; красное; проба:925; состав ювелирного изделия:серебро; страна производства:россия; цвет:красный
fashion_uncertain,1,fold_04,Одежда,352187331972,730144549968,0,0.499,0.584,"nothing but love бандана nothing but love, размер 52 x 52, желтый, черный",бандана nothing but love,дополнительная информация:уход : стирка при температуре не более 40°с; пол:мужской; принт:абстрактный; размер:52 x 52; сезон:всесезон; состав:хлопок 100%; тип:бандана; цвет товара:желтый/белый/черный,бренд в одежде и обуви:nothing but love; коллекция:базовая коллекция; пол:мужской; российский размер:универсальный; тип:бандана; цвет товара:оранжевый
fashion_uncertain,1,fold_03,Ювелирные изделия,403727025625,618475338873,0,0.501,0.586,"diamant кольцо diamant, серебро, 925 проба, фианит, агат, размер 18.5",lair кольцо из серебра 925 пробы с природным зеленым агатом и фианитами,"вид металла:серебро; вставка:агат, фианит; вставка подробнее:1 агат зеленый антик бриолет 10,00*10,00, 32 фианит недраг круг 1,00; дополнительная информация:родированное серебро - покрытие тонким слоем родия (металл платиновой группы) предохраняет серебряные изделия от почернения и позволяет сохрани","артикул:r-5050-go_16,0; бренд:lair; вес основных вставок, карат:2.4; вставка:агат; вставки дополнительные:фианит; гарантийный срок:6 месяцев; дизайн:геометрия; количество камней:россыпь камней; коллекция:базовая коллекция; комплектация:кольцо, бирка, пломба, картонный конверт; модель кольца:гало; о "
fashion_uncertain,1,fold_04,Обувь,42949712793,369367298299,0,0.499,0.34,бутсы футбольные nike,бутсы для футзала nike nike,"валюта:rub; вид бутс:сороконожки; вид застежки:шнуровка; материал подкладки обуви:текстиль; материал подошвы обуви:полиуретан; материал стельки:текстиль; особенности модели:нескользящая, износостойкая подошва; пол:мужской; полнота обуви (eur):f (6); российский размер:38; состав:пэт; тип покрытия:ста","бренд в одежде и обуви:nike; вид застёжки:шнурки; внутренний материал:текстилен; высота каблука, см:2; высота платформы, см:2; высота подошвы, см:2; гарантийный срок:1; информация о размерах:здравствуйте, чтобы купить футбольную обувь, пожалуйста, обратитесь к таблице размеров изображения товара и в"
fashion_uncertain,1,fold_01,Ювелирные изделия,283467990111,575525706476,0,0.499,0.541,"constantine filatov, классическое кольцо-дорожка с 7 бриллиантами, золото белое, cf585-r-w-111-15,25, 7 бр 0,70кт 3/5а","кольцо обручальное constantine filatov кольцо-дорожка с бриллиантами, белое золото, 585 проба, родирование, бриллиант, размер 16.5, белый","артикул:cf585-r-w-111-15,25; бренд:constantine filatov; бриллиант:7 бр 0,70кт 3/5а; вес основных вставок, карат:0.70кт; вес товара, г:2; вставка:бриллиант; вставки дополнительные:бриллиант; гарантийный срок:вы приобретаете у нас изделия, которые мы сами произвели с нуля с соблюдением строгих стандар","вес основного камня:0.4 карат; вид металла:золото; вставка:бриллиант; вставка подробнее:8 бр 0,4кт 3/5а; дополнительная информация:родированное золото - это золото, поверхность которого покрывается тонким слоем родия с целью усиления защитно-декоративных свойств. обычно родием покрывают белое золото"
fashion_uncertain,1,fold_04,Ювелирные изделия,446676633013,670015052942,0,0.499,0.812,sokolov / кольцо из серебра с фианитами и эмалью,"sokolov, кольцо из серебра с фианитами, 94012744, 925 проба","валюта:rub; вставка:фианит; эмаль; комплектация:кольцо; пломба; бирка; минимальный вес (г):3.7 г; покрытие:родий; проба:925; российский размер:20,5-4,50; состав ювелирного изделия:серебро; страна производства:россия; цвет:черный, серебристый","артикул:94012744_20; бренд:sokolov; вес основных вставок, карат:0.801; вставка:фианит; гарантийный срок:гарантийный срок изделий составляет 6 (шесть) календарных месяцев для ювелирных изделий, 3 (три) года для часов из драгоценных металлов, 12 (двенадцать) месяцев для часов из недрагоценных металлов"
fashion_uncertain,1,fold_03,Ювелирные изделия,807453881187,240518242986,0,0.501,0.562, кольцо помолвочное из белого золота 585 пробы с бриллиантом 0.046 карат,"кольцо помолвочное из белого золота р. 16,5 sokolov diamonds 1012458-3, бриллиант","артикул:1011346#16; бренд:нет бренда; бриллиант:1 бриллиант кр57 0,0430 2/5а (арт. 1011346); вес товара, г:1.3; вставка:бриллиант; как читать характеристику бриллианта:на примере ""1 бр. кр-57-0.26 6/6а"" расшифровываются параметры так: 1 бр. – число бриллиантов. кр-57 – форма огранки и число граней (","артикул производителя:1012458-3; бренд:sokolov diamonds; вид:помолвочное; вставка:бриллиант; изображение/надпись:нет; код товара:100050147355; количество карат:0,08к; коллекция:diamonds; материал изделия:белое золото; модель:1012458-3; особенности дизайна:без особенностей; покрытие:родирование; пол:"
fashion_uncertain,1,fold_04,Обувь,687194818239,695784811816,0,0.502,0.12,кроссовки ex-tim,sports_shoes / кроссовки зимние великаны с мехом,бренд в одежде и обуви:ex-tim; коллекция:осень-зима 2023; пол:мальчики; размер производителя:39; российский размер (обуви):38; цвет товара:черный,"валюта:rub; материал подкладки обуви:иск мех; материал подошвы обуви:резина; материал стельки:иск мех; особенности модели:удобные, теплые, легкие; полнота обуви (eur):f (6); российский размер:47; сезон:зима; состав:иск кожа; иск мех; страна производства:китай; цвет:черный"
fashion_uncertain,1,fold_04,Ювелирные изделия,103079301924,188978600712,0,0.499,0.382,"кольцо помолвочное constantine filatov помолвочное кольцо с бриллиантом, белое золото, 585 проба, родирование, бриллиант, размер 15, белый","constantine filatov, классическое помолвочное кольцо с четырьмя крапанами с бриллиантом 0, 30 кт, золото розовое, cf585-r-r-003-16,75, 1 бр 0,3кт 3/5а","вес основного камня:0.3 карат; вид металла:золото; вставка:бриллиант; вставка подробнее:1бр пц 0,3кт 3/5а; дополнительная информация:родированное золото - это золото, поверхность которого покрывается тонким слоем родия с целью усиления защитно-декоративных свойств. обычно родием покрывают белое золо","артикул:cf585-r-r-003-16,75; бренд:constantine filatov; бриллиант:1 бр 0,3кт 3/5а; вес основных вставок, карат:0.3; вставка:бриллиант; гарантийный срок:вы приобретаете у нас изделия, которые мы сами произвели с нуля с соблюдением строгих стандартов и технологий.

каждое изделие проходит двойной конт"
fashion_uncertain,1,fold_01,Галантерея и аксессуары,386547127826,687194892407,0,0.499,0.411,"не определен рюкзак на молнии, 3 наружных кармана",рюкзак,вес:0.35 кг; вес в транспортной упаковке:0.35 кг; возрастная группа:дошкольники; габариты транспортной упаковки:45х5х35 см; застежка:молния; количество отделений:1; комплектация:рюкзак 1 штука; линейка:спорт; материал:текстиль; особенности:замок; размеры (вxшxг):44x31x13 см; тип:рюкзак; цвет товара:,бренд:нет бренда; коллекция:осень-зима 2023; пол:женский; тип:рюкзак; цвет товара:бежевый
fashion_uncertain,1,fold_03,Ювелирные изделия,807453890361,77309533743,0,0.498,0.709,эстет браслет браслет из белого золота 585 пробы без вставок 01б721134. размер 19,"эстет браслет эстет, золото, 585 проба","артикул:01б721134_19; бренд:эстет; вес товара, г:4; вставка:без вставок; детские украшения:нет; длина украшения, см:19; замок:карабин; комплектация:ювелирное украшение, фирменный пакет магазина, фирменный подарочный футляр.; модель браслета:браслет-цепочка; о драгоценном металле:белое золото - это о",вид металла:золото; вставка:без вставок; проба:585; тип:браслет
fashion_uncertain,1,fold_03,Ювелирные изделия,592705487446,240518211278,0,0.501,0.641,"diamant, кольцо из золота с гранатами, 51-310-02465-2, украшение из красного золота 585 пробы","diamant online кольцо diamant online, золото, 585 проба, гранат, размер 16.5","артикул:51-310-02465-2_17,5; бренд:diamant; вес основных вставок, карат:0.659; вес товара, г:1.68; вставка:гранат; гарантийный срок:гарантийный срок изделий составляет 6 (шесть) календарных месяцев для ювелирных изделий, 3 (три) года для часов из драгоценных металлов, 12 (двенадцать) месяцев для час",артикул:119176; вид металла:золото; вставка:гранат; пол:женский; проба:585; размер кольца:16.5; средний вес изделия:1.27 г; тип:кольцо; форма вставки:груша
fashion_uncertain,1,fold_02,Галантерея и аксессуары,506806264997,592705552794,0,0.501,0.664,bestmerchstore / брелок дота 2 dota 2,"металлический брелок ""дота dota 2""","валюта:rub; вид замка:винтовой; карабин; защелка; декоративные элементы:дота; количество предметов в упаковке:1; состав бижутерии:бижутерный сплав; страна производства:китай; цвет:зеленый, серебристый","бренд:нет бренда; вес товара, г:40; вид замка:защелка; вставка:металл; количество в упаковке:1; коллекция:базовая коллекция; комплектация:брелок - 1 шт.; материал:металл; покрытие:без покрытия; пол:женский; размер изделия:1; размеры, мм:40x30; стиль украшения:повседневный; страна-изготовитель:россия"
fashion_uncertain,1,fold_04,Галантерея и аксессуары,60129583582,506806214728,0,0.499,0.401,michael kors watches / кварцевые наручные часы оригинал майкл корс,женские часы наручные michael kors белые со стразами,валюта:rub; вид стекла:минеральное; минеральное с сапфировым напылением; минеральное с защитой от царапин; высота упаковки:14 см; гарантийный срок:3 года; декоративные элементы:michel kors; диаметр корпуса:4.2 см; длина упаковки:20 см; класс водонепроницаемости:wr50 (5 atm); влагонепроницаемые наруч,"браслет/ремешок:натуральная кожа; бренд:michael kors; водонепроницаемость:10 bar; гарантийный срок:3 года; диаметр корпуса, мм:39; коллекция:базовая коллекция; комплектация:в комплекте: коробка, фирменный кейс, бирка, гарантийный талон, подарочный пакет mk.; материал корпуса:нержавеющая сталь с покр"
fashion_uncertain,1,fold_03,Обувь,343597408061,343597513698,0,0.5,0.707,sara / балетки сетка женские zara,балетки zara,валюта:rub; особенности модели:мягкие; состав:текстиль; сетка; страна производства:китай; цвет:черный,"бренд в одежде и обуви:zara; коллекция:базовая коллекция; название цвета:черный; пол:девочки; размер производителя:31 (19,6 cm); российский размер (обуви):30; сезон:на любой сезон; цвет товара:черный; целевая аудитория:детская"
fashion_uncertain,1,fold_02,Галантерея и аксессуары,180388693945,489626419650,1,0.5,0.936,обложка для удостоверения ветеран боевых действий в память о службе ввс,armytrade / обложка ветеран боевых действий сухопутные войска,"бренд:armytrade; вес товара, г:50; вид обложки:для удостоверения; вид принта:геральдика; высота, см:8; глубина, см:0.3; количество в упаковке:1; коллекция:базовая коллекция; комплектация:обложка для удостоверения - 1 шт.; материал:натуральная кожа; материал подкладки/внутренней отделки:пвх (поливини",валюта:rub; вид застежки:без застежки; высота предмета:8 см; количество карманов:2 шт.; комплектация:обложка для удостоверение ветеран боевых действий сухопутные войска — 1 шт; материал обложки:натуральная кожа; страна производства:россия; цвет:черный; ширина предмета:22 см
fashion_uncertain,1,fold_03,Одежда,833223692902,841813716829,0,0.498,0.479,d&s / шапка бини вязаная с отворотом,шапка,валюта:rub; вид застежки:без застежки; декоративные элементы:без элементов; комплектация:шапка 1 шт.; материал подкладки:без подкладки; материал помпона:без помопна; особенности модели:для женщин и мужчин; российский размер:54-58; сезон:демисезон; состав:шерсть; акрил; страна производства:россия; те,"бренд в одежде и обуви:нет бренда; вид застежки:без застежки; вид пряжки:классическая; вид шапки:бини; длина изделия, см:28; количество в упаковке:1; коллекция:весна-лето 2024; материал:акрил; материал подкладки:без подклада; название цвета:кремовый; особенности перчаток:двухслойные; особенности шап"
fashion_uncertain,1,fold_02,Одежда,584115709583,618475299837,0,0.498,0.478,пижама life to like,сорочка ночная tenerezza,бренд в одежде и обуви:life to like; вид принта:разноцветный; детали:воланы/оборки/рюши; инструкция по уходу:бережная стирка при 40с; коллекция:базовая коллекция; материал:кулирная гладь; пол:девочки; размер производителя:64/128; размер товара на фото:104; российский размер:128; рост:128; рост модел,материал (состав):хлопок 100%; размер:128; сезон:постоянный; страна производства:россия; цвет:розовый
fashion_uncertain,1,fold_02,Галантерея и аксессуары,146028901317,661425073228,0,0.498,0.835,"russian handmade ключница russian handmade, черный",russian handmade ключница карманная,держатель:кольцо; длина:17 см; застежка:молния; количество внутренних карабинов:1 шт.; материал:натуральная кожа; тип:ключница; толщина:1 см; цвет товара:черничный; ширина:7 см,"бренд:russian handmade; вид принта:персонаж; высота, см:17; коллекция:базовая коллекция; материал:натуральная кожа; название цвета:вубба лубба; пол:мужской; страна-изготовитель:россия; тип:ключница карманная; тип застежки:молния; цвет товара:черный; ширина, см:7"
fashion_uncertain,1,fold_02,Обувь,429496798859,807453935190,0,0.5,0.523,ботильоны tendance,"tendance ботильоны tendance, размер 39, черный","бренд в одежде и обуви:tendance; высота каблука, см:10; высота подошвы, см:0.3; коллекция:базовая коллекция; материал:натуральная кожа; материал верха:натуральная кожа; материал подкладки обуви:натуральная кожа; пол:женский; российский размер:38; сезон:демисезон; страна бренда:франция; страна-изгото","материал верха:кожа натуральная, резинка; материал подкладки:кожа натуральная; размер:39; сезон:демисезон/зима; тип:ботильоны; цвет товара:чёрный"
fashion_uncertain,1,fold_01,Ювелирные изделия,17179896430,773094199866,0,0.499,0.413,"gold center браслет gold center, красное золото, 585 проба, длина 17 см.","браслет цепной из розового золота 585 пробы с плетением ""love/s"" (19)",вид металла:золото; вставка:без вставок; коллекция:осень-зима 2023; материал:розовое золото; плетение:гарибальди; пол:женский; проба:585; размер:17 см; размер украшения:17; средний вес изделия:2.19; тип:браслет; тип замка:карабин; тип золота:красное,"артикул:нб 12-087 0.60_565192796; бренд:gold center; вид замка:карабин; вид плетения цепочки:лав (сердечки); вставка:без вставки; гарантийный срок:6 месяцев; длина украшения, см:19; коллекция:осень-зима 2023; комплектация:изделие, подарочная упаковка, пломба, бирка производителя; модель браслета:цеп"
fashion_uncertain,1,fold_03,Ювелирные изделия,695784763192,283467947377,0,0.498,0.426,"кольцо помолвочное constantine filatov помолвочное кольцо с бриллиантом, белое золото, 585 проба, родирование, бриллиант, размер 16.75, белый","constantine filatov, классическое помолвочное кольцо с шестью крапанами с бриллиантом 0, 30 кт, золото розовое, cf585-r-r-021-16,75, 1 бр 0,3кт 3/5а","вес основного камня:0.3 карат; вид металла:золото; вставка:бриллиант; вставка подробнее:1бр кр57 0,3кт 3/5а; дополнительная информация:родированное золото - это золото, поверхность которого покрывается тонким слоем родия с целью усиления защитно-декоративных свойств. обычно родием покрывают белое зо","артикул:cf585-r-r-021-16,75; бренд:constantine filatov; бриллиант:1 бр 0,3кт 3/5а; вес основных вставок, карат:0.3; вставка:бриллиант; гарантийный срок:вы приобретаете у нас изделия, которые мы сами произвели с нуля с соблюдением строгих стандартов и технологий.

каждое изделие проходит двойной конт"
fashion_uncertain,1,fold_03,Одежда,816043870255,68719563976,1,0.498,0.32,"romeo rossi трусы romeo rossi, размер xxl, черный","трусы слипы romeo rossi, 1 шт","модель:слипы; пол:мужской; размер:xxl; сезон:всесезонное; состав:модал 95%, эластан 5%; тип:трусы; цвет товара:черный","бренд в одежде и обуви:romeo rossi; длина изделия, см:15; количество в упаковке:1; коллекция:базовая коллекция; материал:модал; материал подкладки:хлопок; модель:слипы; название цвета:белый; пол:мужской; размер на модели:oversize; размер производителя:xxxl; рисунок:однотонный; российский размер:54; "
fashion_uncertain,1,fold_04,Обувь,60129682995,343597470219,0,0.502,0.563,"editex ботинки editex, размер 42, черный",ботинки editex,размер:42; сезон:зима; тип:ботинки; цвет товара:черный,"бренд в одежде и обуви:editex; вид застёжки:шнурки; вид каблука:без каблука; внутренний материал:тинсулейт; гарантийный срок:30; длина стопы, см:29.5; коллекция:осень-зима 2023; материал:мембранные материалы; материал верха:текстиль; материал подошвы:полимерный материал; название цвета:черный/зелены"
fashion_uncertain,1,fold_03,Одежда,17179876949,584115597371,0,0.498,0.613,футболка,сувенир shop / футболка,"бренд в одежде и обуви:нет бренда; вид застежки:без застежки; длина изделия, см:76; коллекция:базовая коллекция; материал:хлопок; модель:прямая; пол:мужской; размер на модели:52; рисунок:логотип; российский размер:52; сезон:на любой сезон; состав материала:хлопок 100%; стиль:повседневное; страна-изг",валюта:rub; вырез горловины:округлый; декоративные элементы:прикольный принт; комплектация:футболка с принтом- 1 шт.; особенности модели:дышащий материал; российский размер:48-50; рост модели на фото:170 см; состав:хлопок 100%; страна производства:россия; тип карманов:без карманов; цвет:белый
fashion_uncertain,1,fold_03,Одежда,197568495674,463856508767,0,0.5,0.63,zarina / блузка,блузка zarina,"валюта:rub; вид застежки:пуговицы; комплектация:блузка; размер на модели:42; российский размер:42; рост модели на фото:170 см; состав:вискоза 80%; полиэстер 20%; страна производства:вьетнам; цвет:белый, бежевый","бренд в одежде и обуви:zarina; вид застежки:пуговицы; длина изделия, см:65; количество в упаковке:1; коллекция:осень-зима 2023; материал:вискоза; модель:оверсайз; название цвета:белый; параметры модели на фото (ог-от-об):90-60-90; пол:женский; размер на модели:42; размер производителя:42; рисунок:го"
fashion_uncertain,1,fold_03,Одежда,42949774151,180388750070,0,0.501,0.703,свитер ahalodensa,ahalodensa / блузон- свитер свободный,"бренд в одежде и обуви:ahalodensa; вид застежки:без застежки; декоративные элементы:воротник; длина изделия, см:67; коллекция:базовая коллекция; материал:трикотаж; модель:прямая; название цвета:серый/желтый; пол:женский; размер на модели:46; размер производителя:56; рисунок:разноцветный; российский ",валюта:rub; вид застежки:без застежки; декоративные элементы:принт на ткани; комплектация:блузон 1шт.; особенности модели:оверсайз со спущенным плечом; параметры модели на фото (ог-от-об):96-78-104; размер на модели:48; российский размер:54-170; рост модели на фото:180 см; состав:шерсть 20%; вискоза
fashion_uncertain,1,fold_03,Ювелирные изделия,403726947866,489626323324,0,0.5,0.359,"эстет кольцо эстет, желтое золото, 585 проба, фианит, размер 18","кольцо из желтого золота 585 пробы с фианитами 01к1313940 размер 18,5",вид металла:золото; вставка:фианит; проба:585; размер кольца:18; тип:кольцо; тип золота:желтое,"артикул:01к1313940-18,5; бренд:эстет; вес основных вставок, карат:0.2; вставка:фианит; коллекция:весна-лето 2022; о драгоценном металле:желтое золото - классика золотых украшений. сплав золота с медью. в зависимости от пробы, чем больше содержание золота в сплаве, тем ярче его цвет. серебро немного "
fashion_uncertain,1,fold_02,Обувь,51539748926,85899360741,0,0.498,0.596,кроссовки hoka one one,hoka one one / спортивные кроссовки hoka clifton 8,бренд в одежде и обуви:hoka one one; вид застёжки:шнурки; вид каблука:каблук; информация о размерах:модель идет размер в размер по eu размерам. перед заказом ознакомьтесь с таблицей размеров.; коллекция:базовая коллекция; материал:breathable; материал верха:текстиль; материал подкладки обуви:текстил,валюта:rub; комплектация:1 пара кроссовок; материал подкладки обуви:текстиль; материал подошвы обуви:eva; материал стельки:эва; особенности модели:дышащая сетка; полнота обуви (eur):b (2); российский размер:39; сезон:лето; состав:текстиль; eva; эва; страна производства:вьетнам; тип пронации:нейтраль
fashion_uncertain,1,fold_02,Одежда,489626309923,403726961588,0,0.498,0.548,bezko / костюм,костюм классический bezko,валюта:rub; вид застежки:молния; декоративные элементы:пуговицы; комплектация:жилет; юбка; размер на модели:44; российский размер:50; рост модели на фото:175 см; сезон:круглогодичный; состав:хлопок 65%; эластан 2%; вискоза 33%; страна производства:россия; тип карманов:прорезные; утеплитель:без утепл,бренд в одежде и обуви:bezko; вид застежки:молния; коллекция:базовая коллекция; материал:текстиль; модель:приталенная; название цвета:темно-синий; пол:женский; размер на модели:44; рисунок:клетка; российский размер:54; рост:175; рост модели на фото:175 см; сезон:на любой сезон; состав комплекта:жаке
fashion_uncertain,1,fold_04,Одежда,137438975428,618475359753,0,0.501,0.573,натали / халат женский домашний с коротким рукавом больших размеров,туника newlife,валюта:rub; вид застежки:пуговицы; комплектация:халат - 1 шт.; пояс - 1 шт.; особенности модели:халат для женщин в горох принт с рисунком большие размеры с карманом хлопковое; российский размер:48; состав:хлопок 100%; страна производства:россия; тип карманов:накладные; цвет:зеленый,бренд в одежде и обуви:newlife; вид одежды:оверсайз; вид принта:геометрический; вид спорта:йога и пилатес; детали:декоративные пуговицы; длина рукава:три четверти; инструкция по уходу:стирка при t не более 30°c; количество в упаковке:1; коллекция:базовая коллекция; материал:трикотаж; материал подкла
fashion_uncertain,1,fold_02,Галантерея и аксессуары,661425046289,489626331067,0,0.498,0.906,"кошелёк на магнитах, цвет сиреневый","кошелёк на магните, цвет сиреневый",бренд:нет бренда; коллекция:осень-зима 2023; пол:женский; тип:кошелек,валюта:rub; комплектация:уточни у продавца; страна производства:китай
fashion_uncertain,1,fold_04,Галантерея и аксессуары,240518239304,635655268806,0,0.501,0.79,без бренда комплект резинок для волос 4шт.,комплект резинок для волос 4 шт.,"количество в наборе:4 шт.; пол:для девочек; тип:комплект резинок для волос; цвет товара:голубой, розовый","бренд:нет бренда; вес товара, г:15; гарантийный срок:14; количество в упаковке:4; коллекция:осень-зима 2023; комплект аксессуаров:да; комплектация:набор; материал:пластик; название цвета:разноцветный; пол:женский; размеры, мм:5х1; стиль:классический; страна-изготовитель:китай; тип:комплект резинок д"
fashion_uncertain,1,fold_02,Ювелирные изделия,764504238722,781684104290,0,0.5,0.448,"кольцо золотое женское 585 пробы с гранатами, 37716211, украшение из красного золота 375 пробы",sokolov / кольцо золотое 585 пробы с гранатом ювелирное,"артикул:37716211_18,5; бренд:sokolov; вес основных вставок, карат:0.53800000000000003; вставка:гранат; гарантийный срок:гарантийный срок изделий составляет 6 (шесть) календарных месяцев для ювелирных изделий, 3 (три) года для часов из драгоценных металлов, 12 (двенадцать) месяцев для часов из недраг","валюта:rub; вставка:гранат натуральный; комплектация:кольцо; бирка; пломба; упаковка; минимальный вес (г):1.34 г; покрытие:без покрытия; проба:585; российский размер:16,5; состав комплекта:кольцо; подарочная упаковка; состав ювелирного изделия:золото красное; страна производства:россия; цвет:золотис"
fashion_uncertain,1,fold_02,Галантерея и аксессуары,180388677227,438086744730,0,0.501,0.752,восток / наручные часы восток 811951,восток часы наручные механические,"валюта:rub; вид стекла:минеральное; высота упаковки:12 см; гарантийный срок:1 год; декоративные элементы:оригинальные стрелки, цифры; диаметр корпуса:4.2 см; длина упаковки:16 см; класс водонепроницаемости:wr30; комплектация:фирменная коробка; гарантийный талон (паспорт); инструкция; часы-1шт.; мате",бренд:восток; водонепроницаемость:3 bar; гарантийный срок:1 год; коллекция:базовая коллекция; пол:мужской; страна-изготовитель:россия; тип:часы наручные; тип часов:механические; упаковка:коробка; форма:круг; целевая аудитория:взрослая
fashion_uncertain,1,fold_02,Галантерея и аксессуары,94489284018,429496821460,0,0.498,0.558,armytrade обложка для документов обложки armytrade,armytrade / обложка ветеран боевых действий с эмблемой дорожные войска,"бренд:armytrade; вес товара, г:70; вид обложки:для паспорта; вид принта:геральдика; высота, см:14; глубина, см:0.5; количество в упаковке:1; коллекция:базовая коллекция; комплектация:обложка на паспорт; материал:натуральная кожа; материал подкладки/внутренней отделки:пвх (поливинилхлорид); название ",валюта:rub; вид застежки:без застежки; высота предмета:8 см; количество карманов:2 шт.; комплектация:обложка для удостоверение ветеран боевых действий дорожные войска — 1 шт; материал обложки:натуральная кожа; страна производства:россия; цвет:бордовый; ширина предмета:22 см
fashion_uncertain,1,fold_02,Галантерея и аксессуары,438086765335,481036418271,0,0.5,0.586,"резинка для волос ""махрушка нежная"" 4 см (набор 4 шт) клеточка, ","выбражулька резинка для волос ""махрушка нежная"" (набор 4 шт) горох пастель, 4 см, микс",бренд:нет бренда; коллекция:базовая коллекция; пол:девочки; стиль:школа; тип:резинка для волос,количество в наборе:4 шт.; материал:текстиль; пол:унисекс; тип:резинка; цвет товара:микс
fashion_uncertain,1,fold_02,Ювелирные изделия,798864025391,292057863349,0,0.5,0.429,"кольцо из серебра р. 17,5 sokolov 94010477, фианит",кольцо серебро 925 пробы,"артикул производителя:94010477_17,5; бренд:sokolov; вид:классическое; вставка:фианит; изображение/надпись:нет; код товара:100029387789; количество карат:0; материал изделия:серебро; модель:94010477; особенности дизайна:объемное; покрытие:родирование; пол:женский; проба:925; размер:17,5; средний вес ","артикул:94012116#18; бренд:нет бренда; вес товара, г:1.59; вид кольца:классическое; вставка:фианит; коллекция:базовая коллекция; комплектация:кольцо серебряное, бирка, пломба; о главном камне украшения:фианит - искусственный аналог бриллианта. изначально камень создавался как материал с определенным"
fashion_uncertain,1,fold_04,Ювелирные изделия,566935730161,249108173473,1,0.499,0.836,"яхонт кольцо яхонт, красное золото, 585 проба, фианит, размер 17, золотой",яхонт золотой кольцо золото красное 585 пробы,артикул:184348; вид металла:золото; вставка:фианит; пол:женский; проба:585; размер кольца:17; средний вес изделия:1.46; тип:кольцо; тип золота:красное,"артикул:1843480017; бренд:яхонт золотой; вставка:фианит; коллекция:весна-лето 2024; комплектация:ювелирное изделие с биркой и пломбой, фирменная упаковка яхонт, размерник и полировочная салфетка.; о главном камне украшения:фианит - искусственный аналог бриллианта. изначально камень создавался как ма"
fashion_uncertain,1,fold_02,Обувь,841813625992,489626288372,1,0.498,0.651,полуботинки shuzzi,shuzzi / лаковые полуботинки на массивной подошве из натуральной кожи,"бренд в одежде и обуви:shuzzi; вид застёжки:шнурки; вид каблука:каблук + платформа; внутренний материал:текстиль; высота голенища, см:7; высота каблука, см:5; высота подошвы, см:3; диапазон температур, °с:от +5; длина стельки, см:25-25,5; длина стопы, см:24.5; коллекция:весна-лето 2024; материал:нат",валюта:rub; высота каблука:5 см; высота подошвы:3 см; комплектация:полуботинки - 1 пара; материал подкладки обуви:текстиль; материал подошвы обуви:тпр; материал стельки:текстиль; особенности модели:шузы; полнота обуви (eur):с (3); российский размер:35; сезон:демисезон; состав:натуральная лаковая кож
fashion_uncertain,1,fold_04,Одежда,635655210860,566935777609,0,0.499,0.068,"doreanse трусы doreanse, размер s, красный","трусы боксеры doreanse, 1 шт","гульфик:профилированный; количество штук в наборе:1; линия талии:заниженная; модель:боксеры, хипсы; особенности модели:плоские швы; пол:мужской; пояс:внешняя резинка; праздник:новый год; принт:отсутствует; размер:s; рекомендации по уходу:рекомендуется стирка при температуре не более 40с; сезон:всесе","бренд в одежде и обуви:doreanse; количество в упаковке:1; коллекция:базовая коллекция; материал:модал; модель:боксеры; пол:мужской; размер производителя:xxl; рисунок:однотонный; российский размер:56; состав материала:45% модал, 45% хлопок, 10% эластан; стиль:классический; страна-изготовитель:турция;"
fashion_uncertain,1,fold_02,Одежда,420906871612,695784825988,0,0.501,0.143,корсаж soft line,softline / ночная сорочка bridget с нежным ажуром черный s-m,бренд в одежде и обуви:soft line; вид застежки:крючки; вид принта:однотонный; детали:воланы/оборки/рюши; коллекция:базовая коллекция; материал:полиэстер; материал подклада/внутренней отделки:полиэстер; название цвета:black; пол:женский; размер производителя:l; российский размер:48; состав материала:,"валюта:rub; декоративные элементы:кружево/гипюр; комплектация:сорочка-1 штука, тусики-1 штука; особенности белья:кружевные; российский размер:42; состав:90% полиамид; 10% лайкра; страна производства:польша; цвет:черный"
fashion_uncertain,1,fold_03,Ювелирные изделия,773094195505,352187460727,0,0.5,0.394,"sokolov кольцо sokolov, красное золото, 585 проба, фианит, гранат, размер 18.5, золото","sokolov, кольцо из золота с гранатом и фианитами, 716899, украшение из красного золота 585 пробы","артикул:716890; вид металла:золото; вставка:гранат, фианит; вставка подробнее:1 гранат груша 7,00*5,00, 18 фианит недраг круг 1,00; пол:женский; проба:585; размер кольца:18.5; средний вес изделия:1.2 г; тип:кольцо; тип золота:красное; форма вставки:груша, круг","артикул:716899_17,5; бренд:sokolov; вес основных вставок, карат:0.304; вставка:фианит; гарантийный срок:гарантийный срок изделий составляет 6 (шесть) календарных месяцев для ювелирных изделий, 3 (три) года для часов из драгоценных металлов, 12 (двенадцать) месяцев для часов из недрагоценных металлов"
fashion_uncertain,1,fold_02,Одежда,377957175316,283467946851,0,0.498,0.721,"funday куртка funday, размер 46, синий",куртка funday,"длина:средняя; застежка:молния; материал подкладки:полиэстер; особенности модели:утепленная, карманы; плотность утеплителя:220 г/м²; пол:мужской; размер:46; сезон:демисезон; тип:куртка; цвет товара:черно-синий","бренд в одежде и обуви:funday; вид принта:однотонный; длина изделия, см:52; инструкция по уходу:деликатная машинная стрика при 30с. не отбеливать. утюжка запрещена. сухая чистка запрещена. машинная сушка запрещена. сушить на плоской поверхности. стирать с застегнутыми молниями и пуговицами; коллекци"
fashion_uncertain,1,fold_04,Ювелирные изделия,326417610077,60129619709,0,0.501,0.497,"кольцо из белого золота р. 16 platina jewelry 01-0512-00-101-1120-30, бриллиант",кольцо platina из золота 585 пробы с бриллиантом,артикул производителя:01-0512-00-101-1120-30; бренд:platina jewelry; вид:классическое; вставка:бриллиант; изображение/надпись:нет; код товара:100033387827; материал изделия:белое золото; модель:01-0512-00-101-1120-30; особенности дизайна:без особенностей; пол:женский; проба:585; размер:16; тип:кольц,"артикул:01-0985-00-101-1120-30_17; бренд:platina; бриллиант:бриллиант 1 кр57-0,11ct-3/5а; вид кольца:классическое; вставка:бриллиант; гарантийный срок:6 месяцев; как читать характеристику бриллианта:на примере ""1 бр. кр-57-0.26 6/6а"" расшифровываются параметры так: 1 бр. – число бриллиантов. кр-57 –"
fashion_uncertain,1,fold_04,Одежда,51539703712,661425069908,0,0.501,0.493,бюстгальтер milavitsa,/ бюстгальтер женский гладкий на косточках съемные лямки,бренд в одежде и обуви:milavitsa; вид застежки:крючки; вид одежды:формованная чашка; вид принта:однотонный; количество в упаковке:1; коллекция:базовая коллекция; материал:текстиль; материал подклада/внутренней отделки:без подклада; название цвета:бежевый; пол:женский; размер производителя:80d; росси,валюта:rub; вид бюстгальтера:без пуш-ап; на косточках; формованная чашка; комплектация:бюстгальтер - 1 шт; тканевый модный; лифчик сексуальный; лиф большие размеры; топ для полных; особенности белья:со съемными бретелями; параметры модели на фото (ог-от-об):75-64-91; российский размер:70e; рост моде
fashion_uncertain,1,fold_04,Одежда,231928396444,231928317020,0,0.502,0.324,наше / носки комплект 3 пары,"комплект носков наше, 3 пары","валюта:rub; комплектация:носки - 3 пары; особенности модели:усиленная пятка, усиленный мысок; российский размер:43-44; состав:73%; хлопок; 25%; полиэстер; 2%; эластан; страна производства:россия; цвет:темно-синий, белый, антрацитовый","бренд в одежде и обуви:наше; вид принта:надписи; декоративные элементы:в сеточку; количество пар в упаковке:3 пары; коллекция:базовая коллекция; материал:хлопок; название цвета:рис. 1, темно-синие №3-1; пол:женский; размер производителя:27; российский размер:41; сезон:на любой сезон; состав материал"
confident_contradiction,0,fold_02,Автотовары,352187455573,94489433361,0,0.904,0.976,"amd фильтр воздушный арт. amdfa91, 1 шт.",hyundai / фильтр воздушный hyundai kia 281131r100,oem-номер:281131r100; альтернативные артикулы товара:281131r100; 281131r000; lx 3300; 28113b2000; f026400350; ap1228; s281131r100; lx3300; c25016; c26033; 28123210013; eaf00025m; 9.1.1563pu; fa-p 2465; sb2270; lf0204; eaf00025m; f 026 400 350;; артикул:amdfa91; бренд:amd; вид техники:легковые автомо,артикул производителя:281131r100; валюта:rub; высота упаковки:6 см; длина упаковки:30 см; оем номер:281131r100; ширина упаковки:20 см
confident_contradiction,0,fold_01,Бытовая химия,274878031411,652835088452,0,0.904,0.956,средство для отбеливания изделий из пластика prosept 0.5 л,средство для отбеливания изделий из пластика prosept 0.5 л,"артикул:k1017564566-1; бренд:нет бренда; единиц в одном товаре:1; назначение моющего, чистящего средства:для пластиковых поверхностей; объем, мл:500; состав:средство для отбеливания изделий из пластика prosept – готовый состав предназначен для очистки пластиковых поверхностей от бытовых и атмосферны","бренд:prosept; количество упаковок:1 шт.; назначение:для снятия клеевого слоя; объем:0.5 л; особенности:не требует смывания; отдушка:есть; состав:вода,органические растворители, амфотерные пав менее 5%, эдта менее 5%, апав менее 5%,; средство:жидкость"
confident_contradiction,0,fold_03,Хобби и творчество,635655210916,584115691684,0,0.972,0.9,"наполнение для слайма, светится в темноте (набор 5 цветов) по 5 г","с / наполнение для слайма, светится в темноте (набор 5 цветов)",бренд:нет бренда; минимальный возраст ребенка:от 5 лет; тип:набор для опытов,"валюта:rub; высота упаковки:1 см; длина упаковки:21 см; комплектация:наполнение для слайма, светится в темноте (набор 5 цветов) по 5 г - 1 шт.; материал изделия:пластик; страна производства:китай; цвет:голубой, желтый, зеленый, оранжевый; ширина упаковки:8 см"
confident_contradiction,0,fold_02,Товары для животных,206158458701,240518241883,1,0.248,0.039,almo nature корм для взрослых собак с курицей (medium&chicken),"корм для взрослых собак с рыбой, 12 кг",бренд:almo nature; вес упаковки:12 кг; вкус:курица; возраст животного:взрослые (1-6 лет); класс ингредиентов:суперпремиум; основной ингредиент:птица; особые потребности:холистик (holistic); размер породы:все породы; срок годности:1 г.,артикул:261205428-22; бренд:musson; возраст животного:для взрослых; единиц в одном товаре:1; предназначено для:для собак; срок годности в днях:365; тип:корм сухой
confident_contradiction,0,fold_02,Спорт и отдых,25769944432,128849048494,0,0.94,0.993,набор щеток stg yc798 (4 шт.),набор щеток для чистки велосипеда stg yc798 (4 штуки),бренд:stg; тип:щетка для велосипеда,"количество предметов:4 шт.; назначение:для чистки цепи; тип:набор, щетка; цвет товара:черный"
confident_contradiction,0,fold_03,Дом и сад,575525652591,8589992637,0,0.953,0.932,"контейнер пищевой, 1 шт","альтернатива набор подносов для заморозки пельменей, 36×25×3 см, 3 шт, цвет микс","артикул:t1309634; бренд:нет бренда; вес товара, г:470; вид выпуска товара:фабричное производство; гарантийный срок:1 месяц; количество в упаковке, шт.:1; комплектация:набор подносов для заморозки пельменей, 36*25*3 см, 3 шт, цвет разноцветный,1 набор; название цвета:разноцветный; образец цвета:https","длина:36 см; особенности:мытье в посудомоечной машине, набор; тип:поднос; форма:прямоугольная; цвет товара:микс; ширина:25 см"
confident_contradiction,0,fold_03,Детские товары,472446505610,163208825370,0,0.933,0.957,lego / конструктор х 19006 - сады ниндзяго сити,конструктор lego ninjago 71741 сады ниндзяго-сити,валюта:rub; вес с упаковкой (кг):7.5 кг; высота упаковки:20 см; длина упаковки:61 см; количество элементов:5685; комплектация:ниндзя; ninjago; ниндзяго; лего; конструктор; материал изделия:пластик; abs-пластик; 71741; совместимость конструктора:с lego; с bela; с lepin; страна производства:китай; тип,"артикул:3235; бренд:lego; количество элементов, шт:5685; максимальный возраст ребенка:до 18 лет; минимальный возраст ребенка:от 14 лет; страна-изготовитель:чехия; тип:конструктор пластиковый; цвет товара:коричнево-красный"
confident_contradiction,0,fold_02,Бытовая техника,326417515288,618475397663,0,0.948,0.9,холодильник side by side hyundai cs4502f нержавеющая сталь,hyundai / холодильник cs4502f,"автономное сохранение холода, ч:12; бренд:hyundai; вес, кг:78; вид компрессора:классический; вид холодильника:с морозильной камерой; высота, см:178; гарантийный срок:2 года; глубина, см:63.6; годовое потребление, квт ч/год:376; зона свежести:нет; класс энергопотребления:a+; климатический класс:sn-st",валюта:rub; вес без упаковки (кг):78 кг; вес с упаковкой (кг):87 кг; встраиваемая техника:нет; высота предмета:178 см; высота упаковки:185 см; гарантийный срок:2года; глубина предмета:64 см; длина упаковки:68 см; доп. опции холодильника:дисплей; класс энергопотребления:класс a+; климатический класс:
confident_contradiction,0,fold_04,Бытовая химия,309237715520,781684104283,0,0.947,0.988,vesta / кондиционер для белья 1 л чарующий белый,"кондиционер для белья vesta ultra comfort, чарующий белый, 1л.",валюта:rub; вес товара с упаковкой (г):1000 г; высота упаковки:29 см; длина упаковки:9 см; комплектация:концентрат 1 л - 1 шт; объем товара:1000 мл; срок годности:2 года; страна производства:россия; цвет:белый; ширина упаковки:7 см; эффект средства:концентрат,"аромат:свежий; артикул:рол2514; бренд:vesta; вес товара, г:1000; единиц в одном товаре:1; комплектация:кондиционер - 1 шт.; название аромата:чарующий белый; назначение средства для стирки:для белых тканей; объем, мл:1000; особенности применения:концентрат; размер упаковки (длина х ширина х высота), "
confident_contradiction,0,fold_04,Красота и гигиена,730144443017,206158473095,0,0.926,0.919,"viking гель-шампунь для тела и волос ""сила прибоя"", 300 мл",viking / гель-шампунь сила прибоя 300 мл,"бренд:viking; вид средства для душа:гель; единиц в одном товаре:1; название аромата:сила прибоя; объем, мл:300; особенности состава:подходит для ежедневного применения; пол:мальчики; состав:aqua, sodium laureth sulfate, sodium chloride, cocamidopropyl betaine, peg-7 glyceryl cocoate, polyquaternium-",валюта:rub
confident_contradiction,0,fold_03,Дом и сад,420906942452,266288101358,1,0.174,0.159,без бренда фотоальбом традиционный на 30 листов 29х29 см свадебный,"фотоальбом на 200 фото 10х15 см, свадебный",вид альбома:детский; тип:фотоальбом; тип переплета:книжный,"артикул:sl-9542342-1-sl216p1-244; бренд:нет бренда; вид альбома:классический; вид выпуска товара:фабричное производство; количество фото, шт:200; комплектация:фотоальбом 10х15 см, 1 штука; обложка:картон; праздник:свадьба; размер фотографии:10х15 см; страна-изготовитель:китай; тема фотоальбома:униве"
confident_contradiction,0,fold_02,Детские товары,644245116496,146029018414,0,0.904,0.901,"unkai / музыкальная гитара весёлые зверята, игрушечная, звук, цвет жёлтый","музыкальная гитара ""веселые зверята"", звук, цвет желтый","валюта:rub; комплектация:музыкальная гитара весёлые зверята, игрушечная, звук, цвет жёлтый, 1 шт.; материал игрушки:пластик; страна производства:китай","бренд:zabiaka; вид детского музыкального инструмента:гитара; вид питания:2 aa; количество в упаковке, шт:1; максимальный возраст ребенка:до 18 лет; материал:пластик; минимальный возраст ребенка:от 3 лет; название цвета:весёлые зверята; пол ребенка:унисекс; режимы:музыка; страна-изготовитель:китай; т"
confident_contradiction,0,fold_02,Спорт и отдых,94489437707,309237701978,0,0.959,0.975,"бассейн надувной disney princess 122х25см, 140 л, bestway 91047",bestway / бассейн надувной bestway 91047 disney princess 122х25 см,"бренд:bestway; вес товара, г:700; вид бассейна:надувной; высота, см:25; гарантийный срок:1 мес; диаметр, см:122; длина, см:122; комплектация:бассейн - 1шт.
заплатка; материал:пвх (поливинилхлорид); объем бассейна, л:140; страна-изготовитель:китай; тип:бассейн; установка бассейна:наземный; форма басс","валюта:rub; вес с упаковкой (кг):8 кг; высота предмета:25 см; высота упаковки:24 см; длина упаковки:12 см; комплектация:бассейн надувной princess, 122 х 25 см, от 2 лет, 91047 bestway; страна производства:китай; ширина упаковки:40 см"
confident_contradiction,0,fold_04,Канцелярские товары,438086801436,429496848634,0,0.95,0.979,ограничитель-подставка для книг лондон 15х10х10см,"хорошие сувениры ограничитель-подставка для книг ""лондон"" 15х10х10см",бренд:хорошие сувениры; материал:металл; страна-изготовитель:россия; тип:подставка для книг; цвет товара:черный,назначение:для книг
confident_contradiction,0,fold_02,Товары для животных,523986095454,420906938771,0,0.905,0.977,"dogman игрушка для собак гантель звенящая, 12 см","игрушка dogman для собак гантель звенящая 12см , 1 шт",вид животного:собаки; вид игрушки:звуковая; возраст животного:для взрослыхдля маленькихдля пожилых; материал:термопластичная резина (тпр); назначение:для зубов; размер породы:малый; тип:гантель,бренд:dogman; единиц в одном товаре:1; предназначено для:для собак; страна-изготовитель:китай; тип:игрушка для животных
confident_contradiction,0,fold_02,Бытовая химия,214748444286,171798753075,0,0.946,0.965,fairy / fairy средство для мытья посуды сочный лимон 900 мл,средство для мытья посуды fairy сочный лимон 900 мл,аромат:лимон; валюта:rub; вес с упаковкой (кг):0.96 кг; высота упаковки:29 см; длина упаковки:11 см; комплектация:1 шт; объем товара:900 мл; состав:пав; ароматизирующие добавки; срок годности:24 мес; страна производства:россия; тип средства:гель для посуды; цвет:прозрачный; ширина упаковки:7 см,"артикул:433; бренд:fairy; состав:5-15% анионные пав, <5% неионогенные пав, консерванты, ароматизирующие добавки, линалоол, гексилкоричный альдегид; тип:средство ручного мытья посуды"
confident_contradiction,0,fold_01,Бытовая химия,343597437458,558345899586,0,0.932,0.977,"акватория макси-пул-комплекс, 500мл",акватория / средство для бассейна акватория макси-пул-комплекс,"артикул:sh6477442; бренд:нет бренда; назначение моющего, чистящего средства:для бассейнов; состав:натриевая соль дихлоризоциануровой кислоты - дигидрат, 56% активного хлора; страна-изготовитель:россия; тип:химия для бассейнов; форма выпуска средства:жидкость; целевая аудитория:взрослая",валюта:rub; вес с упаковкой (кг):0.5 кг; комплектация:флакон + мерный колпачок; объем (мл):500 мл; страна производства:россия
confident_contradiction,0,fold_03,Хобби и творчество,704374700633,326417515789,0,0.92,0.98,"школа талантов магнит «прямоугольник» набор 7 шт, размер 1 шт. — 2 × 1 см","магнит ""прямоугольник"" набор 7 шт, размер 1 шт. 2х1 см",форма:прямоугольная,бренд:нет бренда; тип:декоративный элемент
confident_contradiction,0,fold_03,Бытовая химия,627065320016,747324379064,0,0.903,0.954,master fresh / сменный баллон к освежителю воздуха,"сменный блок master fresh, цветочный рай","аромат освежителя:цветочный рай; валюта:rub; вид освежителя:автоматический аэрозольный освежитель; высота предмета:14 см; комплектация:освежитель воздуха - 1 шт.; освежитель воздуха - 2 шт; наличие батареек в комплекте:батарейки не требуются; объем товара:250 мл; питание:без питания; состав:пропан, ","ароматизация:автоматическая; бренд:master fresh; вес товара, г:235; вид ароматизатора:; единиц в одном товаре:1; объем, мл:250; страна-изготовитель:россия; тип:сменный баллон освежителя воздуха; целевая аудитория:взрослая"
confident_contradiction,0,fold_03,Бытовая техника,618475381624,395137010100,0,0.961,0.991,встраиваемая электрическая варочная панель krona vento 60 iv b,"krona индукционная варочная панель vento 60 iv b, слоновая кость",вес (кг):8.1; вытяжка:нет; габариты (вxшxг) (см):5.4x59x52; габариты ниши для встраивания (вxшxг) (см):-x56x49; гарантия:5 лет; защитная блокировка (защита от детей):есть; зона расширения:нет; индикация мощности:есть; индикация остаточного тепла:есть; количество конфорок:4; наличие рамки:нет; страна,"бренд:krona; вес товара, г:8100; гарантийный срок:60 мес.; глубина, см:52; индикация:остаточное тепло; количество конфорок:4; конструкция панели:независимая; материал рабочей поверхности панели:стеклокерамика; минимальная толщина столешницы, мм:35; мощность варочной панели, вт:7200; особенности варо"
confident_contradiction,0,fold_04,Канцелярские товары,17179962738,798864068779,0,0.902,0.934,"centropen / фломастеры ""washable"", 30 цветов, смываемые", набор фломастеров,валюта:rub; комплектация:фломастер - 30 шт; страна производства:чехия,"бренд:нет бренда; комплектация:фломастеры 30 цветов, centropen 7790/30 washable, блистер, европодвес, линия 1.0 мм; страна-изготовитель:чехия; тип:набор фломастеров"
confident_contradiction,0,fold_01,Автотовары,850403560990,197568558864,0,0.911,0.96,arivo ultra arz4 шины летние 225/55  r18 102v,arivo / шины летние 225/55r18 102v xl ultra arz4,"runflat:нет; бренд:arivo; вид шин:нешипованные; высота профиля, %:55; диаметр, дюймы:18; индекс нагрузки:102; индекс скорости:v; количество, штук:1; комплектация:автомобильная шина 1шт; резина на авто 1шт; покрышки для авто 1 шт; колеса для автомобиля 1 шт.; конструкция покрышки:бескамерная; сезонно","артикул производителя:2ear261f; валюта:rub; высота упаковки:69 см; диаметр, дюймы:18; длина упаковки:69 см; индекс нагрузки:102; индекс скорости:v; комплектация:шина 1шт.; модель:ultra arz4; назначение шин:легковая; сезонность:лето; страна производства:китай; технология runflat:нет; шипы:нет; ширина"
confident_contradiction,0,fold_02,Строительство и ремонт,120259178809,575525690481,1,0.124,0.144,мебельный щит лдсп 16мм 200х230 c кромкой 1мм цвет дуб дымчатый,без бренда мебельный щит лдсп 16мм 250х230 c кромкой 1мм цвет дуб дымчатый,"бренд:нет бренда; влагостойкость:нет; длина, мм:200; единиц в одном товаре:1; название цвета:дуб дымчатый; образец цвета:https://cdn1.ozone.ru/s3/multimedia-7/6892503559.jpg; партномер:мебельный щит лдсп 16мм 200х230 c кромкой 1мм цвет дуб дымчатый; поверхность фанеры:ламинированная; порода древесин",длина:250 мм; древесина:береза; толщина:16 мм; цвет товара:дуб дымчатый; ширина:230 мм
confident_contradiction,0,fold_03,Бытовая техника,266288116591,566935750427,0,0.943,0.909,"иглы для швейной машины organ супер стрейч, № 75-90, упаковка 10 шт (organ.стрч.75-90/10)",carsshell / organ иглы супер стрейч 10/75-90,бренд:organ; вид швейного аксессуара:игла; страна-изготовитель:вьетнам; тип:аксессуар для швейной машины,валюта:rub; количество предметов в упаковке:10; модель:супер стрейч 10/75-90; страна производства:вьетнам
confident_contradiction,0,fold_02,Спорт и отдых,309237717689,369367246281,0,0.918,0.996,"круг надувной для плавания ""морские приключения"", диаметр51 см, от 3-6 лет, 36113 bestway","круг надувной для плавания морские приключения, диаметр 51 см, от 3-6 лет, bestway",вес в транспортной упаковке:0.1 кг; габариты транспортной упаковки:16.50х25х5 см; диаметр:51 см; материал:пвх; тип:круг,"бренд:bestway; диаметр, см:51; макс. нагрузка, кг:40; максимальный возраст ребенка:до 6 лет; минимальный возраст ребенка:от 3 лет; пол ребенка:унисекс; тип:надувной круг; цвет товара:разноцветный"
confident_contradiction,0,fold_03,Аптека,274878019120,146028953813,0,0.989,0.91,"siberian wellness северная омега-3 essential fatty acids, сибирское, 60 капсул","северная омега-3 essential fatty acids, сибирское, 60 капсул","заявитель на государственную регистрацию:siberian wellness; название препарата:siberian wellness; назначение:симптоматическое лечение простудных заболеваний, гриппа, орви, для сердца и сосудов, иммунитет, тонус мышц; органы и системы:желудочно-кишечный тракт, иммунная система, витамины; пол:для женщ","бренд:сибирское здоровь(е); вес товара, г:97; вкус:без вкуса; для детей:нет; дозировка:взрослым принимать по 3 капсулы в день во время еды; единиц в одном товаре:1; количество в упаковке, шт:60; комплектация:северная омега-3, 60 капсул; максимальная влажность, %:80; минимальная влажность, %:20; мини"
confident_contradiction,0,fold_04,Спорт и отдых,721554517180,266287973743,0,0.948,0.944,"тонар черпак рыбака ""тонар"" спортивный t-ifs-02 1550737",черпак рыбака спортивный t-ifs-02,материал:металл; тип:черпак,"бренд:нет бренда; материал:металл; страна-изготовитель:россия; тип:аксессуары, оснастка для рыбалки"
confident_contradiction,0,fold_03,Бытовая химия,816043930157,352187353490,0,0.958,0.952,ваше хозяйство / гранулы от муравьев великий воин 150 г,великий воин от муравьев гранулы 150г.,валюта:rub; вид насекомых:муравьи; муравьи садовые; рыжие домашние муравьи; страна производства:россия; тип ловушки:приманка гранулы; форма выпуска:гранулы; порошок; суспензия,бренд:нет бренда; вид вредителя:муравей; единиц в одном товаре:1; тип:средство от насекомых
confident_contradiction,0,fold_04,Хобби и творчество,670015054570,584115714184,0,0.955,0.977,сборная модель корабля звезда крейсер варяг,"звезда (zvezda) / модель сборная/крейсер ""варяг""/военная техника","бренд:zvezda; вес товара, г:300; вид техники:военная; длина модели, см:37; исторический период:новое время; количество элементов, шт:306; комплектация:без клея в комплекте; масштаб модели для сборки:1/350; нация:россия/ссср; страна-изготовитель:россия; тип:сборная модель судна",валюта:rub; высота упаковки:23 см; длина готовой модели:37 см; длина упаковки:7 см; количество элементов:306; комплектация:1 модель; масштаб:1:350; материал изделия:пластик; страна производства:россия; ширина упаковки:48 см
confident_contradiction,0,fold_02,Спорт и отдых,816043910947,120259180656,0,0.965,0.93,"не определен поводок ""струна"", диаметр 0.4 мм, тест 17 кг, 12.5 см, 5 шт.","поводок ""струна"", диаметр 0.4 мм, тест 17 кг, 12.5 см, 5 шт","диаметр поводка:0.4 мм; длина:12.5 см; особенности:жесткий, струнный; разрывная нагрузка:17 кг; тип:поводок",бренд:три кита; страна-изготовитель:россия; тип:поводок для рыбалки
confident_contradiction,0,fold_01,Продукты питания,609885428462,824633799539,1,0.289,0.074,батончик мюсли mindy's с кокосом 35 г (30 штук в упаковке),батончик мюсли mindy's с бананом 35 г (30 штук в упаковке),"бренд:mindy's; вес товара, г:1050; добавки:кокос; единиц в одном товаре:30; максимальная температура:25; минимальная температура:0; не содержит:без гмо; состав:патока, экструдированные злаковые шарики, молоко сгущенное с сахаром), эмульгатор лецитин соевый, антиокислитель , ароматизаторы; срок годно","без сахара:нет; вес, г:1050; глазурь:нет; добавки:бананы; есть оферта на портале поставщиков:да; количество единиц продаж в транспортной упаковке:6; особенность:без гмо без искусственных красителей; срок хранения от даты производства (месяцев):9; страна происхождения:россия; тип упаковки:мягкая; тор"
confident_contradiction,0,fold_01,Детские товары,180388733817,197568623954,0,0.996,0.933,"конструктор сити отпуск в доме на колесах, 10283",geniales / конструктор city - отпуск в доме на колесах,"артикул:10283; бренд:нет бренда; количество элементов, шт:218; максимальный возраст ребенка:до 18 лет; минимальный возраст ребенка:от 5 лет; особенности конструктора:сборная модель; совместим с lego:true; страна-изготовитель:китай; тип:конструктор пластиковый; цвет товара:разноцветный",валюта:rub; высота упаковки:8 см; длина упаковки:28 см; количество элементов:218 элементов; комплектация:конструктор; инструкция; материал изделия:abs-пластик; особенности конструктора:подвижные детали; с фигурками; совместимость конструктора:с lego; страна производства:китай; тренируемые навыки:вни
confident_contradiction,0,fold_03,Красота и гигиена,86082,283467961942,0,0.949,0.959,рецепты бабушки агафьи аптечка агафьи маска-сияние для лица витаминная 100 мл,аптечка агафьи витаминная маска-сияние для лица для всех типов кожи 100мл,беречь от детей:да; бренд:рецепты бабушки агафьи; объем (мл):100 мл; производитель:первое решение ооо; страна производителя:россия; форма выпуска:маска для лица дой пак 100 мл,"бренд:рецепты бабушки агафьи; бьюти-ингредиент:растительный экстракт; единиц в одном товаре:1; область использования:лицо; объем, мл:100; особенности состава:не тестируется на животных; состав:aqua (талая вода) with infusions of vaccinium uliginosum berry extract (экстракт голубики), pyrus communis "
confident_contradiction,0,fold_03,Детские товары,60129695094,44223,0,0.967,0.936,мягкая плюшевая игрушка подушка гусь обнимусь 130 см,гусь обнимусь / мягкая игрушка подушка гусь обнимусь 130 см,"бренд:toy enjoy; вид мягкой игрушки:гусь; высота игрушки, см:130; минимальный возраст ребенка:0 месяцев; пол ребенка:унисекс; тип:мягкая игрушка; цвет товара:белый",валюта:rub; высота упаковки:24 см; длина упаковки:14 см; комплектация:гусь; цвет:белый; ширина упаковки:10 см
confident_contradiction,0,fold_01,Красота и гигиена,309237729765,764504256249,0,0.944,0.928,"dr.ceuracle тонер успокаивающий с центеллой - cica regen 92 toner, 120мл",dr.ceuracle / успокаивающий тонер с центеллой cica regen 92 toner 120ml,"бренд:dr.ceuracle; область использования:лицо; объем, мл:120; пол:женский; состав:centella asiatica extract (92%), prooanediol, 1,2 – hexanediol, ulmus davidiana root extract, amaranthus caudadus seed extract, portulaca oleracea extract, adinidia arguta fruit extract, sodium citrate, adenosine, citr",валюта:rub; действие:питание и укрепление липидного слоя; разглаживание и смягчение кожи; заживляющий и успокаивающий эффект; объем товара:120 мл; состав:центеллы азиатской экстракт; вода; страна производства:республика корея; тип кожи:для жирной кожи; для комбинированной кожи; для проблемной кожи
confident_contradiction,0,fold_03,Электроника,635655220865,335007528201,0,0.966,0.965,nv print / картридж для лазерного принтера nv-mltd111l,nv print (схожий с samsung mlt-d111l) для xpress m2020/m2020w/m2070/m2070w/m2070fw 1800k nv-mltd111l,валюта:rub; вес товара с упаковкой (г):860 г; вид картриджа для принтера:совместимый; высота упаковки:14 см; гарантийный срок:12 мес.; длина упаковки:33 см; количество предметов в упаковке:1; комплектация:картридж; максимальный ресурс:1800 страниц; модель:nv-mltd111l; страна производства:китай; тип ,бренд:nv print; гарантийный срок:1 год; количество цветов:1; комплектация:картридж.; назначение:для лазерного принтера; оригинальность расходника:совместимый; ресурс:1800 страниц при 5% заполнении листа a4; страна-изготовитель:китай; тип:расходник для печати; тип расходного материала для печати:карт
confident_contradiction,0,fold_04,Канцелярские товары,730144600775,25769928186,0,0.932,0.935,"no name краситель ""джинса"" фиолетовый, 10 гр",краска для ткани,бренд:no name; вес:10 г; количество в упаковке:1 шт.; тип:краситель,"бренд:нет бренда; комплектация:краситель ""джинса"" фиолетовый, 10 гр; страна-изготовитель:россия; тип:краска для ткани; цвет товара:фиолетовый"
confident_contradiction,0,fold_04,Канцелярские товары,8589996051,627065288807,0,0.904,0.907,"резак для бумаги роликовый а5, до 3 листов, безопасное лезвие, длина реза 220мм, в блистере","не определен роликовый резак для бумаги а5, до 3 листов, безопасное лезвие, длина реза 220 мм, в блистере",бренд:jef; вид резака:роликовый; комплектация:резак - 1 шт; страна-изготовитель:китай; тип:резак; цвет товара:голубой,длина резки:220 мм; количество разрезаемых листов:3 штук; материал резки:бумага; тип:роликовый
confident_contradiction,0,fold_01,Аптека,326417538301,730144584931,1,0.034,0.122,"астигматические линзы adria o2o2 toric, ежемесячные, sph -7,00, cyl -0,75, ax 010, 6 шт.","контактные линзы adria o2o2 toric, 6 шт., r 8,6, d -6, cyl: -2,25, aх: 180","бренд:adria; влагосодержание, %:45; диаметр, мм:14.2; дней до замены:1 месяц; кислородопропускание, dk/t:75; количество в упаковке:6; материал контактных линз:иннофилкон а; образец цвета:https://cdn1.ozone.ru/s3/multimedia-1-8/6962392484.jpg; оптическая сила:-7.00; особенности контактных линз:уф-фил",вид материала:силикон-гидрогелевые; влагосодержание:45%; диаметр:14.2 мм; кислородопроницаемость:75 dk/t; количество линз в упаковке:6; материал:иннофилкон а; оптическая сила:-6; ось :180; режим ношения:дневной; срок годности:8 лет; срок службы:1 мес.; страна-производитель:корея; тип линз:астигматич
confident_contradiction,0,fold_01,Хобби и творчество,292057873211,773094133471,0,0.956,0.931,"без бренда пуговица костюмная с проколами 32 "" ( 20 мм) № а008 черный, 1 шт. в заказе","пуговица костюмная с проколами 32 "" ( 20 мм) № а008 черный, 1 шт. в заказе",тип:пуговица,"бренд:нет бренда; длина, см:15; единиц в одном товаре:1; количество в упаковке, шт:1; минимальный возраст ребенка:от 3 лет; тип:пуговицы"
confident_contradiction,0,fold_04,Красота и гигиена,652835123838,747324418329,0,0.913,0.962,rexona / антиперспирант стик champions 50 мл,"rexona антиперспирант-стик champions, мужской, 50 мл","валюта:rub; комплектация:дезодорант мужской; антиперспирант мужской; дезодорант стик; антиперспирант стик; дезик; объем товара:50 мл; состав:циклопентасилоксан,алюминий-цирконий тетрахлоргидрекс gly,бутиловый эфир ppg-14; стеариловый спирт,гидрогенизированное касторовое масло,дистеарат пэг-8; тальк,","бренд:rexona; вес товара, г:50; вид дезодоранта:стик; время работы дезодоранта:48 часов; единиц в одном товаре:1; объем, мл:50; особенности состава:без парабенов; пол:мальчики; состав:cyclopentasiloxane, aluminum zirconium tetrachlorohydrex gly, ppg-14 butyl ether, stearylalcohol, hydrogenated casto"
confident_contradiction,0,fold_01,Автотовары,489626354981,231928316946,0,0.962,0.969,mannol масло моторное 10w-40 полусинтетическое 4 л,mannol / масло моторное 10w-40 mannol classic 4л. п/синт,"acea:a3; артикул:8204; бренд:mannol; вид масла:полусинтетическое; вид техники:легковые автомобили; вязкость по sae:10w-40; гарантийный срок:14; двигатель:бензин; допуски oem:mb 229.3; единиц в одном товаре:1; классификация по api:ch-4; объем, л:4; партномер (артикул производителя):7501; размер упако",артикул производителя:7501; валюта:rub; вес с упаковкой (кг):4 кг; высота упаковки:27 см; длина упаковки:23 см; класс вязкости:10w-40; комплектация:масло моторное - 1шт; страна производства:литва; тип моторного масла:полусинтетическое; ширина упаковки:8 см
confident_contradiction,0,fold_04,Электроника,592705616550,82232,0,0.936,0.967,"антенна направленная с гермобоксом 2g/3g/4g mimo, 20дб, kroks kaa20-1700/2700 box (crc9)","kroks / антенна 2g/3g/4g, kroks kaa20-1700/2700 box (crc9)","бренд:kroks; вид антенны:внешняя; гарантийный срок:2 года; интерфейсы:crc9; комплектация:антенна с гермобоксом - 1
кронштейн угловой - 1
кронштейн п-образный - 1
хомут с метизами для крепления на мачту - 1
руководство по эксплуатации - 1
упаковка - 1; коэффициент усиления антенны, dbi:20; направленн",валюта:rub; вес с упаковкой (кг):3.9 кг; вид разъема:crc9; гарантийный срок:2 года; комплектация:антенна kroks kaa20-1700/2700 box; пигтейлы 2 шт; кронштейн угловой; хомут с метизами для крепления на мачту; руководство по эксплуатации (паспорт); упаковка; коэффициент усиления не менее:20 дб; рабочий
confident_contradiction,0,fold_02,Продукты питания,773094162392,850403663635,0,0.923,0.904,tan cuong hoang binh / чай черный листовой black tea - op 100 г,"чай tan cuong hoang binh черный opa (black tea), 100 г",валюта:rub; вес товара без упаковки (г):100 г; вес товара с упаковкой (г):110 г; вид чая:черный; чай черный; вьетнамский черный чай; вкус:классический черный чай; высота упаковки:15 см; длина упаковки:7 см; комплектация:вьетнамский черный чай 1 упаковка 100 гр; максимальная температура хранения:+25 ,"бренд:tan cuong hoang binh; вес товара, г:100; вид чая:черный; единиц в одном товаре:1; максимальная температура:25; минимальная температура:5; не содержит:без гмо; особенности напитков, продуктов питания:вегетарианский продукт; размер чайного листа:крупнолистовой; свойства чая:расслабляющий; содерж"
confident_contradiction,0,fold_01,Электроника,532576081910,154618868440,0,0.966,0.995,most / сетевой фильтр arg 3м (6 розеток) белый,сетевой фильтр most arg 3м (6 розеток) белый,"валюта:rub; вес товара с упаковкой (г):500 г; длина кабеля (м):3 м; доп. опции сетевого фильтра:индивидуальный выключатель; для кухни, гостиной, офиса, дачи; количество гнезд/розеток:6; 4 евро; 2 плоские; комплектация:сетевой фильтр arg 3м (6 розеток) белый; модель:arg; напряжение:220 в; предохранит","бренд:most; длина кабеля питания, м:3; количество розеток, шт:6; тип:сетевой фильтр; цвет товара:белый"
confident_contradiction,0,fold_01,Спорт и отдых,343597472681,197568638529,1,0.272,0.156,"мореман плетеный швартовный конец, 12,7 мм x 7,5 м, желтый/белый (10255174)","плетеный швартовный конец, 12,7 мм x 6 м, темно-серый (10255171)",материал:нейлон; тип:аксессуар для судов; цвет товара:белый,бренд:мореман; страна-изготовитель:китай; тип:прочие аксессуары и комплектующие для судов; цвет товара:серый
confident_contradiction,0,fold_04,Товары для животных,326417614943,206158465876,0,0.946,0.984,"сухой корм дарлинг для взрослых кошек, с мясом и овощами, 1,75 кг",darling корм сухой дарлинг для взрослых кошек с мясом и добавлением овощей 1.75кг,артикул:651010972; бренд:дарлинг; возраст животного:для взрослых; предназначено для:для кошек; срок годности в днях:540; тип:корм сухой,"белки:26.5 ""г""; бренд:darling; вес:1.75 ""кг""; жиры:9.0 ""г""; состав:злаки, продукты переработки растительного сырья, мясо и продукты переработки мяса, животные жиры, минеральные вещества, консерванты, дрожжи, витамины, овощи (высушенный горох), аминокислоты, антиоксиданты """"; страна производства:росс"
confident_contradiction,0,fold_03,Бытовая химия,360777256093,274878002828,0,0.937,0.94,little idea / гель для стирки master fresh color 3л,"master fresh  гель для стирки ""color"", 3000мл",валюта:rub; вес с упаковкой (кг):3 кг; высота упаковки:33 см; длина упаковки:24 см; назначение стирального средства:для цветного; объем товара:3000 мл; страна производства:россия; ширина упаковки:15 см; эффект средства:восстановление цвета; смягчение ткани; удаление пятен,"аромат:свежий; бренд:master fresh; вес товара, г:3000; вид стирки:автоматическая; единиц в одном товаре:1; комплектация:master fresh  гель для стирки ""color""-1 шт; название аромата:свежий; назначение средства для стирки:для цветных тканей; объем, мл:3000; особенности применения:ароматизация; с дозат"
confident_contradiction,0,fold_02,Строительство и ремонт,412316877650,644245111783,0,0.969,0.965,канцелярский нож startul выдвижной 18 мм profi st0939,нож пистолетный с выдвижным лезвием 18мм + 5 лезвий startul profi (st0939),"вес, кг:0,15; выдвижное лезвие:есть; высота, мм:30; длина, мм:220; единица товара:штука; конструкция:выдвижной; материал лезвия:сталь; материал рукояти:пластик; обрезиненная рукоять:да; отделение с запасными лезвиями:есть; складной:нет; форма лезвия:сегментированное; ширина лезвия:18 мм; ширина, мм:",бренд:startul; тип:нож строительно-ремонтный
confident_contradiction,0,fold_01,Строительство и ремонт,395137073722,764504225773,0,0.981,0.952,подвесной светильник g51209/1bk gerhort,gerhort / подвесной светильник g51209/1bk,"бренд:gerhort; вес товара, г:1700; вид ламп:светодиодная; вид питания:от сети 220в; высота, мм:1780; гарантия:1 год; длина, мм:260; единиц в одном товаре:1; защищенность:без защиты; количество ламп, шт:1; количество режимов:1; комната:детская; комплектация:подвесной светильник - 1 шт.; комплектация ","валюта:rub; вес с упаковкой (кг):1.7 кг; вид бра, лампы:светодиодная; вид плафона:стекло; высота предмета:178 см; высота упаковки:33 см; глубина предмета:26 см; длина упаковки:27 см; комплектация:инструкция - 1 шт; люстра потолочная - 1 шт; материал изделия:металл; особенности бра, лампы:0; площадь "
confident_contradiction,0,fold_03,Бытовая химия,781684082138,549755913128,0,0.906,0.953,"таблетки для посудомоечной машины lotta ecolotta all in 1, 30 шт., 0.6 кг, коробка","таблетки для посудомоечных машин lotta all in 1, 30 шт","бренд:lotta; назначение:для мытья посуды; не содержит:агрессивные пав; особенности:растворимая оболочка, с отдушкой; состав:см. на упаковке; средство:таблетки; срок годности:1080 дн.","бренд:lotta; назначение средств для посудомоечных машин:для мытья посуды; с дозатором:нет; состав:цитрат натрия, карбонат натрия, перкарбонат натрия, комплекс растительных н-тензидов, натрия метасиликат, taed, энзимы, поликарбоксилат натрия, краситель пищевой; страна-изготовитель:германия; тип:табле"
confident_contradiction,0,fold_02,Товары для животных,25769854328,309237711868,0,0.913,0.932,"мнямс лакомство для собак ""легкое баранье""","лакомство для собак мнямс легкое баранье, 70 г",бренд:мнямс; возраст животного:для взрослых; предназначено для:для собак; срок годности в днях:365; страна-изготовитель:россия; тип:лакомство,"бренд:мнямс; вкус:баранина, мясо; возраст:1 - 6 лет, до 1 года, от 7 лет; добавки:антиоксиданты, витамины, минеральные вещества; дополнительная информация:в теплом месте; количество в упаковке:1 шт.; назначение:для поощрения, уход за кожей и шерстью, для дрессуры, для игр, для полости рта; норма упо"
confident_contradiction,0,fold_02,Продукты питания,85899486788,807453956585,0,0.909,0.942,увелка / крупа гречневая увелка ядрица отборная 800 г,"увелка крупа гречневая ядрица""экстра""отборная 800гр",валюта:rub; высота упаковки:6 см; длина упаковки:15 см; страна производства:россия; ширина упаковки:9 см,"бренд:увелка; в пакетиках для варки:false; вес товара, г:800; вид гречки:ядрица; время приготовления, мин:15; единиц в одном товаре:1; максимальная температура:20; минимальная температура:5; не содержит:без гмо; особенности напитков, продуктов питания:диетический продукт; содержит:витамины; состав:к"
confident_contradiction,0,fold_04,Аптека,8590060928,661425044428,1,0.167,0.204,cooper vision / линзы астигматические vitality toric +2.00 -0.75 80,"coopervision астигматические линзы avaira vitality toric, 6 шт. , +2.00, 8.5, -1.75, 20, 2 недели ","валюта:rub; влагосодержание:55 %; диаметр мкл:14.5 мм; диапазон рефракций, до:8 d; диапазон рефракций, от:-12 d; количество пар в упаковке:6 шт.; количество предметов в упаковке:6 шт.; комплектация:контактные линзы cooper vision vitality toric pwr:+2.00 cyl:-0.75 ax:80 6 шт в упаковке; коэффициент п","бренд:coopervision; вес товара, г:80; влагосодержание, %:55; диаметр, мм:14.5; дней до замены:2 недели; кислородопропускание, dk/t:93; количество в упаковке:6; материал контактных линз:силикон-гидрогель; оптическая сила:+2.00; особенности контактных линз:силикон-гидрогель; ось (axis):20; радиус крив"
confident_contradiction,0,fold_01,Дом и сад,455266608617,103079308836,1,0.227,0.064,"best favors свеча ароматическая ""абрикос"", 15 см, 1 шт","свеча ароматическая в банке stella fragrance ""cinnamon orange"", соевый воск, 50 гр.","аромат:абрикос; артикул:7030427; бренд:best favors; в подсвечнике:нет; вес товара, г:150; вид выпуска товара:фабричное производство; вид фитиля:хлопковый; высота, см:15; единиц в одном товаре:1; крышка в комплекте:нет; название цвета:разноцветный; особенности свечи:фигурная; подарочная упаковка в ко",в стакане:есть; вес:50 г; высота:5 см; группа ароматов:пряный; диаметр:5.5 см; состав:соевый воск; цвет товара:белый; ширина:5.5 см
confident_contradiction,0,fold_03,Товары для животных,386547082355,137439042521,0,0.966,0.998,"не определен туалет глубокий с сеткой 36 х 25 х 9 см, жёлтый/ярко-зелёный","туалет глубокий с сеткой, ярко-зелёный/жёлтый, 36х25х9 см",высота:9 см; особенности:с решеткой; тип:открытый туалет,"бренд:noname; вес товара, г:381; высота, см:9; комплектация:лоток 36х25х9 см, 1 штука; материал:abs пластик; особенности туалета:с решеткой; предназначено для:для кошек; размеры, мм:360х250х90; страна-изготовитель:россия; тип туалета:открытый; цвет товара:желтый"
confident_contradiction,0,fold_04,Детские товары,300647744651,446676624952,0,0.973,0.912,"развивающий набор ""графические диктанты"", пиши стирай, уровень 1","iq-zabiaka / развивающий набор графические диктанты, пиши стирай",бренд:iq-zabiaka; возрастной диапазон:от 5 до 7 лет; максимальный возраст ребенка:до 18 лет; материал:картон; минимальный возраст ребенка:от 3 лет; пол ребенка:унисекс; страна-изготовитель:китай; тип:обучающая игра,валюта:rub; вид профессии:настольно-печатные; страна производства:китай
confident_contradiction,0,fold_03,Товары для животных,498216239869,747324322745,0,0.909,0.974,игрушка для кошек gigwi -мышка с кошачей мятой 10 см,"gigwi / gigwi игрушка для кошек мышка с кошачей мятой, 10 см",бренд:gigwi; вид игрушки для животных:мягкая (текстильная); возраст животного:для взрослых; единиц в одном товаре:1; количество игрушек в одной упаковке:1; комплектация:игрушка; материал:искусственный мех; назначение игрушки:для отвлечения во время отсутствия хозяина; особенности игрушки:с запахом; ,валюта:rub; комплектация:1 шт; страна производства:китай
confident_contradiction,0,fold_04,Детские товары,627065253909,738734485270,0,0.933,0.908,игровой набор abtoys боевая сила военная техника с фигуркой и аксессуарами,abtoys (абтойс) / игровой набор abtoys боевая сила военная техника с фигуркой и аксессуарами pt-01235,бренд:нет бренда; вид сюжетно-ролевой игрушки:профессии; максимальный возраст ребенка:до 10 лет; минимальный возраст ребенка:от 1 года; пол ребенка:унисекс; страна-изготовитель:китай; тип:сюжетно-ролевые игрушки,валюта:rub; вес с упаковкой (кг):0.53 кг; высота упаковки:26 см; длина упаковки:38 см; комплектация:набор - 1 шт.; материал игрушки:полимерные материалы; страна производства:китай; ширина упаковки:8 см
confident_contradiction,0,fold_01,Строительство и ремонт,652835173672,790274074241,0,0.976,0.974,"huter / мойка высокого давления, автомойка, минимойка huter m135-hp",мойка высокого давления huter m135-hp,валюта:rub; вес с упаковкой (кг):7.5 кг; всасывание воды из емкости:есть; высота упаковки:46 см; гарантийный срок:1 год; длина упаковки:26 см; длина шланга:5 м; комплектация:пистолет-распылитель - 1 шт; форсунки - 2 шт; пеногенератор - 1 шт; шланг высокого давления - 1 шт; гарантийный талон - 1 шт; ,"бренд:huter; вес товара, г:7200; гарантия:1 год; длина шланга, м:5; комплектация:мойка, шланг высокого давления, пистолет-распылитель, пеногенератор, пенная насадка, инструкция, упаковка; макс температура воды, °с:50; максимальное давление, кпа:13500; мощность, вт:1650; на колесах:да; партномер:m135"
confident_contradiction,0,fold_02,Хобби и творчество,223338399922,670015004643,0,0.991,0.952,"игрушка механическая ""овал"", 6х6 см","no name игрушка механическая «овал», 6х6 см",артикул:2260239; бренд:нет бренда; вид выпуска товара:фабричное производство; возраст ребенка:от 3 лет; материал:пластик; минимальный возраст ребенка:от 3 лет; страна-изготовитель:китай; тип:головоломка,тип:головоломка
confident_contradiction,0,fold_02,Хобби и творчество,146028928335,403727003607,0,0.996,0.957,"лесная мастерская конструктор деревянный «робот», 29 деталей","конструктор деревянный ""робот"", 29 деталей",количество деталей:29 шт.; материал:дерево,бренд:лесная мастерская; страна-изготовитель:россия; тип:деревянная модель
confident_contradiction,0,fold_02,Товары для животных,438086793189,369367228756,1,0.288,0.04,"brit / premium пауч для кошек (кусочки в желе) форель, 85г х 14шт","паучи (влажный корм) brit premium cat для взрослых кошек, тунец в желе, 85г х 14шт",валюта:rub; вес одного предмета (г):1254 г; вид вкуса корма:форель; вид животного:кошки; возраст животного:взрослые (1 - 7 лет); высота упаковки:15 см; длина упаковки:10 см; класс корма:премиум; количество предметов в упаковке:14; назначение корма:отсутствуют; основной вкус корма:форель; размер живо,"бренд:brit; вес товара, г:1190; вкус корма для животных:тунец; возраст животного:для взрослых; единиц в одном товаре:14; класс корма:премиум; комплектация:1 упаковка - 14 паучей; консистенция корма для животных:кусочки в желе; минеральные вещества:витамин d3 250 ме, витамин е 100 мг, цинк 10 мг, мар"
confident_contradiction,0,fold_01,Бытовая техника,687194843395,704374731512,0,0.933,0.908,лопатка(тестомешалка) для хлебопечи panasonik sd-2510wts,технохелп / лопатка для хлебопечек panasonic sd-2510wts,"бренд:технохелп; количество в упаковке, шт:1; тип:запчасть для хлебопечки",валюта:rub; вес товара без упаковки (г):200 г
confident_contradiction,0,fold_01,Товары для животных,352187398438,463856488460,0,0.975,0.976,"сухой корм для щенков и молодых собак маленьких пород brit premium dog puppy and junior small, курица, 1 кг","корм brit premium dog puppy and junior small для щенков и молодых собак, с курицей 1 кг","артикул:5049875; бренд:brit; вес товара, г:1000; вкус корма для животных:курица; возраст животного:для маленьких; единиц в одном товаре:1; основной ингредиент:птица; предназначено для:для собак; размер животного:малый; состав:дегидрированное мясо курицы , пшеница, кукуруза, жир куриный, глютен кукур",бренд:brit; вкус:курица; возраст животного:щенки (до 1 года); класс ингредиентов:премиум; основной ингредиент:птица; размер породы:мелкие породы; тип корма:сухой
confident_contradiction,0,fold_02,Товары для животных,730144597067,601295567712,1,0.143,0.251,"alphapet wow superpremium сухой корм для стерилизованных кошек, c цыпленком - 7 кг",alphapet / alphapet superpremium корм для котят цыпленок 7кг х 5шт,"артикул:tsb00057175; бренд:alphapet; вес товара, г:7000; вкус корма для животных:цыпленок; возраст животного:для взрослых; единиц в одном товаре:1; класс корма:супер-премиум; комплектация:мешок 1 шт; основной ингредиент:птица; особые потребности:кастрированным и стерилизованным; порода кошки:для люб",валюта:rub; высота упаковки:38 см; длина упаковки:14 см; ширина упаковки:51 см
confident_contradiction,0,fold_01,Хобби и творчество,34359876853,807453922594,0,0.918,0.902,"арт узор / ручка для сумки, 55 см, цвет золотой","ручка для сумки, 55 см, цвет золотой",валюта:rub; комплектация:ручка для сумки-1шт.; материал изделия:искусственная кожа; металл; страна производства:китай; цвет:золотистый,бренд:нет бренда; материал:металл; тип:ручка для сумки; цвет товара:золотой
confident_contradiction,0,fold_04,Товары для животных,498216316273,798864004684,0,0.949,0.941,"сухой корм pro plan для щенков средних пород с чувствительным пищеварением, с высоким содержанием ягненка, пакет, 3 кг х 1 шт","pro plan / корм для средних щенков sensitive digestion, ягненок 3кг","артикул:124501142; бренд:pro plan; вес товара, г:3000; вкус корма для животных:ягнёнок; возраст животного:для маленьких; единиц в одном товаре:1; предназначено для:для собак; состав:ягненок (20%), сухой белок птицы, кукуруза, рис, соевая мука, животный жир, высушенная мякоть свеклы, гидролизат белко",валюта:rub; вес товара без упаковки (г):3000 г; вид вкуса корма:мясо; вид животного:для собак; возраст животного:маленькие; высота упаковки:10 см; длина упаковки:40 см; класс корма:супер-премиум; премиум; количество предметов в упаковке:1 шт.; комплектация:1 упаковка; назначение корма:с заболеваниям
confident_contradiction,0,fold_03,Музыкальные инструменты,816043872075,343597405654,0,0.92,0.971,dunlop / 518rjprd primetone® john petrucci signature набор медиаторов,медиатор dunlop 518rjprd primetone john petrucci signature,валюта:rub; количество предметов в упаковке:12; модель:518rjprd; страна производства:сша,"бренд:dunlop; вес товара, г:20; вид музыкального аксессуара:медиатор; количество в упаковке, шт:12; комплектация:медиатор1 - 2 шт; материал муз. инструмента/аксессуара:пластик; назначение муз. аксессуара:для акустической гитары; партномер:518rjprd; страна-изготовитель:сша; тип:аксессуар для струнных"
confident_contradiction,0,fold_04,Мебель,231928246277,77309456167,0,0.928,0.974,кроватка для новорожденных колесо-качалка pituso noli мишутка,детская кроватка pituso noli колесо-качалка мишутка белый,"артикул:id070210; бренд:pituso; вид выпуска товара:фабричное производство; вид кровати:качалка; вид основания:ортопедические ламели; высота, см:109; длина спального места, см:120; длина, см:125; макс. нагрузка, кг:15; материал корпуса:береза; матрас в комплекте:нет; минимальный возраст ребенка:0 мес","в комплекте:силиконовые накладки; вес:18.3 кг; вес в транспортной упаковке:20 кг; габариты транспортной упаковки:80.50х124х17 см; длина аксессуара:125 см; для матраса размером:60x120 см; дно:жесткое; качание:на полозьях; колеса:есть, со стопором; материал:дерево (береза); особенности:колеса, опускаю"
confident_contradiction,0,fold_04,Хобби и творчество,249108174104,120259169110,0,0.96,0.979,"набор для росписи керамической кружки ""девочка с пони"", 300 мл",без бренда набор для росписи керамической кружки «девочка с пони» 300 мл,бренд:нет бренда; тип:набор для росписи,материал:керамика; предмет росписи:кружка; рекомендуемый возраст:от 5 лет; тип:набор; цвет товара:белый
confident_contradiction,0,fold_03,Музыкальные инструменты,8590063493,807453948554,1,0.14,0.151,"d'andrea tpg351 .71md - медиатор гитарный (упаковка), 12 шт., 0.71 мм, средний",d'andrea rg351 .96hv медиатор гитарный (упаковка) количество: 72 шт. материал: целлулоид толщин,"бренд:d'andrea; вид музыкального аксессуара:медиатор; количество в упаковке, шт:12; материал муз. инструмента/аксессуара:пластик; назначение муз. аксессуара:для электрогитары; тип:аксессуар для струнных",в комплекте:72 шт.; тип:аксессуар для струнных
confident_contradiction,0,fold_04,Хобби и творчество,149677,644245177847,0,0.905,0.915,"woodlandtoys / магнитная рыбалка ""ёлочка"", деревянная игра с удочкой","развивающая игра, головоломка. магнитная рыбалка ""ёлочка""","валюта:rub; комплектация:размер упаковки: 19,5х1,5х26,5 см; страна производства:россия",артикул:4276234; бренд:лесная мастерская; вид выпуска товара:фабричное производство; возраст ребенка:от 3 лет; единиц в одном товаре:1; материал:дерево; минимальный возраст ребенка:от 3 лет; страна-изготовитель:россия; тип:головоломка; упаковка:пленка
confident_contradiction,0,fold_02,Хобби и творчество,128849061237,51539689439,1,0.147,0.293,"tulip спицы круговые knina swivel 6мм/40см, бамбук, натуральный, tulip, ks-400600","спицы круговые ""knina swivel"" 4мм/40см, бамбук, натуральный, tulip, ks-400400","дополнительная информация:спицы круговые ""knina swivel"", tulip, япония. вязание никогда не было таким легким как с бамбуковыми спицами knina swivel от tulip. новый дизайн, подвижная леска у основания спицы прокручивается на 360гр., что позволяет исключить скручивание вязанного полотна и самой лески.","бренд:tulip; вид спиц:круговые; диаметр спиц, мм:4; длина, см:40; количество в упаковке, шт:2; комплектация:2 шт; материал:бамбук; название цвета:цвет дерева бамбук; страна-изготовитель:япония; тип:спицы для вязания; цвет товара:бежевый"
confident_contradiction,0,fold_03,Детские товары,687194796510,142708,0,0.943,0.936,"крошка я / книжка для ванной ""транспорт би-бип""",книжка для ванны транспорт би-бип,валюта:rub; комплектация:книжка для ванной - 1 шт; страна производства:китай,бренд:нет бренда; максимальный возраст ребенка:до 18 лет; минимальный возраст ребенка:от 3 лет; пол ребенка:унисекс; тип:игрушка для ванной
confident_contradiction,0,fold_04,Строительство и ремонт,128849111653,489626369619,1,0.161,0.094,югсталь шпилька крепежная 10 x 400 мм 5 шт,шпилька крепежная,диаметр:10; длина:400; количество в упаковке:5; фасовка:штука,"бренд:нет бренда; диаметр, мм:8; длина, мм:500; единиц в одном товаре:5; класс прочности крепежа:4.8; материал:оцинкованная сталь; назначение:универсальный; страна-изготовитель:россия; тип:шпилька крепежная"
confident_contradiction,0,fold_03,Канцелярские товары,755914290755,721554508891,1,0.22,0.296,этикетки самоклеящиеся promega label 18х12 мм/230шт. на листе а4 100 листов в упаковке,"этикетки самоклеящиеся promega label серебристые, 45,7x21,2мм,48шт на лис а",дополнительная информация:500 этик. на листе.; количество листов:100 шт.; особенности:самоклеющаяся; плотность:70 г/м²; фасовка:лист; формат:a4; цвет товара:белый,бренд:mivis; единиц в одном товаре:1; страна-изготовитель:россия; тип:этикетка
confident_contradiction,0,fold_03,Спорт и отдых,257698139092,343597413058,1,0.278,0.173,"grfish grfish, воблер 75f-sr, l24","daiwa, воблер s hunter 3 9f, l.inako",вес:11 г; вид:минноу; вид ловли:спиннинговая; длина:75 мм; плавучесть:плавающий (floating); тип:воблер; цвет товара:l24,"бренд:daiwa; вес, г:8.5; вид воблера:минноу (minnow); единиц в одном товаре:1; кол-во в комплекте, шт:1; количество упаковок, шт:1; макс. заглубление, м:1; название цвета:l.inako; плавучесть:плавающий (floating); тип:воблер"
confident_contradiction,0,fold_04,Бытовая техника,257698116302,85899501538,0,0.969,0.974,"korting стиральная машина kwm 42ls1267, белый",стиральная машина korting kwm 42ls1267,"безопасность:защита от детей; бренд:korting; вес, кг:70.5; вид стиральной машины:автоматическая; высота, см:84.5; гарантийный срок:12 мес.; глубина, см:41.6; дозагрузка белья:нет; загрузка белья, кг:6; инверторный двигатель:да; класс отжима:b; класс стирки:a; класс энергопотребления:a+++; количество",гарантийный срок:1 г.
confident_contradiction,0,fold_02,Бытовая химия,515396182086,489626365895,0,0.982,0.981,"кондиционер для белья chirton ""цветущая скандинавия"", 2 л./в упаковке шт: 1","chirton кондиционер-ополаскиватель для белья цветущая скандинавия, 2000 мл","аромат:цветочный; бренд:chirton; вес:2 кг; дополнительная информация:использовать только по назначению! не допускать попадания в глаза! при попадании в глаза промыть их большим количеством воды! не глотать! беречь от детей! хранить отдельно от пищевых продуктов, в плотно закрытой упаковке, в недосту","аромат:цветочный; артикул:xbt4670013302239; бренд:chirton; единиц в одном товаре:1; комплектация:chirton кондиционер-ополаскиватель для белья цветущая скандинавия, 2000 мл - 1 шт; название аромата:цветочный, свежий; назначение средства для стирки:для цветных тканей; объем, мл:2000; особенности приме"
confident_contradiction,0,fold_04,Хобби и творчество,575525747049,240518268068,0,0.943,0.965,"кубики игральные 1.6х1.6 см, набор 2 шт., пластик","без бренда кубики игральные 1.6х1.6 см, набор 2 шт, пластик",бренд:нет бренда; вид выпуска товара:фабричное производство; вид настольной игры:в подарок; тип:настольная игра,материал:пластик; тип:настольная игра; тип аксессуара:кубики
confident_contradiction,0,fold_04,Бытовая химия,670014904676,60129707281,0,0.98,0.97,"sanfor / чистящее средство 750 г, sanfor wc gel (санфор гель)","чистящее средство 750 г, sanfor wc gel (санфор гель) ""special black"", 1896  ","валюта:rub; вес товара с упаковкой (г):821 г; высота упаковки:9 см; длина упаковки:31 см; комплектация:чистящее средство 750 г, sanfor wc gel (санфор гель) special black, 1896; страна производства:россия; ширина упаковки:19 см","артикул:1600007981; бренд:sanfor; единиц в одном товаре:1; назначение моющего, чистящего средства:универсальное; объем, мл:750; состав: менее 5% неионогенные пав, ароматизирующие добавки, активные минералы, мраморная мука.; страна-изготовитель:россия; тип:универсальное чистящее средство; форма выпус"
confident_contradiction,0,fold_04,Детские товары,721554506270,764504338038,0,0.922,0.982,машинка металлическая uni-fortune rmz city 1:64 mercedes-benz c63 s amg coupe 2019,машинка металлическая uni-fortune rmz city 1:64 mercedes-benz c63 s amg coupe 2019,количество машинок:1 шт.; марка:mercedes-benz; особенности:коллекционная; срок службы:3 г.; тип:машинка,"бренд:нет бренда; вид транспорта:масштабные модели; длина, см:9; масштаб модели:1/64; материал:металл; страна-изготовитель:китай; тип:машинка"
confident_contradiction,0,fold_04,Красота и гигиена,566935805387,309237811697,0,0.949,0.992,"тоник для лица сто рецептов красоты освежающий, увлажнение и свежесть, 250 мл (67972740)","тоник для лица сто рецептов красоты освежающий ""увлажнение и свежесть"", 250 мл",область нанесения:лицо; объем:250 мл; средство:тоник; эффект:увлажнение,"бренд:сто рецептов красоты; область использования:лицо; пол:женский; состав:тоник для лица сто рецептов красоты освежающий ""увлажнение и свежесть"", 250 мл; тип:набор косметики для ухода за кожей; тип кожи:для всех типов кожи; целевая аудитория:взрослая"
confident_contradiction,0,fold_01,Строительство и ремонт,120259230217,472446475172,0,0.954,0.915,"переключатель 1-клавишный quteo, открытый монтаж, слоновая кость 782234 legrand","legrand / переключатель 1-клавишный quteo, 782234 legrand","бренд:нет бренда; вес с упаковкой, г:631; высота товара в упаковке, мм:29; длина товара в упаковке, мм:165; тип:розетка; ширина товара в упаковке, мм:60",валюта:rub; комплектация:1 шт; страна производства:франция
confident_contradiction,0,fold_04,Красота и гигиена,214748442259,68719596757,1,0.24,0.271,прокладки ежедневные naturella normal с ароматом ромашки 52 шт,naturella 208 шт ежедневные лайт ромашка прокладки,вес:240.0 г; вид упаковки:картонная коробка; добавки:экстракт ромашки; количество в упаковке:52 шт; производитель:the procter &amp; gamble company; размер:52 шт; срок хранения:3 г; страна:германия; тип изделия:прокладки; тип прокладок:ежедневные; штук в упаковке:1,"бренд:нет бренда; вид гигиенических прокладок:дневные; количество в упаковке, шт:208; количество капель:1; особенности прокладок:без крылышек; страна-изготовитель:россия; тип:прокладки ежедневные; цвет товара:белый"
confident_contradiction,0,fold_03,Детские товары,94489400402,395137034093,0,0.948,0.935,"без бренда набор детской бамбуковой посуды «коровка», тарелка, миска, стакан, приборы, 5 предметов","набор детской бамбуковой посуды ""коровка"", тарелка, миска, стакан, приборы, 5 предметов",особенности:можно мыть в посудомоечной машине; тип:комплект посуды,"бренд:нет бренда; количество предметов в наборе:5; комплектация:набор детской бамбуковой посуды ""коровка"", тарелка, миска, стакан, приборы, 5 предметов, 1 набор.; материал:бамбук; особенности детской посуды:можно греть в микроволновой печи; пол:девочки; пол ребенка:унисекс; страна-изготовитель:китай"
confident_contradiction,0,fold_03,Дом и сад,309237724947,575525768753,1,0.155,0.171,"best favors свеча ароматическая ""абрикос"", 15 см, 1 шт","не определен свеча-цилиндр ароматическая витая ""гардения жасминовидная"", 7,5х10 см","аромат:абрикос; артикул:9667587; бренд:best favors; в подсвечнике:нет; вес товара, г:150; вид выпуска товара:фабричное производство; вид фитиля:хлопковый; высота, см:15; единиц в одном товаре:1; крышка в комплекте:нет; название цвета:разноцветный; особенности свечи:фигурная; подарочная упаковка в ко",высота:10 см; диаметр:7.5 см; форма:цилиндрическая
confident_contradiction,0,fold_02,Красота и гигиена,223338415790,42949731439,0,0.931,0.98,"без бренда дезодорант-антиперспирант спрей мужской rexona кобальт, 150 мл","rexona антиперспирант спрей men кобальт, 150 мл",объем:150 мл; средство:антиперспирант,бренд:rexona; вид дезодоранта:спрей; тип:дезодорант
confident_contradiction,0,fold_02,Красота и гигиена,515396170601,764504351437,0,0.947,0.987,"swiss image крем для лица антивозрастной уход 26+, дневной, против первых признаков старения, 50 мл",крем для лица swiss image антивозрастной уход дневной 26+ (против первых признаков старения) 50 мл,область нанесения:лицо; объем:50 мл; средство:крем; срок годности:24 мес.; эффект:омоложение,"бренд:swiss; область использования:лицо; объем, мл:50; состав:aqua/[water]*, caprylic/capric triglyceride, cetearyl alcohol, prunus amygdalus dulcis oil/[prunus amygdalus dulcis (sweet almond) oil], glyceryl stearate citrate, cyclopentasiloxane, ethylhexyl methoxycinnamate, propanediol, theobroma ca"
confident_contradiction,0,fold_02,Хобби и творчество,833223788962,549755962927,0,0.901,0.917,"декоративная арт узор с бусинами, 13 мм, 4,5 ± 0,5 м, цвет белый","лента декоративная с бусинами, 13 мм, 4,5 -0,5 м, цвет белый","артикул производителя:7435764; бренд:арт узор; длина, см:450; код товара:100063890410; материал:смесовая ткань; страна-производитель:китай; тип:; узор:нет; цвет:белый; ширина, см:1,3",бренд:арт узор; страна-изготовитель:китай; тип:лента; цвет товара:белый
confident_contradiction,0,fold_03,Хобби и творчество,197568590257,412316935139,0,0.909,0.925,"лесная мастерская квадраты никитина 1 уровень, 6 квадратов","квадраты никитина 1 уровня, 6 квадратов (бизиборды)",головоломка:головоломка-пазл; материал:дерево; минимальный возраст:от 3 лет,артикул:5167714; бренд:нет бренда; вид выпуска товара:фабричное производство; вид головоломки:объемные пазлы и фигуры; возраст ребенка:от 3 лет; минимальный возраст ребенка:от 3 лет; страна-изготовитель:россия; тип:головоломка; цвет товара:разноцветный
confident_contradiction,0,fold_03,Детские товары,721554625036,68719544303,0,0.942,0.928,юла карусель зефир,стеллар / юла-карусель зефир,"бренд:stellar; высота игрушки, см:24; гарантийный срок:10 дней; для групповых занятий и детских садов:нет; дополнительные функции:развивающая; количество элементов, шт:1; комплектация:юла-карусель.; максимальный возраст ребенка:до 5 лет; материал:пластик; минимальный возраст ребенка:6 месяцев; назва",валюта:rub; высота упаковки:24 см; длина упаковки:24 см; комплектация:юла-карусель; материал игрушки:полистирол; страна производства:россия; ширина упаковки:30 см; эффекты:крутится
confident_contradiction,0,fold_03,Детские товары,223338346876,77309491403,0,0.926,0.975,"набор игровой ""мини касса"" с аксессуарами, световые и звуковые эффекты / 3826583","zabiaka набор игровой «мини касса» с аксессуарами, световые и звуковые эффекты","бренд:zabiaka; вид профессии:продавец; вид сюжетно-ролевой игрушки:игрушечный магазин; высота игрушки, см:7; дополнительные функции:говорящая; количество батареек:2; количество элементов, шт:28; максимальный возраст ребенка:до 10 лет; материал:бумага; минимальный возраст ребенка:от 3 лет; пол ребенк","минимальный возраст:от 3 лет; питание:от батареек; тип:касса; эффекты:звук, свет"
confident_contradiction,0,fold_04,Красота и гигиена,850403637682,764504215931,0,0.928,0.963,"splat / зубная паста splat отбеливание плюс для безопасного отбеливания и защиты эмали, 100 мл",зубная паста splat отбеливание плюс 100 мл (4603014001061),валюта:rub; возрастные ограничения:для взрослых; для детей старше 14; для подростков; действие пасты:безопасное отбеливание; защита эмали; срок годности:36мес; страна производства:россия,"бренд:splat; состав:вода, гидрогенизированный гидролизат крахмала, гидратированный диоксид кремния, нитрат калия, дигидрат дикальцийфосфата, пэг-8, пирофосфат кальция, пентатрийтрифосфат, ароматизатор, кокос-сульфат натрия, целлюлозная камедь, монофторфосфат натрия, ci 77891, лауроилсаркозинат натри"
confident_contradiction,0,fold_04,Продукты питания,429496807388,652835038884,1,0.211,0.103,"лимонад калинов апельсин, 1.5 л, 6 шт.","лимонад калинов ""манго"", 6 шт по 1,5 л","бренд:калинов; вкус и добавки:классический; количество в упаковке:6; напиток:лимонад; не содержит:сахар; объем:1.5; содержит:сахарозаменитель; состав:подготовленная артезианская вода, сахар, регулятор кислотности лимонная кислота, ароматизаторы (содержат красители тартразин, желтый ""солнечный закат""","бренд:лимонад калинов; вкус (лимонад):манго; единиц в одном товаре:6; максимальная температура:25; минимальная температура:0; название вкуса:манго; не содержит:без гмо; объем, мл:1500; особенности напитков, продуктов питания:низкое содержание кислоты; содержит:сахар; состав:вода питьевая подготовлен"
confident_contradiction,0,fold_04,Строительство и ремонт,764504263774,420906930769,0,0.94,0.993,замок навесной fuaro (фуаро) pl-protec-3075 3 ключа,fuaro / замок навесной fuaro pl-protec-3075 3 ключа блистер,"бренд:fuaro; вес товара, г:785; вид замка:навесной; высота, мм:58; гарантия:1 год; диаметр дужки, мм:12; единиц в одном товаре:1; количество ключей, шт:3; материал:чугун; страна-изготовитель:китай; тип:замок; ширина, мм:75",валюта:rub; страна производства:китай
confident_contradiction,0,fold_03,Строительство и ремонт,489626426486,816043923940,0,0.911,0.918,"пуфас / краска фасадная белая основа a морозостойкая 10л=15,8кг фк","пуфас краска фасадная белая decoself основа a мороз. (10л-15,8кг) фк",валюта:rub,"аэрозоль:нет; базис:a; бренд:pufas; вес товара, г:15800; вес, кг:15.8; вид краски:гладкая; возможность колеровки:да; время высыхания, часов:6; единиц в одном товаре:1; комплектация:1 шт; макс. температура эксплуатации, с°:35; материал основания:бетон; назначение:декоративное; область применения сост"
confident_contradiction,0,fold_02,Товары для животных,730144495885,755914351724,0,0.932,0.958,"сухой корм alleva holistic adult dog medium chicken & duck беззерновой для взрослых собак средних пород с курицей, уткой, алоэ вера и женьшенем (2 кг)","alleva / корм холистик для собак средних пород, 2 кг","артикул:1019551; бренд:alleva; вес товара, г:2000; вкус корма для животных:мясо; возраст животного:для взрослых; особенности:без гмо; предназначено для:для собак; размер животного:средний; срок годности в днях:365; страна-изготовитель:италия; тип:корм сухой; условия хранения:в сухом затемненном пров",валюта:rub; вес товара без упаковки (г):2000 г; вес товара с упаковкой (г):2000 г; вид вкуса корма:птица; вид животного:для собак; возраст животного:для взрослых; высота упаковки:15 см; длина упаковки:20 см; количество предметов в упаковке:1; комплектация:1 пакет с кормом; основной вкус корма:курица
confident_contradiction,0,fold_01,Бытовая химия,43524,197568521379,1,0.222,0.015,"средство для мытья ""умка"", для детской посуды, 1 л","умка жидкое средство для стирки ""умка"", гель, для стирки детского белья, 1 л","артикул:6531614; бренд:нет бренда; состав:≥30% очищенная вода; ≥5%, но &lt;15% анионные пав; &lt;5%: неионогенные пав, хлорид натрия, лимонная кислота, ароматизирующая добавка, метилхлороизотиазолинон, метилизотиазолинон, краситель.; тип:средство ручного мытья посуды","аромат:без отдушки; бренд:умка; вес:1 кг; дополнительная информация:гель для стирки детского белья может использоваться в жесткой воде. не содержит фосфатов, оптических отбеливателей, искусственных красителей и синтетических ароматизаторов.; количество в упаковке:1 шт.; количество стирок:40 шт.; кол"
confident_contradiction,0,fold_02,Бытовая техника,515396211223,549755820565,0,0.969,0.973,indesit холодильник itr 4160 e,indesit / холодильник itr 4160 e,бренд:indesit; страна-изготовитель:россия; тип:холодильник,валюта:rub; вес с упаковкой (кг):64.9 кг; время сохранения холода при отключении питания:14 час; встраиваемая техника:отдельностоящая; высота упаковки:65 см; гарантийный срок:12 месяцев; глубина предмета:64 см; длина упаковки:71 см; зона свежести:нет; класс энергопотребления:класс а; климатический к
confident_contradiction,0,fold_03,Музыкальные инструменты,369367270142,773094207588,0,0.961,0.928,классическая гитара 3/4 flight c-120 na 3/4,"flight c-120 na 3/4, классическая гитара",бренд:flight; кейс в комплекте:0; код товара:100026262606; количество ладов:18; количество струн:6; крепление грифа:вклеенный; материал грифа:красное дерево; материал корпуса:ель; сапеле; материал накладки грифа:палисандр; материал топа:ель; мензура:590; ориентация:правосторонняя; цвет:натуральный; ,"бренд:flight; вес товара, г:1740; количество ладов, шт.:18; количество струн:6; комплектация:гитара в картонной коробке; крепление грифа:вклеенный; материал грифа:красное дерево; материал корпуса/верхней деки:ель; материал накладки грифа:палисандр; материал нижней деки:сапеле; материал обечайки:сапе"
confident_contradiction,0,fold_01,Канцелярские товары,429496799582,481036475722,0,0.98,0.963,"globen / глобус физический рельефный,210 мм","глобус физический рельефный, 210 мм","валюта:rub; высота упаковки:24 см; длина упаковки:24 см; комплектация:глобус физический рельефный,210 мм - 1шт; материал изделия:пластик; страна производства:россия; тип глобуса:физический; ширина упаковки:24 см","бренд:globen; вид глобуса:физический; возраст учащегося:без ограничения; диаметр глобуса, см:21; материал подставки:пластик; страна-изготовитель:россия; тип:глобус; управление со смартфона:нет; цвет товара:разноцветный"
confident_contradiction,0,fold_01,Бытовая химия,506806259140,549755925688,0,0.989,0.999,"блок для очищения унитаза domestos power 5 trio «ледяная магнолия», 3 шт. по 55 г","блок для унитаза domestos power 5 trio ледяная магнолия, защита от микробов и налета, 55 г 3 шт.","аромат:магнолия; бренд:domestos; вес:55 г; назначение:для унитаза; средство:гигиенический блок; эффект:защита, придание блеска","аромат:магнолия; артикул:15008; бренд:domestos; вес товара, г:55; единиц в одном товаре:3; комплектация:3 блока; название аромата:ледяная магнолия; назначение чистящего средства для ванной и туалета:для унитаза; особенности применения:антибактериальный эффект; страна-изготовитель:польша; тип:средств"
confident_contradiction,0,fold_01,Товары для животных,764504299517,429496866447,1,0.287,0.182,"usond двойная миска для собак usond, металл, сталь, серебристый, 2 шт по 0,75 л","юсонд мм-016 подставка квадратная+металлические миски 1,5л напольная","бренд:usond; вид животного:собаки; вид миски:двойная миска; код товара:100024132175; материал:металл; сталь; общий объем, в литрах:1.5; объем одной миски, в литрах:0.75; особенности:со штативом; размер животного:средний; форма:круг; цвет:серебристый","артикул:00-00011176; бренд:нет бренда; вес товара, г:1000; вид миски:одинарная; гарантийный срок:365; единиц в одном товаре:1; предназначено для:для кошек; тип:миска для животных; упаковка:пакет; цвет товара:разноцветный"
confident_contradiction,0,fold_02,Музыкальные инструменты,661425062297,618475427311,1,0.139,0.161,электрогитара bosstone sg-04hh bk+bag,электрогитара,"инкрустация:в виде точек; количество ладов:22; количество струн:6; комплектация:гитара; материал грифа:клен; материал корпуса:платан; мензура:25.5""; ориентация:правосторонняя; отделка:глянцевая; производитель звукоснимателей:изготовитель гитары; радиус накладки:355 мм; размер ладов:-; регуляторов гр","бренд:chla; вес товара, г:5500; вид бас-гитары:электроакустическая; вид колков:открытые; звукосниматели:активный пикап; количество ладов, шт.:2; количество струн:6; комплектация:электрогитара, шнур питания; материал грифа:павловния (адамово дерево); материал корпуса/верхней деки:павловния (адамово д"
confident_contradiction,0,fold_02,Музыкальные инструменты,498216243678,635655240888,0,0.918,0.941,flight / f-230c na фолк гитара с вырезом,flight f-230c na - гитара акустическая шестиструнная,валюта:rub; высота упаковки:13 см; длина упаковки:104 см; количество ладов:21 шт.; количество струн инструмента:6 шт.; страна производства:китай; ширина упаковки:47 см,бренд:flight; вид обмотки струн:круглая; гарантийный срок:12 месяцев при соблюдении правил хранения и эксплуатации; материал струн:бронза; образец цвета:https://cdn1.ozone.ru/s3/multimedia-0/6693617088.jpg; тип:акустическая гитара; тип бриджа:фиксированный
confident_contradiction,0,fold_04,Спорт и отдых,352187357435,369367299246,0,0.979,0.902,воблер tsuyoki chef sr 40f silent 172,tsuyoki / воблер tsuyoki chef sr 40f silent #172 5гр,"бренд:нет бренда; вес, г:5; длина, см:4; единиц в одном товаре:1; кол-во в комплекте, шт:1; количество упаковок, шт:1; макс. заглубление, м:0.8; мин. заглубление, м:0.4; название цвета:172; плавучесть:плавающий (floating); тип:воблер",валюта:rub; длина предмета:4 см; комплектация:воблер- 1 шт; тройник- 2 шт; плавучесть:плавающие (floating); страна производства:китай
confident_contradiction,0,fold_01,Детские товары,592705632302,438086748398,0,0.946,0.947,"басик и ко / игрушка ""ли-ли в розовом платье с люрексом"", 24 см",мягкая игрушка budi basa кошка ли-ли в розовом платье с люрексом 24 см,"валюта:rub; вес товара с упаковкой (г):403 г; высота упаковки:16 см; длина упаковки:32 см; материал игрушки:искусственный мех, синтепон; страна производства:россия; цвет:белый; ширина упаковки:17 см",бренд:budi basa; минимальный возраст ребенка:от 3 лет; пол ребенка:унисекс; страна-изготовитель:россия; тип:мягкая игрушка
confident_contradiction,0,fold_03,Товары для животных,695784759783,515396166588,0,0.956,0.925,almo nature / для взрослых собак малых пород с лососем 2 кг,"сухой корм almo nature для собак малых пород с лососем, 2 кг",валюта:rub; вес товара без упаковки (г):2000 г; вес товара с упаковкой (г):2000 г; вид вкуса корма:рыба; вид животного:для собак; возраст животного:взрослые; высота упаковки:14 см; длина упаковки:14 см; количество предметов в упаковке:1 шт.; комплектация:1 шт.; основной вкус корма:лосось; срок годно,"артикул:10144; бренд:almo nature; вес товара, г:2000; вкус корма для животных:лосось; возраст животного:для взрослых; единиц в одном товаре:1; класс корма:холистик; комплектация:сухой корм для собак 2 кг - 1 шт.; минеральные вещества:йод 1,07 мг/кг, медь 4,78 мг/кг, марганец 6,71 мг/кг, цинк 52,5 мг"
confident_contradiction,0,fold_01,Электроника,755914319271,51539714974,0,0.927,0.941,видеокамера xiaomi mi home security camera 360 1080p,mi / видеокамера home security camera 360,"бренд:xiaomi; вес товара, г:239; гарантийный срок:12 месяцев; комплектация:видеокамера
кабель питания
инструкция; макс. разрешение видео:1920×1080 full hd; общее количество пикселей:2.0 мпикс; страна-изготовитель:китай; тип:web-камера; тип матрицы:cmos; угол обзора, градусов:360; цвет товара:белый",валюта:rub; высота упаковки:15 см; гарантийный срок:1 год ( 12 месяцев ); 12 месяцев; длина упаковки:7 см; емкость аккумулятора:usb; модель:bhr4885gl; mi 360° camera (1080p); mjsxj10cm; поддерживаемый формат:mpeg; поддержка карт памяти:microsd до 32гб; разрешение (видео):1920x1080; разрешение hd:192
confident_contradiction,0,fold_02,Строительство и ремонт,180388723419,506806213133,1,0.239,0.05,"lugaabrasiv луга круг шлифовальный луга 125 х 16 х 32 мм, 63с, f60, (k, l)","круг шлифовальный, 200 х 20 х 32 мм, 63с, f60, (k, l) ""луга"" россия",диаметр:125 мм; зернистость (p):60; материал круга:абразивный материал; тип:шлифовальный круг; толщина:16 мм,"бренд:russia; гарантия:без гарантии; диаметр, мм:200; единиц в одном товаре:1; комплектация:круг шлифовальный - 1 шт; назначение:универсальный; посадочный размер:32; совместимый инструмент:шлифмашина угловая; страна-изготовитель:россия; тип:круг шлифовальный; толщина, мм:20; цвет товара:разноцветный"
confident_contradiction,0,fold_04,Детские товары,395137080111,687194902078,0,0.908,0.997,играем вместе настольная игра пинбол «ми-ми-мишки»,"играем вместе настольная игра пинбол ""ми-ми-мишки""",возраст от:3 лет; материал:пластик; тип:настольная игра,"бренд:играем вместе; вид детской игры:развивающие; возрастной диапазон:от 3 до 5 лет; комплектация:настольная игра пинбол ""ми-ми-мишки"" - 1 штука.; максимальный возраст ребенка:до 18 лет; материал:пластик; минимальный возраст ребенка:от 3 лет; пол ребенка:унисекс; страна-изготовитель:китай; тип:обуч"
confident_contradiction,0,fold_01,Бытовая техника,704374706905,541165940475,0,0.936,0.943,конвектор eurolux ок-eu-1500,"конвектор ок-eu-1500 eurolux // 1500 вт, 2 режима, обогреваемая площадь до 20м3, термостат// обогреватель",гарантийный срок:1 г.; тип обогревателя:конвектор,"бренд:eurolux; вид обогревателя:конвекционный; вид термостата:механический; высота, см:50; гарантийный срок:1 год; комплектация:конвектор 1 шт.
опоры 2 шт.
колеса для опоры 4 шт.
руководство по эксплуатации 1 шт.
комплект для крепления на стену 1 шт.; макс. площадь помещения, кв.м:20; мощность, вт:1"
confident_contradiction,0,fold_03,Канцелярские товары,472446503930,34359833840,0,0.979,0.97,лупа ручная круглая 10x-70мм с подсветкой (10 led) kromatech th-7015,"kromatech / лупа th-7015 ручная круглая 10х, 70 мм, с подсветкой","бренд:marvik; гарантийный срок:7 суток; диаметр, мм:8; единиц в одном товаре:1; количество заводских упаковок:1; комплектация:лупа ручная круглая-1; максимальное увеличение, крат:10; материал:стекло; подсветка:да; страна-изготовитель:китай; тип:лупа; цвет товара:белый",валюта:rub; вес товара с упаковкой (г):1000 г; высота упаковки:3 см; длина упаковки:19 см; комплектация:лупа - 1 шт.; материал линзы:стекло; назначение лупы:для чтения; особенности лупы:с подсветкой; страна производства:китай; ширина упаковки:9 см
confident_contradiction,0,fold_01,Хобби и творчество,128849134804,790274026656,0,0.962,0.99,"десятое королевство / настольная игра веселые ходилки, 4 в 1","десятое королевство настольная игра ""веселые ходилки"" 4 в 1, для девочек",валюта:rub; высота упаковки:20 см; длина упаковки:28 см; комплектация:товар в фабричной упаковке; макс. число игроков:2 - 4; рекомендуемый возраст:4; страна производства:россия; ширина упаковки:4 см,бренд:десятое королевство; вид выпуска товара:фабричное производство; вид настольной игры:активная; максимальное число игроков:4; материал:бумага; минимальное число игроков:2; минимальный возраст ребенка:от 4 лет; страна-изготовитель:россия; тип:настольная игра; цвет товара:разноцветный; целевая ауд
confident_contradiction,0,fold_02,Детские товары,446676616349,94489387225,0,0.931,0.978,"музыкальная кукла ""волшебная русалка"", звук, свет","happy valley / музыкальная кукла волшебная русалка , звук, свет",бренд:happy valley; дополнительные функции:музыкальная; максимальный возраст ребенка:до 18 лет; материал:пластик; минимальный возраст ребенка:от 3 лет; особенности куклы:звуковые функции; пол ребенка:девочка; страна-изготовитель:китай; тематика кукол:русалки; тип:кукла,валюта:rub; комплектация:1 шт; страна производства:китай
confident_contradiction,0,fold_02,Хобби и творчество,94489330106,481036350177,0,0.918,0.926,набор металлических головоломок умные гвозди,puzzle набор металлических головоломок «умные гвозди»,"артикул:3744219; бренд:puzzle; вид выпуска товара:фабричное производство; возраст ребенка:от 7 лет; комплектация:товар в фирменной упаковке; материал:металл; минимальный возраст ребенка:от 7 лет; размеры, мм:145x 25x 180; сложность головоломки:7; страна-изготовитель:китай; тип:головоломка",количество в наборе:6 шт.; материал:металл; минимальный возраст:от 7 лет; тип:головоломка
confident_contradiction,0,fold_03,Хобби и творчество,584115608146,721554635278,1,0.261,0.277,"альбом для рисования а4, 16 листов на скрепке calligrata, обложка мелованная бумага 120 г/м2, внутренний блок офсет 100 г/м2","calligrata альбом для рисования а4, 24 листа на скрепке calligrata, обложка мелованный картон, внутренний блок офсет 100 г/м²",бренд:calligrata; страна-изготовитель:россия; тип:альбом-склейка,"вид крепления:скрепка; длина:29.7 см; количество листов:24 л.; плотность:100 г/м²; тип:альбом; формат:a4; цвет товара:разноцветный, оранжевый; ширина:21 см"
confident_contradiction,0,fold_03,Хобби и творчество,764504267977,257698145490,0,0.988,0.972,"доляна молд «лепесток яблони», 2 части, 5,1×3,8 см, цвет микс","молд ""лепесток яблони"", 2 части, 5,1x3,8 см / 2581352","материал:силикон; назначение:для кексов, для марципана, для торта; особенности:мытье в посудомоечной машине; тип:молды и вайнеры; цвет товара:микс",бренд:нет бренда; материал:силикон; название цвета:разноцветный; страна-изготовитель:китай; тип:молд; цвет товара:разноцветный
confident_contradiction,0,fold_02,Канцелярские товары,506806246400,360777324325,0,0.908,0.984,краски акварельные белые ночи 24цв кюветы 19420901941061,"невская палитра / краски акварельные художественные ""белые ночи"", 24 цвета",бренд:невская палитра; страна-изготовитель:россия; тип:краски акварельные,валюта:rub; количество цветов (шт.):24; комплектация:краска акварельная; страна производства:россия; тип красок:акварельные
confident_contradiction,0,fold_02,Автотовары,627065349816,773094209294,0,0.995,0.982,sailun ice blazer wst3 шины зимние 205/55  r16 94t шипованные,sailun / шины зимние шипованные 205/55r16 94t xl ice blazer wst3,"oem-номер:3220005655; runflat:нет; бренд:sailun; вид техники:легковые автомобили; вид шин:шипованные; высота профиля, %:55; диаметр, дюймы:16; индекс нагрузки:94; индекс скорости:t; количество, штук:1; конструкция покрышки:бескамерная; партномер (артикул производителя):3220005655; сезонность:зима; с",артикул производителя:3220005655; валюта:rub; высота упаковки:62 см; длина упаковки:62 см; индекс нагрузки:94; индекс скорости:t; комплектация:шина автомобильная - 1 шт.; модель:ice blazer wst3; назначение шин:легковая; сезонность:зима; страна производства:китай; технология runflat:нет; шипы:да; шир
confident_contradiction,0,fold_01,Продукты питания,223338347749,712964638834,1,0.19,0.177,сироп proffsyrup vanilla ваниль 1л,proffsyrup / сироп ванильный - 250 мл (для кофе и коктейлей),"бренд:proffsyrup; вкус сиропа:ваниль; единиц в одном товаре:1; максимальная температура:25; минимальная температура:1; назначение сиропа:для десертов; не содержит:без гмо; объем, мл:1000; состав:сахар, вода питьевая, регулятор кислотности лимонная кислота, ароматизатор ""ваниль"", натуральный красител",валюта:rub; вес товара с упаковкой (г):490 г; вкус:ваниль; высота упаковки:20 см; длина упаковки:10 см; комплектация:сироп; максимальная температура хранения:+25 °c; минимальная температура хранения:0 °c; объем (мл):250 мл; состав:лимонная кислота; ароматизатор; сахар; вода питьевая; сахарный колер;
confident_contradiction,0,fold_03,Товары для животных,180388666566,420906810577,0,0.926,0.986,perfect fit sterile / паучи перфект фит для стерилизованных котов и кошек говядина в соусе 75г х 28шт,"perfect fit / корм для кошек влажный с говядиной, 28шт. по 75г.","бренд:perfect fit; вес товара, г:2100; вкус корма для животных:говядина; возраст животного:для взрослых; единиц в одном товаре:28; количество заводских упаковок:1; консистенция корма для животных:кусочки в соусе; основной ингредиент:мясо; особенности:без ароматизаторов; особые потребности:кастрирова",валюта:rub; вес одного предмета (г):75 г; вид вкуса корма:говядина в соусе; мясо; говядина; вид животного:для кошек; возраст животного:взрослые; любой; пожилые; высота упаковки:15 см; длина упаковки:39 см; класс корма:эконом; количество предметов в упаковке:28 шт; комплектация:28 шт; консистенция ко
confident_contradiction,0,fold_04,Бытовая химия,532576028841,575525640905,0,0.935,0.975,"ушастый нянь / гель для стирки детского белья, 1200 мл","гель для стирки детского белья ушастый нянь, 1.2л",валюта:rub; вес с упаковкой (кг):1.25 кг; высота упаковки:30 см; длина упаковки:11 см; назначение стирального средства:для цветного; объем товара:1200 мл; срок годности:1095; страна производства:россия; ширина упаковки:9 см; эффект средства:гипоаллергенный,"бренд:ушастый нянь; вид стирки:автоматическая; единиц в одном товаре:1; назначение средства для стирки:для детского белья; объем, мл:1200; особенности применения:гипоаллергенность; с дозатором:нет; состав:вода, нпав 15-30%, мыло 5-15%, апав 5-15%, поликарбоксилат менее 5%, фосфонат менее 5%, цветосб"
confident_contradiction,0,fold_03,Дом и сад,498216210493,609885379910,1,0.112,0.052,"доляна / салфетки на стол - 2шт, для сервировки,новый год","коврик для кухонных полок, ящиков, холодильника, 30х30 см, 1 шт",валюта:rub; вид упаковки:пакет; количество предметов в упаковке:2 шт; комплектация:салфетка для сервировки стола - 2 шт; особенности салфетки:салфетка для сервировки стола; размер салфетки:38х38 см; состав:полиэстер 100%; страна производства:россия; форма салфетки/скатерти:круглая; цвет:серебристый,"артикул:t4408869; бренд:нет бренда; вес товара, г:36; вид выпуска товара:фабричное производство; гарантийный срок:1 месяц; длина, см:30; количество предметов:1; материал:ткань; образец цвета:https://cdn1.ozone.ru/s3/multimedia-c/6117470244.jpg; особенности посуды:профессиональная посуда; страна-изго"
confident_contradiction,0,fold_01,Детские товары,94489395127,309237809964,0,0.929,0.946,"маша и медведь / домино «маша и медведь», 28 деталей","гелий домино ""маша и медведь""",валюта:rub; высота упаковки:20 см; длина упаковки:7 см; материал изделия:пластик; рекомендуемый возраст:от 3 лет; страна производства:россия; ширина упаковки:3 см,"бренд:гелий; вид детской игры:обучающие; возрастной диапазон:от 3 до 5 лет; гарантийный срок:нет; количество элементов, шт:28; комплектация:гелий домино ""маша и медведь"" - 1 шт; максимальное число игроков:2; максимальный возраст ребенка:до 9 лет; материал:пластик; минимальное число игроков:2; минима"
confident_contradiction,0,fold_02,Бытовая химия,498216283831,343597528343,0,0.933,0.995,"средство для мытья пола grass floor wash нейтральное, концентрат, 5 л",grass / средство для мытья пола нейтральное floor wash 5л,"бренд:grass; единиц в одном товаре:1; объем, мл:5000; состав:более или равно 30% очищенная вода;  более или равно 5%, но менее 15% неионогенные пав; менее 5%: соль эдта, изопропанол, ароматизирующая добавка, краситель.; страна-изготовитель:россия; тип:средство чистящее для пола; целевая аудитория:вз",валюта:rub; высота упаковки:35 см; длина упаковки:20 см; назначение средства:пол; универсальное; объем (л):5 л; срок годности:36 мес; страна производства:россия; ширина упаковки:15 см; эффект средства:антипыль; блеск; удаление пятен
confident_contradiction,0,fold_04,Хобби и творчество,335007595938,249108118897,1,0.23,0.019,"artwood пазл деревянный, головоломка, с фигурками, развивающий, большой из дерева 230 деталей 46х23 см аниме моя геройская академия - 326",пазл магнитный 29x20 см dead cells - 1 ,тип:пазл,"бренд:нет бренда; длина готового пазла, см:29; количество элементов, шт:120; материал:винил; название цвета:магнитный 29x20 см dead cells - 1 ; ориентация пазла:горизонтальная; тематика:герои кино, мультфильмов и игр; тип:пазл; форма пазла:прямоугольник; ширина готового пазла, см:20"
confident_contradiction,0,fold_01,Продукты питания,231928343414,283467891939,0,0.961,0.945,"пюре ""маленькое счастье"" из яблок и персиков 90 г",маленькое счастье / детское фруктовое пюре яблоко-персик 12шт/90,"бренд:маленькое счастье; вес товара, г:90; вид пюре:фруктовое; вкус:яблоко; добавки:яблоко; единиц в одном товаре:12; максимальная температура:25; минимальная температура:0; название вкуса:яблоко, персик; не содержит:без гмо; состав:пюре яблочное, пюре из персиков; срок годности в днях:365; тип:пюре",аллергенность:гипоаллергенный; валюта:rub; вес товара без упаковки (г):90 г; вес товара с упаковкой (г):2088 г; вид пюре:фруктовое; яблочное; персиковое; высота упаковки:7 см; длина упаковки:24 см; добавки:яблоко; персик; доп. свойства питания:без консервантов; без усилителей вкуса; без красителей; 
confident_contradiction,0,fold_03,Продукты питания,51539737179,566935816812,1,0.287,0.109,"чай листовой травяной althaus bavarian mint, 75 г","althaus lemon mint травяной листовой чай, 150 г","бренд:althaus; вес товара, г:75; вид чая:травяной; вкус/добавки:мята; единиц в одном товаре:1; максимальная температура:25; минимальная температура:5; состав:чай травяной; срок годности в днях:1080; страна-изготовитель:германия; тип:чай листовой; условия хранения:в сухом прохладном месте.","бренд:althaus; вес упаковки:150 г; вид чая:травяной; вкус и добавки:апельсиновая цедра, василек, китайский лимонник, мелисса, мята, яблоко; количество штук в упаковке:1 шт.; состав:лимонник, кусочки яблока, мята перечная, цедра апельсина, лимонный мирт, мелисса, лепестки подсолнечника и василька; ср"
confident_contradiction,0,fold_04,Бытовая химия,781684050073,446676746307,0,0.925,0.905,synergetic / ср-во для мытья посуды с ароматом алоэ 500мл,средство synergetic для мытья посуды алоэ 0.5l 4623721671463,валюта:rub; высота упаковки:7 см; длина упаковки:20 см; цвет:прозрачный; ширина упаковки:7 см,"артикул:444675; бренд:synergetic; комплектация:<li>средство для мытья посуды (0.5l)
</li>; назначение моющего, чистящего средства:для посуды; состав:подготовленная вода 30%; а-тензиды (пав из растительного масла) 5-15%; н-тензиды (пав из растительного масла) 5%; глицерин растительного происхождения "
confident_contradiction,0,fold_02,Мебель,670014965655,214748494149,0,0.967,0.942,vormann / кронштейны 3-f 160х105х40 мм 2 штуки,"кронштейны vormann 3-f 160х105х40 мм, оцинкованная сталь, нагрузка до 50 кг, 2 штуки",валюта:rub; вес с упаковкой (кг):0.33 кг; высота предмета:16 см; глубина предмета:10.5 см; комплектация:кронштейны для полки 2 шт; материал: оцинкованная сталь; нагрузка на 1 кронштейн - до 50 кг; крепеж в комплект не входит!; материал изделия:оцинкованная сталь; нагрузка максимальная:50 кг; страна ,"артикул:00165 160 z_u2; бренд:vormann; вес товара, г:328; вид выпуска товара:фабричное производство; вид держателя:декоративный; высота, мм:105; длина, мм:160; количество в комплекте, шт.:2; комплектация:кронштейн модель 3-f - 2 шт.
материал: оцинкованная сталь.
цвет: матовый цинк.
размеры: 160*105*"
confident_contradiction,0,fold_01,Бытовая техника,532575981210,403726979978,0,0.956,0.997,"плитка электрическая настольная одноконфорочная белая, спираль, 220*67*225 мм, 230 в, 1 квт, шнур 0,8 м.","tdm electric плитка электрическая настольная одноконфорочная белая, спираль, 220*67*225 мм, 230 в, 1 квт, шнур 0,8 м.","бренд:tdm electric; вес товара, г:750; вид электроподжига:автоматический; высота, см:6.7; гарантийный срок:1 год; глубина, см:26.5; длина шнура, м:0.8; защита от перегрева:да; индикаторы:включения; количество конфорок:1; комплектация:электроплитка 1-конф, паспорт, упаковка; конструкция настольной пл",безопасность:защитное отключение конфорок; высота:6.7 см; гарантийный срок:1 г.; глубина:26.5 см; дополнительные функции:включения; конфорки:электроконфорка; максимальная потребляемая мощность:1000 вт; материал рабочей поверхности:эмалированная сталь; настольная:есть; номинальная мощность:1 квт; общ
confident_contradiction,0,fold_02,Музыкальные инструменты,498216285492,695784787182,0,0.936,0.906,kremona / f65cw performer series fiesta электро-акустическая гитара,"f65cw performer series fiesta электро-акустическая гитара, с вырезом, kremona",валюта:rub; вес товара без упаковки (г):1550 г; высота упаковки:12 см; гарантийный срок:1 год; длина упаковки:110 см; количество ладов:19 шт.; количество струн инструмента:6 шт.; комплектация:гитара; материал верхней деки:массив кедра; материал грифа:красное дерево; материал нижней деки:ламинат пали,бренд:kremona; вид обмотки струн:круглая; гарантийный срок:12 месяцев при соблюдении правил хранения и эксплуатации; материал струн:бронза; образец цвета:https://cdn1.ozone.ru/s3/multimedia-n/6667878911.jpg; тип:акустическая гитара; тип бриджа:фиксированный
confident_contradiction,0,fold_03,Детские товары,377957218445,635655301810,0,0.909,0.964,"retailoriginal store / мягкая игрушка «мишка лаппи», 23 см","мягкая игрушка ""мишка лаппи"", 23 см",валюта:rub,"бренд:нет бренда; вид мягкой игрушки:традиционные; высота игрушки, см:23; дополнительные функции:без эффектов; материал:полипропилен; минимальный возраст ребенка:11 месяцев; пол ребенка:унисекс; страна-изготовитель:китай; тип:мягкая игрушка"
confident_contradiction,0,fold_01,Бытовая химия,850403569400,352187440663,0,0.981,0.929,top house 180360,чистящее средство top house 180360,"назначение:стеклокерамика, нержавеющая сталь; не царапает поверхности:да; объём:0.44 л; предназначение:варочные поверхности; страна:россия; тип:чистящее средство; удаляет:нагар, жир; уцененный:да; штрих-код:4610173180360","артикул:153764; бренд:top house; комплектация:чистящее средство ля плит 1 шт.; назначение моющего, чистящего средства:для стеклокерамики; объем, мл:440; размер упаковки (длина х ширина х высота), см:100х90х250; с дозатором:нет; состав:вода; углеводородный пропеллент 5-15 %, пропиленгликоль 5-15 %, г"
confident_contradiction,0,fold_02,Детские товары,274877965511,94489375517,0,0.976,0.984,мягкая игрушка budi basa ks22-193 кот басик с сердцем из фетра 22 см,"budi basa / мягкая игрушка кот басик с сердцем из фетра, 22 см","бренд:budi basa; вид мягкой игрушки:кошка; высота игрушки, см:22; дополнительные функции:без эффектов; материал:текстиль; минимальный возраст ребенка:от 3 лет; название цвета:басик с сердцем из фетра; персонаж:кот басик; пол ребенка:унисекс; страна-изготовитель:россия; тип:мягкая игрушка; цвет товар",валюта:rub; вес товара с упаковкой (г):395 г; вид упаковки:подарочная коробка; высота предмета:22 см; высота упаковки:13 см; глубина предмета:11 см; длина упаковки:26 см; комплектация:мягкая игрушка; подарочная коробка; материал игрушки:искусственный мех; пластик; текстиль; наполнитель:синтепон; стр
confident_contradiction,0,fold_02,Товары для животных,446676729446,695784788173,0,0.912,0.989,"зооник поводок для собак, с двойной латексной нитью, капроновый, синий, 3 м, 15 мм",зооник / поводок капроновый с двойной латексной нитью 3м,"бренд:зооник; вид поводка:обычный; длина поводка, м:3; материал:капрон; предназначено для:для собак; размер животного:крупный; страна-изготовитель:россия; тип:поводок; цвет товара:синий","валюта:rub; вид грызуна:собаки; вид животного:для собак; вид поводка:классический; длина поводка:3 м; комплектация:поводок, 1шт; материал изделия:капрон; латекс; назначение амуниции для животных:для прогулки; особенности товара для животных:двойная нить; размер животного:для всех пород; страна произ"
confident_contradiction,0,fold_04,Спорт и отдых,120259160297,274877911887,1,0.216,0.123,"блесна вращающаяся / sprut alba ball system #1 (65mm/3,5g/bks)",блесна вращающаяся / sprut alba ball system #3 (65mm/7g/sbko),"вес:3.5 г; вид:вращающаяся; вид крючка/вертлюжка:подвесной, тройной; вид ловли:зимняя, форелевая; вид рыбы:на голавля, на хариуса, на щуку, на язя; длина:65 мм; количество в наборе:1 шт.; размер:1; тип:блесна; цвет товара:bks","бренд:sprut; вес, г:7; вид блесны:вращающаяся; вид крючка:тройной; количество в упаковке, шт:1; название цвета:sbko; сезон снасти:лето; страна-изготовитель:китай (тайвань); тип:блесна"
confident_contradiction,0,fold_02,Детские товары,781684147249,154618873169,0,0.922,0.938,без бренда автомат-трещотка ак-47,автомат-трещотка ак-47,"материал:пластик; особенности:с трещеткой; срок службы:12 мес., использовать при температуре не ниже -10 градусов; тип боеприпасов:без боеприпасов; тип оружия:ружья и автоматы",бренд:нет бренда; вид игрушечного оружия:стрелялка; вид патронов:без патронов; максимальный возраст ребенка:до 9 лет; материал:пластик; минимальный возраст ребенка:от 3 лет; пол ребенка:унисекс; страна-изготовитель:китай; тип:игрушечное оружие
confident_contradiction,0,fold_01,Бытовая техника,635655277086,240518257448,0,0.997,1.0,"hisense rb-343d4cw1, холодильник, белый",холодильник с морозильником hisense rb343d4cw1 белый,"бренд:hisense; гарантийный срок:12; партномер:rb343d4cw1; размеры, мм:1800x550x560; страна-изготовитель:китай; тип:холодильник; цвет товара:белый",гарантия продавца / производителя:12 мес.; модель:hisense rb343d4cw1; страна-производитель:китай; тип:холодильник полноразмерный с морозильником
confident_contradiction,0,fold_04,Бытовая техника,558345808985,103079337294,0,0.908,0.943,"пылесос delta lux dl-0848 черный с синим: 2200 вт, мешок для сбора пыли, мощн.всас 400вт","пылесос delta dl-0848, черный/синий","бренд:delta lux; вес товара, г:6700; вид питания:от сети 220в; вид пылесборника:мешок-пылесборник; вид фильтра:hepa фильтр; гарантийный срок:в течение 30 дней (с подпиской premium — 60 дней)в озон, в фирменный сервисный центр по заполненному гарантийному талону 1 год; длина шнура, м:5; количество на","в комплекте:универсальная насадка для сухой уборки, щелевая насадка; вес:5 кг; вес в транспортной упаковке:6 кг; габариты транспортной упаковки:28.50х43х31.50 см; гарантийный срок:1 г.; длина сетевого шнура:5 м; дополнительные функции:автоматическое сматывание шнура, индикатор заполнения пылесборник"
confident_contradiction,0,fold_01,Продукты питания,214748443840,721554540063,1,0.193,0.265,подарочный набор сладостей barbaris24 №68,подарочный набор сладостей barbaris24 №58,"бренд:barbaris24; вес:100 г; вид глазури:белый шоколад; набор:есть; состав:клубника в шоколаде 100 гр., айва в шоколаде 100 гр., клубника в белом шоколаде 100 гр., клюква в шоколаде 100 гр., миндаль в разноцветной глазури 100 гр., смородина фиолетовая дымка в шоколаде 100 гр., драже миндаль со вкусо","бренд:barbaris24; вес товара, г:900; единиц в одном товаре:1; максимальная температура:18; минимальная температура:3; подарочный набор:да; состав:клубника в шоколаде 100 гр., айва в шоколаде 100 гр., семена подсолнечника в разноцветной глазури 100 гр., клюква в шоколаде 100 гр., бананы сушеные в шок"
confident_contradiction,0,fold_03,Бытовая техника,687194927455,206158529046,0,0.935,0.904,духовой шкаф oasis d-mn5,духовой шкаф электрический making oasis everywhere d-mn5 нержавеющая сталь,газ-контроль:нет; гарантийный срок:1 г.; гриль:нет; дополнительные функции:таймер; класс энергопотребления:a; конвекция:да; объем духовки:64 л; переключатели:поворотные; режимы нагрева:конвекция; тип духовки:электрическая; цвет:нержавеющая сталь; электроподжиг:нет,"бренд:oasis; вес, кг:30.4; вид кабеля питания:кабель без вилки; высота, см:59.8; гарантийный срок:гарантия производителя 3 года; глубина, см:58.3; класс энергоэффективности:a; количество режимов работы:5; количество стекол дверцы духовки:2; комплектация:документация, противень, решетка; макс. темпер"
confident_contradiction,0,fold_01,Строительство и ремонт,575525727243,695784736431,0,0.991,0.939,торцевая головка king tony 423009m,"головка торцевая глубокая двенадцатигранная 1/2"", 9 мм king tony 423009m","артикул производителя:423009m; бренд:king tony; вес, в килограммах:0.11; внутренний двенадцатигранник:да; высота, в сантиметрах:7.7; глубина, в сантиметрах:2.2; длина головки, в миллиметрах:77; квадрат с подпружиненным шариком:да; код товара:100023204744; максимальный размер посадки:1/2""; материал г","бренд:king tony; гарантия:1 год; материал:высоколегированная сталь; назначение:универсальный; партномер:423009m; применение:демонтажные работы; размер головки, дюйм:1/2""; размер головки, мм:9; совместимый инструмент:гайковерт; страна-изготовитель:китай (тайвань); тип:торцевая головка; цвет товара:се"
confident_contradiction,0,fold_04,Канцелярские товары,386547090559,747324441145,0,0.987,0.988,"стержень для гелевой ручки crown hi-jell hjr-200, 0.5 мм, 138 мм черный 12 шт.","стержень гелевый crown ""hi-jell"" черный, 138мм, 0,5мм (12 шт), hjr-200",длина:138 мм; дополнительная информация:длина письма: 560-580 м; количество в упаковке:12 шт.; срок годности:1096 дн.; тип:стержень; тип ручки:гелевая; толщина линии письма:0.5 мм; толщина пишущего узла:0.5 мм; цвет чернил:черный,бренд:crown; тип:стержень для ручки
confident_contradiction,0,fold_04,Товары для животных,841813660904,661425109887,0,0.956,0.94,"корм сухой hill's prescription diet t/d dental care диетический для собак поддержания здоровья полости рта, с курицей 4 кг","hill's / t/d dental care для собак с курицей, 4 кг","артикул:92865; бренд:hill's; вес товара, г:4000; ветеринарная диета:заболевания полости рта; вкус корма для животных:курица; возраст животного:для взрослых; единиц в одном товаре:1; комплектация:корм сухой hill's prescription diet t/d dental care диетический для собак поддержания здоровья полости рт",валюта:rub; вес товара без упаковки (г):4000 г; вес товара с упаковкой (г):4050 г; вид вкуса корма:птица; вид животного:для собак; возраст животного:взрослые; пожилые; высота упаковки:30 см; длина упаковки:11 см; класс корма:супер-премиум; количество предметов в упаковке:1 шт; назначение корма:для п
confident_contradiction,0,fold_03,Хобби и творчество,111669196435,850403608821,0,0.915,0.917,сборная модель звезда 7216 российский ударный вертолет черная акула масштаб 1/72,"звезда (zvezda) / сб. мод. вертолет ка-50 черная акула, 1/72, под.наб 7216пн",бренд:zvezda; масштаб модели для сборки:1/72; тип:сборная модель военной техники,"валюта:rub; вес товара с упаковкой (г):511 г; высота упаковки:32 см; длина готовой модели:21 см; длина упаковки:6 см; количество элементов:145; комплектация:1 набор деталей, клей, краски, кисточка; масштаб:1/72; материал изделия:пластик; страна производства:россия; ширина упаковки:35 см"
confident_contradiction,0,fold_04,Канцелярские товары,360777418660,111669238395,0,0.953,0.997,calligrata-tm / блок бумаги с клейким слоем 400 листов 8 цветов 76 мм х 76 мм флуоресцентный,"блок с липким краем 76 мм х 76 мм, 400 листов, флуоресцентный, 8 цветов, calligrata",валюта:rub; комплектация:блок; страна производства:китай,"бренд:calligrata; бумага:офсетная; единиц в одном товаре:1; количество заводских упаковок:1; количество листов, шт:400; крепление в бумажной продукции:клеевой; размеры, мм:76 х 76; разметка:без разметки; страна-изготовитель:китай; тип:стикеры; цвет товара:разноцветный"
confident_contradiction,0,fold_01,Продукты питания,489626330083,618475363928,1,0.193,0.1,"каша ""самарский здоровяк"" №36 пшенично-гречневая с расторопшей и топинамбуром, 250 г.","самарский здоровяк / №72 каша пшенично-рисовая с пробиотиком, 250 г.","бренд:самарский здоровяк; вес товара, г:250; единиц в одном товаре:1; максимальная температура:21; минимальная температура:-10; не содержит:искусственные добавки; особенности напитков, продуктов питания:вегетарианский продукт; содержит:натуральные ингредиенты; состав:пшеница, гречиха, расторопша, то",валюта:rub; вид злака:пшеница; высота упаковки:4 см; длина упаковки:24 см; количество предметов в упаковке:1; максимальная температура хранения:+25 °c; минимальная температура хранения:-25 °c; срок годности:18 месяцев; страна производства:россия; ширина упаковки:27 см
confident_contradiction,0,fold_04,Бытовая техника,154618926751,403726959759,0,0.952,0.933,"кофемолка электрическая centek ct-1360, 250вт, ротационный нож, пластик, белая.",кофемолка centek ct-1360 white,"блокировка включения при снятой крышке:да; бренд:centek; вес товара, г:580; гарантийный срок:12 мес.; длина шнура, м:1; емкость контейнера для кофе, г:45; защита от перегрева:нет; количество скоростей:1; количество степеней помола:1; комплектация:упаковка, кофемолка, документация.; материал корпуса:",вместимость:45 г; гарантийный срок:1 г.; мощность:250 вт; система помола:ротационный нож
confident_contradiction,0,fold_01,Хобби и творчество,472446464816,180388739554,0,0.981,0.999,"добрый мастер деревянные заготовки / декупаж, деревянная заготовка для творчества ""добрый мастер"" ""ангелочек""фанера 6,5*7,2см (5шт)","""добрый мастер"" деревянная заготовка для декупажа №11059 ""ангелочек"" 6,5*7,2см (5шт), дерево",вид заготовки:фигурки; количество в упаковке:5 шт.; материал:фанера; особенности:для декупажа; тип:заготовка,"бренд:добрый мастер; единиц в одном товаре:5; материал:фанера; название цвета:ангелочек 6,5*7,2см; размеры, мм:65х72; страна-изготовитель:россия; тип:заготовка для декорирования; цвет товара:бежевый"
confident_contradiction,0,fold_03,Детские товары,446676674226,446676733829,0,0.92,0.921,автоград / толокар ночной гонщик звуковые эффекты цвет белый,"толокар ночной гонщик , звуковые эффекты, цвет белый",валюта:rub; высота предмета:40.5 см; глубина предмета:49.3 см; комплектация:толокар ночной гонщик звуковые эффекты цвет белый; страна производства:китай; ширина предмета:20.6 см,"артикул:sh117145; бренд:нет бренда; вид каталки:автомобиль; вид колес:пластиковые; высота сиденья, см:21; кол-во колес:4; максимальный вес ребенка, кг:15; максимальный возраст ребенка:до 5 лет; материал:пластик; материал колес:пластик; минимальный возраст ребенка:от 1 года; пол ребенка:мальчик; руль"
confident_contradiction,0,fold_03,Дом и сад,584115612726,635655317700,1,0.296,0.117,"не определен свеча из соевого воска в стакане с деревянным фитилем ""нежная орхидея"", 65 гр","best favors свеча ароматическая ""абрикос"", 15 см, 1 шт",в стакане:есть; вес:65 г; группа ароматов:цветочный; состав:соевый воск; тип фитиля:дерево,"аромат:абрикос; артикул:9889653; бренд:best favors; в подсвечнике:нет; вес товара, г:150; вид выпуска товара:фабричное производство; вид фитиля:хлопковый; высота, см:15; единиц в одном товаре:1; крышка в комплекте:нет; название цвета:разноцветный; особенности свечи:фигурная; подарочная упаковка в ко"
confident_contradiction,0,fold_04,Товары для животных,532575994180,841813613066,0,0.931,0.966,"лакомство для собак triol косточки жевательные dental, 10см, 160г (уп.4шт.)","triol / косточки жевательные dental, 10см, (4шт.)",бренд:triol; возраст животного:для взрослых; предназначено для:для собак; срок годности в днях:1095; тип:лакомство,валюта:rub; вид животного:для собак; возраст животного:любой; высота упаковки:2 см; длина упаковки:25 см; количество предметов в упаковке:4 шт; комплектация:пачка 1 шт; назначение корма:для крепких костей и зубов; дрессировка; для поддержания здоровья полости рта; основной вкус корма:говядина; разме
confident_contradiction,0,fold_02,Детские товары,781684090930,77309510222,0,0.904,0.93,"робот полесье деформ, самолет инерционный, в коробке (79022)",робот деформ самолет инерционный (в коробке),"возраст:от 3 лет; количество машинок:1 шт.; материал:пластик; механизм движения:инерционный; особенности:со светом,и звуком, звук, свет; размер (дхшхв):14х11х6 см; тематика:роботы; тип:самолет; тип питания:от батареек, lr44",бренд:полесье; максимальный возраст ребенка:до 18 лет; минимальный возраст ребенка:от 3 лет; пол ребенка:мальчик; тип:самолет
confident_contradiction,0,fold_04,Детские товары,695784719997,704374672903,0,0.925,0.989,"кукла-модель для девочки ""топ-модель лили"" шарнирная / 3043596",happy valley кукла-модель «топ-модель лили» шарнирная,"бренд:happy valley; высота игрушки, см:29; дополнительные функции:развивающая; максимальный возраст ребенка:до 6 лет; материал:пластик; минимальный возраст ребенка:от 3 лет; особенности куклы:можно причесывать; пол ребенка:девочка; страна-изготовитель:китай; тип:кукла","артикул производителя:р00010250; бренд:happy valley; возрастное ограничение:3+; высота, в сантиметрах:29; длина волос:длинные; интерактивная:нет; код товара:100047170090; количество кукол:1; комплектация:с аксессуарами; материал:пластик; текстиль; модель:кукла модельная; особенности:шарнирная; подви"
confident_contradiction,0,fold_03,Детские товары,429496735581,146029003892,0,0.931,0.947,конструктор трансформер-динозавр 3 в 1 42106 qman 287 дет.,qman / конструктор 42106 красный динозавр 3 в 1,"артикул:rich.317281; бренд:druz'ya detey; длина модели, см:31; количество деталей конструктора:от 100 до 300 шт; количество элементов, шт:287; максимальный возраст ребенка:до 18 лет; минимальный возраст ребенка:от 3 лет; название цвета:конструктор трансформер-динозавр 3 в 1 42106 qman 287 дет.; особ",валюта:rub; вес с упаковкой (кг):0.4 кг; возрастные ограничения:6-99; высота упаковки:20 см; длина упаковки:32 см; количество элементов:287 элементов; комплектация:коробка; конструктор; инструкция; материал изделия:abs-пластик; особенности конструктора:безопасный; яркая упаковка; 3в1; совместимость 
confident_contradiction,0,fold_04,Бытовая химия,360777375600,584115628659,0,0.964,0.994,chirton / освежитель воздуха лайт эир шоколадное ассорти,"освежитель воздуха чиртон лайт эйр ""шоколадное ассорти"", 300 мл",аромат освежителя:шоколадное ассорти; валюта:rub; вид освежителя:аэрозоль; высота предмета:23 см; комплектация:освежитель воздуха чиртон лайт эйр шоколадное ассорти 300мл; объем товара:300 мл; питание:без питания; состав:ароматическая композиция; пав; триэтаноламин; натрия нитрат; апифатический угле,бренд:chirton; страна-изготовитель:россия; тип:освежитель воздуха; целевая аудитория:взрослая
confident_contradiction,0,fold_04,Хобби и творчество,369367240611,257698048030,0,0.948,0.988,"надувная песочница с блёстками, 60х45 см, цвет розовый","школа талантов надувная песочница с блестками, 60*45 см, цвет розовый 5088595",бренд:нет бренда; тип:песок,"габариты (дхш):60x45 cм; гарантийный срок:6 мес.; материал:пвх; минимальный возраст:от 3 лет; размещение:дом и улица; срок службы:12 мес., использовать при температуре не ниже -10 градусов; тип:песочница; цвет товара:розовый"
confident_contradiction,0,fold_02,Аптека,8589947244,214748499941,1,0.088,0.204,"avaira астигматические линзы vitality toric 6 линз 6 линз ось 150 оптическая сила цилиндра -2.25, 6 шт., -1.50 / 8.5/-2.25/150, 2 недели","линзы контактные coopervision vitality toric 6 шт. -1,5/1,25/140","бренд:avaira; влагосодержание, %:55; диаметр, мм:14.5; дней до замены:2 недели; кислородопропускание, dk/t:93; количество в упаковке:6; материал контактных линз:фанфилкон а; название цвета:бесцветные; оптическая сила:-1.50; ось (axis):150; радиус кривизны:8.5; режим ношения:дневной; страна-изготовит","бренд:coopervision; бьюти-линзы:нет; вид:асферические; влажность, %:55; диаметр:14.5; код товара:100026557778; количество в упаковке:6; количество штук в упаковке:6; коэффициент пропускания кислорода, dk/t:90; материал:силикон-гидрогель; метод дезинфекции:пероксидный; химический; модель:vitality tor"
confident_contradiction,0,fold_03,Бытовая химия,455266539842,85899349527,1,0.27,0.182,"molecola / гель для стирки детского белья, концентрат, 3 литра","гель для стирки детского белья molecola pure sensitive для чувствительной кожи, 1,5л",валюта:rub; высота упаковки:9 см; длина упаковки:28 см; назначение стирального средства:для детского белья; объем товара:3000 мл; срок годности:1095; страна производства:россия; ширина упаковки:15 см; эффект средства:отстирывает пятна; загрязнения,"бренд:molecola; вид стирки:автоматическая; единиц в одном товаре:1; назначение средства для стирки:для детского белья; объем, мл:1500; состав:вода очищенная >30%, анионные пав 5-15%, амфотерные пав <5%, глицерин <5%, консервант <5%, отдушка <5%, лимонная кислота <5%; тип:жидкое средство для стирки"
confident_contradiction,0,fold_03,Музыкальные инструменты,386547086353,584115577620,0,0.953,0.992,"комплект струн для акустической гитары olympia cta1152, 11-52",струны для акустической гитары olympia cta1152,бренд:olympia; вид музыкального аксессуара:струны; комплектация:струна 6 шт; материал муз. инструмента/аксессуара:бронза; назначение муз. аксессуара:для акустической гитары; партномер:cta1152; страна-изготовитель:китай; тип:аксессуар для струнных,инструмент:акустическая гитара; калибр:11; количество струн в упаковке:6 шт.; натяжение:-
confident_contradiction,0,fold_03,Продукты питания,798863943869,369367245016,0,0.908,0.943,"дядя ваня овощные консервы кукуруза сладкая, 340 г, 6 шт","кукуруза в зернах дядя ваня сахарная, комплект: 6 упаковок по 340 г","бренд:дядя ваня; вес упаковки:340 г; вид продукта:кукуруза; набор:есть; состав:кукуруза сладкая в зернах, вода питьевая, сахар-песок, соль поваренная пищевая.; срок годности:720 дн.; тип:овощные консервы; упаковка:банка; форма выпуска:целые","бренд:дядя ваня; вес с упаковкой, г:2040; вес товара, г:2040; единиц в одном товаре:6; максимальная температура:25; минимальная температура:0; состав:сладкая кукуруза, вода, сахар, соль.; срок годности в днях:1460; страна-изготовитель:не указана; тип:овощные консервы; условия хранения:при температур"
confident_contradiction,0,fold_02,Музыкальные инструменты,103079289704,309237711909,0,0.985,0.973,струны для домры альт мозеръ da1,струны мозеръ для домры альт da1,"инструмент:альт, домра; материал сердечника:бронза; натяжение:среднее",бренд:мозеръ; вид музыкального аксессуара:струны; тип:аксессуар для струнных
confident_contradiction,0,fold_04,Бытовая химия,627065354284,687194807342,0,0.951,0.945,"пена-спрей чистящая для ванны jofure, 380 мл","kaneyo / пена-спрей чистящая ""jofure"" для туалета 380 мл",артикул:6477196; бренд:kaneyo; состав:смотри на упаковке; страна-изготовитель:япония; тип:средство чистящее для ванной и туалета,валюта:rub; вес товара с упаковкой (г):430 г; высота упаковки:15 см; длина упаковки:15 см; комплектация:упаковка - 380 мл; назначение средства:ванная; сантехника; туалет; объем (л):0.43 л; состав:смотреть в описании; срок годности:36 мес; страна производства:япония; ширина упаковки:21 см; эффект сре
confident_contradiction,0,fold_03,Бытовая техника,231928358192,506806228779,0,0.946,0.93,"hotpoint сигнальная лампочка для варочной плиты ariston аристон 144140, 273322","сигнальная лампочка для варочной плиты ariston аристон 144140, 273322","вес в транспортной упаковке:0.3 кг; габариты транспортной упаковки:14х17х12 см; материал:стеклометалл; назначение:для плиты; производитель устройства:hotpoint-ariston; совместимость:kzt 6013 t f, kzt 6114 d f, kzt 6424 t f, kzt 7424 do f, nra 640 b, nra 640 x, nrc 641 d b, nrc 641 d x, nro 642 d z, ","бренд:нет бренда; вид запчасти:лампа; гарантийный срок:6 месяцев; количество в упаковке, шт:1; материал:стекло; партномер:144140, 273322, 482000086934; поддерживаемые бренды:hotpoint-ariston; список совместимых устройств:для облегчённого поиска модели из списка воспользуйтесь функцией поиска браузер"
confident_contradiction,0,fold_02,Спорт и отдых,678604881440,197568591724,1,0.214,0.162,силиконовая приманка intech l3ong heel 4 (6 шт.) #15,"kosadaka / виброхвост kosadaka awaruna 65, 11шт., цвет yfg","бренд:intech; вес, г:5; вид крючка:одинарный; вид мягкой приманки:съедобная; длина, мм:106; количество упаковок, шт:1; материал приманки:силикон; название цвета:#17; размер приманки, дюймы:4; срок годности в днях:1095; тип:мягкая приманка для рыбалки; упаковка:зип-пакет; форма мягкой приманки:виброх",валюта:rub
confident_contradiction,0,fold_02,Продукты питания,438086681582,764504341147,0,0.918,0.93,"масло рыжиковое organic altay, 250 мл","organic altay / масло рыжиковое, 250 мл. специалист. original altay","бренд:organic altay; вид растительного масла:рыжиковое; единиц в одном товаре:1; максимальная температура:25; минимальная температура:0; объем, мл:250; состав:масло пищевое нерафинированное рыжиковое - 100%; срок годности в днях:365; тип:растительное масло; условия хранения:хранить при температуре о",валюта:rub; вес товара с упаковкой (г):450 г; вид масла:рыжиковое; высота упаковки:21 см; длина упаковки:7 см; комплектация:1 шт.; максимальная температура хранения:+25; минимальная температура хранения:+5; объем (мл):250 мл; особенности продукта:натуральный; содержит витамины; без ароматизаторов; п
confident_contradiction,0,fold_01,Бытовая химия,326417611172,541165959649,0,0.989,0.963,крем чистящий для кухни rocket soap белизна и свежесть 400 мл - 1 шт,rocket soap / крем чистящий для кухни белизна и свежесть 400 мл,"артикул:podn-147506-1; бренд:rocket soap; вес товара, г:400; единиц в одном товаре:1; количество в упаковке, шт:1; комплектация:крем чистящий для кухни rocket soap белизна и свежесть 400 мл - 1 шт; название аромата:белизна и свежесть; назначение моющего, чистящего средства:универсальное; объем, мл:4",валюта:rub; вес товара с упаковкой (г):453 г; высота упаковки:23 см; длина упаковки:4 см; комплектация:крем чистящий - 1 шт; назначение средства:для уборки; для кухни; чистящее средство; объем (л):0.4 л; срок годности:3 - года; страна производства:япония; ширина упаковки:7 см; эффект средства:антиба
confident_contradiction,0,fold_01,Хобби и творчество,627065282387,833223694821,0,0.995,0.964,"нарды в мешочке с полем президент, 13 х 20 см","нарды в мешочке с полем ""президент"", 13 х 20 см",валюта:rub; высота упаковки:6 см; длина упаковки:16 см; комплектация:1 набора; страна производства:китай; ширина упаковки:27 см,"бренд:нет бренда; вид выпуска товара:фабричное производство; вид настольной игры:стратегическая; длина большей стороны, см:13; длина меньшей стороны, см:20; максимальное число игроков:2; минимальное число игроков:2; страна-изготовитель:китай; тип:нарды; целевая аудитория:детская"
confident_contradiction,0,fold_01,Детские товары,420906812841,575525750853,0,0.951,0.941,"сюжетно-ролевые игрушки mary poppins стиральная машина умный дом, 453174","стиральная машина mary poppins ""умный дом"" коралл (453174)","бренд:mary poppins; вид сюжетно-ролевой игрушки:бытовая техника; высота игрушки, см:20; количество батареек:3; минимальный возраст ребенка:от 3 лет; пол ребенка:унисекс; страна-изготовитель:китай; тип:сюжетно-ролевые игрушки; типоразмер батареек:aa",высота:20 см; количество предметов в наборе:4 шт.; материал:пластик; минимальный возраст:3 лет; тематика:стирка и уборка; тип:стиральная машина; тип батареек:aa; цвет товара:голубой; эффекты:развивающая
confident_contradiction,0,fold_04,Строительство и ремонт,85899439503,42813,1,0.269,0.127,автоматический выключатель chint nxb-63s 2p b6 а 4.5 ка 296773,"автоматический выключатель 2 полюса 10а 4,5ка (в) chint (комплект 4шт)","вес, кг:0.265; время-токовая характеристика:b; высота (мм):36; гарантия (лет):5; глубина (мм):77.8; количество полюсов:2; количество фаз:двухполюсной; максимальная температура применения (°c):40; максимальное сечение провода (мм²):25; минимальная температура применения (°c):-35.00; модель продукта:n","бренд:chint; единиц в одном товаре:4; количество модулей:2; количество полюсов:2; количество фаз:однофазный; комплектация:выключатель, инструкция; номинальная отключающая способность, кa:4.5; номинальное напряжение, в:400; номинальный ток, а:10; страна-изготовитель:китай; тип:автоматический выключат"
confident_contradiction,0,fold_03,Электроника,171798728728,704374700707,0,0.909,0.927,"кабель usb hoco x14 times speed type-c, 1 м, черный","hoco / usb кабель x14 times speed, type-c, 2 а, 1м","бренд:hoco; версия интерфейса:usb 2.0; гарантийный срок:6 месяцев; длина, м:1; интерфейсы:usb type-c; количество выходных разъемов:1; коннектор 1:usb type-c; коннектор 2:usb 2.0 type-a; конструктивные особенности:тканевая оплетка; макс. ток, а:2; страна-изготовитель:китай; тип:кабель для мобильных у",валюта:rub; вид разъема:type-c; высота упаковки:2 см; гарантийный срок:1 месяц; длина упаковки:21 см; длина шнура:100 см; количество предметов в упаковке:1 шт.; комплектация:usb кабель - 1 шт.; упаковка - 1 шт.; модель:x14 times speed; сечение кабеля:круглое; страна производства:китай; тип кабеля:us
confident_contradiction,0,fold_03,Строительство и ремонт,60129702171,369367348297,0,0.921,0.964,люстра divinare 2060/02 sp-5,"подвесной светильник divinare 2060/02 sp-5, серый металлик",вес брутто:10.68 кг; высота:230 мм; длина:530 мм; количество ламп:5 шт.; материал арматуры:металл; материал плафона:стекло; мощность:40 вт; назначение:для гостиной; патрон:е14; пульт ду:нет; родина бренда:италия; стиль:хай-тек; страна происхождения:китай; тип:подвесной; тип лампы:накаливания; цвет а,"бренд:divinare; вес товара, г:9; вид ламп:накаливания; вид питания:от сети 220в; защищенность:; количество ламп, шт:5; макс. мощность ламп, вт:40; материал плафона:стекло; площадь освещения, кв.м:11.2; страна-изготовитель:китай; тип:подвесной светильник; тип цоколя:e14; цвет плафона:прозрачный; цвет"
confident_contradiction,0,fold_02,Бытовая химия,618475354600,403726952069,0,0.915,0.973,"mr. proper / средство для мытья полов mr.proper 'лавандовое спокойствие',","mr. proper моющее средство, лавандовое спокойствие, 1 л",валюта:rub; комплектация:1 шт; страна производства:россия,"аромат:лаванда; бренд:mr. proper; вес товара, г:1000; единиц в одном товаре:1; комплектация:mr. proper моющее средство, лавандовое спокойствие, 1 л - 1 шт; название аромата:лаванда; назначение моющего, чистящего средства:для пола/ламината; объем, мл:1000; особенности применения:антибактериальный эфф"
confident_contradiction,0,fold_01,Хобби и творчество,584115642337,283467943622,0,0.954,0.966,puzzle time творческий набор пазлов «встречаем новый год»,"творческий набор пазлов ""встречаем новый год""","длина:25 cм; количество элементов:114; материал:картон, пластик; минимальный возраст:от 3 лет; особенности:без особенностей; тип:набор пазлов","бренд:россия; количество элементов, шт:114; тип:пазл; форма пазла:прямоугольник"
confident_contradiction,0,fold_02,Строительство и ремонт,18734,558345772390,1,0.154,0.068,"бур по бетону sds plus с двойной резьбой 14х460 мм, mos 32557м",бур по бетону sds plus с двойной резьбой 14х160 мм mos,"бренд:full ind tools; диаметр сверл, мм:14; длина, мм:460; материал:легированная сталь; назначение:для бетона; патрон/шпиндель/крепление:sds-plus; совместимый инструмент:перфоратор; страна-изготовитель:китай; тип:бур",диаметр:14 мм; диаметр хвостовика:10 мм; обрабатываемый материал:бетон; общая длина:160 мм; тип рабочей части:бур; тип хвостовика:sds-plus
confident_contradiction,0,fold_03,Хобби и творчество,644245177543,377957233896,1,0.236,0.003,машинка hot wheels fpy86-hcj89 premium car culture металлическая 94 bugatti eb110,"автомобиль 2017 ford gt, revell, 07678",артикул производителя:07369; бренд:hot wheels; код товара:600014551424; модель:fpy86-hcj89,"бренд:revell; вес товара, г:320; вид техники:гражданская; возраст ребенка:от 10 лет; длина модели, см:19.9; исторический период:современность; количество элементов, шт:27; комплектация:без красок в комплекте; масштаб модели для сборки:1/24; материал:пластик; название цвета:синий; нация:сша; страна-и"
confident_contradiction,0,fold_01,Музыкальные инструменты,764504187757,326417612617,1,0.297,0.152,fender mm stratocaster hard tail black - электрогитара,электрогитара raptor plus black sss black,бренд:fender; гарантийный срок:12 месяцев при соблюдении правил хранения и эксплуатации; материал струн:никель; образец цвета:https://cdn1.ozone.ru/s3/multimedia-t/6695771033.jpg; тип:электрогитара,"количество струн:6; мензура:25.5""; схема звукоснимателей:s-s-h; тип:электрогитара; тип бриджа:тремоло; цвет товара:black"
confident_contradiction,0,fold_02,Детские товары,17179992481,377957215998,0,0.94,0.906,радиоуправляемый вертолет syma s107h rtf 2.4ghz с барометром арт.s107h,р/у вертолет syma s107h с барометром,"артикул производителя:16094-2000000158631; бренд:syma; возрастное ограничение:14+; время зарядки, в минутах:60; время полета, в минутах:7; высота вертолета, в сантиметрах:10; дальность полета, в метрах:20; длина вертолета, в сантиметрах:22; код товара:600006920019; количество каналов:3; материал кор","бренд:syma; вес товара, г:700; время работы, мин:5; гарантийный срок:30 дней; емкость аккумулятора,  мач:150; количество батареек пульта:4; максимальный возраст ребенка:до 18 лет; минимальный возраст ребенка:от 14 лет; питание пульта:сменная батарея; питание радиоуправляемой модели:сменный аккумулят"
confident_contradiction,0,fold_01,Мебель,188978724292,609885412125,0,0.951,0.919,прямой диван медиус лига диванов 107063,"лига диванов диван-кровать, механизм выкатной, 195х103х76 см","вес нетто:103 кг; вес, кг:103,00; высота:760 мм; высота сиденья:45 мм; высота, мм:760; габариты без упаковки:195х103х76 мм; длина:1950 мм; длина спального места в разложенном виде:1920 мм; длина, мм:1030; единица товара:штука; количество посадочных мест:3; материал каркаса:лдсп; материал обивки:микр","артикул:lgd_107063; бренд:лига диванов; вес товара, г:100; вид выпуска товара:фабричное производство; вид раскладывания:выкатной; высота сиденья, см:45; высота, см:76; гарантийный срок:18; глубина, см:103; длина спального места в разложенном виде, см:192; исполнение:раскладное; комната:гостиная; ком"
confident_contradiction,0,fold_03,Красота и гигиена,412316865921,161485,0,0.932,0.998,"some by mi / ^крем для лица beta-panthenol repair cream, 50 мл",some by mi beta panthenol repair cream восстанавливающий и успокаивающий крем для лица с пантенолом 50мл,"валюта:rub; вес товара без упаковки (г):50 г; время нанесения:универсальный; действие:питание, восстановление, увлажнение, упругость; комплектация:1; объем товара:50 мл; срок годности:36 мес; страна производства:республика корея; тип кожи:для чувствительной кожи; для сухой кожи; для нормальной кожи","бренд:some by mi; область использования:лицо; объем, мл:50; состав:крем; тип:крем для ухода за кожей"
confident_contradiction,0,fold_04,Бытовая техника,523986133308,128849079072,0,0.926,0.949,мечта / электрическая настольная плитка мечта 212т черная,"мечта электрическая настольная плита 212т, черный","валюта:rub; вес с упаковкой (кг):3.8 кг; высота предмета:9 см; гарантийный срок:1 год; глубина предмета:29 см; диаметр конфорок:14,5 x 2 шт; длина кабеля:120 см; комплектация:электрическая настольная плитка; материал изделия:нержавеющая сталь; модель:212t-черная; мощность устройства:2000 вт; страна ","бренд:мечта; вес товара, г:3000; высота, см:9.9; гарантийный срок:12 месяцев; глубина, см:32; длина шнура, м:1.5; защита от перегрева:да; индикаторы:нагрева; количество конфорок:2; комплектация:электрическая плита 1 шт., паспорта и руководство по эксплуатации 1 шт., упаковочная коробка 1 шт.; констр"
confident_contradiction,0,fold_03,Спорт и отдых,601295535808,137439093510,0,0.954,0.997,"шапочка для плавания детская птички, тканевая, обхват 46-52 см","onlytop шапочка для плавания детская «птички», тканевая, обхват 46-52 см","бренд:onlytop; вес товара, г:25; высота товара в упаковке, мм:150; длина товара в упаковке, мм:5; материал:полиэстер; страна-изготовитель:китай; тип:шапочка для плавания; цвет товара:розовый; целевая аудитория:детская",материал:ткань; назначение:мальчики; размер:46-52; тип:шапочка для плавания; цвет:розовый; цвет товара:розовый
confident_contradiction,0,fold_02,Продукты питания,798863966085,120259108342,0,0.917,0.988,"koska / турецкие сладости / рахат лукум с розой, 250 г",koska рахат-лукум со вкусом розы 250г,"валюта:rub; вес товара без упаковки (г):250 г; вес товара с упаковкой (г):270 г; вид рахат-лукума:фруктовый; высота упаковки:4 см; длина упаковки:15 см; комплектация:рахат-лукум с розой, 250 г - 1 шт; максимальная температура хранения:+22 °c; минимальная температура хранения:+17 °c; особенности прод","бренд:koska; вес товара, г:250; единиц в одном товаре:1; максимальная температура:25; минимальная температура:0; не содержит:без гмо; содержит:сахар; состав:вода, лимонная кислота, сахар, антоцианы, натуральный ароматизатор роза, кукурузный крахмал; срок годности в днях:365; страна-изготовитель:турц"
confident_contradiction,0,fold_02,Красота и гигиена,300647767439,627065369513,1,0.296,0.274,"enigma / черные ресницы энигма микс 0,12/d/7-13mm 16линий","enigma черные ресницы  микс 0,07/d/7-13 mm (16 линий)","валюта:rub; длина ресниц:микс; изгиб ресниц:d; комплектация:ресницы для наращивания; палетка - 434; состав:pbt волокно; страна производства:вьетнам; толщина ресниц:0,12 мм","бренд:enigma; длина ресниц, мм:13; изгиб ресниц:d; название цвета:черный; тип:ресницы для наращивания; толщина ресниц, мм:0.07; цвет товара:черный"
confident_contradiction,0,fold_02,Хобби и творчество,197568635413,687194833911,0,0.923,0.974,"тм эврики / набор для опытов ""мой мини сад""","набор для опытов ""мой мини сад"", эврики",валюта:rub; высота упаковки:23 см; длина упаковки:23 см; комплектация:набор - 1 шт; страна производства:китай; ширина упаковки:9 см,бренд:эврики; вид исследований:выращивание растений; возраст ребенка:от 6 лет; возрастные ограничения:от 6 лет; количество экспериментов в наборе:1; комплектация:набор - 1 штука.; минимальный возраст ребенка:от 6 лет; наука:ботаника; развитие навыков:воображение; страна-изготовитель:китай; тематика:
confident_contradiction,0,fold_01,Детские товары,781684150130,42949704272,0,0.983,0.951,"игровой набор с проектором русская народная сказка , 3 сказки, световой эффект","zabiaka игровой набор с проектором ""русская народная сказка"", 3 сказки, световой эффект","бренд:нет бренда; комплектация:игровой набор с проектором «русская народная сказка», 3 сказки, световой эффект; материал:пластик; пол ребенка:унисекс; страна-изготовитель:китай; тип:диапроектор; цвет товара:разноцветный; целевая аудитория:детская",материал:пластик; минимальный возраст:3 года; особенности:ночник; тип:диапроектор; цвет товара:разноцветный; эффекты:свет
confident_contradiction,0,fold_01,Бытовая химия,34359828280,292057883325,0,0.966,0.951,"средство для мытья пола mr.white ""лимон-апельсин"", концентрат, 5 л",mr. white средство для мытья пола mr.white optima концентрат лимон-апельсин 5л,"бренд:mr.white; вес товара, г:5000; страна-изготовитель:россия; тип:средство чистящее для пола; целевая аудитория:взрослая",бренд:mr. white; назначение:для напольных покрытий; объем:5000 мл; особенности:концентрат; содержит:d-лимонен
confident_contradiction,0,fold_02,Красота и гигиена,309237757447,644245209688,0,0.96,0.973,"queen fair пилка-наждак, абразивность 180/240, 18 см, цвет серый","пилка-наждак, абразивность 180/240, 18 см, цвет серый","длина:18 см; степень абразивности:180 грит, 240 грит; тип:пилка; тип ногтей:любые; форма:бумеранг; цвет товара:серый","бренд:нет бренда; зернистость, грит:180/240; основной материал:абразив; страна-изготовитель:китай; тип:пилка для маникюра"
confident_contradiction,0,fold_03,Хобби и творчество,171798841332,257698089709,0,0.925,0.918,"тесьма трикотажная лампас 40 мм, 9 0,5 м, цвет белый/чёрный","nobrand тесьма трикотажная лампас 40 мм, 9 ± 0,5 м, цвет чёрный/белый",бренд:lisik.; страна-изготовитель:китай; тип:тесьма,"бренд:nobrand; вес:37; длина, см:900; код товара:100046026314; материал:трикотаж; страна-производитель:китай; тип:тесьма; тип товара:тесьма; узор:да; цвет:белый; черный; ширина, см:4"
confident_contradiction,0,fold_02,Спорт и отдых,755914245915,142432,0,0.965,0.967,bestway / бассейн надувной bestway 122х25см 51025,бассейн надувной круглый bestway 51025 122*25см,валюта:rub; вес с упаковкой (кг):0.7 кг; высота упаковки:2 см; длина упаковки:30 см; страна производства:китай; ширина упаковки:10 см,"бренд:bestway; вид бассейна:надувной; высота, см:22; диаметр, см:122; страна-изготовитель:китай; тип:бассейн; форма бассейна:круг; целевая аудитория:детская"
confident_contradiction,0,fold_02,Электроника,755914336064,146029001367,0,0.967,0.985,"benq 23.8"" монитор bl2485tc , черный",benq bl2485tc,"web-камера:нет; бренд:benq; вес, кг:6.2; время отклика, мс:5; встроенные динамики:да; гарантийный срок:1 год; диагональ экрана, дюймы:23.8; динамическая контрастность:1000:1; изогнутый экран:нет; количество usb портов:1; комплектация:монитор, подставка, документация; контрастность:1000:1; макс. част",hd-формат:full hd; led-подсветка:да; автоматическая настройка яркости:да; безрамочный:да; блок питания:встроенный; вес без подставки:3.8 кг; вес с подставкой:6.2 кг; воспроизведение с usb:да; время отклика:5 мс; встроенные динамики:да; встроенный микрофон:да; высота без подставки:34.18 см; высота с 
confident_contradiction,0,fold_02,Дом и сад,773094114636,395137008501,1,0.11,0.004,"в центре океана: эссе, рассказы. сокуров а. т8 rugram","арт-сити картина ""интерьерная картина на холсте/большой кусок луга, альбрехт дюрер"", 60  х 40 см",isbn:978-5-517-07280-1; автор:сакуров а.; бумага:офсетная; вес:414 г; год издания:2022; дополнительная информация:12+; количество страниц:313; направление литературы:отечественная проза; переплет:мягкий; серия:пальмира-проза; формат:60х90х16,"артикул:111052; бренд:арт-сити; вид выпуска товара:фабричное производство; гарантийный срок:10 лет; длина большей стороны, см:60; длина меньшей стороны, см:40; жанр картины:картины художников; комплектация:интерьерная картина, крепёж, картонная коробка; материал:холст; название принта:интерьерная ка"
confident_contradiction,0,fold_03,Товары для животных,575525641794,412316870581,0,0.925,0.993,"ddstyle дунья догуш туалет экстра д/кошек с сеткой 49,5х36х12,5см","туалет для кошек с сеткой дунья догуш extra 49,5 36 12,5 см",высота:12.5 см; длина:49.5 см; особенности:с решеткой; срок службы:3 г.; тип:открытый туалет; ширина:36 см,"бренд:дунья догуш пластик; комплектация:товар в фабричной упаковке; материал:пластик; предназначено для:для кошек; размер животного:малый; размер упаковки (длина х ширина х высота), см:49.5х 36х 12.5; размеры, мм:495х 360х 125"
confident_contradiction,0,fold_02,Бытовая техника,455266589840,171798825053,0,0.915,0.969,redmond / мультипекарь вафельница rmb-634/3 3 панели,"redmond мультипекарь rmb-634/3 700 вт, черный",валюта:rub; вес с упаковкой (кг):2.5 кг; внутреннее покрытие:металл; антипригарное; высота предмета:10 см; гарантийный срок:1 год; глубина предмета:23 см; длина кабеля:75 см; количество порций:2 шт.; 4 шт.; количество режимов работы:1 шт.; материал корпуса:металл; пластик; термопластик; модель:rmb-6,"антипригарное покрытие:да; бренд:redmond; вес товара, г:2000; вид вафли:венские; гарантийный срок:1 год; длина шнура, м:1; комплектация:мультипекарь, комплект съемных панелей ramb-01, комплект съемных панелей ramb-02, комплект съемных панелей ramb-03, , книга рецептов , руководство по эксплуатации ,"
confident_contradiction,0,fold_01,Дом и сад,171798768313,515396131411,1,0.238,0.203,"estudi blanco тюль высота 280 см, ширина 300 см, крепление - лента, белый","тюль micasa gera 300х280&nbsp;см, золотой","артикул:80537132-tyul-tt2999-off; бренд:estudi blanco; вид выпуска товара:фабричное производство; вид крепления штор:лента; вид принта:абстракция; высота, см:280; гарантийный срок:13 дней; комплектация:тюль - 1  шт.; материал:полиэстер; название цвета:белый; образец цвета:https://cdn1.ozone.ru/s3/mu","бонусы за покупку:150; бренд:<a href=""/brands/micasa/"">micasa</a>; глажка:глажка утюгом при максимальной температуре 110 градусов, без пара; количество покупок:538; коллекция:<a href=""/collections/gera/shtory/"">gera</a>; материал:100% полиэстер; производитель:турция; размер (шхв):300x280 см; рисунок"
confident_contradiction,0,fold_03,Канцелярские товары,833223771997,472446409723,0,0.943,0.947,"не определен карандаши акварельные набор 24 цвета, mondeluz 3724, в металлическом пенале","карандаши акварельные набор 24 цвета, mondeluz 3724, в металлическом пенале, блистер",вид:акварельные,"бренд:нет бренда; вид карандаша:акварельный; количество карандашей, шт:24; материал:дерево; страна-изготовитель:чехия; тип:набор карандашей; форма карандаша:шестигранный; цвет товара:разноцветный"
confident_contradiction,0,fold_01,Бытовая химия,764504339055,472446421273,0,0.964,0.93,биоактиватор свити ред 2в1 средство био бактерии для ямы садового туалета,не определен биоактиватор sviti red 2x100 грамм мощное средство биобактерии для ямы дачного туалета,"аромат:без отдушки; бренд:sviti; вес товара, г:300; комплектация:биологическое средство 2в1 живые биобактерии sviti red (2 картонные пачки по 100 грамм в каждой). 

утилизатор sviti red для удаления неприятного запаха, очистки без откачки выгребных ям любых видов дачных, садовых, уличных и дворовых ","дополнительная информация:биологическое средство 2в1 живые биобактерии sviti red (2 картонные пачки по 100 грамм в каждой). утилизатор sviti red для удаления неприятного запаха, очистки без откачки выгребных ям любых видов дачных, садовых, уличных и дворовых туалетов. на упаковке есть подробная инст"
confident_contradiction,0,fold_01,Бытовая химия,635655193444,463856490779,0,0.949,0.965,sanfor / sanfor чистящее средство зелёное яблоко 10в1 universal 750г,"sanfor универсальное чистящее средство зеленое яблоко, 750 г",валюта:rub; вес товара с упаковкой (г):750 г; высота упаковки:23 см; длина упаковки:7 см; страна производства:россия; ширина упаковки:9 см,"аромат:яблоко; артикул:kms4602984004041; бренд:sanfor; единиц в одном товаре:1; комплектация:универсальное чистящее средство - 1 шт; назначение моющего, чистящего средства:универсальное; объем, мл:750; особенности применения:антибактериальный эффект; размер упаковки (длина х ширина х высота), см:27х"
confident_contradiction,0,fold_02,Музыкальные инструменты,833223778187,515396137117,0,0.971,0.937,классическая гитара belucci bc3805 bls,"belucci / гитара классическая 7/8 (38"") комплект bc3805 bls","бренд:belucci; количество ладов, шт.:19; количество струн:6; крепление грифа:вклеенный; материал грифа:клен; материал корпуса/верхней деки:липа; материал накладки грифа:пластик; материал нижней деки:липа; материал обечайки:липа; материал струн:нейлон; название цвета:синий; размер инструмента:7/8; ра",валюта:rub; вес товара без упаковки (г):1455 г; высота предмета:96.5 см; высота упаковки:11 см; глубина предмета:9 см; длина упаковки:97 см; количество ладов:19 шт.; количество струн инструмента:6 шт.; комплектация:гитара 1 шт; чехол 1 шт; ремень 1 шт; струны 6 шт; медиаторы 3 шт; крепление грифа:вк
confident_contradiction,0,fold_03,Хобби и творчество,712964620114,214748441540,0,0.909,0.924,"набор для творчества набор для рисования светом paw patrol щенячий патруль: магия света, формат а4","не определен набор для рисования светом paw patrol «щенячий патруль: магия света», формовой",бренд:нет бренда; страна-изготовитель:россия; тип:набор для рисования,бренд:paw patrol; вид планшета:для рисования светом; для детей:да; минимальный возраст (лет):3; назначение:для рисования светом; тип:набор для рисования светом
confident_contradiction,0,fold_03,Хобби и творчество,618475358740,816043865160,0,0.996,0.913,русский стиль / умные игры на липучках сосчитай-ка! 04300,настольная игра русский стиль умные игры на липучках сосчитай-ка!,валюта:rub; высота упаковки:19 см; длина упаковки:26 см; страна производства:россия; ширина упаковки:4 см,бренд:русский стиль; вид выпуска товара:фабричное производство; максимальное число игроков:4; минимальное число игроков:2; страна-изготовитель:россия; тип:настольная игра; целевая аудитория:детская; целевая аудитория игры:для детей
confident_contradiction,0,fold_01,Электроника,51539670239,420906808005,0,0.936,0.994,limeparts / блок питания для ноутбуков toshiba 19v 4.74a 90w 5.5x2.5 мм,блок питания для ноутбуков toshiba 19v 4.74a 90w 5.5x2.5,"валюта:rub; вес товара с упаковкой (г):650 г; высота упаковки:5 см; гарантийный срок:6 мес; длина упаковки:15 см; комплектация:блок питания, сетевой кабель, прочная упаковка; мощность устройства:90w; напряжение:19 в; сила тока (а):4.74 а; цвет:черный; ширина упаковки:10 см","бренд:toshiba; входной коннектор:сетевая вилка; выходное напряжение, в:19; выходной коннектор:dc 5.5 x 2.5 мм (штекер); гарантийный срок:3 месяца; количество выходных разъемов:1; комплектация:
блок питания, кабель, коробка.; макс. выходная мощность, вт:90; макс. выходной ток, а:4.74; партномер:04g26"
confident_contradiction,0,fold_01,Строительство и ремонт,609885377835,755914324899,1,0.216,0.238,белгородский абразивный завод лента шлифовальная 915 мм 50  мм p180,белгородский абразивный завод / шлифовальная кк 10jw p800 50х915мм,"бренд:белгородский абразивный завод; длина, мм:915; единиц в одном товаре:2; зернистость:p180; комплектация:2 штуки в упаковке; материал:оксид алюминия; страна-изготовитель:россия; тип:лента шлифовальная; цвет товара:коричневый; ширина, мм:50",валюта:rub; зернистость:p800; количество предметов в упаковке:1; комплектация:шлифовальная - 1 шт; страна производства:россия
confident_contradiction,0,fold_02,Аптека,635655297514,94489359745,1,0.101,0.073,астигматические линзы alcon precision1 for astigmatism (toric) 30 линз sph -6.50 cyl -0.75 axis 180,"контактные линзы alcon precision1 for astigmatism 30 линз sph -6,50 cyl -1,75 axis 170","бренд:alcon; вес товара, г:110; влагосодержание, %:87; диаметр, мм:14.5; дней до замены:1 день; кислородопропускание, dk/t:90; количество в упаковке:30; материал контактных линз:верофилкон а; оптическая сила:-6.50; особенности контактных линз:силикон-гидрогель; ось (axis):180; радиус кривизны:8.5; р","артикул производителя:precision1(tor)-6.50-1.75x170; бренд:alcon; бьюти-линзы:нет; влажность, %:87; диаметр:14.5; код товара:600015139232; количество в упаковке:30; количество штук в упаковке:30; коэффициент пропускания кислорода, dk/t:90; материал:силикон-гидрогель; оптическая сила цилиндра(cyl):-1"
confident_contradiction,0,fold_04,Канцелярские товары,549755913545,618475305691,0,0.955,0.992,"disney / блокнот а6, 32 листа на скрепке эльза. холодное сердце, 1 шт","блокнот на скрепке ""эльза"" холодное сердце, 32 листа, а6",валюта:rub; комплектация:блокнот,бренд:disney; страна-изготовитель:китай; тип:записная книжка
confident_contradiction,0,fold_04,Товары для животных,283467882152,128849138960,0,0.962,0.942,"homecat / когтеточка-столбик для кошек, серая, 29,5х29,5х50 см","когтеточка-столбик homecat для кошек ковролин, джут серый 295х295х500 65632",валюта:rub; вид животного:для кошек; высота предмета:50 см; высота упаковки:50 см; длина упаковки:30 см; комплектация:когтеточка; материал изделия:джут; страна производства:россия; ширина предмета:29.5 см; ширина упаковки:30 см,бренд:homecat; предназначено для:для кошек; страна-изготовитель:россия; тип:когтеточка
confident_contradiction,0,fold_03,Спорт и отдых,506806201882,627065376176,0,0.906,0.952,бинокль levenhuk karma base 8x42,levenhuk / бинокль karma base 8x42,"артикул:pl-693597; бренд:levenhuk; вес товара, г:840; гарантийный срок:пожизненная; диаметр выходного зрачка, мм:5.2; диаметр объектива, мм:42; конструктивные особенности:чехол в комплекте; конструкция:крышеобразная призма; материал корпуса:пластик; материал призмы:bak-7; межзрачковое расстояние, мм",валюта:rub; диаметр выходного зрачка:5.2 мм; доп. параметры бинокля:крепление на штатив; многослойное покрытие линз; резиновое покрытие корпуса; комплектация:бинокль; защитные крышки окуляров и объективов; ремешок; чехол; салфетка для ухода за оптикой; максимальное увеличение изображения:8 крат; мат
confident_contradiction,0,fold_01,Бытовая химия,695784805881,841813638254,0,0.99,0.986,средство для мытья пола grass arena с полирующим эффектом цветущий лотос 1л 1537427,"grass средство для пола с полирующим эффектом arena цветущий лотос, 1 л",код товара:00-02360593,"аромат:лотос; бренд:grass; вес товара, г:1034; единиц в одном товаре:1; комплектация:grass средство для пола с полирующим эффектом arena цветущий лотос, 1 л - 1 шт; назначение моющего, чистящего средства:для пола/ламината; объем, мл:1000; особенности применения:антибактериальный эффект; размер упако"
confident_contradiction,0,fold_04,Дом и сад,695784838460,549755853806,0,0.918,0.924,снегоуборщик бензиновый huter sgc 4000b,снегоуборщик huter sgc 4000b,гарантия продавца / производителя:12 мес.; модель:huter sgc 4000b; страна-производитель:китай; тип:снегоуборщик бензиновый,"артикул:70/7/13; бренд:нет бренда; вес, кг:64.59; габариты (дхшхв, см):85,0 х 58,5 х 64,0; гарантийный срок:1 год; гарантия:1 год; глубина обработки, см:42; дальность выброса снега, м:12; комплектация:снегоуборщик в сборе с двигателем, рычаг поворота желоба, ограничительные башмаки 2шт, рукоятка упр"
confident_contradiction,0,fold_04,Бытовая химия,489626341840,515396160183,0,0.969,0.964,grass / средство для мытья посуды velly premium лайм и мята 500мл,средство для мытья посуды grass velly premium лайм и мята 500мл,валюта:rub; высота упаковки:10 см; длина упаковки:30 см; ширина упаковки:10 см,"аромат:лайм; артикул:ут-00055712; бренд:grass; вес товара, г:500; единиц в одном товаре:1; комплектация:средство для мытья посуды grass velly premium лайм и мята 500мл - 1шт; название аромата:лайм и мята; назначение моющего, чистящего средства:для дезинфекции; объем, мл:500; особенности применения:а"
confident_contradiction,0,fold_03,Дом и сад,154618963461,549755830394,0,0.949,0.985,hesi / стимулятор hesi power zyme 1000 мл (1 л),"стимулятор роста растений, hesi power zyme, 1л",валюта:rub,"артикул:627; бренд:hesi; вес товара, г:1000; гарантийный срок:5 лет; количество в упаковке, шт.:1; комплектация:1л; назначение удобрения:для декоративно-лиственных культур; область применения:универсальное; объем, мл:1000; страна-изготовитель:голландия; тип:удобрение; фасовка, кг:1; форма выпуска ср"
confident_contradiction,0,fold_02,Строительство и ремонт,532576053574,549755839980,0,0.963,0.958,ресанта / перфоратор электрический ресанта п-28-800к (75/3/1) 800 вт,ресанта перфоратор п-28-800к 800 вт от сети,валюта:rub; количество скоростей работы:3; мощность устройства:800; тип крепления бура/сверла:sds-plus,"бренд:ресанта; вес товара, г:2700; гарантия:5 лет; длина шнура питания, м:2; класс инструмента:полупрофессиональный; количество ударов, уд./мин:5200; комплектация:перфоратор 1 шт. ограничитель глубины сверления 1 шт. боковая рукоятка 1шт. паспорт 1 шт. упаковка 1 шт. кейс пластмассовый 1 шт. дополни"
confident_contradiction,0,fold_01,Бытовая химия,68719590241,360777322123,1,0.169,0.249,"ласка / гель для стирки ласка для черного и темного, 3 л, 50 стирок","гель для стирки ласка эффект восстановления, для черного и темного, 1 л, 16 стирок 2 штуки","валюта:rub; вес товара без упаковки (г):3000 г; вес товара с упаковкой (г):3010 г; высота упаковки:14 см; длина упаковки:39 см; количество стирок:50 шт.; комплектация:гель для стирки ласка эффект восстановления, чёрного и темного, 3 л, 50 стирок; назначение стирального средства:гель для стирки белья","бренд:ласка; вес товара, г:1000; вид стирки:автоматическая; единиц в одном товаре:2; комплектация:гель для стирки ласка эффект восстановления, для черного и темного, 1 л, 16 стирок 2 штуки; назначение средства для стирки:для черных и темных тканей; размер упаковки (длина х ширина х высота), см:27 x "
confident_contradiction,0,fold_01,Хобби и творчество,506806179819,506806289589,0,0.952,0.945,лото дорожное stellar азбука-математика,stellar / лото азбука-математика,бренд:stellar; вид выпуска товара:фабричное производство; страна-изготовитель:россия; тип:лото,"валюта:rub; высота упаковки:20 см; длина упаковки:7 см; комплектация:развивающая настольная игра лото - 1 шт.; материал изделия:полистирол; рекомендуемый возраст:от 3 лет; 3+; страна производства:россия; тренируемые навыки:воображение, внимание, смекалка, моторика, память, творческие способности; ши"
confident_contradiction,0,fold_01,Красота и гигиена,549755836110,231928277786,0,0.922,0.945,cos de baha / омолаживающий пептидный тонер pt m.a peptide facial toner,"cos de baha антивозрастной тоник для лица с пептидным комплексом и гиалуроновой кислотой pt m.a peptide facial toner, 200 мл",валюта:rub; действие:увлажнение; восстановление; питание; комплектация:тоник 1 шт; объем товара:200 мл; срок годности:36 месяцев; страна производства:республика корея; тип кожи:проблемная; все типы,"бренд:cos de baha; бьюти-ингредиент:пептиды; возрастной диапазон:от 25 лет; единиц в одном товаре:1; область использования:лицо; объем, мл:198; особенности состава:без камфоры; пол:женский; применение:дневной уход; состав:*organic aloe barbadensis leaf extract, propanediol, glycerin, 1,2-hexanediol,"
confident_contradiction,0,fold_01,Товары для животных,463856587191,601295500293,0,0.929,0.949,аквариумное растение rabizy дерево 23х8х33 см,аквариумное растение rabizy дерево 23х8х33 см,"бренд:rabizy; вес товара, г:110; вид декорации:растение; единиц в одном товаре:1; размеры, мм:80 x 230 x 330; страна-изготовитель:китай; тип:декорация для аквариума","вес упаковки, кг:0.11; высота упаковки, см:8.0; длина упаковки, см:33.0; страна производства:китай; тип:растения; ширина упаковки, см:23.0"
confident_contradiction,0,fold_04,Детские товары,140635,283467967999,0,0.931,0.929,"no name мягкая игрушка «авокадо», заяц, 25 см","мягкая игрушка авокадо, заяц, 25 см",вес в транспортной упаковке:0.265 кг; высота/длина:25 см; габариты транспортной упаковки:20х25х10 см; тип:мягкая игрушка,"бренд:нет бренда; вид мягкой игрушки:традиционные; высота игрушки, см:25; дополнительные функции:без эффектов; материал:полиэстер; минимальный возраст ребенка:от 3 лет; пол ребенка:унисекс; страна-изготовитель:китай; тип:мягкая игрушка"
confident_contradiction,0,fold_04,Спорт и отдых,558345760762,489626365710,0,0.981,0.992,игровые футбольные ворота dfc goal120t,ворота игровые dfc goal120t,бренд:dfc; вид спорта:футбол; страна-изготовитель:китай; тип:футбольные ворота,количество:1 шт.; материал:сталь; тип:ворота
confident_contradiction,0,fold_04,Продукты питания,111669219543,240518250348,0,0.993,0.962,"dу сессо / макаронные изделия de cecco fusilli №34, 500 г","макаронные изделия de cecco fusilli №34, 500 г",валюта:rub; вес товара без упаковки (г):500 г; высота упаковки:10 см; длина упаковки:40 см; комплектация:1 уп макарон 500г; 2 шт по 500 г; максимальная температура хранения:+25 °c; минимальная температура хранения:+5 °c; особенности макарон:мука из твердых сортов пшеницы; пищевая ценность белки:14 г,"бренд:de cecco; вес товара, г:500; вид лапши:пшеничная; время приготовления, мин:10; единиц в одном товаре:1; максимальная температура:25; минимальная температура:0; состав:мука из твердых сортов пшеницы, вода; способ приготовления крупы:требует варки; срок годности в днях:720; страна-изготовитель:и"
confident_contradiction,0,fold_01,Товары для животных,171798829151,747324455413,0,0.955,0.91,"trixie. игрушка для собак ""мяч"" с пищалкой. диаметр 7 см, розовый. (33677)",trixie / *33677 игрушка мяч 7см,"благотворительный товар:3 рубля с продажи данного товара будут перечислены в благотворительный фонд «дом с маяком».

благотворительный фонд «дом с маяком» поддерживает детские хосписы в москве и московской области, а также хоспис для ребят старше 18 лет. благодаря этому дети, подростки и молодые взр",валюта:rub; вид животного:для собак; комплектация:1 шт.; материал изделия:резина
confident_contradiction,0,fold_04,Строительство и ремонт,335007599154,17179941450,0,0.986,0.964,"съёмник внутренних стопорных колец airline прямой сжим 7"" 180 мм at-icp7-02","съёмник внутренних стопорных колец ""прямой сжим"" 180мм airline at-icp7-02","вес нетто:0.18 кг; вес, кг:0,16; высота, мм:20; длина:180 мм; длина, мм:80; единица товара:штука; класс товара:бытовой; материал:crv; тип стопорного кольца:внутреннее; чехлы на рукоятках:есть; ширина, мм:260","бренд:airline; вес товара, г:158; гарантия:1 год; длина, мм:180; количество инструментов в наборе, шт.:1; комплектация:щипцы - 1шт

; материал ключа:пластик; партномер:aticp702; страна-изготовитель:китай; тип:специнструмент для авто"
confident_contradiction,0,fold_03,Спорт и отдых,747324338956,609885392743,0,0.94,0.982,"круг для плавания водоворот d 91 см, от 9 лет, цвета микс, 59256np intex","intex круг для плавания «водоворот», d=91 см, от 9 лет, цвет микс, 59256np intex",бренд:нет бренда; пол ребенка:унисекс; тип:надувной круг; цвет товара:голубой,диаметр:91 см; максимальная нагрузка:60 кг; минимальный возраст:от 9 лет; особенности:ручки-держатели; тип:круг; цвет товара:микс
confident_contradiction,0,fold_02,Продукты питания,360777305089,438086753131,0,0.958,0.909,"кофе растворимый nescafe gold barista, 170 г",кофе nescafe gold barista сублимированный растворимый 170 г,"бренд:nescafé; вес товара, г:170; единиц в одном товаре:1; интенсивность вкуса:крепкий; максимальная температура:25; минимальная температура:6; состав:кофе натуральный растворимый порошкообразный, кофе натуральный жареный молотый.; состав кофе:арабика/робуста; срок годности в днях:480; страна-изгото",белки:8.06 г; вес:170.0 г; вид кофе:арабика; вид растворимого кофе:сублимированный; вкус:натуральный; вкусовой оттенок:насыщенный; добавки:без добавок; жиры:1.05 г; калорийность:126.0 ккал; количество в упаковке:1 шт; производитель:нестле россия ооо; размер:170 г; состав:натуральный растворимый субл
confident_contradiction,0,fold_01,Электроника,128849109045,738734470435,1,0.117,0.021,гидрогелевая пленка на vivo x 70 pro plus / виво x 70 про плюс / x 70 pro +,new armor / защитная гидрогелевая пленка на vivo x 90 pro plus,"бренд:new armor; вес товара, г:50; дополнительные свойства покрытия:антибликовое покрытие; комплектация:бронепленка 1шт, набор для поклейки, qr-код инструкция.; назначение пленки/стекла:для смартфонов; покрытие:матовое; применение:на экран; прозрачность покрытия:прозрачное; тип:защитная пленка","валюта:rub; высота предмета:0.2 см; высота упаковки:3 см; длина упаковки:22 см; комплектация:пленка 1шт, набор для поклейки, qr-код инструкция.; совместимость:vivo x 90 pro plus / виво x 90 про плюс / x 90 pro+; страна производства:республика корея; цвет:матовый никель; ширина предмета:9 см; ширина "
confident_contradiction,0,fold_01,Детские товары,575525705679,42949824275,0,0.936,0.97,неваляшка стеллар кошечка алина малая,"неваляшка малая кошечка ""алина""","вес упаковки, кг:0.175; высота упаковки, см:26.0; длина упаковки, см:10.0; материал основной:пластик; страна производства:россия; тип:неваляшка; ширина упаковки, см:10.0",бренд:stellar; максимальный возраст ребенка:до 10 лет; материал:пластик; минимальный возраст ребенка:от 1 года; пол ребенка:унисекс; страна-изготовитель:россия; тип:неваляшка
confident_contradiction,0,fold_04,Бытовая химия,154618934536,816043835677,0,0.923,0.946,средство mr. muscle утренняя роса для стекол 500 мл,"средство для стекол и поверхностей mr. muscle утренняя роса, 500мл",аромат:свежий; вид упаковки:бутылка; количество в упаковке:1 шт; метод уборки:ручная; назначение:стекла; объем:500.0 мл; производитель:эс.си.джонсон ооо; размер:1 шт; срок хранения:2 г; страна:россия; тип средства:жидкость; условия хранения:в недоступном для детей месте; штук в упаковке:1; эффект:бе,"бренд:mr muscle; назначение моющего, чистящего средства:для стекла; состав:1; тип:средство для мытья стекла; целевая аудитория:взрослая"
confident_contradiction,0,fold_03,Продукты питания,506806161043,154618961700,0,0.974,0.956,печенье посиделкино творожное с апельсиновыми цукатами 250 г,посиделкино / печенье посиделкино творожное апельсин цукаты 250 гр.,"бренд:посиделкино; вес товара, г:250; единиц в одном товаре:1; максимальная температура:23; минимальная температура:13; состав:мука пшеничная, маргарин (рафинированные дезодорированные растительные масла в натуральном и модифицированном виде, вода питьевая, эмульгаторы: эфиры полиглицерина и жирных ",валюта:rub; высота упаковки:10 см; длина упаковки:20 см; страна производства:россия; ширина упаковки:27 см
confident_contradiction,0,fold_02,Товары для животных,498216301959,738734384538,0,0.941,0.903,"золотой кот кукурузный наполнитель грызунов, кроликов ""золотой кот"", 3 литра.",золотой кот наполнитель впитывающий,бренд:не определен,"бренд:золотой кот; комплектация:наполнитель кукурузный ""золотой кот"" для грызунов, 3 л; объем, л:3; страна-изготовитель:россия; тип наполнителя:впитывающий"
confident_contradiction,0,fold_03,Продукты питания,377957256585,455266665554,0,0.972,0.932,чай улун herbarus мятный спокойный 24*2г,"чай улун herbarus мятный спокойный, 24пак","бренд:herbarus; вес товара, г:48; единиц в одном товаре:1; максимальная температура:20; минимальная температура:0; состав:чай; срок годности в днях:730; страна-изготовитель:россия; тип:чай в пакетиках; условия хранения:хранить в сухом прохладном месте, при относительной влажности воздуха не более 75","бренд:herbarus; вид упаковки:мягкая упаковка; время приготовления:7 минут; ингредиенты:чай байховый китайский улун мелкий, мята, мелисса, вербена.; количество штук в упаковке:24; линейка/коллекция/серия/суббренд:мятный спокойный; производитель:ооо ""малком""; стандарт качества:ту; степень обжарки/ферм"
confident_contradiction,0,fold_04,Аптека,472446408617,566935808036,1,0.024,0.226,очки с футляром-змейка melorsch мод. 2110 цвет 6 с линзами ecoplus 1.56 hmc -6.00 рц 60-62,очки с футляром-змейка melorsch мод. 2110 цвет 6 с линзами ecoplus 1.56 hmc -8.00 рц 58-60,"бренд:melorsch; высота линзы, мм:45; затемнение:без затемнения, с просветляющим покрытием.; коллекция (год):2023; комплектация:очки melorsch с полимерными линзами cryol (корея), микрофибровая салфетка для ухода, футляр-змейка.; конструкция очков:ободковые; материал линз:пластик; материал оправы очко","высота линзы:45 мм; диоптрии:- 8.00; длина заушника:140 мм; конструкция:ободковая; материал линз:пластик; материал оправы:пластик; межцентровое расстояние:58-60; назначение:корректирующие; покрытие линз:упрочняющее, водоотталкивающее и антистатическое, металлизированное (защита от электромагнитных в"
confident_contradiction,0,fold_01,Спорт и отдых,180388630323,163208825230,0,0.926,0.917,"мелатонин strongman в таблетках 5 мг 90 шт для мужчин и женщин / витаминный комплекс для здоровья нервной системы, крепкого сна, против стресса и усталости",strong wall / мелатонин для сна 5 мг таблетки 90 шт,"бренд:нет бренда; вес, г:45; вкусовой акцент (вкус):без вкуса; единиц в одном товаре:1; количество в упаковке, шт:90; количество порций:90; количество упаковок, шт:1; не содержит:без глютена; объем, мл:100; основной компонент:мелатонин; пол:мужской; преимущества:экономичная упаковка и минималистичны",валюта:rub; вес товара без упаковки (г):45 г; вес товара с упаковкой (г):55 г; вид пищевой добавки:мелатонин; высота упаковки:5 см; длина упаковки:9 см; комплектация:мелатонин 5мг 90 таблеток - 1 банка; максимальная температура хранения:+25 °c; минимальная температура хранения:+1 °c; особенности про
confident_contradiction,0,fold_02,Автотовары,283467860249,523986011101,0,0.984,0.975,parkmaster / парктроник (парковочный радар) parkmaster 34u-4-a (black),парктроник (парковочный радар) parkmaster 34u-4-a (black) для переднего или заднего бампера,валюта:rub,бренд:parkmaster; вид парктроников:универсальные; гарантийный срок:12 месяцев; количество датчиков:4; страна-изготовитель:китай; тип:парктроник; тип парктроников:комбинированные; тип связи:проводной; установка парктроников:врезные; цвет товара:черный
confident_contradiction,0,fold_01,Товары для животных,111669173181,549755945645,0,0.915,0.939,"рюкзак для переноски животных пушистое счастье ""кусь, кусь, кусь"" 31х23х30 см",пушистое счастье / рюкзак для переноски животных,бренд:пушистое счастье; комплектация:рюкзак для переноски животных - 1 шт; материал:металл; предназначено для:для кошек; страна-изготовитель:китай; тип:переноска,валюта:rub; вес товара с упаковкой (г):419 г; вид животного:для кошек; высота упаковки:33 см; длина упаковки:42 см; особенности товара для животных:сетка; размер переноски для животных:31 см х 30 см х 23 см; страна производства:китай; цвет:красный; ширина упаковки:5 см
confident_contradiction,0,fold_01,Детские товары,807453989713,134638,0,0.972,0.96,"abtoys. / набор инструментов ""помогаю папе"", на блистере, с ручкой","набор инструментов abtoys помогаю папе, на блистере с ручкой","валюта:rub; вид профессии:строитель, рабочий; количество предметов в упаковке:15 шт.; комплектация:набор игрушечных инструментов; материал игрушки:полимерные материалы; страна производства:китай",бренд:abtoys; пол ребенка:унисекс; тип:сюжетно-ролевые игрушки
confident_contradiction,0,fold_01,Строительство и ремонт,481036375311,627065299481,1,0.141,0.149,дюбель удлиненный желтый полипропилен потай 12х120 (20 шт),мастерболтиков дюбель удлиненный желтый полипропилен потай 12х200 (20 шт),"бренд:мастерболтиков; диаметр, мм:12; длина, мм:120; единиц в одном товаре:20; материал:полиамид; страна-изготовитель:россия; тип:дюбель; тип дюбеля:распорный; цвет товара:желтый",вид дюбеля:распорный; длина дюбеля:200 мм; материал дюбеля:полиамид
confident_contradiction,0,fold_01,Бытовая техника,609885512537,343597415671,0,0.965,0.993,масляный радиатор ресанта ом-7нв,ресанта / масляный радиатор ресанта ом-7нв,"бренд:ресанта; вес, кг:8.3; вид обогревателя:масляный; высота, см:61.5; гарантийный срок:1 год; количество секций:7; комплектация:масляный радиатор напольный ом-7нb - 1 шт.
колесо - 4 шт.
инструкция по эксплуатации - 1 шт.; макс. площадь помещения, кв.м:19; мощность, вт:1900; особенности климатическ",валюта:rub; вес без упаковки (кг):7 кг; вес с упаковкой (кг):8.3 кг; высота упаковки:24 см; гарантийный срок:1 год; длина упаковки:33 см; доп. опции обогревателя:термостат; вентилятор; макс. мощность (вт):1900 вт; максимальная площадь обогрева:19 кв. м; модель:ом-7нв; мощность обогрева:1900 вт; стра
confident_contradiction,0,fold_02,Хобби и творчество,481036395962,309237739331,0,0.943,0.935,"домино ""классическое"", 28 шт, костяшка 4 х 2 х 0.5 см","без бренда домино ""классическое"", 28 шт, костяшка 4 х 2 х 0.5 см, микс",бренд:lisik.; вид выпуска товара:фабричное производство; страна-изготовитель:россия; тип:настольная игра,длина кости:4 см; количество костей:28 шт.; количество точек:6; тип:домино; толщина кости:0.5 см; ширина кости:2 см
confident_contradiction,0,fold_02,Канцелярские товары,352187397679,463856528273,0,0.926,0.948,colop подушка штемпельная сменная синяя,colop подушка штемпельная сменная синяя,особенности:; срок годности:5 лет; тип:штемпельная подушка,бренд:colop; количество заводских упаковок:1; комплектация штемпельной продукции:сменная подушка; материал:пластик; модель штампа:trodat 4913; особенности штемпельной продукции:автоматическое окрашивание; тип:штемпельная подушка; цвет товара:синий
confident_contradiction,0,fold_02,Детские товары,670014986267,523986073005,0,0.963,0.946,"im.master, конструктор ""спортивная тачка"", радиоуправление, 1:10, 1887 деталей","im.master / конструктор спортивная тачка, радиоуправление, 1:10","артикул:sl-9631452-1-sl1308p1-28; бренд:im.imaster; количество деталей конструктора:от 1000 шт и больше; количество элементов, шт:1887; максимальный возраст ребенка:до 12 лет; минимальный возраст ребенка:от 6 лет; особенности конструктора:сборная модель; размер упаковки (длина х ширина х высота), см",валюта:rub; вес с упаковкой (кг):2.87 кг; высота упаковки:37 см; длина упаковки:54 см; страна производства:китай; ширина упаковки:10 см
confident_contradiction,0,fold_01,Детские товары,506806161536,532575963227,0,0.994,0.959,"мягкая книжка-шуршалка развивающая по методике г. домана ""малыши"", 11х11 см","крошка я мягкая книжка-шуршалка развивающая по методике г. домана «малыши», 11х11 см","бренд:крошка я; высота игрушки, см:1; максимальный возраст ребенка:до 18 лет; минимальный возраст ребенка:от 1 года; пол ребенка:унисекс; страна-изготовитель:китай; тип:кубики",издательство:крошка я; материал страниц:текстиль; особенности:наклейки
confident_contradiction,0,fold_01,Бытовая техника,8589983307,60129654699,0,0.929,0.966,gefest комбинированная плита (60 см)  пгэ 6110-01,комбинированная плита gefest 6110-01 белый,"бренд:gefest; вид электроподжига:ручной (кнопкой); внутреннее покрытие:эмаль; высота, см:85; гарантийный срок:24 мес; глубина плиты, см:60; количество стекол дверцы духовки:2; материал рабочей поверхности:эмалированная сталь; материал решеток:эмалированная сталь; направление открывания дверцы:откидн",гарантия продавца / производителя:24 мес.; модель:gefest 6110-01; страна-производитель:беларусь; тип:плита комбинированная; уцененный:да
confident_contradiction,0,fold_01,Строительство и ремонт,42949801688,85899346721,0,0.924,0.903,эпоксидная затирка diamant 009 хамелеон 1 кг,затирка diamant 009 хамелеон 1 кг,"бренд:diamant; вес, кг:1; высыхание слоя 2 мм, ч:1; комплектация:эпоксидная затирка diamant 009 хамелеон 1 кг; макс. температура эксплуатации, с°:30; макс. толщина слоя, мм:1; мин. температура эксплуатации, с°:12; мин. толщина слоя, мм:15; область применения состава:универсальная; особенности:влагос","время твердения:24 ч; жизнеспособность раствора:45 ч; компонентность:двухкомпонентная; назначение:бассейны, для ванной комнаты, для внутренних работ, для затирки швов, для пола, для стен, для теплого пола, искусственный камень, керамическая плитка, керамогранит, клинкерная плитка, мозаика, натуральн"
confident_contradiction,0,fold_03,Детские товары,455266609131,446676722686,0,0.933,0.948,"магнитный конструктор марблс , 52 детали","без бренда конструктор магнитный «марблс», 52 детали",бренд:нет бренда; максимальный возраст ребенка:до 16 лет; минимальный возраст ребенка:от 5 лет; пол ребенка:унисекс; срок годности в днях:365; тип:конструктор магнитный,"вес:980 г; количество деталей:52 шт.; материал:пластик; питание:отсутствует; рекомендуемый возраст:от 3 до 18 лет; срок службы:12 мес., использовать при температуре не ниже -10 градусов; тип конструктора:магнитный"
confident_contradiction,0,fold_01,Канцелярские товары,412316890794,42949726618,0,0.945,0.976,"гуашь 12 цветов ""гамма"" ""пчёлка"", 20 мл","гамма / гуашь ""пчелка"", 12 цветов, 20 мл, картон",бренд:гамма; страна-изготовитель:россия; тип:краски акварельные,валюта:rub; вид упаковки:картонная коробка; количество цветов (шт.):12; комплектация:гуашь - 12 цветов; гуашь детская; набор для рисования; гуашевые краски; краски для рисования; особенности краски:безопасные; детская; яркие цвета; страна производства:россия; тип красок:гуашь детская; краски для рис
confident_contradiction,0,fold_03,Детские товары,154618912852,283467847654,0,0.952,0.93,"басик и ко / мягкая игрушка ""ли-ли в вязаном платье с сердцем""",мягкая игрушка budi basa кошка ли-ли в вязаном платье с сердцем,"валюта:rub; вес товара с упаковкой (г):540 г; вид упаковки:подарочная коробка; высота упаковки:17 см; длина упаковки:38 см; комплектация:мягкая игрушка; материал игрушки:искусственный мех, синтепон; страна производства:россия; ширина упаковки:24 см",бренд:budi basa; вид мягкой игрушки:кошка; минимальный возраст ребенка:от 3 лет; пол ребенка:унисекс; страна-изготовитель:россия; тип:мягкая игрушка
confident_contradiction,0,fold_04,Автотовары,403727070501,386547188458,0,0.998,0.984,lynxauto / сайлентблок переднего рычага подвески -,"lynxauto сайлентблок, арт. c9251",артикул производителя:c9251; валюта:rub; вес с упаковкой (кг):0.15 кг; высота упаковки:9 см; длина упаковки:9 см; комплектация:полная комплектация в описании; оем номер:fk0249; cab10032; cab30003; cab60003; 50 92 2138; 50 92 2139; fg0796; tgd350280738; tgd350280739; 1540203209; vpm1436169; vpm22138;,артикул:285053; бренд:lynxauto; партномер (артикул производителя):c9251; тип:сайлентблок
confident_contradiction,0,fold_01,Товары для животных,627065350732,455266632345,0,0.929,0.917,"farmina n&d для кошек1,5кг курица с гранатом для стерилизованных и кастрированных","farmina / farmina n&d lg корм д/стерилизованных кошек и котов 1,5кг","артикул:63099; бренд:farmina; вес товара, г:1500; вкус корма для животных:курица; возраст животного:для взрослых; единиц в одном товаре:1; класс корма:супер-премиум; комплектация:витамин а 18000ме; витамин d3 1200ме; витамин е 600мг; витамин с 300мг; ниацин 150мг; пантотеновая кислота 50мг; витамин ",валюта:rub; вес товара с упаковкой (г):1500 г; вид вкуса корма:птица; возраст животного:любой; высота упаковки:15 см; длина упаковки:30 см; класс корма:супер-премиум; комплектация:корм сухой - 1 шт; назначение корма:для стерилизованных и кастрированных; основной вкус корма:курица с гранатом; размер 
confident_contradiction,0,fold_04,Красота и гигиена,695784846339,240518274911,0,0.958,0.948,"дезодорант axe dark temptation аэрозоль, 150мл",axe дезодорант-аэрозоль dark temptation 150 мл,"аромат:белый шоколад; молочный шоколад; горький шоколад; бренд:axe; вес, г/мл:150; время защиты:48 часов; высота упаковки, см:14.4; длина упаковки, см:5.1; зона применения:подмышки; количество штук в упаковке:1; комплектация:дезодорант - 1 шт.; особенности:при повышенном потоотделении; парфюмированн","бренд:axe; объем, мл:150; тип:дезодорант"
confident_contradiction,0,fold_04,Продукты питания,300647769743,231928293599,0,0.917,0.907,"ferragosto груши половинки в легком сиропе, ferragosto, 1шт. по 3100 мл",груши половинки ferragosto 3100мл консервированные,"артикул производителя:бил-072-01; белки, в граммах (на 100 г):0.3; бренд:ferragosto; вид продукта:груша; вид упаковки:жестяная банка; жиры, в граммах (на 100 г):0.12; заправка:в собственном соку; код товара:600010711499; модель:груши половинки в лёгком сиропе; объем, в миллилитрах:3100; серия:; сост","бренд:ferragosto; вес с упаковкой, г:6000; вес товара, г:6000; вид обработки консервов:стерилизованные; вид фруктов/ягод:груша; единиц в одном товаре:1; максимальная температура:25; минимальная температура:0; особенности напитков, продуктов питания:вегетарианский продукт; состав:груши очищенные поло"
confident_contradiction,0,fold_02,Детские товары,755914346862,678604867821,0,0.914,0.91,игрушка заводная 'кролик',"kangaeru / заводная игрушка ""кролик""",бренд:нет бренда; максимальный возраст ребенка:до 6 лет; минимальный возраст ребенка:от 3 лет; пол ребенка:унисекс; тип:заводная игрушка,"валюта:rub; комплектация:заводная игрушка ""кролик"". 1 шт"
confident_contradiction,0,fold_02,Бытовая химия,687194809602,85899504374,0,0.956,0.993,"отбеливатель бос плюс maximum, 600 г","бос / отбеливатель ""плюс maximum"" порошок 600г","артикул:60576; бренд:бос; вес товара, г:600; единиц в одном товаре:1; комплектация:отбеливатель для всех видов тканей бос плюс maximum, 600 г - 1 шт; состав:5% активатор таэд, анионные пав, неионогенные пав, поликарбоксилаты, фосфаты, фосфонаты,30% кислородосодержащий отбеливатель. дополнительно: оп",валюта:rub; высота упаковки:25 см; длина упаковки:9 см; комплектация:отбеливатель порошок 600г 1 штука; страна производства:россия; ширина упаковки:20 см
confident_contradiction,0,fold_01,Музыкальные инструменты,85899397506,266287990099,1,0.127,0.103,гитара классическая 1/2 naranda cg220-1/2,классическая гитара pierre cesar mcg944wa,"бренд:naranda; гарантийный срок:12 мес.; количество ладов, шт.:19; количество струн:6; комплектация:гитара - 1 шт; материал грифа:красное дерево; материал корпуса/верхней деки:ель; материал накладки грифа:клен; материал нижней деки:катальпа; материал обечайки:катальпа; материал струн:нейлон; названи",бренд:pierre cesar; кейс в комплекте:нет; код товара:100061415982; количество ладов:19; количество струн:6; крепление грифа:вклеенный; материал грифа:липа; материал корпуса:ель; липа; материал накладки грифа:клен; материал топа:ель; мензура:650; модель:mcg944wa; ориентация:правосторонняя; цвет:корич
confident_contradiction,0,fold_01,Детские товары,687194931739,463856474197,0,0.962,0.944,"полесье / игровой комплекс полесье кухня laura, с варочной панелью, в пакете 49896","игровой набор полесье ""кухня laura"" с варочной панелью, в пакете",валюта:rub; вид профессии:повар; количество предметов в упаковке:10 шт.; комплектация:кухня; материал игрушки:пластик; страна производства:беларусь,бренд:полесье; пол ребенка:унисекс; тип:сюжетно-ролевые игрушки
confident_contradiction,0,fold_04,Музыкальные инструменты,103079251648,240518266081,0,0.922,0.941,"remo controlled sound 22 clear black dot bass пластик для бас-бочки 22""",пластик для барабана remo cs-1322-10- controlled sound 22 clear black dot bass,"бренд:remo; количество в упаковке, шт:1; назначение муз. аксессуара:для барабана; тип:аксессуар для ударных; цвет товара:прозрачный",количество слоев:1; материал:-; назначение:для бас-барабанов; покрытие:прозрачное; тип:пластик; цвет товара:прозрачный
confident_contradiction,0,fold_02,Детские товары,386547115055,326417523530,0,0.961,0.954,lego / конструктор technic 42130 bmw m1000rr,"лего technic серия, lego конструктор, лего 42130 bmw m 1000 rr, конструктор lego для мальчиков и девочки",валюта:rub; высота упаковки:9 см; длина упаковки:56 см; количество элементов:1920; материал изделия:пластик abs; совместимость конструктора:с lego; страна производства:китай; тренируемые навыки:внимание; концентрация; мышление; ширина упаковки:38 см,"артикул:лего lego 42130; бренд:lego; количество деталей конструктора:от 1000 шт и больше; количество элементов, шт:1920; максимальный возраст ребенка:до 18 лет; минимальный возраст ребенка:от 18 лет; название цвета:42130-; особенности конструктора:блочный; страна-изготовитель:китай; тематика констру"
confident_contradiction,0,fold_03,Автотовары,386547217723,841813710174,0,0.924,0.91,подушка заднего дифференциала для mitsubishi pajero mini (h5_a) 0.7 4wd febest mmh58dm,"опора заднего дифференциала febest mmh58dm mitsubishi pajero mini h53, 58a 1998.08-","oem-номер:mmh58dm; артикул:2676991; бренд:febest; количество, штук:1; партномер (артикул производителя):2676991; тип:запчасти автомобильные",артикул производителя:mmh58dm; бренд:febest; код товара:100035767516; примечание:внешний вид изделия может отличаться от фотографий
confident_contradiction,0,fold_01,Бытовая техника,747324421518,171798782704,0,0.921,0.921,/ кофемолка mkm 6000/6003 bosh,кофемолка bosch tsm 6a013b,валюта:rub; высота предмета:17 см; гарантийный срок:нет; длина кабеля:40 см; емкость контейнера для зерен:75 г; количество степеней помола кофе:1; комплектация:в коробке 1-шт.; материал изделия:abs-пластик; модель:tsm6a013b; мощность устройства:180 вт; объем кофейника:0.2 л; страна производства:слов,"блокировка включения при снятой крышке:да; бренд:bosch; вес товара, г:600; гарантийный срок:1 год; емкость контейнера для кофе, г:75; количество скоростей:1; количество степеней помола:1; комплектация:кофемолка bosch, гарантийный талон, руководство пользователя; материал корпуса:пластик; мощность, в"
confident_contradiction,0,fold_01,Хобби и творчество,833223795622,601295496953,0,0.93,0.918,cosmodrome games / настольная игра имаджинариум добро,"игра настольная cosmodrome games ""имаджинариум. добро"", картонная коробка","валюта:rub; высота упаковки:32 см; длина упаковки:10 см; комплектация:7 фигурок слонов, нумераторы карт, игровое поле, 98 карт ассоциаций, 49 жетонов, 1 правила игры; материал изделия:картон (целюлоза); рекомендуемый возраст:6 лет; страна производства:россия; ширина упаковки:32 см",бренд:cosmodrome games; вид выпуска товара:фабричное производство; страна-изготовитель:россия; тип:настольная игра
confident_contradiction,0,fold_01,Музыкальные инструменты,678604924780,850403609000,1,0.245,0.23,струна для электрогитары 31 - d'addario nynw031,"струны daddario nynw059, в оплетке - (59)",инструмент:электрогитара; калибр:31; количество струн в упаковке:1 шт.; количество упаковок:1 шт.; материал оплетки:-; натяжение:-; форма оплетки:-,бренд:d'addario; вид музыкального аксессуара:струны; тип:аксессуар для струнных
confident_contradiction,0,fold_02,Детские товары,481036496133,438086792418,0,0.955,0.989,"whismsy / мягкая игрушка ""медведь"", с сердцем, 19 см, цвет белый","мягкая игрушка ""медведь с сердцем"", 19см",валюта:rub; высота упаковки:14 см; длина упаковки:24 см; ширина упаковки:20 см,"бренд:нет бренда; вид мягкой игрушки:медведь; высота игрушки, см:19; материал:мех искусственный; минимальный возраст ребенка:от 3 лет; персонаж:медведь; пол ребенка:унисекс; страна-изготовитель:китай; тип:мягкая игрушка; цвет товара:белый"
confident_contradiction,0,fold_03,Музыкальные инструменты,635655278862,214748511306,0,0.997,0.944,"soundking / bxx002-5m кабель микрофонный, xlr female/male, 5м","bxx002-5m кабель микрофонный, xlr female/male, 5м, soundking",валюта:rub; длина кабеля (м):5; комплектация:кабель - 1 шт; страна производства:сша,бренд:soundking; тип:аксессуар для струнных
confident_contradiction,0,fold_03,Хобби и творчество,128849020568,180388685504,1,0.226,0.157,пластика - полимерная глина 56г классический черный,artifact пластика - полимерная глина 56г классический серый,бренд:нет бренда; страна-изготовитель:россия; тип:глина полимерная; цвет товара:черный,возраст:5+; особенности:запекается; тип:полимерная глина; цвет:серый
confident_contradiction,0,fold_01,Бытовая техника,395137006978,755914312953,0,0.973,0.966,кофемолка электрическая lumme lu-2605,lumme / кофемолка электрическая lumme lu-2605,"блокировка включения при снятой крышке:да; бренд:lumme; вес товара, г:530; гарантийный срок:6 мес.; длина шнура, м:1.2; емкость контейнера для кофе, г:50; защита от перегрева:да; количество скоростей:1; количество степеней помола:1; комплектация:кофемолка, документация.
производитель оставляет за со",валюта:rub; количество степеней помола кофе:1; материал изделия:пластик; модель:2605; мощность устройства:250 вт; страна производства:китай; тип кофемолки:ножевая; тип управления:механическое
confident_contradiction,0,fold_02,Канцелярские товары,652835156743,489626357466,1,0.274,0.278,"double a 1 пач. бумага офисная а4 decoromir double a, марка ""а+"", 80 г/кв. м, 500 л","бумага офисная (297 на 420), а3, 80 г/м2, 500 л., марка с, svetocopy classic, 146% (cie)","белизна:160 %; вид бумаги:офисная; класс бумаги:a; количество листов:1000 шт.; количество пачек:2 шт.; назначение:для копировального аппарата, для лазерного принтера, для пишущих машинок, для струйного принтера; особенности:двусторонняя печать; плотность:72 г/м²; поверхность:матовая; тип:бумага; тип",бренд:нет бренда; тип:бумага для принтера
confident_contradiction,0,fold_03,Бытовая техника,309237742204,377957213896,0,0.906,0.918,"dibidi / пластиковая премиум насадка для wahl, babyliss pro 4,5 мм","насадка пластиковая dibidi 4,5мм для машинок wahl и babyliss pro",валюта:rub; высота упаковки:7 см; длина упаковки:11 см; количество предметов в наборе:1 шт.; комплектация:насадка для машинок - 1 шт.; страна производства:китай; ширина упаковки:11 см,"бренд:dibidi; вид аксессуара бытовой техники:насадка; предназначено для:совместимость: wahl серий 4000 balding, 4001 probasic, 4003 designer, 4004 (magic clip, x-lid), 4005 chrome super taper, 4006 taper 2000, 4008 super taper, 4009 ambassador, 4020 icon, 4219 super taper cordless, 08147-416h legend"
confident_contradiction,0,fold_01,Строительство и ремонт,816043862420,438086739735,0,0.977,0.998,выключатель дифференциального тока (узо) 4п 32а 30ма тип ac 6ка узо-03 dekraft 14234dek,dekraft узо 4p 32а 30ма ac,класс защиты:ip20; количество модулей:4; количество полюсов:4; номинальное напряжение:400; номинальный ток:32 а; принцип работы:электромеханический; тип:ас; ток утечки:30 ма,"бренд:dekraft; гарантия:3 года; единиц в одном товаре:1; количество модулей:4; количество полюсов:4; количество фаз:трехфазный; комплектация:узо - 1 шт.; номинальное напряжение, в:400; номинальный ток, а:32; партномер:14234dek; принцип действия узо:электромеханическое; страна-изготовитель:китай; тип"
confident_contradiction,0,fold_01,Бытовая химия,541165950963,146028963375,0,0.976,0.996,airwick / air wick швейцарские альпы утренняя роса и зеленый лес 290мл,освежитель воздуха airwick швейцарские альпы утренняя роса и зеленый лес 290 мл,аромат освежителя:утренняя роса и зеленый лес; швейцарские альпы; валюта:rub; вид освежителя:спрей; ароматизатор; аромат для дома; комплектация:освежитель воздуха air wick швейцарские альпы утренняя роса и зеленый лес 290 мл.; 1 шт. или 2 шт; объем товара:290 мл; срок годности:24 месяца; страна прои,"бренд:airwick; объем, мл:290; тип:освежитель воздуха; целевая аудитория:взрослая"
confident_contradiction,0,fold_02,Хобби и творчество,730144536471,489626313156,0,0.928,0.942,"эврики набор для изучения микромира «микроскоп + калейдоскоп», 14 предметов, световые эффекты, работает от батареек","набор для изучения микромира эврики ""микроскоп и калейдоскоп"", 14 предметов, световые эффекты (1592017)",вид исследований:опыты с микроскопом; минимальный возраст:8 лет; наука:биология; питание:от батареек; тип:набор для опытов; тип батареек:аа; цвет товара:разноцветный,бренд:эврики; комплектация:микроскоп; 4 пустых слайда; 2 слайда с образцами клеток; пинцет; игла; лопатка; калейдоскоп; скальпель; минимальный возраст ребенка:от 8 лет; страна-изготовитель:китай; тип:набор для опытов
confident_contradiction,0,fold_04,Хобби и творчество,601295491520,369367242194,0,0.947,0.969,набор школа талантов для творчества «новогодняя гирлянда из ниток своими руками»,"школа талантов, набор для творчества ""новогодняя гирлянда из ниток своими руками""","вес упаковки, кг:0.1; высота упаковки, см:15.0; длина упаковки, см:9.0; страна производства:китай; ширина упаковки, см:9.0","бренд:школа талантов; комплектация:школа талантов, набор для творчества «новогодняя гирлянда из ниток своими руками», 1 штука; материалы набора:пластик; размеры, мм:90 х 90 х 110; страна-изготовитель:китай; тематика:новый год и рождество; тип:набор для изготовления игрушки; цвет товара:разноцветный"
confident_contradiction,0,fold_04,Детские товары,730144464411,352187432727,0,0.996,0.944,dominata / новогодняя мозаика для малышей,"мозаика ""нарядная ёлочка"", размер 17 х 12,5 х 2 см, кружок: 1,8 см, звезда: 2,4 см","валюта:rub; возрастные ограничения:3+; количество элементов:11; комплектация:мозаика «нарядная ёлочка», размер 17 × 12,5 × 2 см, кружок: 1,8 см, звезда: 2,4 см; страна производства:россия",бренд:нет бренда; пол ребенка:унисекс; тип:мозаика
confident_contradiction,0,fold_01,Продукты питания,249108104611,678604923867,0,0.903,0.969,"so smakom / шоколадная фигурка ""мишки с сердцем""","шоколадная фигурка ""мишки с сердцем""","валюта:rub; вес товара без упаковки (г):130 г; вес товара с упаковкой (г):200 г; высота упаковки:13 см; длина упаковки:13 см; количество предметов в упаковке:шоколадная фигурка ""мишки с сердцем"" - 1 шт.; максимальная температура хранения:до 22°с и относительной влажности воздуха не более 75%; минима","бренд:so smakom; вес товара, г:130.2; единиц в одном товаре:1; максимальная температура:22; минимальная температура:5; размер упаковки (длина х ширина х высота), см:13x13x13; состав:сахар; заменитель масла какао лауринового типа; сухая молочная сыворотка; заменитель молочного жира (растительные масл"
confident_contradiction,0,fold_04,Аптека,601295433499,386547116041,0,0.962,0.972,лозартан таблетки п/о плен. 100мг 30шт,"лозартан, таблетки покрыт. плен. об. 100 мг (озон), 30 шт.","взаимодействие с другими препаратами:при одновременном применении с диуретиками в высоких дозах возможна артериальная гипотензия. при одновременном применении с препаратами калия, калийсберегающими диуретиками повышается риск развития гиперкалиемии. при одновременном применении с индометацином возмо","бренд:озон фармацевтика; взаимодействие с другими препаратами:при одновременном применении с диуретиками в высоких дозах возможна артериальная гипотензия.при одновременном применении с препаратами калия, калийсберегающими диуретиками повышается риск развития гиперкалиемии.при одновременном применени"
confident_contradiction,0,fold_02,Канцелярские товары,51539707528,481036351107,0,0.975,0.958,"термоэтикетки 100х72 мм эко (диаметр втулки 40 мм, 6 рулонов по 500 этикеток)","тмграфика термоэтикетки эко 100х72мм, 500 шт. в рулоне (6 шт. в упаковке)","бренд:нет бренда; длина большей стороны, мм:100; длина меньшей стороны, мм:72; количество этикеток, шт:500; материал:бумага; страна-изготовитель:беларусь; тип:этикетка; тип печати:термопечать; цвет товара:белый","внутренний диаметр втулки:40 мм; высота этикетки/ценника:72 мм; количество в рулоне:500 шт.; количество в упаковке:6 шт.; материал:термобумага, термобумага эко; особенности этикетки:самоклеящаяся; тип:термоэтикетка; тип печати:термопечать; форма этикетки:прямоугольная; цвет товара:белый; ширина этик"
confident_contradiction,0,fold_01,Хобби и творчество,721554556460,455266601767,0,0.916,0.948,"развивающая раскраска умка отважная команда, щенячий патруль (с вырубкой и наклейками) (978-5-506-04569-4)","умка / раскраска с наклейками отважная команда, щенячий патруль",бренд:умка; тип:раскраска,валюта:rub; страна производства:россия
confident_contradiction,0,fold_02,Автотовары,231928371896,463856563966,0,0.918,0.936,"novol акриловый грунт 310 hs белый (1л+0,25л)","novol / грунт protect 310 hs акриловый белый 1 л + h5520 0,25 л.",бренд:novol; тип:отвердитель автомобильный,"артикул производителя:ут000020607; валюта:rub; вес товара с упаковкой (г):1300 г; высота упаковки:25 см; длина упаковки:10 см; комплектация:грунт protect 310 hs акриловый белый 1 л + h5520 0,25 л.; область применения автохимии:антикорозийная защита; кузова; объем (мл):1250 мл; страна производства:по"
confident_contradiction,0,fold_02,Бытовая техника,137438986453,712964625610,0,0.95,0.902,водонагреватель electrolux ewh 30 royal silver,водонагреватель electrolux ewh 30 silver,"бренд:electrolux; вариант установки:настенный; вес, кг:9.8; внутреннее покрытие бака:нержавеющая сталь; время нагревания, минут:50; гарантийный срок:2 года; гарантия на внутренний бак, мес.:84; голосовой помощник:нет; диаметр входа воды:½; диаметр выхода воды:½; защита водонагревателя:анод; защита о",вес:9.8 кг; внутреннее покрытие бака:нержавеющая сталь; время нагрева воды до максимальной температуры:50 мин.; высота:546 мм; гарантийный срок:2 г.; глубина:255 мм; дополнительная информация:гарантия на внутренний бак: 84 мес; защита от коррозии: магниевый анод увеличенного размера; защита от накип
confident_contradiction,0,fold_02,Дом и сад,25769948014,274877998307,0,0.922,0.947,"без бренда полка для ванной угловая 3-х ярусная, 19x19x41 см, цвет хром","полка для ванной комнаты угловая 3 ярусная, 1 шт",вес в транспортной упаковке:0.48 кг; высота:19 см; габариты транспортной упаковки:19х19х41 см; количество уровней:3; материал:металл; тип:полка для ванной комнаты; угловая:да; цвет товара:хром; ширина:19 см,"артикул:6827806; бренд:нет бренда; вид выпуска товара:фабричное производство; вид крепления:настенное; высота, см:41; длина, см:19; единиц в одном товаре:1; комплектация:полка - 1 шт.; конструкция полки:угловая; материал:металл; на колесах:нет; страна-изготовитель:россия; тип:полка для ванной комнат"
confident_contradiction,0,fold_02,Бытовая химия,386547191905,231928293172,0,0.923,0.971,"стиральный порошок миф морозная свежесть автомат, 6 кг","миф / стиральный порошок миф ""морозная свежесть"", автомат, 6 кг",бренд:миф; тип:стиральный порошок,валюта:rub; высота упаковки:10 см; длина упаковки:27 см; ширина упаковки:37 см
confident_contradiction,0,fold_01,Бытовая техника,764504237000,17179883822,0,0.983,0.998,"galaxy индукционная настольная плита gl3064, черный",galaxy / плитка электрическая одноконфорочная индукционная gl3064,"бренд:galaxy; вес товара, г:1820; высота, см:8.5; гарантийный срок:2 года; глубина, см:39; длина шнура, м:1.2; защита от перегрева:да; индикаторы:включения; количество конфорок:1; макс. диаметр конфорки, см:26; материал рабочей поверхности:стеклокерамика; наличие таймера:да; потребляемая мощность, в","валюта:rub; вес с упаковкой (кг):3 кг; гарантийный срок:2 года; длина кабеля:120 см; доп. опции плиты:8 программ приготовления, регулировка температуры и времени приготовления; отложенный старт, стеклокерамическая варочная поверхность, цифровой дисплей; сенсорное управление, защита от перегрева, авт"
confident_contradiction,0,fold_04,Бытовая химия,171798791887,455266565557,0,0.902,0.95,"антискотч, удалитель скотча и следов клея astrohim, 210 мл.","удалитель скотча, наклеек, антискотч 210 мл","бренд:astrohim; вес товара, г:180; единиц в одном товаре:1; комплектация:антискотч, удалитель скотча и следов клея astrohim, 210 мл.; объем, мл:210; размер упаковки (длина х ширина х высота), см:14.5 x 5.2 x 5.2; состав:алифатические углеводороды >30 %; d-лимонен (15-30) %; алифатический  спирт (5-1",валюта:rub; комплектация:1 шт; объем (мл):210 мл; срок годности:36 мес
confident_contradiction,0,fold_02,Спорт и отдых,360777385247,584115691621,0,0.93,0.935,велокорзина jl-262/270067,jl / велокорзина jl-262 передняя,бренд:нет бренда; тип:велокорзина,"валюта:rub; высота предмета:25 см; глубина предмета:26.5 см; комплектация:велокорзина jl-262 270067 - 1 шт; велокорзина; корзинка на велосипед; велосипедная корзинка; страна производства:китай; тип крепления:съемное. легко установить и снять, нелегко сломать; на руль велосипеда; цвет:черный, коричне"
confident_contradiction,0,fold_03,Бытовая химия,171798827184,85899435875,0,0.905,0.943,"qualita кондиционер для белья, pure sensitive, ""детский"", 1 литр",qualita / кондиционер для детского белья pure sensitive дой-пак 1000мл,"артикул:sl-6492302-1-sl668p1-185; бренд:qualita; вес товара, г:1106; единиц в одном товаре:1; комплектация:qualita кондиционер для белья, pure sensitive, ""детский"", 1 литр, 1 штука; назначение средства для стирки:для черных и темных тканей; объем, мл:1000; особенности применения:антистатический эффе",аромат:нежный аромат; валюта:rub; высота упаковки:10 см; длина упаковки:27 см; комплектация:кондиционер для детского белья 1 литр; гель для стирки; кондиционер для белья; кондиционер для белья детский; объем товара:1000 мл; срок годности:36 месяцев; страна производства:россия; ширина упаковки:16 см;
confident_contradiction,0,fold_04,Музыкальные инструменты,335007564187,110949,1,0.165,0.242,dr / струны для бас-гитары dr neon hidef yellow nyb5-45 45-125,"комплект струн для 7-струнной электрогитары, никелированные, с покр., 10-56, neon yellow dr nye7-10",валюта:rub; материал изделия:никель-сталь; страна производства:сша; цвет:желтый,бренд:dr; вид музыкального аксессуара:струны; назначение муз. аксессуара:для электрогитары; тип:аксессуар для струнных
confident_contradiction,0,fold_03,Спорт и отдых,601295460304,274878033253,0,0.921,0.995,"круг для плавания ""океан"", диаметр61 см, от 6-10 лет, 59242np intex","intex круг для плавания «океан», d=61 см, от 6-10 лет, цвет микс, 59242np intex",бренд:intex; пол ребенка:унисекс; тип:надувной круг,вес в транспортной упаковке:0.135 кг; габариты транспортной упаковки:15.50х1х25.50 см; диаметр:61 см; максимальная нагрузка:50 кг; материал:пвх; тип:круг
confident_contradiction,0,fold_04,Спорт и отдых,300647747144,352187450873,1,0.209,0.175,"груз чебурашка vj (5 шт) разборная 26 гр, цв. зелёный","volga jig груз чебурашка vj (10 шт) разборная 26 гр, цв. чёрный","бренд:volga jig; вес одной шт., г:26; количество, шт:5; комплектация:шар классика; название цвета:зелёный; сезон:на любой сезон; страна-изготовитель:россия; тип:грузило","бренд:volga jig; вес, в граммах:26; вид грузила:чебурашка; шарообразное; код товара:100059950797; количество в упаковке, в штуках:10; материал:свинец; модель:чебурашка разборная; назначение:для спиннинга; тип:грузила рыболовные; форма:шар; цвет:черный"
confident_contradiction,0,fold_03,Бытовая химия,257698094597,180388676683,0,0.904,0.975,clean&fresh / таблетки для посудомоечных машин 60 шт. clean&fresh all-in-1,"таблетки для посудомоечных машин 60 шт. clean&fresh all-in-1, c одной таблеткой очистителем, ут000000338  ",валюта:rub; вес с упаковкой (кг):1.33 кг; высота упаковки:8 см; длина упаковки:18 см; ширина упаковки:19 см,"бренд:clean & fresh; вес товара, г:1370; единиц в одном товаре:1; количество таблеток/капсул в одной упаковке, шт:60; назначение средств для посудомоечных машин:для мытья посуды; состав:триполифосфат натрия - более 30%; карбонат натрия, бикарбонат натрия - 15-30%; перкарбонат натрия - 5-15%; силикат"
confident_contradiction,0,fold_03,Детские товары,730144474017,472446439614,0,0.98,0.977,азбукварик / мультиплеер музыкальный хит-парад с огоньками,музыкальная игрушка азбукварик мультиплеер с огоньками музыкальный хит-парад,валюта:rub; возрастные ограничения:3+; от 3 лет; интерактивные функции:проигрывает музыку; комплектация:игрушка музыкальная развивающая для детей - 1 шт.; материал игрушки:abs-пластик; металл; питание:от батареек; страна производства:китай; типоразмер элемента питания:aaaa; тренируемые навыки:вниман,бренд:нет бренда; гарантийный срок:365; дополнительные функции:развивающая; максимальный возраст ребенка:до 10 лет; материал:пластик; минимальный возраст ребенка:от 3 лет; пол ребенка:унисекс; страна-изготовитель:китай; тип:музыкальная игрушка
confident_contradiction,0,fold_03,Бытовая техника,618475319629,584115694925,0,0.909,0.962,вытяжка встраиваемая maunfeld crosby flat 52 нержавеющая сталь управление: кнопочное (1 мотор),вытяжка встраиваемая maunfeld crosby flat 52 серебристый,"бренд:maunfeld; вид встраивания вытяжки:полновстраиваемая; вид фильтра вытяжки:жировой; количество двигателей:1; количество ламп освещения вытяжки, шт:2; количество скоростей:3; комплектация:товар в фирменной упаковке; макс. производительность рециркуляции, куб.м/ч:1050; макс. уровень шума, дб:54; р","бренд:maunfeld; вес, в кг:8; вид конструкции:прямоугольная; высота встраивания, в см:30; высота, в см:30; гарантия:зависит от условий продавца; глубина встраивания, в см:27; глубина, в см:29.5; диаметр воздуховода, в см:12; дисплей:нет; код товара:100022810784; количество ламп освещения:2; количеств"
confident_contradiction,0,fold_01,Продукты питания,8590045465,360777417674,0,0.945,0.984,"lofbergs / кофе в зёрнах 1кг / medium roast кофе лофбергс медиум/ ароматный кофе, вкусный кофе, в зернах","кофе в зернах lofbergs medium roast,1кг","валюта:rub; вес товара без упаковки (г):1000 г; вес товара с упаковкой (г):1020 г; высота упаковки:33 см; длина упаковки:7 см; интенсивность вкуса кофе:мягкий и ароматный; количество предметов в упаковке:кофе зерновой 1 кг; комплектация:ароматный кофе; на новый год, на рождество, на день рождения, н","бренд:lofbergs; вес товара, г:1000; единиц в одном товаре:1; максимальная температура:20; минимальная температура:6; состав:100% арабика; состав кофе:арабика; срок годности в днях:512; степень обжарки:средняя; страна-изготовитель:швеция; тип:кофе в зернах; условия хранения:хранить при температуре не"
confident_contradiction,0,fold_04,Детские товары,652835120030,420906871698,1,0.224,0.289,"не определен универсальная москитная сетка для детской коляски см 60х100, на резинке, цвет белый","крошка я, универсальная москитная сетка на детскую коляску 120х140 см, цвет белый",тип:москитная сетка,"артикул:sl-4940746-1-sl745p1-81; бренд:крошка я; вес товара, г:53; вид аксессуара для колясок:камера; коллекция:базовая коллекция; комплектация:крошка я, универсальная москитная сетка на детскую коляску 120х140 см, цвет белый, 1 штука.; материал:текстиль; пол ребенка:унисекс; размеры, мм:1200 х 1400"
confident_contradiction,0,fold_03,Детские товары,678604982837,730144578954,0,0.909,0.906,"набор инструментов ""юный строитель""","без бренда набор инструментов «юный строитель», 11 предметов","бренд:нет бренда; вид сюжетно-ролевой игрушки:мастер на все руки; дополнительные функции:без эффектов; количество элементов, шт:11; максимальный возраст ребенка:до 6 лет; материал:пластик; минимальный возраст ребенка:от 3 лет; пол ребенка:мальчик; страна-изготовитель:китай; тип:сюжетно-ролевые игруш","количество предметов:11; минимальный возраст:3 лет; профессия:универсальный мастер; срок службы:12 мес., использовать при температуре не ниже -10 градусов; тип:набор инструментов"
confident_contradiction,0,fold_04,Музыкальные инструменты,515396095323,773094206958,0,0.952,0.904,"gpb-01b педалборд на 4 педали с чехлом, guitto","педалборд на 4 педали с чехлом, guitto gpb-01b",вес:1350 г; высота:18 см; длина:51 см; материал:металл; портативный:да,"бренд:guitto; вес товара, г:1000; гарантийный срок:1 год; количество в упаковке, шт:1; комплектация:1 шт.; партномер:gpb-01b; страна-изготовитель:китай; тип:педаль эффектов"
confident_contradiction,0,fold_03,Музыкальные инструменты,257698151214,841813635315,0,0.928,0.979,ксилофон flight fx-12,flight fx-12 - ксилофон,вес:0.3 кг; инструмент:ксилофон; количество тонов:12; материал:дерево,"бренд:flight; комплектация:ксилофон (12 нот) - 1 шт., палочки - 2 шт.; партномер:1; страна-изготовитель:китай; тип:перкуссия; цвет товара:бежевый"
confident_contradiction,0,fold_01,Красота и гигиена,498216244245,231928289149,0,0.927,0.906,"сима-ленд татуировка на тело ""цветочки"" 10х15 см","татуировка на тело ""цветочки"" 10х15 см",тип:переводные татуировки,"бренд:нет бренда; состав:бумага, клей; страна-изготовитель:россия; тип:временная татуировка; цвет товара:черный"
confident_contradiction,0,fold_04,Детские товары,335007596335,532575975640,0,0.918,0.947,"полесье вертолёт - скорая помощь «альфа», в сетке",вертолёт - скорая помощь альфа (в сеточке),возраст:от 3 лет,бренд:нет бренда; тип:машинка
confident_contradiction,0,fold_04,Хобби и творчество,360777323957,34359769120,0,0.973,0.925,"плюх / слайм, с шариками, оранжевый, капсула 40 г","слайм, оранжевый, капсула с шариками 40 г",валюта:rub; комплектация:товар в фабричной упаковке; состав:полимер; страна производства:россия; цвет:оранжевый,бренд:lisik.; страна-изготовитель:россия; тип:набор для изготовления слайма
confident_contradiction,0,fold_03,Бытовая химия,257698059937,472446532040,0,0.967,0.954,таблетки для пмм finish ultimate 44 штук,капсулы finish ultimate для посудомоечных машин 44 шт,"вес упаковки, кг:0.64; высота упаковки, см:26.5; длина упаковки, см:9.7; страна производства:польша; тип хозтовара:средство для мытья посуды; ширина упаковки, см:22.0","бренд:finish; вес товара, г:700; количество таблеток/капсул в одной упаковке, шт:44; комплектация:44 капсулы; назначение средств для посудомоечных машин:для мытья посуды; особенности применения:антибактериальный эффект; с дозатором:нет; состав:15% или более, но не менее 30%: неионогенные пав; 5% или"
confident_contradiction,0,fold_02,Бытовая химия,369367242473,687194833822,1,0.252,0.274,"вся-чина / штрих для реставрации мебели 20 мл, ""дуб сонома""",resmat полироль для мебели 1мл,"валюта:rub; вес товара с упаковкой (г):50 г; комплектация:штрих мебельный во флаконе 20 мл с кисточкой - 1 шт.; непрозрачный транспортный пакет - 1 шт.; инструкция на русском языке - 1 шт.; блистерная упаковка - 1 шт.; назначение средства:для ремонта мебельных фасадов, дверей, плинтусов, столешниц, ","бренд:resmat; вес товара, г:50; единиц в одном товаре:1; комплектация:флакон с кисточкой; назначение моющего, чистящего средства:для мебели; объем, мл:1; размер упаковки (длина х ширина х высота), см:14х7х3; состав:воск, растворители, красители, акриловая дисперсия, модифицирующие добавки, пигменты "
confident_contradiction,0,fold_02,Бытовая техника,214748399062,738734487036,0,0.904,0.923,"babyliss фен-щетка для волос as960e 1000 вт, кол-во насадок 4, темно-розовый",babyliss as 960e,"бренд:babyliss; вес товара, г:340; гарантийный срок:3 года; диаметр насадки:50 мм; дополнительные режимы:холодный воздух; количество насадок:4; количество температурных режимов:2; комплектация:50 мм вращающаяся насадка с мягкой щетиной
20 мм насадка с мягкой щетиной
выпрямляющая насадка 
концентрато","вращающаяся насадка:да; вращение насадки:два направления; вращение шнура:да; диаметр насадок:50 мм, 20 мм; длина сетевого шнура:2.2 м; дополнительная комплектация:выпрямляющая насадка; инструкция:да; ионизация:да; количество насадок:4 шт; количество режимов:3; количество режимов нагрева:2; материал "
confident_contradiction,0,fold_04,Хобби и творчество,764504340240,455266601659,0,0.925,0.992,без бренда головоломка «колумбово яйцо»,"головоломка ""колумбово яйцо""","головоломка:головоломка-пазл; материал:дерево; минимальный возраст:от 3 лет; срок службы:12 мес., использовать при температуре не ниже -10 градусов; тип:головоломка",артикул:4276193; бренд:нет бренда; вид выпуска товара:фабричное производство; возраст ребенка:от 3 лет; комплектация:детали головоломки; материал:дерево; сложность головоломки:4; страна-изготовитель:китай; тип:головоломка; упаковка:пакет с клапаном
confident_contradiction,0,fold_01,Товары для животных,146029019579,412316956501,0,0.988,0.948,деревенские лакомства 79213270 холистик премьер сухой корм для собак мини-пород индейка с рисом 7кг,"деревенские лакомства / сухой корм для собак мелких пород индейка с рисом, 7кг","артикул:86967; бренд:деревенские лакомства; вес товара, г:7000; вкус корма для животных:индейка; возраст животного:для взрослых; единиц в одном товаре:1; класс корма:холистик; основной ингредиент:птица; особенности:без гмо; особые потребности:уход за кожей и шерстью; порода собаки:для любой породы; ",валюта:rub; вид вкуса корма:птица-злаки; вид животного:для собак; возраст животного:взрослые; пожилые; высота упаковки:12 см; длина упаковки:51 см; класс корма:холистик; количество предметов в упаковке:1 упаковка; комплектация:холистик премьер для собак; назначение корма:для поддержания иммунитета; 
confident_contradiction,0,fold_02,Детские товары,60129552517,412316981230,0,0.969,0.932,"nobrand набор машин радиоуправляемых «полицейская погоня», 2 шт., 1:22, работают от батареек","набор машин радиоуправляемых полицейская погоня, 2 шт., 1:22, работают от батареек",бренд:nobrand; код товара:100046102341,бренд:нет бренда; количество батареек:10; максимальный возраст ребенка:до 12 лет; минимальный возраст ребенка:от 3 лет; питание пульта:сменная батарея; пол ребенка:унисекс; страна-изготовитель:китай; тип:машинка радиоуправляемая; типоразмер батареек:aa
confident_contradiction,0,fold_01,Спорт и отдых,326417635094,635655274345,0,0.911,0.991,"не определен гимнастическая с палочкой grace dance, 4 м, цвет оранжевый","лента гимнастическая с палочкой grace dance , длина 4 м , цвет оранжевый",длина:400 см; тип:палочка с лентой; цвет товара:оранжевый,"бренд:grace dance; вид спорта:художественная гимнастика; длина, см:400; название цвета:оранжевый; страна-изготовитель:китай; тип:лента для гимнастики; цвет товара:оранжевый"
confident_contradiction,0,fold_02,Детские товары,369367315687,824633759634,0,0.926,0.916,десятое королевство / конструктор металлический - 3,металлический конструктор десятое королевство №3 (2079),валюта:rub; вес с упаковкой (кг):0.69 кг; высота упаковки:4 см; длина упаковки:23 см; комплектация:конструкторы - 1 шт.; материал изделия:пластик; ширина упаковки:20 см,бренд:десятое королевство; максимальный возраст ребенка:до 9 лет; минимальный возраст ребенка:от 6 лет; пол ребенка:мальчик; срок годности в днях:365; страна-изготовитель:россия; тематика конструкторов:техника; тип:конструктор металлический
confident_contradiction,0,fold_04,Бытовая химия,360777406102,798864014221,0,0.933,0.98,"grass концентрированное чистящее средство gloss concentrate, 1 литр",grass / чистящее средство gloss concentrate 1л,"артикул:sl-9298389-1-sl1095p1-46; бренд:grass; вес товара, г:1094; единиц в одном товаре:1; комплектация:концентрированное чистящее средство gloss concentrate, 1 литр - 1 штука.; назначение моющего, чистящего средства:универсальное; объем, мл:1000; особенности применения:концентрат; размер упаковки ",валюта:rub; высота упаковки:24 см; длина упаковки:8 см; объем (л):1 л; страна производства:россия; ширина упаковки:8 см
confident_contradiction,0,fold_02,Хобби и творчество,764504208709,687194820240,0,0.931,0.995,"пазл ""маша и медведь - 2"", 35 элементов","step puzzle детский пазл ""маша и медведь - 2"" развивающий, игра-головоломка на развитие мелкой моторики и внимания, 35 элементов","бренд:step puzzle; вес товара, г:110; возраст ребенка:от 3 лет; количество элементов, шт:35; материал:картон; минимальный возраст ребенка:от 3 лет; особенности пазлов:набор пазлов; страна-изготовитель:россия; тип:пазл; цвет товара:разноцветный",количество элементов:35; тип:пазл; уцененный:да
confident_contradiction,0,fold_03,Строительство и ремонт,472446426352,34359839959,1,0.298,0.085,dkc выключатель автоматический модульный 1п c 10а 6ка nxb-63 (r) chint 814013,chint автоматический выключатель 1p 50а 6ка тип c,класс защиты:ip20; количество полюсов:1; номинальное напряжение:220 в; номинальный ток:10 а; тип:автоматический выключатель; тип напряжения:переменное (ac); тип расцепления:c,"бренд:chint; гарантия:5 лет; единиц в одном товаре:4; количество модулей:1; количество полюсов:1; количество фаз:однофазный; номинальная отключающая способность, кa:6; номинальное напряжение, в:230; номинальный ток, а:50; партномер:814019; страна-изготовитель:китай; тип:автоматический выключатель; т"
confident_contradiction,0,fold_04,Детские товары,34359855738,601295546904,1,0.233,0.192,"велосипед 20"" rook sprint, черный",велосипед 14 rook sprint черный,"амортизация велосипеда:rigid (жесткий); бренд:rook; вес в собранном состоянии, кг:11; вид детского велосипеда:двухколесный; вид колес:надувные; диаметр колес, дюймы:20; задний тормоз:ножной; защита:защита цепи; количество колес:4; количество скоростей велосипеда:1; комплектация:звонок, крылья, допол","бренд:rook; вес велосипеда, кг:7; вид:городской; возраст ребенка:3-5 лет; диаметр колес, дюймы:14; код товара:100043219768; количество скоростей:1; крылья в комплекте:да; максимальный вес пользователя, кг:40; максимальный рекомендуемый рост, см:105; материал колес:резина; материал рамы:магний-алюмин"
confident_contradiction,0,fold_04,Канцелярские товары,601295565131,773094235682,0,0.955,0.998,perfeo фотобумага а4 108 г/м2 матовая 500л,perfeo / фотобумага а4 108 г/м2 матовая 500л,"бренд:perfeo; количество листов, шт:500; плотность, г/м2:108; размеры, мм:a4 (210 x 297 мм); страна-изготовитель:китай; тип:фотобумага; тип печати:лазерная; тип покрытия:матовая; формат:a4 (21 × 29.7 см)",валюта:rub; вес товара с упаковкой (г):3500 г; вид фотобумаги:односторонняя; высота листа:30 см; высота упаковки:32 см; длина упаковки:7 см; количество предметов в упаковке:500 шт; комплектация:фотобумага а4 матовая 500 листов; модель:фотобумага perfeo а4 108 г/м2 матовая 500л; плотность бумаги:108 
confident_contradiction,0,fold_01,Дом и сад,712964706519,498216343486,0,0.988,0.968,"шкатулка - купюрница ""розы"", белая, 8,5х17 см, лаковая миниатюра","без бренда шкатулка - купюрница «розы», белая, 8,5×17 см, лаковая миниатюра","артикул:sl-3696413-1-sl807p1-326; бренд:noname; вид выпуска товара:фабричное производство; для кого:универсально; количество в упаковке, шт:1; комплектация:купюрница - 1 штука; материал:дерево; праздник:универсальный; размер открытки, см:8.5х17; страна-изготовитель:россия; тип:шкатулка для денег; цв",тип:шкатулка
confident_contradiction,0,fold_02,Бытовая техника,128849111914,51539704985,0,0.946,0.976,"il monte / варочная панель газовая, 30 см., стекло, bh-312g-nsd","варочная панель газовая, закаленное стекло, 30 см., автоподжиг, чугунные решетки, il monte bh-312g-nsd",валюта:rub; вес без упаковки (кг):7.5 кг; вес с упаковкой (кг):8.8 кг; высота предмета:4.5 см; высота упаковки:16 см; гарантийный срок:1 год; глубина предмета:51 см; длина упаковки:62 см; доп. опции варочной поверхности:автоподжиг; быстрый нагрев; защита от детей; защита от детей:защита от перегрева,"бренд:il monte; вес товара, г:7000; вид электроподжига:автоматический; гарантийный срок:12 месяцев; глубина встраивания, см:51; глубина, см:51; индикация:выбранная мощность; количество конфорок:2; комплектация:варочная панель; инструкция с гарантийным талоном на последних страницах (не обязательно д"
confident_contradiction,0,fold_03,Детские товары,541166020123,575525633954,0,0.922,0.97,"мягкая игрушка медведь фреди  латте, 50 см","любимая игрушка мягкая игрушка «медведь фреди» латте, 50 см","бренд:denco store; вид мягкой игрушки:традиционные; материал:синтепон; минимальный возраст ребенка:от 3 лет; название цвета:мягкая игрушка медведь фреди  латте, 50 см; пол ребенка:унисекс; страна-изготовитель:китай; тип:мягкая игрушка","вес в транспортной упаковке:0.5 кг; высота/длина:50 см; габариты транспортной упаковки:25х30х25 см; материал:искусственный мех, синтепон; особенности:без особенностей; тип:мягкая игрушка; цвет товара:бежевый"
confident_contradiction,0,fold_04,Музыкальные инструменты,85899499147,103079342416,1,0.272,0.252,струны для акустической гитары dr string npa-11,dr npe-11 - струны для электрогитары,"инструмент:акустическая гитара; калибр:11-50; калибр подробно:11-15-22-30-40-50; количество струн в упаковке:6 шт.; количество упаковок:1 шт.; материал оплетки:фосфористая бронза; натяжение:слабое, custom light",бренд:dr; вид музыкального аксессуара:струны; назначение муз. аксессуара:для электрогитары; тип:аксессуар для струнных; цвет товара:фиолетовый
confident_contradiction,0,fold_01,Хобби и творчество,317827686470,274877959776,0,0.94,0.98,"без бренда набор для творчества. кружка под раскраску «с новым годом», 300 мл","набор для творчества. кружка под раскраску ""с новым годом"", 300 мл",предмет росписи:кружка; тип:набор; цвет товара:разноцветный,бренд:нет бренда; тип:набор для росписи
confident_contradiction,0,fold_04,Электроника,85899374787,77309411401,1,0.211,0.195,"индуктивность 5.6 мкгн, 0.5вт, 10- 20%, 0.5w, 5.6uh, 0410","epcos индуктивность 68 мкгн, 0.5вт, 10- 20%, 0.5w, 68uh, [0410]","бренд:abc; вес товара, г:20; вид пассивного компонента:фильтр; количество в упаковке, шт:1; размеры, мм:15х20х25; тип:пассивные компоненты",количество в упаковке:1 шт.; тип:индуктивность
confident_contradiction,0,fold_04,Продукты питания,412316906543,292057862418,0,0.957,0.953,корейский суп из морских водорослей мисо-суп со шпинатом и креветками furmi 5 шт х 10г,furmi набор корейский мисо-суп со шпинатом и креветками 5 х 10гр,"бренд:furmi kim; вес товара, г:10; вкус (быстрого приготовления):креветки; добавки:креветки; единиц в одном товаре:1; кухни мира:корейская; максимальная температура:+25; минимальная температура:+1; не содержит:без гмо; особенности напитков, продуктов питания:диетический продукт; содержит:витамины; с",бренд:furmi; вес:10 г; вид супа:мисо; кухня:корейская; срок годности:2 г.
confident_contradiction,0,fold_03,Продукты питания,798863933810,343597503473,0,0.926,0.923,"zinus / молоко соевое ""zinus barista"" 1 л (3 шт. в наборе)","zinus молоко соевое, продукт на растительном сырье, напиток соевый, (зинус) barista (бариста) соя 1 л/ спайка 3 шт/в наборе",валюта:rub; вес товара с упаковкой (г):3300 г; высота упаковки:17 см; длина упаковки:29 см; максимальная температура хранения:25; пищевая ценность жиры:3.2 г/100г; пищевая ценность углеводы:5 г/100г; состав:вода; соевые бобы; сироп топинамбура (клубни топинамбура; вода); регулятор кислотности: фосфа,"бренд:zinus; вид растительного молока:соевое; единиц в одном товаре:3; жирность, %:3.2; максимальная температура:25; минимальная температура:0; объем, мл:3000; состав:состав: вода, пророщенные соевые бобы, сироп топинамбура (клубни топинамбура, вода)
 
 внимание!!! товар может поступить в белой упак"
confident_contradiction,0,fold_03,Канцелярские товары,111669205630,154618903119,0,0.962,0.948,"ежедневник а5, 80 л. тонкая обложка ""газ в пол""","kangaeru / ежедневник а5. 80 л. тонкая обложка ""газ в пол""","бренд:нет бренда; количество листов, шт:80; комплектация:ежедневник а5, 80 л. тонкая обложка ""газ в пол""; страна-изготовитель:россия; тип:ежедневник; формат:a5 (14.8 × 21 см); цвет товара:коричневый","валюта:rub; комплектация:ежедневник а5. 80 л. тонкая обложка ""газ в пол"". 1 шт"
confident_contradiction,0,fold_02,Хобби и творчество,506806197480,77309561675,0,0.903,0.967,настольная игра монополия россия,настольная игра монополия - россия,"бренд:msn trading limited; вид выпуска товара:фабричное производство; вид настольной игры:карточная; максимальная продолжительность партии, мин.:120; максимальное число игроков:6; материал:картон; минимальная продолжительность партии, мин.:90; минимальное число игроков:2; минимальный возраст ребенка",валюта:rub; высота упаковки:41 см; длина упаковки:5 см; макс. число игроков:6; материал изделия:картон; рекомендуемый возраст:8+; цвет:темно-синий; ширина упаковки:26 см
confident_contradiction,0,fold_03,Красота и гигиена,352187423386,274877995115,0,0.937,0.981,"influence beauty тени для век жидкие interstellar c дуохромными сияющими частицами, 2,5 г, 03 розовый","жидкие тени influence beauty interstellar, тон 03 розовый, 2,5 мл","бренд:influence beauty; водостойкость:нет; единиц в одном товаре:1; название цвета:03 розовый; объем, мл:2.5; особенности состава:запатентованные компоненты; особенность оттенка:сияющий; состав:состав (ingredients) указан на упаковке; страна-изготовитель:китай; текстура:жидкая; тип:тени для век; упа","бренд:influence beauty; вес, в граммах:2.5; код товара:100030097040; количество оттенков,в штуках:1; объем, в миллилитрах:2.5; особенности состава:без парабенов; оттенок:тон 03; оттенок производителя:тон 03; покрытие:среднее; состав:aqua, synthetic fluorphlogopite, mica, butylene glycol, ammonium ac"
confident_contradiction,0,fold_03,Хобби и творчество,377957150990,360777404786,0,0.985,0.96,"алмазная мозаика три совы ""летний пейзаж"", 30*40см, холст на деревянном подрамнике, картонная коробка с пластиковой ручкой","алмазная мозаика три совы ""летний пейзаж"", 30х40 см, холст на деревянном подрамнике, картонная коробка с пластиковой ручкой (амп3040_52932)",выкладка:полная; высота:40 см; количество цветов:23; материал страз:акрил; основа:тканевая; особенности:лоток для страз; сюжет:пейзаж; тип:набор алмазной мозаики; форма страз:квадратная; ширина:30 см,"бренд:три совы; размеры, мм:30х40; тип:алмазная мозаика"
confident_contradiction,0,fold_02,Спорт и отдых,523986078652,180388798401,1,0.168,0.091,"воблер german magneto #c112, 87 мм, 36 гр, плавающий, до 8 м","воблер condor ' lucky strike' happy fish размер 100 мм, вес 30.0 гр, заглубление 0- 3,5м, цв 147# / на судака / окуня / щуку","бренд:german; вид воблера:крэнк (crank); вид ловли воблером:троллинг; макс. заглубление, м:8; название цвета:c112; плавучесть:плавающий (floating); страна-изготовитель:китай; тип:воблер",вес:30 г; вид:минноу; вид крючка/вертлюжка:тройной; длина:100 мм; заглубление:3.5 м; плавучесть:плавающая; степень заглубления:3.5; тип:плавающий; цвет товара:147#
confident_contradiction,0,fold_03,Бытовая техника,506806214216,292057935094,0,0.913,0.983,мясорубка gastrorag hm-12ns,мясорубка gastrorag hm-12ns,бренд:gastrorag; комплектация:2 решетки (диаметр отверстий 5 и 8 мм).; материал корпуса:металл; материал лотка:металл; реверс:да; тип:мясорубка; цвет товара:серебристый,вес:24.5 кг; высота:500 мм; гарантийный срок:1 г.; глубина:270 мм; диаметр отверстий диска 2:8 мм; материал корпуса:металл; насадки:диск для фарша; номинальная мощность:800 вт; особенности:защита от перегрузки; производительность:2.33 кг/мин; система реверса:есть; срок службы:5 лет; ширина:500 мм
confident_contradiction,0,fold_03,Дом и сад,446676735325,163208774709,0,0.944,0.99,"ланч-бокс foodvibes квадратный, 700 мл, ""единорог"" (4569090)","foodvibes / ланч-бокс квадратный ""единорог"" 700 мл",артикул:1567450; бренд:foodvibes; вид выпуска товара:фабричное производство; материал:полипропилен; страна-изготовитель:россия; тип:ланч-бокс,валюта:rub; вес товара с упаковкой (г):77 г; высота упаковки:16 см; длина упаковки:16 см; комплектация:ланч-бокс - 1 шт; страна производства:россия; ширина упаковки:10 см
confident_contradiction,0,fold_04,Канцелярские товары,446676660939,137439051661,0,0.98,0.928,"фоамиран цветной а4 2мм 10л*10цв, остров сокровищ, иридисцентные цвета 665101","остров сокровищ пористая резина/фоамиран а4, 2 мм, остров сокровищ, 10 листов, 10 цветов, иридисцентные цвета, 665101",бренд:остров сокровищ; страна-изготовитель:китай; тип:картон,длина:29.7 см; материал:фоамиран; особенности:самоклеящаяся; тип:фоамиран; толщина:2 мм; формат:a4; цвет товара:1 шт; ширина:21 см
confident_contradiction,0,fold_03,Спорт и отдых,85899411348,335007481348,0,0.903,0.956,"налобный фонарь acebeam h30 cool white, 1 х 21700, диод cree xh-p 70.2/rg led, 9 режимов, 171 метр, 4000 люмен (комплект)","налобный фонарь acebeam h30 cool white, 21700, диод cree xh-p 70.2/rg led, 171 метр, 4000 люмен (комплект)","вес:151 г; гарантийный срок:1 г.; дальность освещения:171 м; длина:90 мм; источник света:светодиоды; класс защиты:ipx-8; максимальное время работы:200 ч; материал корпуса:алюминий; особенности:влагозащита, ударопрочный корпус, работа при минусовых температурах (-10), цифровая стабилизация яркости; с","бренд:acebeam; вес товара, г:151.5; гарантийный срок:на фонарь: 2 месяца (через озон), 5 лет (через истинного продавца). на аккумулятор и зарядное устройство - 6 месяцев; дальность освещения, м:171; кол-во режимов:9; кол-во светодиодов:3; комплектация:фонарь acebeam h30, налобное крепление acebeam, "
confident_contradiction,0,fold_04,Спорт и отдых,17179932287,781684062355,0,0.901,0.949,baofeng радиостанция,baofeng / радиостанция baofeng uv-82 8w,"бренд:baofeng; вид питания:liion; гарантийный срок:1 год; диапазон:fm; диапазон частот, мгц:136-174, 400-520; количество каналов:128; макс. время работы,  ч:12; мощность передатчика, вт:8; образец цвета:https://cdn1.ozone.ru/s3/multimedia-a/6463529602.jpg; партномер:uv-82 8w; питание от:аккумулятора",валюта:rub; высота упаковки:18 см; гарантийный срок:1 год; длина упаковки:20 см; емкость аккумулятора:2800 ма*ч; количество каналов (шт):128; количество раций:1; комплектация:клипса; зарядное устройство; рация; гарнитура; материал корпуса:пластик; модель:baofeng uv-82 8w; питание:от аккумулятора; ст
confident_contradiction,0,fold_01,Хобби и творчество,506806177751,532576099889,0,0.913,0.926,"melograno puzzle / пазл фигурный астронавт в космосе, 130 деталей, 20 × 29 см","пазл фигурный космонавт , 130 деталей, 20 29 см",валюта:rub; высота упаковки:4 см; длина упаковки:15 см; комплектация:уточните у продавца; страна производства:россия; ширина упаковки:15 см,"бренд:нет бренда; вес товара, г:306; возраст ребенка:от 3 лет; длина готового пазла, см:20; количество элементов, шт:130; материал:дерево; минимальный возраст ребенка:от 3 лет; ориентация пазла:горизонтальная; срок годности в днях:999; страна-изготовитель:россия; тематика:абстракция; тип:пазл; форма"
confident_contradiction,0,fold_03,Хобби и творчество,575525626031,360777261905,0,0.93,0.971,модель сборная звезда мста-с российская гаубица,сборная модель звезда (zvezda) российская 152-мм гаубица мста-с (5045),"вес упаковки, кг:0.86; высота упаковки, см:30.3; длина упаковки, см:49.3; страна производства:россия; тематика:военная техника; ширина упаковки, см:8.7",бренд:звезда; страна-изготовитель:россия; тип:сборная модель военной техники
confident_contradiction,0,fold_01,Спорт и отдых,627065288434,34359846378,0,0.941,0.912,"in mother's hands / плот для плавания ""фламинго"", 173 x 170","""фламинго"", 173 х 170 см, 41119 ",валюта:rub; высота упаковки:30 см; длина упаковки:12 см; комплектация:плот для плавания фламинго 173 x 170 см 91081 bestway; страна производства:китай; ширина упаковки:30 см,бренд:нет бренда; тип:надувной плот
confident_contradiction,0,fold_03,Красота и гигиена,206158508811,292057804013,0,0.963,0.96,"мыло-крем жидкое officeclean professional ""антибактериальное"", с ромашкой, канистра, 5л","мыло-крем жидкое officeclean professional ""антибактериальное"", с ромашкой, 5 л (319534)","активный ингредиент:бетаин; вес:5000 г; количество в упаковке:1 шт.; линейка:professional; масла и экстракты:кокосовое масло; область применения:руки; объем:5000 мл; особенности:антибактериальное, гипоаллергенное; средство:жидкое мыло; упаковка:канистра; эффект:очищение, питание, увлажнение",бренд:officeclean; страна-изготовитель:россия; тип:жидкое мыло
confident_contradiction,0,fold_01,Музыкальные инструменты,274878053581,781684084014,0,0.95,0.988,"flight fbg-2039 чехол для акустической гитары, утепленный (3мм)",flight / fbg 2039 чехол для акустической гитары утепленный (3мм),"бренд:flight; вес товара, г:570; количество в упаковке, шт:1; комплектация:чехол - 1шт.; материал муз. инструмента/аксессуара:синтетика; назначение муз. аксессуара:для акустической гитары; партномер:fbg-2039; страна-изготовитель:россия; тип:чехол для музыкального инструмента; цвет товара:фиолетовый",валюта:rub; вес товара без упаковки (г):620 г; вид застежки:молния; вид чехла:обычный чехол; высота предмета:111 см; карманы:большое отделение на молнии; комплектация:чехол - 1шт.; материал изделия:синтетическая ткань; назначение чехла:чехол для акустической гитары; особенности чехла:непромокаемый; 
confident_contradiction,0,fold_03,Музыкальные инструменты,137438981888,841813660619,0,0.957,0.927,sigma gmc-ste+,электроакустическая гитара sigma gmc-ste+,"количество ладов:20; количество струн:6; колки:закрытые; материал верхней деки:ель; материал грифа:красное дерево; материал корпуса:ель, красное дерево; материал накладки на гриф:микарта; мензура:645 мм; наличие звукоснимателя:со звукоснимателем; ориентация:правосторонняя; отделка:матовая; размер:4/",бренд:sigma; количество струн:6; тип:электроакустическая гитара
confident_contradiction,0,fold_02,Хобби и творчество,420906924413,601295507842,0,0.954,0.981,"бисер из стекла, 2,3 мм, цвет оранжевый, 10 упаковок","preciosa бисер из стекла, 2,3 мм, цвет оранжевый, 10 упаковок",бренд:preciosa; тип:бисер; цвет товара:оранжевый,материал:стекло; тип:бисер; цвет товара:оранжевый
confident_contradiction,0,fold_01,Детские товары,68719497968,661425106509,0,0.905,0.915,коляска 2 в 1 bugaboo fox 5 graphite/midnight black/grey melange,"коляска 2 в 1 bugaboo fox 5 graphite, grey melange, midnight black","артикул:1417639248-flfu; бренд:bugaboo; вес коляски, кг:10.4; вид колес:резиновые; вид тормоза:ножной; внутренние размеры люльки, см:76х33; возрастные группы:от 0 до 1 года; гарантийный срок:4; диаметр задних колес, см:30; диаметр передних колес, см:22; длина люльки, см:76; задние колеса:одинарные; ","артикул производителя:3; бренд:bugaboo; вес коляски, в кг:10; вид тормоза:ножной; возрастная группа:0+; код товара:600013349631; количество колес:4; комплектация:чёрное шасси с колёсами и корзинкой для покупок; бампер; капор; кистевой ремень; корзина для покупок; люлька; накидка на люльку; прогулочн"
confident_contradiction,0,fold_03,Музыкальные инструменты,850403627147,833223656574,1,0.274,0.218,струны для электрогитары elixir 12450 nanoweb light 10-46,"струны для электрогитары, комплект из 6 струн, стальные, elixir 12052 10-46",инструмент:электрогитара; количество струн в упаковке:12 шт.; полимерное покрытие:есть; форма оплетки:круглая,"бренд:elixir; вес товара, г:40; вид музыкального аксессуара:струны; калибр струн:10; количество в упаковке, шт:6; комплектация:комплект из 6 струн для электрогитары, калибр струны: 10, 13, 17, 26, 36, 46; материал муз. инструмента/аксессуара:сталь; назначение муз. аксессуара:для электрогитары; образ"
confident_contradiction,0,fold_03,Детские товары,618475332934,463856624959,0,0.978,0.935,"макси-пазл ""щенячий патруль"", 35 элементов","step puzzle / макси-пазлы щенячий патруль, 35 деталей","бренд:нет бренда; количество элементов, шт:35; максимальный возраст ребенка:до 14 лет; материал:картон; минимальный возраст ребенка:от 3 лет; пол ребенка:унисекс; развитие навыков:логика; страна-изготовитель:россия; тематика:герои кино, мультфильмов и игр; тип:пазл для малышей",валюта:rub; высота упаковки:28 см; длина упаковки:41 см; комплектация:35 деталей; страна производства:россия; ширина упаковки:7 см
confident_contradiction,0,fold_02,Хобби и творчество,618475387316,841813644394,0,0.95,0.923,"напольная мозаика-пазл ""цветочки"" 25 фишек,4 шт","русский стиль / цветочки, мозаика напольная, 25 элементов","бренд:русский стиль; вид мозаики:классическая; максимальный возраст ребенка:до 18 лет; минимальный возраст ребенка:от 3 лет; название цвета:разноцветный, 4 шт; пол ребенка:унисекс; страна-изготовитель:россия; тип:мозаика; цвет товара:разноцветный","валюта:rub; возрастные ограничения:3+; количество элементов:25 элементов; комплектация:мозаика-пазл напольная (58мм) - 25 шт, наклейки - 4 шт.; материал игрушки:пластик; страна производства:россия; тренируемые навыки:внимание; мелкая моторика; логика"
confident_contradiction,0,fold_04,Красота и гигиена,171798809068,541165892130,1,0.299,0.222,"аурасо шоколад и табак - натуральный бальзам для губ аурасо, увлажняющий, парфюмированный, 30 мл","туя и перец - натуральный бальзам для губ аурасо, увлажняющий, парфюмированный, 30 мл","аромат:шоколад и табак; базовый аромат:шоколад; вес:50 г; масла и экстракты:масло дерева ши, масло кокоса, эфирное масло; объем:30 мл; потребности кожи:чувствительная; состав:состав: 100 % натуральное масло кокоса, 100 % натуральное масло ши, 100 % натуральное гидрогенизированное масло соевых бобов,","аромат:туя и перец; бренд:аурасо; вес, г:50; единиц в одном товаре:1; название цвета:туя и перец; область использования:губы; объем, мл:30; особенности состава:без камфоры; состав:состав: 100 % натуральное масло кокоса, 100 % натуральное масло ши, 100 % натуральное гидрогенизированное масло соевых б"
confident_contradiction,0,fold_03,Музыкальные инструменты,171798815485,300647777221,1,0.14,0.123,акустическая гитара parkwood s-camper-wbag-op,"mfg-rs flamenco series классическая гитара, martinez","бренд:parkwood; гарантийный срок:12 мес.; количество струн:6; комплектация:гитара - 1 шт, чехол - 1 шт; крепление грифа:вклеенный; материал корпуса/верхней деки:ель; материал струн:металл; мензура, мм:628; название цвета:natural; наличие звукоснимателя:false; партномер:s-camper-wbag-op; страна-изгот",артикул производителя:mfg-rs; бренд:martinez; код товара:100057477781; модель:mfg-rs
confident_contradiction,0,fold_02,Бытовая химия,429496807639,575525737232,0,0.931,0.99,"chirton / сменный баллон для air wick чиртон «лазурный бриз», 250 мл","chirton сменный баллон освежителя воздуха фреш лайн лазурный бриз, 250 мл",аромат освежителя:лазурный бриз; валюта:rub; вид освежителя:аэрозоль; сухой; сухое распыление; комплектация:баллон; объем товара:250 мл; страна производства:россия; цвет:белый,"ароматизация:автоматическая; бренд:chirton; вес товара, г:250; вид ароматизатора:аэрозоль; единиц в одном товаре:1; комплектация:chirton сменный баллон освежителя воздуха фреш лайн лазурный бриз - 1шт.; название аромата:лазурный бриз; объем, мл:250; размер упаковки (длина х ширина х высота), см:14х6"
confident_contradiction,0,fold_02,Детские товары,240518222201,309237799160,0,0.969,0.955,"newstore / машинка-сюрприз в банке, гоночные","машинка-сюрприз гоночные, в банке",валюта:rub; комплектация:машинка; страна производства:китай,бренд:нет бренда; страна-изготовитель:китай; тип:машинка
confident_contradiction,0,fold_01,Автотовары,120259182658,352187473210,0,0.968,0.99,автомобильные летние шины continental contiecocontact 6 215/60 r17 96h,continental contiecocontact 6 шины летние 215/60  r17 96h,высота профиля:60; глубина протектора:6 мм; диаметр:r17; индекс максимальной скорости:h (до 210 км/ч); индекс нагрузки:96; максимальная нагрузка (на одну шину):96 кг; сезонность:летние; состояние товара:новый; ширина профиля:215,"runflat:нет; бренд:continental; вид техники:легковые автомобили; вид шин:нешипованные; высота профиля, %:60; диаметр, дюймы:17; индекс нагрузки:96; индекс скорости:h; количество, штук:1; конструкция покрышки:бескамерная; партномер (артикул производителя):312007; сезонность:лето; серия:contiecocontac"
confident_contradiction,0,fold_02,Аптека,68719609329,206158440399,1,0.147,0.176,астигматические линзы miru 1 month for astigmatism 6 линз sph -2.75 cyl -0.75 axis 160,"miru 1 month for astigmatism (6 линз) 8.6, cyl:-1.75, axis: 80, -2.75","артикул производителя:miru(tor)-2.75-0.75x160; бренд:miru; влажность, %:40; диаметр:14; код товара:600015010157; количество в упаковке:6; количество штук в упаковке:6; коэффициент пропускания кислорода, dk/t:160; материал:силикон-гидрогель; оптическая сила цилиндра(cyl):-0.75; оптическая сила(sph):-","бренд:miru; влагосодержание, %:40; диаметр, мм:14; дней до замены:1 месяц; кислородопропускание, dk/t:160; количество в упаковке:6; материал контактных линз:асмофилкон а; оптическая сила:-2.75; особенности контактных линз:силикон-гидрогель; ось (axis):80; радиус кривизны:8.6; режим ношения:дневной; "
confident_contradiction,0,fold_04,Бытовая химия,463856619136,197568530376,0,0.934,0.98,"жидкое средство grass alpi для стирки концентрат жидкий 1,8 л","grass / концентрированное жидкое средство для стирки alpi 1,8 л","бренд:grass; единиц в одном товаре:1; комплектация:жидкое средство grass alpi для стирки концентрат жидкий 1,8 л; состав:≥30% очищенная вода, ≥5%, но <15% анионные пав, <5%: неионогенные пав, мыло, энзимы, поликарбоксилаты, метилхлороизотиазолинон, метилизотиазолинон, ароматизирующая добавка, красит","валюта:rub; вес с упаковкой (кг):1.85 кг; высота упаковки:30 см; длина упаковки:14 см; комплектация:концентрированное жидкое средство для стирки alpi 1,8 л 1 шт.; назначение стирального средства:для стирки; для детской одежды и белья; универсальное; объем (л):1.8 л; страна производства:россия; ширин"
confident_contradiction,0,fold_01,Детские товары,309237756582,300647780815,0,0.928,0.985,пазл step puzzle львенок и черепаха 35 элементов,степ пазл / макси-пазл 35 эл. львенок и черепаха (new),бренд:степ пазл; максимальный возраст ребенка:до 10 лет; минимальный возраст ребенка:от 1 года; пол ребенка:унисекс; страна-изготовитель:россия; тип:пазл для малышей,валюта:rub; высота упаковки:6 см; длина упаковки:27 см; комплектация:пазл - 1 уп.; материал изделия:картон; страна производства:россия; ширина упаковки:40 см
confident_contradiction,0,fold_02,Бытовая техника,438086736457,481036343922,0,0.93,0.967,oasis тепловентилятор sb-20r 4640130905835,тепловой вентилятор oasis sb-20r,тип обогревателя:тепловентилятор,"бренд:oasis; вес товара, г:800; гарантийный срок:1 год; количество скоростей:2; комплектация:тепловой вентилятор в сборе, паспорт, коробка; макс. площадь помещения, кв.м:25; макс. уровень шума, дб:40; мощность, вт:2000; особенности климатической техники:ручка для переноски; партномер:sb-20r (f); раз"
confident_contradiction,0,fold_03,Бытовая техника,395137149371,712964592651,0,0.973,0.994,газовая варочная поверхность beko hiag64225sb,газовая варочная поверхность beko hiag64225sb,вес в транспортной упаковке:12 кг; габариты транспортной упаковки:66х61х18 см; тип таймера конфорок:нет,"бренд:beko; вид электроподжига:автоматический; глубина, см:51; количество конфорок:4; комплектация:1 шт; конструкция панели:независимая; материал рабочей поверхности панели:эмалированная сталь; материал решетки варочной панели:чугун; наличие рамки:нет; размеры ниши для встраивания панели, мм:560х490"
confident_contradiction,0,fold_04,Бытовая химия,841813739511,257698167042,0,0.915,0.931,"lion / кондиционер для белья ""soflan aroma rich"" с ароматом масел","lion кондиционер для белья с натуральными ароматическими маслами soflan aroma rich sarah, 520мл",валюта:rub; вес товара с упаковкой (г):550 г; высота упаковки:25 см; длина упаковки:6 см; комплектация:бутылка - 520 мл; объем товара:520 мл; состав:пав (сложный эфир соли диалкил аммония); полиоксиэтилен алкил эфир; этиловый спирт; парфюмерная композиция; стабилизатор; хлорид кальция; внт; консерва,"артикул:бх:400403884; бренд:lion; единиц в одном товаре:1; состав:поверхностно-активные вещества (соль диалкиламмония сложноэфирного типа), ароматические масла, масло жасмина, масло ландыша, масло ванили, антисептические компоненты растительного происхождения, стабилизатор. ; тип:кондиционер, ополас"
confident_contradiction,0,fold_03,Детские товары,386547130548,137438974797,0,0.936,0.91,кассон / автомобиль тюльпан б + шарики 3-305,автомобиль игрушечный тюльпан б + шарики 3-305  ,валюта:rub; комплектация:машинка - 1шт; страна производства:россия,бренд:кассон; вид спецтехники:самосвал; вид транспорта:спецтехника; материал:пластик; страна-изготовитель:россия; тип:машинка
confident_contradiction,0,fold_03,Спорт и отдых,171798827749,60129591425,0,0.945,0.997,"kal, малат магния 400, 90 таблеток","kal / малат магния, 400 мг, 90 таблеток","бренд:kal; вес, г:210; вид продукта:не является бадом; вкусовой акцент (вкус):без вкуса; единиц в одном товаре:1; количество в упаковке, шт:90; количество порций:45; количество упаковок, шт:1; не содержит:без гмо; основной компонент:магний; пол:мужской; преимущества:здоровье; профилактика; состав:пи","валюта:rub; вес товара с упаковкой (г):210 г; комплектация:кал, малат магния 400, 90 таблеток 1-шт; назначение спортивного питания:повышение энергии; увеличение силы; состав:малат магния; срок годности:2026; страна производства:сша; форма выпуска:таблетки"
confident_contradiction,0,fold_01,Спорт и отдых,730144560382,515396117799,1,0.235,0.049,"воблеры для рыбалки grfish striker 90f-dr, l13","lucky craft lucky craft, воблер slur body blow s, kanimiso","бренд:grfish; вес, г:16; вид ловли воблером:спиннинг; кол-во в комплекте, шт:1; комплектация:воблер для рыбалки; мин. заглубление, м:0.1; название цвета:l13; образец цвета:https://cdn1.ozone.ru/s3/multimedia-x/6155901273.jpg; плавучесть:плавающий (floating); тип:воблер; цвет товара:золотой",вес:5.2 г; длина:67 мм; плавучесть:тонущая; тип:воблер; цвет товара:kanimiso
confident_contradiction,0,fold_04,Бытовая химия,549755945982,412316901906,0,0.903,0.927,"чистин / средство для мытья пола, морская волна 1 л",чистин средство для мытья пола морская волна 1000мл,"валюта:rub; вес товара с упаковкой (г):1100 г; высота упаковки:31 см; длина упаковки:11 см; комплектация:средство для мытья пола, морская волна 1 л -1шт; назначение средства:пол; объем (л):1000 л; состав:< 5 %: апав, нпав, соль эдта, антимикробная добавка tinosan hp 100, краситель; страна производст","бренд:чистин; единиц в одном товаре:1; назначение моющего, чистящего средства:для пола/ламината; объем, мл:1000; состав:≥ 15 %, но < 30 % апав; < 5 %: соль эдта, оптический отбеливатель, консервант, ароматизирующая добавка.; страна-изготовитель:россия; тип:средство чистящее для пола; целевая аудитор"
confident_contradiction,0,fold_01,Бытовая техника,798864033601,532576088228,0,0.912,0.992,"deerma / вертикальный пылесос deerma dx700s, проводной",вертикальный пылесос deerma dx700s,валюта:rub; вес с упаковкой (кг):3.2 кг; высота упаковки:16 см; длина кабеля:450 см; длина упаковки:65 см; максимальный уровень звука/шума:75 дб; модель:dx700s; мощность всасывания:210 вт; мощность устройства:600 вт; напряжение:220 в; объем пылесборника:0.8 л; тип пылесоса:вертикальный; тип уборки:с,"бренд:deerma; вес товара, г:2200; вид насадки пылесоса:для ковра; вид пылесборника:контейнер; гарантийный срок:1 год; количество насадок:3; комплектация:ручной пылесос, основная насадка, тонкая насадка, насадка с щеткой, насадка для вертикальной уборки.; макс. уровень шума, дб:70; мощность всасывани"
confident_contradiction,0,fold_04,Бытовая химия,231928345310,472446492513,0,0.956,0.911,grass / чистящее средство для кухни azelit 600 мл,моющее средство grass azelit для кухни 600 мл,валюта:rub; вес товара с упаковкой (г):650 г; высота упаковки:28 см; длина упаковки:8 см; комплектация:1; назначение средства:для кухни; объем (л):0.6 л; состав:косметическая основа 100%; срок годности:18 месяцев; страна производства:россия; ширина упаковки:12 см; эффект средства:деликатное очищение,"аромат:без отдушки; артикул:au_700000643; бренд:grass; вес товара, г:600; единиц в одном товаре:1; комплектация:моющее средство grass azelit для кухни 600 мл; назначение моющего, чистящего средства:универсальное; объем, мл:600; особенности применения:антибактериальный эффект; состав:химические добав"
confident_contradiction,0,fold_03,Бытовая техника,747324451513,644245184706,0,0.93,0.937,водонагреватель накопительный вн-10н ресанта,ресанта / водонагреватель накопительный ресанта вн-10н (10 литров),"бренд:ресанта; вариант установки:настенный; вес, кг:7; внутреннее покрытие бака:эмаль; время нагревания, минут:20; гарантийный срок:1 год, на бак - 5 лет; защита водонагревателя:анод; индикаторы:включения; комплектация:водонагреватель в сборе, анкерные болты - 2шт, предохранительный клапан, монтажна",валюта:rub; вес без упаковки (кг):6.3 кг; вес с упаковкой (кг):7 кг; внутреннее покрытие бака:нержавеющая сталь; высота предмета:33 см; высота упаковки:39 см; гарантийный срок:1 год; длина упаковки:39 см; доп. опции водонагревателя:защита от перегрева; дисплей; магниевый анод для защиты от коррозии;
confident_contradiction,0,fold_03,Товары для животных,68719618905,592705522375,0,0.937,0.972,"сухой корм для собак средних и крупных пород pro plan duo delice, с говядиной, 10 кг","pro plan / сухой корм duo delicе средних и крупных собак,говядина 10 кг","артикул:12448232; бренд:pro plan; вес товара, г:10000; возраст животного:для взрослых; комплектация:1 шт; минеральные вещества:ме/кг: витамин а: 33 000; витамин д3: 1000; витамин e: 550; мг/кг: витамин c: 140; железо: 92; йод: 2.3; медь: 14; марганец: 43; цинк: 140; селен: 0.13.; основной ингредиент",валюта:rub; вес товара без упаковки (г):10000 г; вес товара с упаковкой (г):10100 г; вид вкуса корма:мясо-злаки; вид животного:для собак; возраст животного:взрослые; высота упаковки:20 см; длина упаковки:38 см; класс корма:супер-премиум; количество предметов в упаковке:1 шт.; комплектация:мешок корм
confident_contradiction,0,fold_04,Бытовая техника,592705623707,300647723888,0,0.969,0.986,пылесос kelli kl-8005 красный,пылесос kelli kl-8005 красный,вес в транспортной упаковке:4 кг; габариты транспортной упаковки:24х5х30 см; гарантийный срок:1 г.,"бренд:kelli; вид питания:от сети 220в; вид пылесборника:контейнер; вид фильтра:циклонный фильтр; длина шнура, м:5; количество насадок:2; комплектация:пылесос, комплект насадок, документация; макс. уровень шума, дб:72; материал трубки:металл; мощность всасывания, вт:420; насадки пылесоса:универсальна"
confident_contradiction,0,fold_01,Канцелярские товары,231928358898,627065372407,0,0.948,0.971,"devente записная книжка а4 64л кл devente.wild, тв обл иск кож, зол ср, ляс, бел бл70, т кор","записная книжка а4 64л кл devente.wild, тв обл иск кож,зол ср,ляс,бел бл70,т кор",обложка:твердый переплет; особенности:ляссе; тип:записная книжка; формат:а4,бренд:devente; страна-изготовитель:китай; тип:записная книжка
confident_contradiction,0,fold_01,Бытовая химия,85899357032,575525725716,0,0.94,0.981,"ушастый нянь гель для мытья детской посуды, «ушастый нянь», дой-пак 500 мл, россия",гель для мытья посуды ушастый нянь 500мл,"белки:0; валюта:rub; вес:500; гарантированный срок годности:0; жиры:0; ндс:20; пищевая ценность:0; производитель:ао невская косметика; рекомендуемая температура хранения:от +5с до +25с; содержание сахара:0; содержание спирта:0; состав продукта:5-15%: апав; <5%: нпав, амфотерный пав, антибактериальны","артикул:06058к; бренд:ушастый нянь; состав:5-15%: апав; <5%: нпав, амфотерный пав, антибактериальный компонент, экстракты алоэ вера и ромашки, консервант, отдушка; страна-изготовитель:россия; тип:средство ручного мытья посуды"
confident_contradiction,0,fold_03,Детские товары,523986090553,609885523566,0,0.972,0.917,"store-m / набор животных «звери африки», 4 фигурок","набор животных ""звери африки"", 4 фигурок, 1 набор",валюта:rub; комплектация:5155893/наборы животных | 1 шт.; страна производства:китай,бренд:нет бренда; максимальный возраст ребенка:до 12 лет; минимальный возраст ребенка:от 3 лет; пол ребенка:унисекс; страна-изготовитель:китай; тип:фигурка
confident_contradiction,0,fold_04,Электроника,558345875974,644245238904,0,0.94,0.965,seagate 2 тб внутренний жесткий диск (st2000nm000a) ,"seagate / st2000nm000a exos 7e8 жесткий диск hdd 3,5"" 2тб, sata iii, буфер 256 mb, скорость 7200 rpm","бренд:seagate; вес товара, г:620; время наработки на отказ, ч:2000000; гарантийный срок:5 года; для игрового компьютера:да; интерфейс hdd:sata3 6.0 гбит/с; комплектация:советы перед покупкой: из-за разных производственных партий этого продукта или разных моделей продуктов, поставляемых в разных стра","валюта:rub; вес товара с упаковкой (г):700 г; вид разъема:sata 6gb/s; sata iii; sata 3; высота упаковки:21 см; гарантийный срок:12 месяцев; длина упаковки:15 см; интерфейс:sata; комплектация:жесткий диск - 1 шт.; материал корпуса:металл; модель:st2000nm000a; hdd 3.5"", 2tb; sata-iii, 7200 rpm; объем "
confident_contradiction,0,fold_04,Бытовая техника,137439065996,60129656859,0,0.904,0.923,polaris / робот-пылесос pvcr 3200 iq home aqua,"polaris робот-пылесос pvcr 3200 iq home aqua белый, белый",валюта:rub; вес товара без упаковки (г):3400 г; вес товара с упаковкой (г):4000 г; время автономной работы:150 мин; время работы (мин):150 мин; высота предмета:10 см; высота упаковки:15 см; выходной фильтр:hepa; гарантийный срок:2 года; глубина предмета:31 см; длина упаковки:40 см; допустимая высота,"бренд:polaris; вид зарядного устройства:док-станция; вид питания:встроенный аккумулятор; вид пылесборника:контейнер; вид фильтра:hepa фильтр; время зарядки аккумулятора, мин:300; время работы от аккумулятора, мин:150; гарантийный срок:1 год; датчики:датчик движения вдоль стен; макс. уровень шума, дб"
confident_contradiction,0,fold_03,Детские товары,292057794763,94489326455,0,0.993,0.969,"сималенд / конструктор мой мир, 83 детали","конструктор мой мир, 83 детали",валюта:rub; вес с упаковкой (кг):0.1 кг; возрастные ограничения:от 6 лет; высота упаковки:14 см; длина упаковки:19 см; количество элементов:83 элемента; комплектация:конструктор - 1 набор; материал изделия:пластик; страна производства:китай; тренируемые навыки:моторика; логика; фигуры; ширина упаков,"артикул:7105770; бренд:нет бренда; гарантийный срок:14; количество деталей конструктора:от 50 до 100 шт; количество элементов, шт:83; максимальный возраст ребенка:до 16 лет; минимальный возраст ребенка:от 6 лет; особенности конструктора:для малышей; размер упаковки (длина х ширина х высота), см:19 x"
confident_contradiction,0,fold_03,Продукты питания,231928381524,188978609775,0,0.928,0.997,мюсли 4 life хрустящие с клубникой 350г,мюсли 4life хрустящие strawberry клубничные 350гр,"белки:7.7 ""г""; бренд:4 life; вес:0.35 ""кг""; жиры:16.0 ""г""; состав:цельнозерновые овсяные хлопья, сахар, масло пальмовое, сироп глюкозный, цельнозерновые пшеничные хлопья, зерновой экструдат (пшеничная мука из цельного зерна, пшеничная мука, кукурузная крупа, сахар, кукурузный крахмал), сублимированн","бренд:4life; вес товара, г:350; вид снэков, чипсов, сухих завтраков:мультизерновые; добавки:клубника; единиц в одном товаре:1; максимальная температура:25; минимальная температура:0; состав:цельнозерновые овсяные хлопья; сахар; масло пальмовое; сироп глюкозный; цельнозерновые пшеничные хлопья; зерно"
confident_contradiction,0,fold_02,Музыкальные инструменты,300647866414,816043886869,1,0.297,0.095,jbh / внешняя звуковая карта v8 с bluetooth," микшерный пульт для блогеров и аниматоров, встроенные спецэффекты, bluetooth","валюта:rub; вес товара без упаковки (г):160 г; вес товара с упаковкой (г):210 г; высота предмета:4 см; высота упаковки:6 см; длина упаковки:16 см; игровая модель:нет; количество портов usb:4; комплектация:звуковая карта, кабель usb- microusb, кабель microusb- jack 3.5mm; модель:v8; страна производст","бренд:wasp; вид питания:от сети 220в; кроссфейдер:нет; напряжение питания, в:48; режим midi-контроллера:нет; страна-изготовитель:китай; тип:диджейский пульт; цвет товара:черный"
confident_contradiction,0,fold_03,Мебель,266288070850,841813649856,0,0.96,0.997,стеллаж мэрдэс су (ш3в2)+6фг венге/карамель,"мэрдэс стеллаж су(ш3в2)+6фг кв карамель/венге, 145х34х216 см",высота:216 см; глубина:34 см; материал корпуса:лдсп; тип:стеллаж; ширина:145 см,"артикул:су(ш3в2)+6фг кв карамель/венге; бренд:мэрдэс; вес товара, г:163000; вид выпуска товара:фабричное производство; высота, см:216; гарантийный срок:12 месяцев; глубина, см:34; количество полок:18; материал корпуса:лдсп; название цвета:карамель/венге; назначение (помещение):для дома; особенности:"
confident_contradiction,0,fold_04,Детские товары,163208775776,635655302311,0,0.993,0.986,полесье / набор для песка №182 - 7 предметов,набор для песка полесье №182 - 7 предметов,валюта:rub; вес товара с упаковкой (г):185 г; высота упаковки:18 см; длина упаковки:21 см; комплектация:набор для песка - 7 предметов; страна производства:беларусь; ширина упаковки:16 см,бренд:полесье; пол ребенка:унисекс; тип:игрушка для песочницы
confident_contradiction,0,fold_03,Продукты питания,171798771536,111669197956,0,0.995,0.951,жокей карамель кофейный напиток 3в1 10 стиков (комплект 8 шт.) 6013010,жокей карамель кофейный напиток 3в1 10 стиков (комплект 8 шт.) 6013010,"бренд:жокей; вес товара, г:960; единиц в одном товаре:8; максимальная температура:24; минимальная температура:5; название вкуса:карамель; содержит:сахар; состав:сахар, заменитель сухих сливок (сироп глюкозы, частично гидрогенизированное растительное масло, молочные белки, стабилизаторы е340, е331, э",бренд:жокей
confident_contradiction,0,fold_02,Канцелярские товары,833223745976,498216303828,0,0.922,0.902,"сумка для обуви, отдел на молнии, наружный карман, цвет розовый/голубой","textura сумка для обуви, отдел на молнии, наружный карман, цвет розовый/голубой","бренд:textura; внешние размеры, мм:330х100х200; пол ребенка:унисекс; страна-изготовитель:россия; тип:сумка для сменной обуви; цвет товара:розовый","застежка:молния; материал:полиэстер, текстиль; особенности:внешний карман; размеры (вхшхг):33x10 x 20 см; цвет товара:розовый"
confident_contradiction,0,fold_01,Товары для животных,618475372876,335007592655,0,0.924,0.953,"корм для собак сухой award / авард для взрослых животных всех пород, гранулы, с ягненком и индейкой с добавлением яблока и черники 2кг / зоотовары",award / сухой корм для собак всех пород с ягненком и индейкой 2 кг,"артикул:7173501; бренд:award; вес товара, г:2000; ветеринарная диета:восстановление микрофлоры кишечника; вкус корма для животных:ягнёнок; возраст животного:для взрослых; единиц в одном товаре:1; класс корма:супер-премиум; комплектация:корм для собак сухой award для взрослых животных всех пород с яг",валюта:rub; вес товара без упаковки (г):2000 г; вес товара с упаковкой (г):2010 г; вид вкуса корма:ягненок; индейка; вид животного:для собак; возраст животного:для взрослых; взрослые собаки; высота упаковки:12 см; длина упаковки:21 см; класс корма:супер-премиум; количество предметов в упаковке:сухой
confident_contradiction,0,fold_01,Хобби и творчество,781684114838,609885486660,0,0.942,0.908,набор стилиста играем вместе царевны 319772,"играем вместе / набор стилиста ""царевны""",бренд:нет бренда; вид выпуска товара:фабричное производство; тип:дополнение для настольных игр; цвет товара:серый,валюта:rub; высота упаковки:5 см; длина упаковки:31 см; комплектация:набор игровой - 8 предметов; материал игрушки:пластик; страна производства:китай; ширина упаковки:30 см
confident_contradiction,0,fold_04,Товары для животных,188978717481,274878013497,1,0.242,0.199,almo nature / корм для собак крупных пород с говядиной 12кг,корм для взрослых собак крупных пород с лососем 12кг,валюта:rub; вес товара без упаковки (г):12000 г; вес товара с упаковкой (г):12024 г; вид вкуса корма:говядина; вид животного:для собак; возраст животного:для всех возрастов; высота упаковки:40 см; длина упаковки:12 см; класс корма:холистик; количество предметов в упаковке:1 шт.; комплектация:корм дл,"артикул:ppt-10154; бренд:almo nature; вес товара, г:12000; возраст животного:для взрослых; единиц в одном товаре:1; комплектация:корм сухой для собак - 1 упаковка; предназначено для:для собак; состав:""свежий лососьх 26%, маисхх, рис, мука из коричневого риса, дегидрированный тунец 10%, дегидрированн"
confident_contradiction,0,fold_03,Дом и сад,369367355686,51539707832,0,0.952,0.917,"страна карнавалия / шар латексный 12"" «самому крутому» 5 шт.","шар латексный 12"" страна карнавалия ""самому крутому"" 5 шт.",валюта:rub; высота предмета:1 см; количество предметов в упаковке:5 шт.; материал изделия:резина; страна производства:россия; тип воздушного шара:латексный; форма воздушного шара:круг,"артикул:6480828; бренд:страна карнавалия; вид воздушного шарика:с надписями; вид выпуска товара:фабричное производство; вид принта:надписи; длина, см:30; для кого:брат; количество в упаковке, шт:5; комплектация:шар в надутом виде 30 см, набор 5 шт.; материал воздушного шара:латекс; праздник:универса"
confident_contradiction,0,fold_04,Красота и гигиена,163208760918,463856532898,0,0.908,0.989,"moist diane perfect beauty шампунь с кератином и аргановым маслом, увлажнение, 450 мл",moist diane / шампунь кератиновый perfect beauty объем 450 мл,"бренд:moist diane; единиц в одном товаре:1; объем, мл:450; пол:женский; состав:вода, натрия олефин сульфонат с 14-16, кокамидопропилбетаин, кокамид метил меа, кокоил глутамат теа, калия кокоил гидролизованный кератин, peg-40 гидрогенизированное касторовое масло pca изостеарат, оксид миристамина, кок",валюта:rub; действие:очищение; комплектация:шампунь кератиновый perfect beauty объем 450 мл - 1 шт.; объем товара:450 мл; срок годности:36 месяцев; страна производства:япония; тип волос:для тонких волос; для всех типов волос
confident_contradiction,0,fold_04,Электроника,489626353419,798863970226,0,0.926,0.914,"songle srd-05vdc-sl-c, реле 10а, 5v",реле srd-05vdc-sl-c,количество в упаковке:1 шт.; тип:реле,"бренд:нет бренда; количество в упаковке, шт:1; тип:радиоконструкторы и модули"
confident_contradiction,0,fold_01,Бытовая химия,541165944361,824633762257,0,0.971,0.997,airwick / освежитель воздуха airwick травяной чай и зимний лес 290 мл,"airwick освежитель воздуха, сибирская сказка травяной чай и зимний лес, 290 мл",валюта:rub; вид освежителя:аэрозоль; комплектация:освежитель воздуха air wick сибирская сказка травяной чай и зимний лес 290 мл.; объем товара:290 мл; срок годности:2 года; страна производства:россия,"аромат:свежий; ароматизация:ручная; бренд:airwick; вес товара, г:290; вид ароматизатора:аэрозоль; единиц в одном товаре:1; комплектация:освежитель воздуха - 1 штука; название аромата:травяной чай и зимний лес; объем, мл:290; размер упаковки (длина х ширина х высота), см:26х8х8; размещение ароматизат"
confident_contradiction,0,fold_02,Хобби и творчество,103079369386,532575988051,0,0.912,0.974,"трафарет пластик ""большая снежинка"" 9х9 см",трафарет пластик 'большая снежинка' 9х9 см,"бренд:нет бренда; количество в упаковке, шт:1; тип:трафарет для рисования",валюта:rub; комплектация:уточни у продавца; материал изделия:пластик; страна производства:россия
confident_contradiction,0,fold_03,Спорт и отдых,180388706817,523986140825,1,0.3,0.219,"напиток sportinia, л-карнитин, 500 мл., вкус малины, 12 шт.",sportinia / sn напиток л-карнитин 12 шт по 500 мл гранат,"белок: грамм в 1 порции:0.1; бренд:нет бренда; вес, г:6000; вкусовой акцент (вкус):малина; единиц в одном товаре:12; жиры: грамм в 1 порции:0; количество порций:12; не содержит:без сахара; объем, мл:500; пол:мужской; преимущества:подходит для женщин и мужчин, в составе большое количество витаминов; ",валюта:rub; вес товара с упаковкой (г):6050 г; вкус:гранат; добавки:вкусовые; комплектация:1 упаковка; 12 бутылок; связка; назначение спортивного питания:иммуностимулирующий; ускоряет процессы сжигания и переработки жира в полезную энергию; объем товара:6000 мл; противопоказания:индивидуальная непер
confident_contradiction,0,fold_03,Электроника,34359879329,335007466037,0,0.941,0.993,сетевой фильтр buro bu-sp1.8_usb_2a-b 1.8м (6 розеток) черный 1 шт.,buro / сетевой фильтр bu-sp1.8 usb 2a-b 6 розеток черный,"бренд:buro; количество розеток, шт:6; тип:сетевой фильтр; цвет товара:черный",валюта:rub
confident_contradiction,0,fold_03,Красота и гигиена,137439012956,111669264363,0,0.944,0.987,mukunghwa / зубная паста classic white отбеливающая двойного действия с микрогранулами с ароматом мяты 110 г,"mukunghwa зубная паста отбеливающая мята и ментол двойного действия с микрогранулами classic white, 110 г","аромат:мята; бренд:mukunghwa; вес, г:110; действие:отбеливание; единиц в одном товаре:1; название аромата:нежная мята; объем, мл:110; особенности состава:антибактериальная; состав:вода, диоксид кремния, сорбитол, глицерин, пэг-32, лаурил сульфат натрия, сахаринат натрия, ксилитол, пирофосфат динатри",бренд:mukunghwa; вес:110 г; вкус:мятный; назначение:комплексный уход; объем:110 мл; состав:полный состав указан на упаковке товара.; срок годности:3 г.; тип:зубная паста
confident_contradiction,0,fold_03,Товары для животных,85899428722,532575956989,1,0.228,0.168,monge / сухой корм для собак всех пород с мясом дикого кабана 12кг,monge bwild dog low grain низкозерновой корм из мяса дикого кабана для взрослых собак всех пород 2.5 кг,валюта:rub; вес товара без упаковки (г):12000 г; вес товара с упаковкой (г):12100 г; вид вкуса корма:мясо-злаки; птица-овощи; фрукты; вид животного:для собак; возраст животного:взрослые; пожилые; высота упаковки:14 см; длина упаковки:69 см; класс корма:супер-премиум; комплектация:1 мешок корма 12 кг,"артикул:8009470011990; бренд:monge; вес товара, г:2500; вкус корма для животных:кабан; возраст животного:для взрослых; единиц в одном товаре:1; класс корма:супер-премиум; основной ингредиент:мясо; предназначено для:для собак; состав:состав: дегидрированное мясо дикого кабана (38%), животный жир 17% "
confident_contradiction,0,fold_02,Автотовары,489626293983,841813653476,0,0.986,0.984,bosch / фильтр воздушный suzuki grand vitara jb (1.6/2.0),bosch фильтр воздушный арт. f026400125,артикул производителя:aa2-864040|||f026400125; валюта:rub; высота упаковки:6 см; длина упаковки:21 см; комплектация:1; оем номер:13780-65j00; страна производства:германия; ширина упаковки:25 см,oem-номер:1378065j00000; 1378065j00; 1000031; 1616248780; артикул:bosch_f026400125; бренд:bosch; вид техники:легковые автомобили; партномер (артикул производителя):f026400125; тип:фильтр воздушный
confident_contradiction,0,fold_03,Спорт и отдых,51539736625,352187345475,0,0.933,0.935,"набор для пикника следопыт holiday пластик, на 6 персон, контейнер pf-cws-ps02","набор для пикника следопыт «holiday» пластик, на 6 персон, контейнер",бренд:следопыт; количество персон:6; тип:набор походной посуды,"вес:2200 г; материал:пластик; набор:есть; объем:16 л; срок службы:12 мес.; тип:контейнер, набор; цвет товара:разноцветный"
confident_contradiction,0,fold_01,Бытовая техника,42949754636,188978679653,0,0.916,0.938,кофемашина автоматическая melitta caffeo varianza csp f570-102,кофемашина melitta caffeo f 570-102 varianza csp 1450вт черный,"автоматическая декальцинация:да; автоматическая очистка капучинатора:да; артикул производителя:f57/0-102; артикул сопутствующего товара:100032296880; бренд:melitta; вес, в килограммах:8.6; высота, в сантиметрах:40.5; гарантия:зависит от условий продавца; глубина, в сантиметрах:38; давление помпы:15 ","бренд:melitta; вес товара, г:8700; виды напитков:американо; встроенная кофемолка:да; высота, см:41; глубина, см:38; емкость для воды, л:1.2; емкость резервуара для зерен, г:125; конструкция кофеварок/кофемашин:дисплей; материал жерновов:металл; материал корпуса:пластик; мощность, вт:1450; партномер:"
confident_contradiction,0,fold_01,Канцелярские товары,60129579350,395137010891,0,0.999,0.988,"папка для тетрадей officespace ""artspace"", sweet dreams, 1 отделение, а5, 240х190х40 мм, пластик, на молнии (птл-715_48917)","папка для тетрадей officespace ""artspace"", sweet dreams, 1 отделение, а5, 240х190х40 мм, пластик, на молнии (птл-715_48917)",вид папки:отсутствует; застежка:молния; крепление:отсутствует; материал:пластик; тип:папка; формат:а5; хранение:тетрадей,бренд:officespace; комплектация:папка для тетрадей - 1 шт; страна-изготовитель:россия; тип:папка
confident_contradiction,0,fold_01,Спорт и отдых,584115644537,816043793898,1,0.28,0.057,не определен профессиональные незапотевающие удобные очки для плавания при близорукости (с диоптриями -6.0),профессиональные незапотевающие удобные очки для плавания при близорукости (с диоптриями -7.5),"вес:100 г; дополнительная информация:очки с диоптриями -6.0; материал:комбинированный; назначение:унисекс; особенности очков:зеркальное покрытие, с диоптриями, тонированные; размер:one size; тип:очки для плавания; цвет:черный; цвет товара:черная",бренд:нет бренда; комплектация:профессиональные незапотевающие удобные очки для плавания при близорукости (с диоптриями -7.5); материал линз:abs пластик; материал оправы:пластик; оптическая сила (диоптрии):-7.50; страна-изготовитель:россия; тип:очки для плавания; тип линз:зеркальные; тип переносицы:
confident_contradiction,0,fold_01,Красота и гигиена,575525736772,128849073635,0,0.933,0.935,"l'oreal paris крем ночной возраст эксперт 65+, 50 мл/",крем для лица loreal paris возраст эксперт 65+ ночной 50мл,"бренд:l'oreal paris; бьюти-ингредиент:масло; возрастной диапазон:от 60 лет; единиц в одном товаре:1; область использования:лицо; объем, мл:50; особенности состава:не тестируется на животных; пол:женский; применение:ночной уход; состав:витамин e, пантенол, фруктовые кислоты, комплекс витаминов, витам","возрастная группа:65+; зона применения:лицо; объем:0.05 л; производитель:лореаль; состав:aqua/water, hydrogenated polyisobutene, dimethicone, glycerin, aluminum, starch octenylsuccinate, cetyl alcohol, peg-40 stearate, glyceryl stearate, butyrospermum parkii, butter/shea butter, paraffinum liquidum/"
confident_contradiction,0,fold_01,Хобби и творчество,549755854471,171798837339,0,0.932,0.979,"не определен набор булавок, 2,3 см, 20 шт, цвет разноцветный","набор булавок, 2,3 см, 20 шт, цвет разноцветный",бренд:made in china; вес:-- г; длина иглы:23 мм; материал:пластик; назначение:вязание; тип:булавка для вязания; цвет товара:разноцветный,"бренд:арт узор; материал:пластик; назначение материала, аксессуара для рукоделия:вязание; страна-изготовитель:китай; тип:булавка для вязания; цвет товара:разноцветный"
confident_contradiction,0,fold_02,Музыкальные инструменты,128849080773,429496865428,1,0.161,0.22,"sclsnt silena классическая гитара, newtone",классическая гитара cort ac200-nat,"бренд:newtone; вес товара, г:2550; количество ладов, шт.:18; количество струн:6; комплектация:гитара; материал грифа:клен; материал корпуса/верхней деки:ель; материал накладки грифа:венге; материал нижней деки:клен; материал обечайки:клен; мензура, мм:650; партномер:sclsnt; размер инструмента:4/4; т",в комплекте:гитара в картонной коробке; количество ладов:19; количество струн:6; колки:открытые; материал верхней деки:ель; материал грифа:красное дерево; материал корпуса:ель; материал накладки на гриф:палисандр; материал нижней деки и обечайки:красное дерево; мензура:650 мм; наличие звукоснимателя
confident_contradiction,0,fold_03,Хобби и творчество,764504200584,274877986784,0,0.976,0.925,эврики / набор для опытов живой брелок,"эврики, набор для опытов ""живой брелок""",валюта:rub; высота упаковки:5 см; длина упаковки:5 см; страна производства:китай; ширина упаковки:12 см,бренд:эврики; вид исследований:выращивание растений; возраст ребенка:от 4 лет; возрастные ограничения:от 4 лет; количество экспериментов в наборе:1; комплектация:набор для опытов - 1 набор; материалы набора:пластик; минимальный возраст ребенка:от 4 лет; наука:ботаника; развитие навыков:воображение; 
confident_contradiction,0,fold_04,Продукты питания,807453909769,231928259316,0,0.918,0.945,"baker house шварцвальд торт бисквитный, 350 г",baker house / торт бекер хаус шварцвальд 350 гр.,"бренд:baker house; вес товара, г:350; вид торта:бисквитный; единиц в одном товаре:1; не содержит:без гмо; особенности напитков, продуктов питания:диетический продукт; содержит:натуральные ароматизаторы; срок годности в днях:180; страна-изготовитель:россия; тип:торт; упаковка:картонная коробка; услов",валюта:rub; высота упаковки:15 см; длина упаковки:15 см; страна производства:россия; ширина упаковки:20 см
confident_contradiction,0,fold_03,Музыкальные инструменты,575525648084,532575984428,0,0.99,0.923,"000068uset new pst 5 universal set комплект тарелок 14""/16""/20"", paiste","комплект тарелок 14""/16""/20"" paiste 000068uset new pst 5 universal set комплект тарелок 14""/16""/20""",бренд:paiste; страна-изготовитель:китай; тип:ударная тарелка,"вид тарелки:crash, hi-hat, ride; диаметр:14"", 16"", 20"", 6""; количество в комплекте:3 шт.; маркировка веса:medium; материал:сплав b8; тип:комплект тарелок"
confident_contradiction,0,fold_04,Продукты питания,841813639060,137439013231,1,0.269,0.166,"амадо / кофе в зернах ирландский крем зерновой, 500 г","кофе ароматизированный молотый amado ирландский крем, 200 г","валюта:rub; вес товара без упаковки (г):500 г; вес товара с упаковкой (г):519 г; вид зерен:арабика; кофе зерновой свежеобжаренный со вкусом; кофе в зернах ароматизированный; интенсивность вкуса кофе:насыщенный и ароматный; сливочный, шоколадный; количество предметов в упаковке:1 шт.; комплектация:ко","без кофеина:нет; бренд:amado; вес товара, г:200; единиц в одном товаре:1; интенсивность вкуса:мягкий; максимальная температура:20; минимальная температура:5; содержание арабики, %:100; содержит:кофеин; состав:кофе арабика натуральный жареный молотый средней обжарки, ароматизатор, идентичный натураль"
confident_contradiction,0,fold_01,Хобби и творчество,120259226672,369367314930,0,0.937,0.912,"disney пластилин мягкий «детский», 10 цветов, 150 г, тачки",пластилин 10цв 150г тачки,тип:пластилин,"артикул:sh9514570; бренд:china; вес товара, г:150; пол ребенка:унисекс; страна-изготовитель:китай; тип:пластилин; число цветов, шт:10"
confident_contradiction,0,fold_01,Бытовая химия,661425051221,781684181775,0,0.919,0.953,master fresh освежитель воздуха севильский мандарин 300мл,master fresh / освежитель воздуха спрей master fresh севильский мандарин,"аромат:апельсин; ароматизация:ручная; бренд:master fresh; вес товара, г:300; вид ароматизатора:аэрозоль; единиц в одном товаре:1; комплектация:master fresh освежитель воздуха севильский мандарин 300мл 1шт; название аромата:севильский мандарин; объем, мл:300; размер упаковки (длина х ширина х высота)","аромат освежителя:севильский мандарин; валюта:rub; вид освежителя:ароматизатор; аэрозоль; аромат для дома; высота предмета:23 см; комплектация:освежитель воздуха аэрозольный master fresh, севильский мандарин, 300 мл; объем товара:300 мл; срок годности:24 - месяца; страна производства:россия; цвет:ор"
confident_contradiction,0,fold_02,Спорт и отдых,575525683612,738734485346,0,0.965,0.98,песочный фильтр-насос bestway 58515 мощность 3028л/час,"фильтр-насос для бассейнов песочный 220-240v, 3028 л/ч, 58515","вес упаковки, кг:9.0; высота упаковки, см:53.0; длина упаковки, см:36.0; конструкция:для воды; размещение:для улицы; страна производства:китай; ширина упаковки, см:36.0",бренд:нет бренда; тип:аксессуары для бассейна
confident_contradiction,0,fold_04,Музыкальные инструменты,317827633277,292057881916,1,0.188,0.136,скрипка antonio vl-28m 1/4,скрипка antonio lavazza vl-28m 1/8,инструмент:скрипка; материал грифа:клен; материал накладки грифа:черное дерево; материал нижней деки:клен; материал обечайки / боковых контуров:клен; особенности:облегченный кейс; размер:1/4; тип:музыкальный инструмент,"бренд:antonio lavazza; вид струнного инструмента:скрипка; комплектация:скрипка, смычок, кейс и канифоль; материал грифа:клен; материал корпуса/верхней деки:ель; материал накладки грифа:черное дерево; материал нижней деки:клен; материал обечайки:клен; название цвета:натуральный; размер инструмента:1/"
confident_contradiction,0,fold_02,Бытовая техника,163208788261,25769888811,0,0.971,0.906,ультразвуковой увлажнитель leberg lh-19,увлажнитель воздуха leberg lh-19 белый,"автоотключение:да; бренд:leberg; вес товара, г:1100; вид увлажнителя:ультразвуковой; гарантийный срок:1; макс. площадь помещения, кв.м:25; макс. уровень шума, дб:35; мощность, вт:28; объем, мл:5000; основной материал корпуса:пластик; особенности климатической техники:гигростат; производительность, л",hepa-фильтр:нет; анализатор качества воздуха:нет; антиаллергенный фильтр:нет; антибактериальный фильтр:нет; ароматизация:есть; верхний долив воды:есть; водяной фильтр:нет; воздушный фильтр:нет; гарантия:1 год; гигрометр:нет; гигростат:есть; датчик температуры:нет; максимальная потребляемая мощность 
confident_contradiction,0,fold_02,Бытовая химия,300647845273,25769887674,0,0.906,0.986,золушка синька 50 порошок,золушка синька порошок 50г,"артикул:сб031; бренд:золушка; вес товара, г:50; единиц в одном товаре:1; комплектация:золушка синька 50 порошок; объем, мл:50; особенности применения:отбеливание; с дозатором:нет; состав:ультрамариновый пигмент более 30%, наполнитель серее 5%, индигокармин менее 5%; страна-изготовитель:россия; тип:п",бренд:золушка; вес:50 г; назначение:для белых и светлых тканей; тип:синька; форма выпуска:порошок
confident_contradiction,0,fold_03,Хобби и творчество,292057832881,824633726290,1,0.2,0.241,"лас играс 3d ручка, набор pcl пластика светящегося в темноте, мод. pn015, цвет голубой","3d ручка, набор pcl пластика светящегося в темноте, мод. pn013, цвет розовый / 9755265",материал для печати:pcl; тип печати:горячая печать,бренд:нет бренда; наличие дисплея:без дисплея; основной материал корпуса:металл; пол ребенка:унисекс; страна-изготовитель:китай; тип:3d-ручка; тип пластика для 3d печати:pcl; цвет пластика в комплекте:розовый; цвет товара:розовый
confident_contradiction,0,fold_04,Электроника,42949769172,506806250754,1,0.292,0.089,"aoc 24"" монитор 24g2ze, черный","27"" монитор aoc черный 165hz 1920x1080 ips","бренд:aoc; время отклика, мс:1; гарантийный срок:12 месяцев; диагональ экрана, дюймы:24; комплектация:кабель hdmi; макс. частота обновления, гц:240; разрешение:1920×1080 full hd; соотношение сторон:16:9; стандарт крепления vesa:100x100 мм; страна-изготовитель:китай; тип:монитор; цвет товара:черный","артикул производителя:27g2spu; блок питания:внешний; бренд:aoc; время отклика, в мс:1; встроенные динамики:да; выход на наушники:да; габариты без подставки (вxшxг), в см:39,8x61,2x18; габариты с подставкой (вxшxг), в см:52,8x61,2x22,7; диагональ, в дюймах:27; изогнутый экран:нет; код товара:10005668"
confident_contradiction,0,fold_04,Автотовары,712964709042,249108193931,0,0.908,0.988,cordiant шина cordiant snow cross pw-2 235/65 r17 зима шип шины зимние 235/65  r17 108t шипованные,cordiant snow cross 2 235/65 r17 108t зимняя,"oem-номер:650856163; runflat:нет; бренд:cordiant; вид техники:легковые автомобили; вид шин:шипованные; высота профиля, %:65; диаметр, дюймы:17; индекс нагрузки:108; индекс скорости:t; количество, штук:1; комплектация:1; партномер (артикул производителя):650856163; сезонность:зима; серия:шина cordian",высота профиля:65; гарантийный срок:1 г.; диаметр:r17; индекс максимальной скорости:t (до 190 км/ч); индекс нагрузки:108; максимальная нагрузка (на одну шину):1000 кг; назначение:для легкового автомобиля; сезонность:зимние; срок службы:5 лет; шипы:есть; ширина профиля:235
confident_contradiction,0,fold_01,Бытовая техника,352187458846,687194840862,0,0.951,0.932,вытяжка каминная купольная krona bella push button 500 белый,krona / krona bella 500 white push button вытяжка кухонная,"бренд:krona; вид встраивания вытяжки:телескопическая; вид фильтра вытяжки:жировой; высота, см:67; глубина, см:45; количество двигателей:1; количество жировых фильтров, шт.:1; макс. уровень шума, дб:56; материал корпуса:металл; мощность подсветки, вт:28; мощность, вт:110; партномер:bella 500 white; п",валюта:rub; вес без упаковки (кг):5.9 кг; вес с упаковкой (кг):6 кг; высота предмета:67 см; высота упаковки:75 см; гарантийный срок:5 лет; глубина предмета:45 см; длина упаковки:50 см; доп. опции вытяжки:низкий уровень шума; инновационная шлифовка antimark; количество двигателей:1 шт.; количество ре
confident_contradiction,0,fold_03,Продукты питания,395137049480,558345809376,1,0.284,0.173,"кофе молотый gutenberg черри бренди ароматизированный, 250 г",gutenberg / кофе баунти в зернах ароматизированный 250 г.,"без кофеина:нет; бренд:gutenberg; вес товара, г:250; единиц в одном товаре:1; интенсивность вкуса:средний; максимальная температура:25; минимальная температура:0; содержание арабики, %:100; содержит:кофеин; состав:100% арабика; состав кофе:арабика; способ приготовления кофе:аэропресс; срок годности ",валюта:rub; вес товара без упаковки (г):250 г; высота упаковки:23 см; длина упаковки:7 см; интенсивность вкуса кофе:ореховый; комплектация:кофе в зернах 250г - 1 упаковка; срок годности:18 месяцев; степень обжарки кофе:средняя; страна производства:россия; форма выпуска напитка:зерновой кофе 250г; ши
confident_contradiction,0,fold_02,Продукты питания,25769857554,197568637232,0,0.915,0.926,"шоколад аленка молочный, 90г","красный октябрь / шоколад аленка молочный, 90г","бренд:нет бренда; вес товара, г:90; единиц в одном товаре:1; максимальная температура:40; минимальная температура:1; состав:шоколад; срок годности в днях:365; тип:шоколадный батончик; условия хранения:обычные",валюта:rub; вид начинки:драже; вид шоколада:молочный; высота упаковки:15 см; длина упаковки:1 см; количество предметов в упаковке:1; комплектация:шоколад 1шт; максимальная температура хранения:+21 °c; минимальная температура хранения:+15 °c; особенности продукта:без гмо; пищевая ценность белки:7 г/1
confident_contradiction,0,fold_02,Дом и сад,652835158490,274878036808,0,0.999,0.969,"in mother's hands / матрёшка ""марина"", сине-белое платье, 3",матрешка ,"валюта:rub; комплектация:матрёшка ""марина"" сине-белое платье 3 кукольная. 9-11 см; материал изделия:дерево; страна производства:россия","артикул:аа-м3805845; бренд:нет бренда; вид выпуска товара:фабричное производство; комплектация:матрёшка ""марина"", сине-белое платье, 3 кукольная. 9-11 см; материал:дерево; страна-изготовитель:россия; тип:матрешка"
confident_contradiction,0,fold_02,Красота и гигиена,94489347585,506806180720,0,0.92,0.972,крем-гель детский моё солнышко абрикосовый остров для купания и душа 400 мл,моё солнышко / крем-гель детский для купания абрикосовый остров 400 мл.,"бренд:моё солнышко; область использования:тело; объем, мл:400; пол:девочки; состав:вода, лауретсульфат натрия, диэтаноламид жирных кислот кокосового масла, лаурилгликозид, хлорид натрия, кокамидопропилбетаин, стерен/акрилат сополимер, кокоглюкозид, глицерет-2 кокоат, отдушка, пропиленгликоль, экстра",аромат средства:абрикос; валюта:rub; вес товара без упаковки (г):400 г; высота упаковки:15 см; действие:очищение релакс питание увлажнение ароматерапия; длина упаковки:8 см; комплектация:крем-гель детский для купания абрикосовый остров 400 мл.; объем товара:400 мл; состав:косметическая основа 100%; 
confident_contradiction,0,fold_03,Электроника,8590022188,498216338679,0,0.954,0.974,камера видеонаблюдения ip ezviz cs-h3c,"ip-камера ezviz cs-h3c (1080p,2.8mm ) 2.8-2.8мм цв. корп: белый","автоматическая запись:круглосуточная; бренд:ezviz; вес товара, г:250; вид камеры:ip камера; гарантийный срок:12 мес.; ик-подсветка:да; качество видео:1920×1080 full hd; количество в упаковке, шт:1; комплектация:товар в фирменной упаковке; конструкция камеры:корпусная; материал корпуса камеры:пластик",стандарт видеокамеры:ip
confident_contradiction,0,fold_04,Канцелярские товары,171798808440,257698161252,0,0.958,0.965,"журнал учёта работы педагога дополнительного образования в объединении (секции, клубе, кружке) а4, 20 листов, обложка офсет 120 г/м2, блок писчая бумага 60 г/м2","учитель журнал учёта работы педагога дополнительного образования в объединении (секции, клубе, кружке) а4, 20 листов, обложка офсет 120 г/м², блок писчая бумага 60 г/м²",бренд:учитель; страна-изготовитель:россия; тип:бланк бухгалтерский,область применения:образование; тип:журнал; формат:а4
confident_contradiction,0,fold_02,Строительство и ремонт,292057809934,506806263013,0,0.951,0.913,автомобильная мойка huter w105-gs (минимойка),huter / мойка высокого давления huter w105-gs,"бренд:huter; вес товара, г:5000; вид компрессора:двухпоршневой; вид фрезы:струйная; гарантия:1 год; диаметр разъема соединения, дюйм:3/4; длина кабеля питания, м:5; длина шланга, м:5; емкость для моющего средства, л:0.25; комплектация:минимойка, распылительный пистолет, шланг высокого давления, пено",валюта:rub; вес без упаковки (кг):4 кг; вес с упаковкой (кг):6 кг; высота упаковки:27 см; гарантийный срок:1 год; давление максимальное (бар):105 бар; длина кабеля (м):5 м; длина упаковки:47 см; комплектация:мойка - 1 шт; внешний бак для чистящего средства; распылительный пистолет; материал корпуса 
confident_contradiction,0,fold_04,Строительство и ремонт,231928356028,128849159419,1,0.282,0.087,смеситель для душа kludi ameo 41028 0575 хром,смеситель для раковины roca atlas 75a3290c0m,вес в транспортной упаковке:2 кг; вид излива:традиционный; высота:135 мм; высота излива:75 мм; габариты транспортной упаковки:34х7х16 см; гарантийный срок:5 лет; глубина:159 мм; длина излива:125 мм; дополнительная информация:аэратор s-pointer eco с регулировкой угла потока воды; запорный клапан:кера,"артикул:1067724; бренд:roca; вес с упаковкой, г:2010; высота излива, мм:0; гарантия:5 лет; запорный клапан смесителя:керамический картридж; материал:латунь; назначение:для раковины; стиль:современный; страна-изготовитель:испания; тип:смеситель; управление:рычажное; установка:на раковину"
confident_contradiction,0,fold_03,Строительство и ремонт,523986043612,103079357361,0,0.984,0.961,смеситель agger brave а2321100 для ванны с душем,"agger / agger a2321100 смеситель универсальный для ванны, хром","артикул:115040; бренд:agger; вес с упаковкой, г:2000; высота, мм:151; гарантия:5 лет; длина, мм:340; материал:латунь; покрытие:глянцевое; страна-изготовитель:германия; тип:смеситель; цвет товара:хром; ширина, мм:210","валюта:rub; вид излива:поворотный излив; вращение излива:да; гарантийный срок:5лет; диаметр резьбы на входе:1/2""; комплектация:комплект крепежа; смеситель; лейка; инструмент для установки; шланг; держатель; материал изделия:латунь; назначение смесителя:для ванны; наличие душевого гарнитура в комплек"
confident_contradiction,0,fold_04,Хобби и творчество,498216362314,171798741648,0,0.934,0.978,"бусины для творчества пластик ""розовая сирень"" набор 20 гр d:1 см","арт узор бусины для творчества пластик ""розовая сирень"" набор 20 гр d=1 см",бренд:нет бренда; тип:декоративный элемент,"материал:пластик; тип:бусины; цвет товара:розовый, сиреневый"
confident_contradiction,0,fold_01,Аптека,214748456484,816043798454,0,0.908,0.951,"seni / прокладки урологические женские seni lady mini, 20 шт.",bella прокладки урологические seni lady mini 20шт,валюта:rub; количество предметов в упаковке:20; пол:женский; страна производства:польша,"бренд:seni; единиц в одном товаре:1; количество в упаковке, шт:20; пол:женский; пол ребенка:унисекс; срок годности в днях:365; тип:прокладки урологические"
confident_contradiction,0,fold_03,Аптека,68719509055,403727023407,1,0.052,0.212,"acuvue астигматические линзы 1-day moist for astigmatism 30 линз/8.5/цилиндр -1.25/ось 20, 30 шт., -1.25 / 8.5/-1.25/20, 1 день",acuvue / 1day moist for astigmatism 30/-5.50/-1.25/90,"бренд:acuvue; влагосодержание, %:58; диаметр, мм:14.5; дней до замены:1 день; кислородопропускание, dk/t:24; количество в упаковке:30; материал контактных линз:этафилкон а; оптическая сила:-1.25; особенности контактных линз:уф-фильтр; ось (axis):20; радиус кривизны:8.5; режим ношения:дневной; страна","валюта:rub; диаметр мкл:14.5 мм; количество предметов в упаковке:30 шт; 30; комплектация:линза контактная - 30 шт.; оптическая сила:-5.50; -5,50; оптическая сила цилиндра:-1.25; -1,25; ось линзы:90; радиус кривизны:8,5; 8.5; режим замены:1 день; режим ношения:дневной; состав:гидрогель; страна произв"
confident_contradiction,0,fold_01,Продукты питания,730144581286,609885400471,0,0.908,0.907,jacobs / кофе monarch original стики 26 шт по 1.8г,"кофе растворимый порционный jacobs monarch, сублимированный, 1,8 г, пакетик, 26 штук",валюта:rub; вес товара без упаковки (г):50 г; вес товара с упаковкой (г):60 г; высота упаковки:7 см; длина упаковки:15 см; количество капсул/пакетиков:26; количество предметов в упаковке:26 шт.; максимальная температура хранения:25 °c; минимальная температура хранения:5 °c; особенности продукта:порц,"бренд:jacobs; вес товара, г:44774; единиц в одном товаре:26; максимальная температура:25; минимальная температура:5; особенности напитков, продуктов питания:натуральный продукт; состав:кофе растворимый сублимированный; срок годности в днях:720; страна-изготовитель:россия; технология производства:суб"
confident_contradiction,0,fold_04,Бытовая химия,755914374454,558345871210,0,0.935,0.998,"средство для сантехники domestos универсальное свежесть атлантики 1,5 л","domestos / средство чистящее domestos свежесть атлантики 1шт*1,5л",артикул:00-00033532; бренд:domestos; страна-изготовитель:россия; тип:средство чистящее для ванной и туалета,аромат:свежесть атлантики; валюта:rub; вес товара с упаковкой (г):1600 г; высота упаковки:34 см; длина упаковки:10 см; комплектация:1 флакон; назначение средства:ванная; сантехника; унитаз; объем (л):1.5 л; страна производства:россия; ширина упаковки:8 см; эффект средства:антибактериальный
confident_contradiction,0,fold_04,Товары для животных,257698161717,652835046465,0,0.953,0.938,"пижон миска с нескользящим основанием с принтом, 445 мл, чёрная","миска с нескользящим основанием с принтом, 445 мл, чёрная","вид животного:грызуны, кошки, собаки; материал:металл; объем:0.445 л; особенности:прорезиненное дно / ножки; тип:миска; цвет товара:черный","бренд:пижон; вес товара, г:142; вид миски:одинарная; гарантийный срок:14; единиц в одном товаре:1; комплектация:1; материал:металл; название цвета:черный; объем, мл:445; предназначено для:для собак; размер упаковки (длина х ширина х высота), см:19,5 x 19,5 x 4; страна-изготовитель:индия; тип:миска д"
confident_contradiction,0,fold_01,Строительство и ремонт,17179891820,627065285016,0,0.91,0.977,"ручка-кнопка рк019, d 20 мм, пластик, цвет матовый хром","cappio / ручка-кнопка cappio, рк019, d-20 мм, пластик, цвет матовое з",бренд:нет бренда; тип:ручка мебельная,валюта:rub; комплектация:1 шт; страна производства:китай
confident_contradiction,0,fold_03,Товары для животных,575525684757,395137090188,0,0.985,0.904,"деревенские лакомства для собак «нежное пюре из мяса утки"", 4х10 гр","деревенские лакомства нежное пюре для собак из мяса утки, 10г х 4шт","бренд:деревенские лакомства; вкус:мясо, утка; возраст:1 - 6 лет; количество в упаковке:4 шт.; количество упаковок:1 шт.; назначение:для поощрения; общий вес:400 г; состав:см. на упаковке; срок годности:273 дн.; тип:пюре","бренд:деревенские лакомства; вес товара, г:40; возраст животного:для взрослых; единиц в одном товаре:4; комплектация:упаковка с лакомством; предназначено для:для собак; состав:состав: утка, бульон из утки, растительное масло, соль, гидролизат, гуаровая камедь, нитрат натрия, вода, крахмал. гарантиру"
confident_contradiction,0,fold_01,Спорт и отдых,309237813591,438086765714,0,0.937,0.967,"виброхвост helios chebak 3,15""/8 см pearl 7шт. (hs-3-013), # 000124696",виброхвост helios chebak 8 см pearl hs-3-013 (набор 7 шт),вес:8 г; вид:виброхвост; длина:80 мм; количество в наборе:7 шт.; материал:силикон; тип:силиконовая приманка; цвет товара:серебристый,"бренд:helios; страна-изготовитель:россия; тип:аксессуары, оснастка для рыбалки"
confident_contradiction,0,fold_01,Дом и сад,506806258916,549755929045,0,0.91,0.942,"без бренда сувенир «слон тоша», 9х11см, гжель , цвет","сувенир слон тоша, 9х11 см, гжель",высота:9 см; животное:слон; роспись:гжель; тип:статуэтка,артикул:5018622; бренд:нет бренда; вид выпуска товара:фабричное производство; комплектация:изделие в упаковке; материал:фарфор; название цвета:синий; страна-изготовитель:россия; тип:фигурка декоративная; цвет товара:синий
confident_contradiction,0,fold_04,Спорт и отдых,257698163078,627065358787,0,0.969,0.985,kyoda / раттлин bar vib 90мм 27гр цвет p1752,воблер kyoda bar vib 90мм 27гр цвет p1752,"валюта:rub; длина приманки (мм):90 мм; количество предметов в упаковке (шт.):1 шт.; комплектация:раттлин, крючки; материал изделия:пластик; страна производства:китай; цвет:серый, голубой, салатовый","бренд:kyoda; вес, г:27; вид воблера:раттлин (rattlin); вид ловли воблером:айс джигинг; длина, см:9; комплектация:раттлин, крючки; название цвета:p1752; плавучесть:быстро тонущий (fast sinking); страна-изготовитель:китай; тип:воблер"
confident_contradiction,0,fold_04,Канцелярские товары,747324447674,335007551017,0,0.985,0.937,"artfox сумка для обуви «люблю скорость», непромокаемое полотно 41х30х0,5 см","сумка для обуви ""люблю скорость"",непромокаемое полотно 41х30х0,5 см","дополнительная информация:чёрный; застежка:затягивающийся шнурок; линейка:уход за обувью; материал:полиэстер, текстиль, нетканое полотно; особенности:ношение на спине; размеры (вхш):41x30 см; срок службы:12 мес., использовать при температуре не ниже -10 градусов; цвет товара:чёрный",бренд:artfox; возраст учащегося:без ограничения; название цвета:черный; пол ребенка:унисекс; страна-изготовитель:китай; тип:сумка для сменной обуви; цвет товара:черный
confident_contradiction,0,fold_01,Дом и сад,197568533834,154618947275,0,0.944,0.987,"тарелка круглая тропики, 20 см","дорого внимание тарелка «тропики», 20 см","артикул:9586668; бренд:дорого внимание; вид выпуска товара:фабричное производство; диаметр, см:20; количество предметов:1; материал:стекло; размеры, мм:200; страна-изготовитель:китай; тип:тарелка; форма тарелки:круг; цвет товара:черный",диаметр:20 см; дизайн:цветы и растения; использование в свч:да; материал:стекло; мытьё в посудомоечной машине:да; особенности:с рисунком; праздник:8 марта; тип:тарелка; форма:круглая; цвет товара:чёрный
confident_contradiction,0,fold_03,Детские товары,360777309433,317827603414,0,0.976,0.989,"конструктор ""архитектура лондон"" 488 деталей",lion toys / конструктор архитектура лондон,"артикул:creator_488; бренд:игрушкин; длина модели, см:28; количество деталей конструктора:от 300 до 500 штук; количество элементов, шт:488; максимальный возраст ребенка:до 18 лет; минимальный возраст ребенка:от 6 лет; особенности конструктора:блочный; размер упаковки (длина х ширина х высота), см:35",валюта:rub; возрастные ограничения:6+; высота упаковки:28 см; длина упаковки:30 см; количество элементов:488; комплектация:конструктор; инструкция по сборке; материал изделия:пластик abs (безопасный); особенности конструктора:мини блоки; совместимость конструктора:с lego; совместим с лего; с другими
confident_contradiction,0,fold_04,Красота и гигиена,678604860835,27303,0,0.968,0.921,"шампунь для волос bioblas с маслом крапивы для придания объема тонким слабым волосам, 360мл","шампунь для волос bioblas с маслом крапивы для придания объема тонким слабым волосам, 360мл",бренд:нет бренда; тип:шампунь для волос,"бренд:bioblas; ингредиенты:aqua/water, sodium laureth sulfate, cocamidopropyl betaine, sodium chloride, benzyl alcohol, parfum/fragrance, carbomer, zincpyrithione, guar hydroxypropyltrimonium chloride, herbal complex b19 (urtica urens leaf extract, hedera helix leaf extract,rosmarinus officinalis le"
confident_contradiction,0,fold_01,Хобби и творчество,850403570970,566935818905,0,0.942,0.947,"nobrand бусины для творчества дерево ""разноцветные"" набор 30 гр 1х1 см","бусины для творчества дерево ""разноцветные"" набор 30 гр 1х1 см","артикул производителя:5478547; бренд:nobrand; вес, гр:30; диаметр, мм:10; код товара:100056855156; материал:дерево; особенности:перламутровый; отверстие, мм:2; страна-производитель:китай; форма:круглая; цвет:разноцветный; цвет производителя:разноцветные",бренд:нет бренда; материал:дерево; название цвета:микс; страна-изготовитель:китай; тип:бусина; цвет товара:разноцветный
confident_contradiction,0,fold_02,Товары для животных,824633814537,274878056740,0,0.99,0.99,"миска ""мур-мяу"" для кошек 0,3 л, 14,5 x 14,5 x 4 см, голубая","пижон миска ""мур-мяу"" для кошек 0,3 л, 14,5 x 14,5 x 4 см, голубая","бренд:нет бренда; вес товара, г:44; комплектация:изделие в упаковке; материал:пластик; название цвета:голубой; предназначено для:для кошек; размер упаковки (длина х ширина х высота), см:14 x 14 x 4,5; страна-изготовитель:россия; тип:миска для животных; упаковка:пакет",вид животного:кошки; материал:пластик; объем:300 мл; тип:миска; цвет товара:голубой
confident_contradiction,0,fold_02,Электроника,360777257808,807454005667,0,0.978,0.995,"тонер-картридж nicom 106r02762 совместимый, желтый для xerox phaser 6020, 6022, workcentre 6025, 6027","картридж 106r02762 для phaser 6020/6022/6025/6027, желтый",бренд:nicom; назначение:для лазерного принтера; оригинальность расходника:совместимый; страна-изготовитель:россия; тип:расходник для печати; тип расходного материала для печати:тонер-картридж; цвет тонера/чернил:желтый (yellow); цветность:цветной,валюта:rub; высота упаковки:18 см; длина упаковки:7 см; модель:106r02762; совместимость картриджа:для xerox; ширина упаковки:6 см
confident_contradiction,0,fold_01,Хобби и творчество,214748409405,137438995539,0,0.996,0.989,"фартук-накидка с рукавами для труда и занятий творчеством юнландия синий, 50х65 см","фартук-накидка с рукавами для труда и занятий творчеством юнландия, 50х65 см, синий, 229185","артикул производителя:229185; бренд:юнландия; длина, в сантиметрах:65; длинный рукав:да; застежка:да; код товара:100027111752; материал верха:полиэстер; назначение:для поделок; для рисования; пол ребенка:для мальчиков; тип:накидка; цвет:синий; ширина, в сантиметрах:50",бренд:юнландия; страна-изготовитель:россия; тип:фартук художника
confident_contradiction,0,fold_04,Детские товары,292057895231,841813638391,0,0.946,0.985,"no name / мягкая игрушка мишка, 25 см, цвет белый","мягкая игрушка ""мишка"", 25 см, цвет белый","валюта:rub; вид упаковки:без упаковки; высота предмета:25 см; высота упаковки:15 см; длина упаковки:25 см; комплектация:мягкая игрушка «мишка», 25 см, цвет белый; материал игрушки:полиэстер, синтепон; страна производства:китай; ширина упаковки:16 см","бренд:нет бренда; высота игрушки, см:25; материал:синтепон; минимальный возраст ребенка:2 месяца; пол ребенка:унисекс; страна-изготовитель:китай; тип:мягкая игрушка; цвет товара:белый"
confident_contradiction,0,fold_01,Хобби и творчество,403727018834,584115630591,0,0.96,0.91,"пластилин 10 цветов, koh-i-noor детский, 200 г","пластилин 10 цветов, koh-i-noor детский, 200 г, европодвес",вид:скульптурный; тип:пластилин,артикул:1161771; бренд:нет бренда; пол ребенка:унисекс; тип:пластилин
confident_contradiction,0,fold_01,Аптека,71743,154618962854,0,0.979,0.922,"vitamuno новогодний медовый бальзам алтайский ""анти-простудный"", 250 мл","новогодний медовый бальзам алтайский анти-простудный, 250 мл","назначение:для иммунной системы, при простуде и гриппе; форма выпуска:бальзам","бренд:vitamuno; вес товара, г:592; вкус:без вкуса; для детей:нет; единиц в одном товаре:1; количество в упаковке, шт:1; комплектация:новогодний медовый бальзам алтайский анти-простудный, 250 мл; минимальный возраст от:18 лет; область применения:иммунная система; объем, мл.:250 мл; показания:в качест"
confident_contradiction,0,fold_04,Бытовая техника,197568508462,575525678527,0,0.989,0.928,электробритва xiaomi showsee electric f1-r red,электробритва xiaomi showsee electric shaver f1-r red,"водонепроницаемый корпус:да; время работы от аккумулятора:90 мин; гарантийный срок:1 мес.; количество бреющих элементов:3; особенности:быстрая зарядка; питание:автономное; плавающие головки:да; подробная комплектация:электробритва, кабель usb, техническая документация; способ бритья:влажное, для вла",бренд:xiaomi; гарантийный срок:1 год; комплектация:бритва электрическая; партномер:f1-r; тип:электробритва; цвет товара:красный
confident_contradiction,0,fold_03,Строительство и ремонт,704374666429,51539664948,0,0.929,0.962,p.i.t. / электрофен phg2000-c,фен технический p.i.t. мастер phg2000-c,валюта:rub; вес без упаковки (кг):0.9 кг; гарантийный срок:1 год; количество насадок в комплекте:4; комплектация:пластиковый кейс - 1 шт; максимальная скорость потока воздуха:500 л/мин; максимальная температура воздушного потока:600 c; минимальная скорость потока воздуха:300 л/мин; минимальная темпе,"бренд:p.i.t.; вес товара, г:1400; гарантия:1 год; класс инструмента:полупрофессиональный; комплектация:
    электрофен
    набор насадок
    инструкция
    пластиковый кейс
   
; макс. мощность, вт:2000; партномер:phg2000-c; страна-изготовитель:китай; тип:строительный фен; тип питания:от сети; цвет "
confident_contradiction,0,fold_02,Дом и сад,292057819611,472446480835,0,0.906,0.935,микробиологическое удобрение для восстановления плодородности почвы байкал эм-1 500 мл. (улучшенная формула),baikal / удобрение байкал эм 1 500 мл,"артикул:4680001700152; бренд:эм центр; количество в упаковке, шт.:1; комплектация:защита почвы байкал 500 мл.-1 шт.; назначение удобрения:для овощных культур; область применения:от болезней; объем, мл:500; страна-изготовитель:россия; тип:удобрение; форма выпуска средства:жидкость","валюта:rub; вес товара без упаковки (г):500 г; комплектация:удобрение байкал эм1 500 мл.; объем (мл):500 мл; применение удобрения:почвы; улучшение плодородия; для выращивания плодово-ягодных, овощных, цветочных культур; состав:молочнокислые, фотосинтезирующие бактерии, бактерии фиксирующие азот,саха"
confident_contradiction,0,fold_01,Бытовая техника,300647857006,489626341305,0,0.926,0.962,электромясорубка moulinex hv8 me688832,moulinex / мясорубка moulinex me688832,"бренд:moulinex; вес товара, г:7000; вид насадки:кеббе; гарантийный срок:2 года; количество насадок:9; количество скоростей:1; конструктивные особенности измельчителей продуктов:отсек для насадок; макс. мощность (при блокировке мотора), вт:2300; материал корпуса:пластик; материал лотка:металл; мощнос","валюта:rub; вес с упаковкой (кг):3 кг; высота упаковки:48 см; гарантийный срок:2 года; длина упаковки:37 см; количество скоростей работы:1; комплектация:мясорубка 1 шт, упаковка 1 шт; материал корпуса:пластик; модель:me688832; мощность устройства:2200; ширина упаковки:25 см"
confident_contradiction,0,fold_02,Товары для животных,180388672680,154618931313,1,0.257,0.172,легкое лакомство tit bit для кошек сушеное легкое говяжье (8 гр),titbit / легкое баранье 10г,"бренд:titbit; вес товара, г:8; вкус корма для животных:говядина; единиц в одном товаре:1; предназначено для:для кошек; срок годности в днях:365; страна-изготовитель:россия; тип:лакомство","валюта:rub; вес товара без упаковки (г):10 г; вид грызуна:кошки; вид животного:для кошек; возраст животного:для всех возрастов; высота упаковки:16 см; длина упаковки:20 см; количество предметов в упаковке:1; комплектация:пакет, 1шт; назначение корма:для поощрения\дрессуры; основной вкус корма:барани"
confident_contradiction,0,fold_04,Бытовая химия,120259193398,773094122004,0,0.974,0.98,fairy / средство для мытья посуды зеленое яблоко 900 мл,"fairy средство для мытья посуды, зеленое яблоко, 900мл",аромат:яблоко; валюта:rub; вес с упаковкой (кг):0.93 кг; высота упаковки:8 см; длина упаковки:27 см; комплектация:средство для мытья посуды 900 мл 1 бутылка; объем товара:900 мл; тип средства:гель; ширина упаковки:14 см,"аромат:яблоко; артикул:ald4015400992066; бренд:fairy; вес товара, г:900; единиц в одном товаре:1; количество в упаковке, шт:1; комплектация:fairy средство для мытья посуды, зеленое яблоко, 900мл -1 шт; название аромата:яблоко; назначение моющего, чистящего средства:для посуды; объем, мл:900; особенн"
confident_contradiction,0,fold_01,Музыкальные инструменты,60129550302,51539699429,1,0.151,0.23,"ortega r121g-3/4 family series классическая гитара 3/4, глянцевая, с чехлом",классическая гитара cort ac100 op,количество ладов:18; материал верхней деки:ель; материал корпуса:ель; материал накладки на гриф:орех; мензура:590 мм; отделка:глянцевая; размер:3/4; тип:классическая гитара,"бренд:cort; вес товара, г:2100; вид бас-гитары:акустическая; звукосниматели:нет; количество ладов, шт.:19; количество струн:6; комплектация:акустическая гитара cort ac100 op 1 шт., 
фирменная упаковка; материал корпуса/верхней деки:ель; материал накладки грифа:палисандр; материал струн:нейлон; мензу"
confident_contradiction,0,fold_03,Товары для животных,309237816839,42949729175,0,0.925,0.924,gourmet gold / gourmet gold с говядиной 24 шт по 85 гр,"gourmet gold влажный консервированный корм для кошек ""нежная начинка с говядиной"", 85гр, 24шт",валюта:rub; вес одного предмета (г):85 г; вид вкуса корма:говядина; вид животного:для кошек; возраст животного:любого возраста; взрослые; высота упаковки:7 см; длина упаковки:20 см; класс корма:супер-премиум; количество предметов в упаковке:24 шт; консистенция корма:паштет; назначение корма:для взро,"бренд:гурмэ; вес товара, г:2040; вкус корма для животных:говядина; возраст животного:для взрослых; единиц в одном товаре:24; комплектация:корм консервированный  24шт; консистенция корма для животных:паштет; минеральные вещества:витамин а 2000ме; витамин d3 200ме; витамин е 12мг; таурин 770мг; медь ("
confident_contradiction,0,fold_04,Канцелярские товары,695784723040,83205,1,0.13,0.03,"bruno visconti ежедневник недатированный a5 (14.8 × 21 см), листов: 136","копибланк (2 шт.), журнал дезинфекции холодильников (100 лист, полист. нумерация, тв. переплёт)","бренд:bruno visconti; датированность:недатированный; количество листов, шт:136; комплектация:товар в фирменной упаковке; крепление в бумажной продукции:сшитый; материал обложки:искусственная кожа; название цвета:синий; особенности бумажной продукции:справочная информация; разметка:в линейку; страна-",длина:297 мм; количество в комплекте:2; комплект:есть; нумерация страниц:есть; область применения:здравоохранение; ориентация:горизонтальная; плотность бумаги:65 г/м²; рабочая поверхность листа:двухсторонняя; тип:журнал; тип бумаги:офсетная; тип обложки:твердая; формат:a4; цвет товара:синий; ширина:
confident_contradiction,0,fold_01,Строительство и ремонт,670014990020,223338308608,0,0.935,0.935,вихрь / торцовочная пила пт-255пл вихрь,торцовочная пила вихрь пт-255пл 72/18/3,валюта:rub,"бренд:вихрь; гарантия:1 год; глубина пропила в дереве, мм:80; глубина пропила под 45°, мм:42; глубина пропила под 90°, мм:80; глубина реза/выборки, мм:80; диаметр диска, см:25.5; диаметр опорного диска, мм:255; длина шнура питания, м:2; для работы по металлу:нет; класс инструмента:бытовой; количеств"
confident_contradiction,0,fold_02,Хобби и творчество,481036485705,386547067319,0,0.919,0.95,"тесьма с бусинками, 13 см, 5 0,5 м, цвет изумрудный/бежевый","без бренда тесьма с бусинками, 13 см, 5 ± 0,5 м, цвет изумрудный/бежевый",бренд:lisik.; страна-изготовитель:китай; тип:резинка для шитья,тип:тесьма
confident_contradiction,0,fold_01,Красота и гигиена,103079338247,146029017637,0,0.922,0.949,"uriage / урьяж первый очищающий пенящийся крем, 500 мл",uriage очищающий пенящийся крем cleansing cream (500 мл),валюта:rub; вес товара без упаковки (г):555 г; возрастные ограничения:0+; время нанесения:универсальный; действие:очищает; питает; увлажняет; объем товара:500 мл; состав:в описании товара; срок годности:36 месяцев; страна производства:франция; тип кожи:для всех типов кожи; для чувствительной кожи,"бренд:uriage; область использования:лицо; объем, мл:500; применение:для умывания; состав:aqua (water, eau) – coco-betaine – hydroxypropyl starch phoshate – lauric acid – helianthus annus (sunflower) seed oil – decyl glucoside – glycerin – parfum (fragrance) – sodium methyl cocoyl aurate – sodium coc"
confident_contradiction,0,fold_03,Хобби и творчество,214748407412,163208877769,0,0.911,0.916,эврики / набор для опытов мой мини сад,"набор для опытов эврики ""мой мини сад""",валюта:rub; высота упаковки:4 см; длина упаковки:13 см; количество опытов:1; комплектация:набор для опытов; страна производства:китай; тренируемые навыки:интерес к науке; логика; мышление; ширина упаковки:10 см,"бренд:эврики; вид исследований:выращивание растений; вид питания:отсутствует; возраст ребенка:от 6 лет; возрастные ограничения:от 6 лет; длина по вертикали, см:20; длина по горизонтали, см:20; материалы набора:пластик; минимальный возраст ребенка:от 6 лет; наука:биология; развитие навыков:кругозор; "
confident_contradiction,0,fold_01,Детские товары,420906927279,541165920677,1,0.284,0.166,"игрушка-браслет ""фанни петс"" с наклейками, олененок","nobrand игрушка-браслет «фанни петс» с наклейками, бегемотик","бренд:happy valley; высота игрушки, см:1; максимальный возраст ребенка:до 18 лет; минимальный возраст ребенка:от 1 года; пол ребенка:унисекс; страна-изготовитель:китай; тип:интерактивная игрушка","артикул производителя:9259391; бренд:nobrand; вес, в килограммах:0.021; вид:аксессуары; возрастное ограничение:3+; длина упаковки, в сантиметрах:6; длина, в сантиметрах:18; код товара:100050652669; материал:пластик; пол ребенка:для девочек; тематика:салон красоты; цвет:разноцветный; ширина упаковки,"
confident_contradiction,0,fold_03,Строительство и ремонт,77309513692,146029037129,1,0.245,0.192,"труба круглая нержавеющая aisi 304 диаметр 18 мм. стенка 1,5 мм. длина 1800 мм. ( 180 см ) трубка зеркальная электросварная аиси нержа","стан труба круглая нержавеющая aisi 304 диаметр 18 мм. стенка 1,5 мм. длина 1500 мм. ( 150 см ) трубка зеркальная электросварная аиси нержа","бренд:стан; диаметр, мм:18; длина, мм:1800; единиц в одном товаре:1; марка стали:aisi 304.; материал:нержавеющая сталь; страна-изготовитель:россия; тип:труба металлическая; форма проката:круг; цвет товара:серебристый",длина:1.5; марка стали:aisi 304.; материал:нержавеющая сталь; наружный диаметр:18 мм; сечение:круглое; способ обработки:электросварная; тип:труба; толщина стенки:1.5 мм; цвет товара:серебристый
confident_contradiction,0,fold_01,Бытовая химия,171798789242,833223704980,0,0.925,0.934,grass кондиционер для белья eva sensitive концентрированный канистра 5кг,grass / кондиционер для белья eva sensitive канистра 5кг,"аромат:свежий; артикул:125376-2; бренд:grass; вес товара, г:10000; единиц в одном товаре:1; назначение средства для стирки:для детского белья; объем, мл:10000; особенности применения:гипоаллергенность; размер упаковки (длина х ширина х высота), см:30x19х31; состав:состав:
≥30% очищенная вода, ≥5%, н",валюта:rub; высота упаковки:15 см; длина упаковки:30 см; ширина упаковки:20 см
confident_contradiction,0,fold_03,Канцелярские товары,816043845045,180388644697,0,0.932,0.946,calligrata подставки для книг 2 штуки микс дино,"calligrata, подставки для книг 2 штуки микс дино",материал:металл; цвет товара:микс,"бренд:calligrata; единиц в одном товаре:1; количество заводских упаковок:1; комплектация:подставка для книг, 1 набор из 2 штук; материал:металл; положение:вертикальное; страна-изготовитель:китай; тип:подставка для книг; цвет товара:разноцветный"
confident_contradiction,0,fold_03,Спорт и отдых,60129602987,773094189359,0,0.904,0.983,санки надувные 125 см stels тюбинг тент без камеры сн040.125,санки надувные 125 см stels тюбинг тент без камеры сн040.125,особенности:детская; тип:тюбинг,"бренд:нет бренда; диаметр, см:125; макс. нагрузка, кг:50; максимальный возраст ребенка:до 18 лет; минимальный возраст ребенка:от 3 лет; тип:тюбинг; цвет товара:бирюзовый; целевая аудитория:детская"
confident_contradiction,0,fold_04,Спорт и отдых,687194884468,103079233119,1,0.243,0.142,"поплавок namazu pro 132-040, вес 4 гр. 1(штука)","поплавок namazu pro 132-100, вес 10 гр, 5 шт. np132-100","бренд:namazu; количество в упаковке, шт:1; количество упаковок, шт:1; страна-изготовитель:китай; тип:поплавок","вес нетто:10 г; вес, кг:0,01; высота, мм:50; длина, мм:100; единица товара:штука; количество в упаковке:5 шт; материал:бальса; форма:каплевидная; цвет:красный; ширина, мм:60"
confident_contradiction,0,fold_04,Музыкальные инструменты,214748439370,841813740661,1,0.121,0.162,sevillia ic-120h na - гитара классическая,sevillia iw-240m na акустическая гитара,бренд:sevillia; наличие звукоснимателя:false; тип:классическая гитара,"количество ладов:20; количество струн:6; колки:закрытые; материал верхней деки:ель; материал грифа:меранти; материал корпуса:ель, меранти; материал накладки на гриф:палисандр; мензура:650 мм; наличие звукоснимателя:без звукоснимателя; ориентация:правосторонняя; отделка:матовая; размер:4/4; струны:ст"
confident_contradiction,0,fold_01,Дом и сад,472446497053,523986021136,1,0.201,0.287,/ крючки для полотенец,крючки для полотенец,"валюта:rub; количество предметов в упаковке:2; материал изделия:металл; полимер; нагрузка максимальная:3 кг; страна производства:китай; тип крепления:двусторонний скотч; цвет:желтый, оранжевый","артикул:м10-крючки-2157-яйца; бренд:xpx; вид выпуска товара:фабричное производство; гарантийный срок:14 дней; единиц в одном товаре:3; количество крючков, шт:3; комплектация:набор крючков; максимальный вес груза, кг:2; материал:abs пластик; название цвета:м10-крючки-2157-яйца; страна-изготовитель:ки"
confident_contradiction,0,fold_04,Бытовая химия,773094183847,515396204558,0,0.905,0.978,средство для прочистки труб bagi classic потхан от засоров 600гр,"средство для прочистки канализационных труб 600 г, bagi потхан, гранулированное  ","бренд:bagi; вес:600 г; назначение:для труб; средство:средство; срок годности:1 г.; эффект:устранение засоров, устранение неприятных запахов","бренд:bagi; назначение моющего, чистящего средства:для прочистки труб; состав: состав: гидроксид натрия, моющие добавки; страна-изготовитель:израиль; тип:средство от засоров; целевая аудитория:взрослая"
confident_contradiction,0,fold_04,Красота и гигиена,644245138987,42949675754,0,0.923,0.983,"тушь для ресниц belor design ""bad doll"", цветная, желтая, объемная","belordesign тушь для ресниц belor design bad doll объёмная, цветная, жёлтая",бренд:belor design; страна-изготовитель:беларусь; тип:тушь для ресниц; цвет товара:желтый; целевая аудитория:взрослая,"бренд:belordesign; водостойкая:нет; код товара:100043869158; комплектация:тушь для ресниц; оттенок:желтый; оттенок производителя:желтый; состав:aqua, polyurethane-35, dimethicone, paraffin, propylene glycol, glyceryl stearate, stearic acid, polysorbate 80, cera alba, pvp, triethanolamine, castor oil"
confident_contradiction,0,fold_01,Автотовары,60129647149,17179949249,0,0.958,0.955,landsail lsv88 195/80 r15 106s летняя,landsail lsv88 шины летние 195/80  r15 106s,"высота профиля:80; гарантийный срок:1 г., гарантия на заводской брак - 1 год; диаметр:r15; индекс максимальной скорости:s (до 180 км/ч); индекс нагрузки:106; максимальная нагрузка (на одну шину):950 кг; назначение:для коммерческого транспорта; омологация:отсутствует; сезонность:летние; срок годности","runflat:нет; бренд:landsail; вид техники:легковые автомобили; вид шин:нешипованные; высота профиля, %:80; диаметр, дюймы:15; индекс нагрузки:106; индекс скорости:s; количество, штук:1; комплектация:товар в фирменной упаковке; конструкция покрышки:бескамерная; партномер (артикул производителя):s82416"
confident_contradiction,0,fold_03,Хобби и творчество,85899373260,8589984317,1,0.087,0.17,addi / спицы addiclassic №2.75 150 см + рулетка сантиметр,спицы addiclassic №12 40 см + рулетка сантиметр,валюта:rub; возрастные ограничения:3+; диаметр спицы:2.75; длина спицы:13; количество предметов в упаковке:2 шт.; комплектация:спицы круговые - 1 шт; рулетка - 1 шт.; материал спиц:латунь; особенности спиц:круговые; супергладкие; металические; страна производства:германия,"бренд:addi; вид спиц:круговые; диаметр спиц, мм:12; длина, см:9; количество в упаковке, шт:2 шт.; комплектация:спицы круговые - 1 шт;рулетка - 1 шт.; материал:латунь; страна-изготовитель:германия; тип:спицы для вязания"
confident_contradiction,0,fold_03,Спорт и отдых,403726954304,644245171356,0,0.944,1.0,bresser / бинокль детский junior 6x21,бинокль детский bresser junior 6x21,валюта:rub; доп. параметры бинокля:регулируемое межзрачковое расстояние; максимальное увеличение изображения:6 крат; материал изделия:пластик; модель:junior 6x21; bresser junior 6x21; тип бинокля:детский; увеличение:6; цвет:зеленый,"артикул:26769; бренд:bresser; гарантийный срок:10 лет; диаметр объектива, мм:21; конструктивные особенности:резиновое покрытие корпуса; конструкция:крышеобразная призма; материал корпуса:пластик; материал призмы:оптическое стекло; назначение бинокля:детский; способ фокусировки:центральная; страна-из"
confident_contradiction,0,fold_02,Канцелярские товары,566935684872,146028910814,0,0.939,0.999,"ручка шариковая uni jetstream, неавтоматическая, синяя, 0,7 мм","uni / ручка шариковая jetstream, неавтоматическая, синяя, 0,7 мм","бренд:uni; вид ручки:шариковая; возраст учащегося:без ограничения; количество заводских упаковок:1; количество ручек, шт:1; комплектация:ручка шариковая - 1 шт; механизм подачи стержня:без механизма; страна-изготовитель:япония; тип:ручка; толщина линии, мм:0.7; цвет чернил:синий",валюта:rub; комплектация:ручка шариковая - 1 шт; страна производства:япония
confident_contradiction,0,fold_04,Детские товары,8590068243,575525677484,0,0.908,0.986,"happy valley кукла-сюрприз polly girl в шаре, с браслетом","happy valley кукла-сюрприз ""polly girl"" в шаре, с браслетом",высота:6.5 см; минимальный возраст:3 года; особенности:кукла-сюрприз,бренд:нет бренда; максимальный возраст ребенка:до 14 лет; минимальный возраст ребенка:от 3 лет; пол ребенка:унисекс; тип:фигурка
confident_contradiction,0,fold_03,Продукты питания,120259101669,51539633891,0,0.932,0.991,лебо / арабика кофе lebo extra жареный в зернах 1 кг.,"кофе жареный в зернах ""lebo extra"" 1000 гр арабика 100%. натуральный.",валюта:rub; высота упаковки:15 см; длина упаковки:15 см; комплектация:1; страна производства:россия; ширина упаковки:15 см,"бренд:lebo; вес товара, г:1000; единиц в одном товаре:1; интенсивность вкуса:средний; максимальная температура:25; минимальная температура:0; содержание арабики, %:100; состав:арабика 100%; состав кофе:арабика; способ приготовления кофе:кофемашина; срок годности в днях:730; степень обжарки:средняя; "
confident_contradiction,0,fold_03,Дом и сад,455266604627,712964697378,0,0.925,0.911,"крючок мебельный cappio uniq, двухрожковый, цвет черный","крючок мебельный cappio uniq, двухрожковый, цвет черный","артикул:7599950; бренд:cappio; вид выпуска товара:фабричное производство; единиц в одном товаре:1; количество крючков, шт:2; материал:алюминий; название цвета:чёрный; страна-изготовитель:китай; тип:крючок декоративный; цвет товара:черный",материал:металл; тип:крючок; цвет товара:черный
confident_contradiction,0,fold_03,Спорт и отдых,824633729123,455266554645,0,0.911,0.9,nika снегокат,"nika снегокат тимка спорт 4-1 ""граффити"", цвет красный","бренд:nika; макс. нагрузка, кг:100; название цвета:граффити красный; пол ребенка:унисекс; тип:снегокат; цвет товара:красный",вес:6.4 кг; высота:29 см; высота сиденья:29 см; гарантийный срок:3 г.; количество лыж:3; максимальная нагрузка:100 кг; минимальный возраст:от 1.5 лет; особенности:буксировочный трос; срок службы:3 г.; тип:снегокат; тип руля:автомобильный; цвет товара:красный; число мест:1
confident_contradiction,0,fold_03,Детские товары,446676699087,438086728483,0,0.934,0.93,"noname конструктор магнитный «дино», 7 деталей","конструктор магнитный ""дино"", 7 деталей","дополнительная информация:светящаяся; количество деталей:7 шт.; материал:пластик; особенности:светящийся; питание:от батареек; рекомендуемый возраст:от 3 лет; срок службы:12 мес., использовать при температуре не ниже -10 градусов; тип конструктора:магнитный","бренд:нет бренда; гарантийный срок:365; количество элементов, шт:7; максимальный возраст ребенка:до 16 лет; материал:пластик; минимальный возраст ребенка:от 3 лет; особенности конструктора:магнитный; пол ребенка:унисекс; размер упаковки (длина х ширина х высота), см:17x10x10; срок годности в днях:36"
confident_contradiction,0,fold_04,Бытовая техника,481036496208,309237742463,0,0.94,0.98,zipbaza / петля люка для стиральной машины electrolux 1327662001,петля для стиральной машины electrolux электролюкс 1327662001 (1327662),валюта:rub; высота упаковки:10 см; длина упаковки:10 см; модель:петля люка для стиральной машины electrolux 1327662001; ширина упаковки:10 см,"бренд:нет бренда; вид запчасти:петля; гарантийный срок:6 месяцев; количество в упаковке, шт:1; комплектация:1 шт.; материал:металл; партномер:1327662001; поддерживаемые бренды:electrolux; список совместимых устройств:для облегчённого поиска модели из списка воспользуйтесь функцией поиска браузера, с"
confident_contradiction,0,fold_03,Хобби и творчество,60129566969,618475394622,1,0.178,0.15,"алмазная мозаика на подрамнике ""святой приподобный сергий радонежский "", икона 17х23, диамант",000 almaznaja mozaica / набор для вышивания 12х16см,"бренд:диамант; возрастные ограничения:от 6 лет; выкладка/вышивка:частичная; длина по вертикали, см:23; длина по горизонтали, см:17; комплектация:канва с фотореалистичным рисунком, схема нанесенная на ткань (габардин с полиуретановой пропиткой), стразы, цветная схема и подробные, специально разработа",валюта:rub; вес товара с упаковкой (г):250 г; возрастные ограничения:12; высота упаковки:30 см; длина упаковки:1 см; комплектация:набор для вышивания - 1 наб.; страна производства:россия; схема вышивки:на ткани; нанесен рисунок-схема; техника вышивания:полукрест; тип вышивки:частичная зашивка; ширин
confident_contradiction,0,fold_04,Хобби и творчество,197568537962,214748499095,0,0.947,0.923,"карты игральные пластиковые ""абстракция"", 54 шт, 9 х 6 см","не определен карты игральные пластиковые ""абстракция"", 54 шт, 9 х 6 см",бренд:lisik.; вид выпуска товара:фабричное производство; страна-изготовитель:китай; тип:настольная игра,количество карт:54 шт.; материал карт:пластик; материал футляра:пластик; тип:игральные карты; цвет товара:черный; ширина:6 см
confident_contradiction,0,fold_03,Бытовая техника,60129660063,790274130883,0,0.921,0.971,вертикальный проводной пылесос deerma dx700s,deerma / проводной вертикальный пылесос stick vacuum cleaner dx700s,бренд:deerma; гарантийный срок:1 год; страна-изготовитель:китай; тип:вертикальный пылесос,валюта:rub; вес без упаковки (кг):2 кг; вес с упаковкой (кг):2.5 кг; высота предмета:113 см; высота упаковки:22 см; выходной фильтр:hepa фильтр; гарантийный срок:1 год; длина кабеля:450 см; длина упаковки:66 см; доп. опции пылесоса:ролики на половой щетке съемный держатель для кабеля съемный резерву
confident_contradiction,0,fold_01,Продукты питания,8590025368,498216247337,0,0.933,0.977,кофе ambassador platinum растворимый 95г,кофе растворимый аmbassador platinum 95 грамм в стеклянной банке / амбассадор,"бренд:ambassador; вес:0.095 ""кг""; состав:кофе """"; страна производства:россия","бренд:ambassador; вес товара, г:95; единиц в одном товаре:1; максимальная температура:25; минимальная температура:5; не содержит:без гмо; состав:100% натуральный растворимый сублимированный кофе; срок годности в днях:720; страна-изготовитель:россия; тип:кофе растворимый; упаковка:стеклянная банка; у"
confident_contradiction,0,fold_01,Бытовая химия,180388639945,558345763110,0,0.918,0.977,"без бренда хозяйственное твёрдое мыло отбеливание 72%, 200 г, 2 шт.","мыло хозяйственное 72% отбеливание, 200 г, 2 шт",бренд:без бренда; вес:0.2 кг; количество в упаковке:2 шт; содержание жирных кислот:72%; форма выпуска:кусковое мыло; эффект:отбеливание,"артикул:kms4600528351644s02; бренд:нет бренда; вес товара, г:200; единиц в одном товаре:2; комплектация:мыло хозяйственное 72% отбеливание, 200 г, 2 шт; состав:sodium palmate, aqua, sodium tallowate, sodium palm кernelate, disodium edta, sodium chloride, tinolux bmc, tinopal cbs-x, ci 61554; страна-"
confident_contradiction,0,fold_03,Музыкальные инструменты,266287978661,566935788116,0,0.97,0.935,губная гармошка stagg bjh-b20 d,губная гармошка stagg bjh-b20 d,"бренд:stagg; вес товара, г:100; гарантийный срок:1; комплектация:гармоника - 1 шт; кейс пластиковый - 1 шт; материал муз. инструмента/аксессуара:металл; партномер:888880014787; страна-изготовитель:китай; тип:губная гармошка; тональность:d; цвет товара:серый",вид гармоники:диатоническая; количество отверстий:10; количество язычков:20; материал корпуса:металл; материал пластин:сталь; материал язычков:сталь; тип:губная гармошка; тональность:d; цвет товара:серебристый
confident_contradiction,0,fold_02,Спорт и отдых,515396090664,335007551846,0,0.906,0.987,helios / ящик зимний fishbox (19л) оранжевый helios,ящик зимний fishbox односекционный (19л) оранжевый helios,валюта:rub; вес с упаковкой (кг):2.5 кг; комплектация:ящик; страна производства:китай,бренд:helios; тип:зимний ящик рыболова; целевая аудитория:взрослая
confident_contradiction,0,fold_02,Красота и гигиена,635655250015,807453930249,1,0.241,0.149,lanvin / marry me парфюмерная вода 30 ml,lanvin marry me ланвин мери ми парфюмерная вода 75 мл,валюта:rub; комплектация:парфюмерная вода; объем товара:30 мл; состав:парфюмерная композиция 100%; срок годности:48 месяцев; страна производства:франция,"бренд:lanvin; вес, г:150; единиц в одном товаре:1; классификация аромата:цветочный; объем, мл:75; особенности состава:не тестируется на животных; пол:женский; состав:alcohol denat alcohol (sd alcohol 39-c),  parfume (fragrance) - aqua  (water), peg-40, parfume composition, linaool, limonene, butylph"
confident_contradiction,0,fold_02,Аптека,747324360167,25769865272,1,0.219,0.255,"контактные линзы acuvue oasys for astigmatism with hydraclear plus 6 линз -0,50/-1,25/30","acuvue oasys with hydraclear plus for astigmatism (6 линз) bc 8,6 sph -0.50 cyl -2,25 axis 30","бренд:acuvue; влажность, %:38; диаметр:14.5; код товара:100024433488; количество в упаковке:6; количество штук в упаковке:6; коэффициент пропускания кислорода, dk/t:129; материал:силикон-гидрогель; модель:acuvue oasys for astigmatism with hydraclear plus 6 линз; оптическая сила цилиндра(cyl):-1.25; ","бренд:acuvue; вес товара, г:110; влагосодержание, %:38; диаметр, мм:14.5; дней до замены:2 недели; кислородопропускание, dk/t:129; количество в упаковке:6; материал контактных линз:сенофилкон а; название цвета:прозрачный; оптическая сила:-0.50; особенности контактных линз:силикон-гидрогель; ось (axi"
confident_contradiction,0,fold_03,Спорт и отдых,738734449250,42949688632,0,0.934,0.934,"воблер usami green go 80s (тонущий, 80мм, 17,6гр, 5м), цвет 663","usami / воблер greengo 80s (17,6g.) 663","бренд:usami; вес, г:17.6; вид воблера:раттлин (rattlin); вид ловли воблером:айс джигинг; длина, см:8; комплектация:раттлин, крючки; макс. заглубление, м:5; название цвета:663; плавучесть:быстро тонущий (fast sinking); страна-изготовитель:китай; тип:воблер",валюта:rub; длина предмета:8 см; плавучесть:тонущие (sinking); страна производства:китай
confident_contradiction,0,fold_04,Спорт и отдых,77309422626,42949779665,0,0.981,0.934,"кровать надувная full, 191 x 137 x 30 см, 67681 bestway","кровать надувная full, 191 x 137 x 30 см, 67681 bestway",вес:3.25 кг; высота:30 см; длина:191 см; цвет товара:синий; число мест:двухместный; ширина:137 см,"бренд:denco store; вес товара, г:3250; комплектация:надувная кровать - 1 шт.; макс. нагрузка, кг:300; название цвета:кровать надувная full, 191 x 137 x 30 см, 67681 bestway; страна-изготовитель:китай; тип:матрас надувной; цвет товара:темно-синий"
confident_contradiction,0,fold_03,Продукты питания,773094178730,171798705856,0,0.944,0.951,"чай althaus deli packs english breakfast 20 пакx1,75гр/уп","althaus / чай в пакетиках подарочный english breakfast 20*1,75","бренд:althaus; вес товара, г:80; единиц в одном товаре:1; максимальная температура:25; минимальная температура:6; не содержит:без гмо; состав:чай - 1 шт.; срок годности в днях:365; страна-изготовитель:германия; тип:чай в пакетиках; упаковка:пакет бумажный; условия хранения:хранить в чистых, сухих, н",валюта:rub; вес товара с упаковкой (г):70 г; вид чая:черный; чай в пакетиках; вкус:инглиш брекфаст; высота упаковки:7 см; длина упаковки:12 см; комплектация:1 упаковка; максимальная температура хранения:25; минимальная температура хранения:5; особенности продукта:без гмо; без глютена; состав:чай чер
confident_contradiction,0,fold_02,Мебель,51539631047,257698155161,1,0.168,0.224,компьютерный стол woodville 287123,"компьютерный стол, 60х50х100 см","вес нетто:58 кг; вес, кг:58,00; вид:компьютерный стол; высота:1600 мм; высота, мм:1600; габариты без упаковки:1600x1200x600 мм; глубина:600 мм; длина, мм:450; единица товара:штука; количество мест:1; максимальная нагрузка:35 кг; материал опоры:лдсп; материал столешницы:лдсп; расстояние между ножками","артикул:4310990; бренд:нет бренда; вид выпуска товара:фабричное производство; высота, см:100; глубина, см:50; материал столешницы:лдсп; тип:компьютерный стол; форма поставки:в разобранном виде; ширина, см:60"
confident_contradiction,0,fold_02,Канцелярские товары,120259114403,300647801247,0,0.975,0.937,"линейка с держателем 20 см, пластиковая, прозрачная, бесцветная","erichkrause / линейка с держателем 20 см, прозрачная, пластиковая","бренд:нет бренда; длина, см:20; количество заводских упаковок:1; материал:пластик; страна-изготовитель:россия; тип:линейка; цвет товара:прозрачный",валюта:rub; количество предметов в упаковке:1; комплектация:линейка - 1 шт.; материал изделия:пластик; страна производства:россия; цвет:прозрачный
confident_contradiction,0,fold_02,Дом и сад,128849149013,309237714961,0,0.931,0.942,"кокосовые таблетки jiffy-7с, 10 шт (25 мм)",jiffy / кокосовые таблетки для рассады джиффи-7c,"артикул:08401-1; бренд:jiffy; вес товара, г:100; единиц в одном товаре:10; количество в упаковке, шт.:10; комплектация:пакет; назначение удобрения:для декоративно-лиственных культур; область применения:для стимуляции роста и питания; размер фракции:средний; страна-изготовитель:норвегия; тип:грунт; ф",валюта:rub; вес товара с упаковкой (г):90 г; комплектация:10 таблеток; страна производства:норвегия
confident_contradiction,0,fold_04,Детские товары,112436,472446498952,0,0.95,0.995,"milo toys мягкая игрушка с пледом «милашка», ""milo toys "", цвет розовый",мягкая игрушка с пледом милашка,вес в транспортной упаковке:0.037 кг; высота/длина:21 см; габариты транспортной упаковки:10х15х9 см; особенности:с пледом; тип:мягкая игрушка; цвет товара:розовый,"бренд:milo toys; высота игрушки, см:21; минимальный возраст ребенка:от 3 лет; название цвета:розовый; пол ребенка:унисекс; страна-изготовитель:китай; тип:мягкая игрушка; цвет товара:розовый"
confident_contradiction,0,fold_02,Бытовая химия,386547188422,790274040522,0,0.952,0.935,"стиральный порошок миф 2 кг, морозная свежесть, 13 стирок","миф. / стиральный порошок автомат морозная свежесть 13 стирок, 2кг","аромат:свежий; бренд:миф; вес товара, г:2000; вид стирки:автоматическая; единиц в одном товаре:1; комплектация:1шт- 2 кг; название аромата:морозная свежесть; назначение средства для стирки:для белых тканей; особенности применения:антибактериальный эффект; размер упаковки (длина х ширина х высота), с",валюта:rub; длина упаковки:9 см; комплектация:стиральный порошок 1 шт.; состав:линалоол 0%; гексилкоричный альдегид 0%; лимонен 0%; бензилсалицилат 0%; энзимный комплекс 0%; поликарбоксилатный сополимер 0%; анионные пав-отдушки 0%; неионогенные пав-отдушки 0%; страна производства:россия
confident_contradiction,0,fold_04,Бытовая техника,764504318361,223338347448,0,0.912,0.978,"измельчитель кухонный электрический lumme lu-1845 /овощерезка/электрическая терка, чаша 600 мл, 500 вт, алый/черный","lumme / измельчитель электрический, овощерезка, 600 мл, 500 вт","бренд:lumme; вес товара, г:740; гарантийный срок:6 мес; длина шнура, м:1.1; количество насадок:1; количество скоростей:1; комплектация:измельчитель, гарантийный талон, инструкция; материал корпуса:пластик; мощность, вт:500; насадки приборов для измельчения продуктов:нож для взбивания; объем резервуа",валюта:rub; вес с упаковкой (кг):0.85 кг; высота предмета:25.5 см; гарантийный срок:6 мес; длина кабеля:110 см; емкость чаши измельчителя:0.6 л; количество насадок:1 шт.; количество скоростей работы:1; комплектация:измельчитель; инструкция; гарантийный талон; 2 ножа; габаритные размеры дxшxв 11.7х11
confident_contradiction,0,fold_03,Дом и сад,541166006797,798864026010,0,0.973,0.994,"без бренда покрывало детское тачки 1,5 сп, 145х210 см, микрофибра","покрывало детское 1,5 сп, тачки, 145х210 см, микрофибра",для детей:да; размерность:1.5-спальное; тип:покрывало; ткань:микрофибра; цвет товара:разноцветный; ширина:145 см,"артикул:sh5289184; бренд:нет бренда; вид выпуска товара:фабричное производство; длина, см:210; материал:полиэстер; страна-изготовитель:россия; тип:покрывало; цвет товара:разноцветный; ширина, см:145"
confident_contradiction,0,fold_04,Музыкальные инструменты,429496741901,326417601721,0,0.929,0.943,стойка для тарелок прямая youdrum,стойка для тарелки прямая youdrum,тип аксессуара:стойка; цвет товара:серебристый,"бренд:you drum; вес товара, г:3100; вид музыкального аксессуара:держатель; количество в упаковке, шт:1; комплектация:одна стойка в упаковке; макс. длина ремня, см:135; материал муз. инструмента/аксессуара:металл; назначение муз. аксессуара:для барабана; партномер:30; страна-изготовитель:россия; тип:"
confident_contradiction,0,fold_01,Детские товары,206158444165,223338420703,0,0.956,0.964,"конструктор магнитный ""магический магнит"", 56 деталей","xinbida конструктор магнитный «магический магнит», 56 деталей",бренд:xinbida; максимальный возраст ребенка:до 9 лет; минимальный возраст ребенка:3 месяца; пол ребенка:унисекс; страна-изготовитель:китай; тип:конструктор магнитный,количество деталей:56 шт.; материал:пластик; питание:отсутствует; рекомендуемый возраст:от 3 лет; тип конструктора:магнитный
confident_contradiction,0,fold_03,Товары для животных,163208864272,755914297045,0,0.947,0.947,"sirius корм для щенков всех пород, ягненок и рис 15 кг",sirius / sirius для щенков и молодых собак ягненок и рис sirius(15кг),"артикул:a783e790-02b9-11ea-a9ac-000c296512e3; бренд:sirius; вес товара, г:15000; вкус корма для животных:ягнёнок; возраст животного:для маленьких; единиц в одном товаре:1; класс корма:премиум; комплектация:1 шт; основной ингредиент:мясо; особые потребности:беременные и кормящие; порода собаки:для лю",валюта:rub; вес товара с упаковкой (г):15100 г; вид вкуса корма:мясо злаки; вид животного:для собак; возраст животного:маленькие; высота упаковки:75 см; длина упаковки:11 см; класс корма:премиум; комплектация:мешок 15 кг; назначение корма:для щенков; основной вкус корма:ягненок и рис; порода собаки:
confident_contradiction,0,fold_01,Хобби и творчество,541166008367,532575990908,0,0.934,0.952,zvezda / сборная модель немецкий средний танк т-v пантера,сборная модель zvezda немецкий средний танк т-v пантера,валюта:rub; высота упаковки:7 см; длина упаковки:40 см; комплектация:сборная модель танка zvezda; масштаб:1:35; материал изделия:пластик; страна производства:россия; ширина упаковки:24 см,"бренд:нет бренда; вес товара, г:50; минимальный возраст ребенка:от 7 лет; страна-изготовитель:россия; тип:фигурка для моделирования"
confident_contradiction,0,fold_01,Товары для животных,481036388341,206158478088,0,0.91,0.946,"игрушка для собак gigwi лисичка с 2-мя пищалками, 90 мм, 40 гр",гигви / игрушка для собак лисичка с двумя пищалками,бренд:нет бренда; предназначено для:для собак; тип:игрушка для животных,валюта:rub; вид животного:для собак; вид игрушки для животных:животное; комплектация:1 шт.; материал изделия:мех; страна производства:китай
confident_contradiction,0,fold_04,Бытовая техника,635655311526,343597498332,0,0.977,0.944,манжета люка стиральной машины атлант 908092000500 узкая,"atlant манжета люка атлант, узкие машины 908092000500","бренд:mixzip; вид запчасти:манжета; количество в упаковке, шт:1; материал:резина; партномер:908092000500; поддерживаемые бренды:atlant; страна-изготовитель:беларусь; тип:запчасть для стиральной машины",вес в транспортной упаковке:0.794 кг; высота:80 мм; габариты транспортной упаковки:31х40.70х11.40 см; гарантийный срок:6 мес.; длина:380 мм; дополнительная информация:подходит для моделей : 45у102 (45y102) 45у82 (45y82) 35м102 (35m102) 50у87 (50y87) 50у107 (50y107) 50у81 (50y81) 35м81 (35m81) 50у86 
confident_contradiction,0,fold_01,Спорт и отдых,249108208399,721554650353,0,0.966,0.92,"58480 детский надувной круглый бассейн 152x56 см, 360 л, intex ""аквариум"", надувное дно, 6+",intex / детский надувной бассейн аквариум 58480 размер 152x56см,"бренд:intex; вес товара, г:3614; вид бассейна:надувной; время установки, мин:10; длина, см:152; комплектация:бассейн
ремкомплект; материал:пвх (поливинилхлорид); надувное дно:да; объем бассейна, л:400; страна-изготовитель:китай; тип:бассейн; установка бассейна:наземный; форма бассейна:круг; цвет тов",валюта:rub; вес с упаковкой (кг):3.5 кг; высота упаковки:31 см; длина упаковки:11 см; комплектация:детский надувной бассейн аквариум intex 58480 152x56; страна производства:китай; ширина упаковки:36 см
confident_contradiction,0,fold_02,Красота и гигиена,455266655003,171798741150,0,0.941,0.917,"школа талантов новогодние тату с зотолым эффектом, 2 листа в наборе","новогодние тату с зотолым эффектом, 2 листа в наборе",тип:переводные татуировки,бренд:нет бренда; состав:бумага; страна-изготовитель:китай; тип:временная татуировка; цвет товара:разноцветный
confident_contradiction,0,fold_01,Канцелярские товары,584115691589,257698141821,0,0.962,0.919,"набор кистей нейлон 5 штук, круглые, с цветными ручками, с резиновыми держателями","in mother's hands / набор кистей нейлон 5 штук, круглые, с ц",бренд:calligrata; страна-изготовитель:китай; тип:кисть для рисования,валюта:rub; комплектация:набор кистей нейлон 5 штук круглые с цветными ручками с резиновыми держателями; страна производства:китай
confident_contradiction,0,fold_02,Детские товары,257698065512,652835110649,0,0.959,0.948,"автоград машина «пожарная», стреляет водой, русская озвучка, световые и звуковые эффекты","машина пожарная , стреляет водой, русская озвучка, световые и звуковые эффекты","возраст:от 3 лет; материал:пластик; особенности:звук, свет; тематика:пожарная служба; тип:пожарный автомобиль; цвет товара:красный",бренд:нет бренда; материал:пластик; тип:машинка; цвет товара:красный
confident_contradiction,0,fold_03,Канцелярские товары,558345882597,850403647492,0,0.944,0.961,9342 micro printy карманная оснастка для печати,trodat / карманная оснастка для печати trodat micro printy 9342,"бренд:trodat; вид датера/штампа:стандартный; вид оснастки:карманная; длина оттиска, мм:42; количество заводских упаковок:1; комплектация штемпельной продукции:демпферный слой; материал:пластик; название цвета:матовое золото; страна-изготовитель:китай; тип:оснастка для штампов; цвет товара:золотой; ш",валюта:rub; страна производства:китай
confident_contradiction,0,fold_01,Спорт и отдых,584115622646,773094137703,0,0.96,0.978,"levenhuk / театральный бинокль broadway 325b, красный","театральный бинокль levenhuk broadway 325b, красный",валюта:rub,"артикул:1-81858; бренд:levenhuk; гарантийный срок:пожизненный; диаметр выходного зрачка, мм:8.3; диаметр объектива, мм:25; конструктивные особенности:многослойное покрытие линз; материал корпуса:металл; материал призмы:bak-4; межзрачковое расстояние, мм:55-70; минимальная дистанция фокусировки, м:3."
confident_contradiction,0,fold_03,Аптека,403727048633,678604955781,0,0.924,0.907,облучатель ультрафиолетовый кварцевый оуфк-09-1,гзас им. попова / облучатель ультрафиолетовый кварцевый оуфк-09-1,бренд:линия здоровья; тип:рециркулятор,валюта:rub; вес без упаковки (кг):1.5 кг; вес с упаковкой (кг):1 кг; высота упаковки:23 см; длина упаковки:31 см; количество ламп:1 шт.; комплектация:облучатель ультрафиолетовый кварцевый оуфк-09-1; материал корпуса:сталь; модель:оуфк-09-1; мощность устройства:50 вт; питание:от сети; страна производ
confident_contradiction,0,fold_02,Канцелярские товары,695784775205,352187367186,0,0.983,0.968,attache / стикеры с клеев.краем 76х76 розовый 100л,стикеры attache с клеев.краем 76х76 розовый 100л,валюта:rub; цвет:розовый,бренд:attache; тип:закладки клейкие
confident_contradiction,0,fold_03,Дом и сад,652835126738,94489427301,0,0.979,0.983,"картридж сменный zein ps-10sl, полипропиленовая нить, 25 мкм","картридж сменный zein ps-10sl, полипропиленовая нить, 25 мкм",длина:254 мм; комплект:да; максимальная рабочая температура:35 °c; механическая фильтрация:есть; полипропиленовый:да; производительность:4 л/мин; размер фильтруемых частицы:25 мкм; ресурс фильтрующего элемента:25000 л; тип:картридж,"артикул:1577202; бренд:zein; вес товара, г:120; габариты (дхшхв, см):6х6х25; гарантийный срок:3 месяца; единиц в одном товаре:1; комплектация:картридж 1 шт; наличие помпы:нет; ресурс кассеты фильтра, л:25000; страна-изготовитель:россия; тип:система очистки воды; типоразмер фильтра:sl 10 (slim line);"
confident_contradiction,0,fold_02,Детские товары,68719587868,154618828493,0,0.912,0.96,"нордпласт / пирамидка ""медведь""",пирамидка медведь,"валюта:rub; комплектация:сортер; материал игрушки:пластик; страна производства:россия; тренируемые навыки:логика, внимательность, мышление, моторика",бренд:нордпласт; гарантийный срок:14 дней(при условии сохранности упаковки); для групповых занятий и детских садов:да; дополнительные функции:развивающая; комплектация:развивающая игрушка 1 шт; максимальный возраст ребенка:до 7 лет; материал:пластик; минимальный возраст ребенка:от 1 года; пол ребенк
confident_contradiction,0,fold_03,Канцелярские товары,128849086793,652835115209,0,0.916,0.971,клейкие закладки пластиковые 8 цветов по 20 листов 45х8 attache selection 5 штук в упаковке,"комплект 5 штук, клейкие закладки пласт. 8цв. по 20л. 45ммх8 attache selection","бренд:attache selection; количество листов, шт:160; страна-изготовитель:китай; тип:закладки клейкие; число цветов, шт:8",самоклеящиеся:да; тип:закладки; цвет товара:комплект 5 штук
confident_contradiction,0,fold_03,Товары для животных,584115620954,206158451144,0,0.92,0.934,"игрушка для собак trixie ""гантель"", деревянная, 400 г","деревянная гантель, прибл. 400 г",вид животного:собаки; тип:гантель,"бренд:trixie; вид игрушки для животных:гантель; единиц в одном товаре:1; материал:дерево; место для игр:улица; назначение игрушки:для поддержания питомца в форме; особенности игрушки:из натуральных материалов; предназначено для:для собак; размеры, мм:250; тип:игрушка для животных; цвет товара:бежевы"
confident_contradiction,0,fold_01,Бытовая химия,68719564833,163208888463,0,0.954,0.957,"биолан / средство для мытья посуды апельсин и лимон 450г, 20 шт",средство для мытья посуды биолан апельсин и лимон 450гр,"валюта:rub; вес с упаковкой (кг):9.62 кг; высота упаковки:57 см; длина упаковки:25 см; комплектация:товар и упаковка; объем товара:450 мл; состав:5% или более, но менее 15%: анионные пав; срок годности:36 месяцев; страна производства:россия; тип средства:гель; концентрат; жидкость; цвет:прозрачный; ","артикул:1621247; бренд:нет бренда; комплектация:вид упаковки: пластиковая бутыль (пэт);
для детской посуды: нет;
количество в транспортном коробе: 20 шт.;
форма выпуска: гель;
объем, мл/вес, г: 450;
страна происхождения: россия;
разрешено для детских учреждений: нет;
особенности: отсутствует;
объем:"
confident_contradiction,0,fold_02,Продукты питания,274877963132,292057901028,1,0.263,0.041,"чай листовой. aroma. чайный купаж ""русский""","aroma / пуэр вишневый (китай), 100гр","бренд:aroma; вид чая:черный; единиц в одном товаре:1; максимальная температура:35; минимальная температура:1; состав:перец розовый, яблоко, шиповник, облепиха, смородина, иван-чай, черный чай, имбирь, ромашка, календула, зеленый чай; срок годности в днях:730; тип:чай листовой; условия хранения:храни",валюта:rub; вес товара без упаковки (г):100 г; вес товара с упаковкой (г):105 г; вид чая:пуэр; высота упаковки:15 см; длина упаковки:4 см; комплектация:пакет; максимальная температура хранения:+30 °c; минимальная температура хранения:+10 °c; состав:вишня сушеная; чай пуэр; срок годности:24 месяца; с
confident_contradiction,0,fold_02,Спорт и отдых,678604863041,670014931381,0,0.941,0.988,"камера kenda, 26x2.125-2.35"", 32мм, schrader","kenda камера kenda, 26x2.125-2.35"", 32мм, schrader","бренд:kenda; диаметр колес, дюймы:26; подходит к:гибрид; тип:велокамера",тип:камера
confident_contradiction,0,fold_03,Аптека,498216221105,163208871049,1,0.095,0.256,"acuvue / 1-day acuvue moist for astigmatism -6.0 -1.75 120, 30шт",1-day acuvue moist for astigmatism (30 линз)/-6.00/-0.75/170,валюта:rub; влагосодержание:58 %; диаметр мкл:14.5 мм; количество предметов в упаковке:30 шт; комплектация:контактные линзы торические / 1-day acuvue moist for astigmatism -6.0 -1.75 120 14.3 8.4 / 30 линз; коэффициент пропускания кислорода:21 dk/t; оптическая сила:-6.0; оптическая сила цилиндра:-1.,"бренд:acuvue; вес товара, г:100; влагосодержание, %:58; диаметр, мм:14.5; дней до замены:1 день; кислородопропускание, dk/t:23; количество в упаковке:30; материал контактных линз:этафилкон а; оптическая сила:-6.00; особенности контактных линз:гидрогель; ось (axis):170; радиус кривизны:8.5; режим нош"
confident_contradiction,0,fold_04,Бытовая химия,618475380121,377957240514,0,0.909,0.967,"barantsev защита от насекомых / спрей репеллентный от комаров ""тайга дэта"", 100 мл",тайга дэта спрей репеллентный от насекомых 100 мл.,"валюта:rub; комплектация:(1уп = 1шт) спрей репеллентный от комаров ""тайга дэта"", 100 мл","бренд:тайга; вес товара, г:115; вид вредителя:комар; единиц в одном товаре:1; комплектация:спрей от комаров - 100 мл.; назначение средства от насекомых/грызунов:отпугивание насекомых; объем, мл:100; состав:дв-диэтилтолуамид 30% , пропиленгликоль 30% , изопропанол 5% , вода.; страна-изготовитель:росс"
confident_contradiction,0,fold_03,Электроника,292057927824,515396110988,1,0.266,0.227,"резистор 5 вт 5,1 ом 5% 5шт rohs","не определен резистор 5 вт 1,2 ом 5% 5шт rohs",бренд:нет бренда; страна-изготовитель:китай; тип:электронный модуль,тип:резистор; цвет товара:rgb
confident_contradiction,0,fold_01,Музыкальные инструменты,352187382045,188978590027,1,0.22,0.118,"sr2635 java трости для саксофона альт №3,5 (10шт) vandoren","vandoren sr2615 трости для саксофона альт №1,5 (10шт)",бренд:vandoren; тип:аксессуар для духовых,"вид инструмента:альт-саксофон, саксофон; высота:110 см; длина:60 см; количество в упаковке:10 шт.; маркировка трости:1.5; материал:дерево; назначение:саксофон; тип аксессуара:трость; тип комплектующей:трость; цвет товара:зеленый; ширина:30 см"
confident_contradiction,0,fold_03,Товары для животных,420906930581,171798765593,0,0.971,0.961,neo loo life kocho наполнитель комкующийся для туалета кошек на основе дробленой древесины хвойных деревьев (12 + 12 л),наполнитель для кошачьего туалета neo loo life kocho наполнитель комкующийся для туалета кошек на основе дробленой древесины хвойных деревьев (12 + 12 л),"бренд:neo loo life; объем:12 л; особенности:возможность утилизации в канализации, смываемый; размер гранул:крупные; состав:древесный; тип:комкующийся; тип упаковки:пластиковый пакет","бренд:neo loo life; вес товара, г:24000; предназначено для:для кошек; состав наполнителя:древесный; страна-изготовитель:япония; тип наполнителя:комкующийся"
confident_contradiction,0,fold_04,Строительство и ремонт,738734409813,171798813455,1,0.254,0.051,"дифференциальный автомат ekf proxima авдт-63, 50а/100ма, характеристика c, электронный, тип a, 6ка da63-50-100e","ekf дифференциальный автомат 2p 16а 30ма, a, 1 шт.","вес, кг:0,18; вид:дифференциальный автоматический выключатель; высота:81 мм; высота, мм:22; глубина:72 мм; диапазон рабочих температур:от -25 до +50 °с; длина, мм:69; единица товара:штука; класс токоограничения:3; количество модулей:2; количество полюсов:двухполюсной; модельный ряд:proxima; номиналь","бренд:ekf; гарантия:7 лет; единиц в одном товаре:1; количество полюсов:2; номинальная отключающая способность, кa:6; номинальное напряжение, в:230; номинальный ток, а:16; страна-изготовитель:китай; тип:дифференциальный автомат; тип расцепления:a; ток утечки, ма:30"
confident_contradiction,0,fold_03,Продукты питания,670015010054,463856550209,0,0.917,0.921,нутриция нутридринк компакт протеин со вкусом ванили бут.125мл №4,nutridrink (nutricia) смесь для специализированного питания нутридринк компакт протеин вкус ванильный 125 мл 4 шт. в уп,"бренд:нет бренда; вес товара, г:620; единиц в одном товаре:4; максимальная температура:25; минимальная температура:0; состав:вода; белки коровьего молока; мальтодекстрин; сахар; растительные масла (рапсовое, подсолнечное); магния гидрофосфат; эмульгатор - соевый лецитин; ароматизатор; холина хлорид;","срок годности:2 г., хранить в сухом помещении"
confident_contradiction,0,fold_02,Товары для животных,188978621143,575525642906,0,0.915,0.991,"flexi / рулетка-ремень для собак до 50 кг, 8 м, черная","flexi рулетка-ремень для собак до 50кг, 8м, черная (new comfort l tape 8m black) ",валюта:rub; вид животного:для собак; комплектация:рулетка-ремень- 1 шт; материал изделия:нейлон; пластик; страна производства:германия; цвет:черный; ширина предмета:8 см,"бренд:flexi; вид поводка:рулетка; длина поводка, м:8; макс. нагрузка, кг:50; предназначено для:для собак; тип:поводок; цвет товара:черный"
confident_contradiction,0,fold_03,Спорт и отдых,807453900146,395137054865,0,0.971,0.993,"мастер к. бинокль 7х50, ""путешественник"", линзы рубин, с выемками на вставках","бинокль 7х50, ""путешественник"", линзы рубин, с выемками на вставках",высота:185 мм; диаметр объектива:50 мм; длина:65 мм; срок годности:365 дн.; тип:бинокль; увеличение:7 x; ширина:180 мм,"артикул:4295105; бренд:мастер к.; вес товара, г:671; диаметр объектива, мм:50; страна-изготовитель:китай; тип:бинокль; увеличение бинокля:7x"
confident_contradiction,0,fold_04,Бытовая химия,481036486798,541165988456,0,0.953,0.908,"блок для унитаза domestos power 5 свежесть лайма защита от микробов и налета, 2х55 гр",domestos / domestos блок для унитаза power 5 свежесть лайма 55 г х 2 уп,"аромат:лайм; артикул:67380791; бренд:domestos; единиц в одном товаре:2; комплектация:2 блока; название аромата:свежесть лайма; назначение чистящего средства для ванной и туалета:для унитаза; особенности применения:антибактериальный эффект; размер упаковки (длина х ширина х высота), см:19 x 12 x 4; с",валюта:rub; высота упаковки:10 см; длина упаковки:18 см; комплектация:domestos блок для очищения унитаза power 5 свежесть лайма 55 гр х 2 шт.; страна производства:россия; ширина упаковки:27 см; эффект средства:антибактериальный; удаление грязи; нейтрализация запахов
confident_contradiction,0,fold_01,Канцелярские товары,515396175155,446676722982,1,0.214,0.235,"реалист обложки для переплета картонные, текстура: кожа, 230г/м2, а4, бежевый","обложки для переплета картонные, текстура: кожа, 230г/м2, а4, черные, 100 шт.",длина:297 мм; количество:100 шт.; материал:картон; плотность обложки:230 г/м²; текстура:кожа; формат блока:а4; цвет товара:бежевый; ширина:210 мм,"бренд:реалист; количество в упаковке, шт:100; материал обложки:картон; название цвета:черный; плотность бумаги, г/м2:230; размеры, мм:310x215x50; страна-изготовитель:китай; тип:обложка для переплета; цвет товара:черный"
confident_contradiction,0,fold_03,Бытовая химия,592705554569,34359880036,0,0.941,0.925,"чистящее средство для стекол мистер мускул утренняя роса, с нашатырным спиртом, 500 мл",mr. muscle средство для мытья стекол и зеркал мистер мускул утренняя роса,"аромат:свежий; бренд:mr muscle; единиц в одном товаре:1; комплектация:1 шт; название аромата:утренняя роса; назначение моющего, чистящего средства:для стекла; объем, мл:500; особенности применения:антибактериальный эффект; состав: вода, органический растворитель, н-пав менее5%, а-пав менее 5%, цитра","аромат:есть; бренд:mr. muscle; назначение:для кафеля, для окон и зеркал, для пластика, для эмалированных поверхностей; объем:500 мл; особенности:с нашатырным спиртом; содержит:пав, аммиак, краситель, нашатырный спирт, спирт; средство:средство; упаковка:бутылка"
confident_contradiction,0,fold_03,Бытовая химия,240518227814,180388680170,0,0.973,0.936,"baimao / капсулы для стирки белья антибактериальные, 50шт","капсулы для стирки белья baimao антибактериальные, 50шт",валюта:rub; вес товара с упаковкой (г):607 г; высота упаковки:14 см; длина упаковки:15 см; количество предметов в упаковке:50 шт.; количество стирок:50 шт.; комплектация:капсулы для стирки белья 1 пачка; назначение стирального средства:универсальное; срок годности:3 года; страна производства:китай; ,бренд:baimao; тип:капсулы для стирки; целевая аудитория:взрослая
confident_contradiction,0,fold_04,Электроника,833223744635,25769844150,1,0.282,0.054,print rite картридж лазерный print-rite tfk906bprj pr-tn324k tn324k черный (26000стр.) для konica minolta bizhub c258/c308/c368,картридж лазерный print-rite tfk909yprj pr-tn324y tn324y желтый (26000стр.) для konica minolta bizhub c258/c308/c368,"назначение:для лазерной печати; производитель совместимого устройства:konica minolta, konica-minolta; ресурс:26000 страниц; тип:картридж; цвет картриджа:черный",бренд:print-rite; комплектация:товар в фирменной упаковке; назначение:для лазерного принтера; оригинальность расходника:оригинал; ресурс:26000; тип:расходник для печати; цвет тонера/чернил:желтый (yellow); цветность:черно-белый
confident_contradiction,0,fold_03,Музыкальные инструменты,283467951806,60129633762,1,0.3,0.093,цифровое пианино rockdale toccata rosewood,"цифровое пианино kurzweil ka150 wh, 88 молоточковых клавиш, полифония 68, цвет белый","вес:42 кг; встроенная акустическая система:есть; высота:810 мм; глубина:420 мм; жесткость клавиатуры:взвешенная; количество клавиш:88; количество песен записи:1; количество стилей автоаккомпанемента:10; количество тембров:26; количество эффектов:3; комплектация:тройная педаль, стойка, блок питания, ","бренд:kurzweil; версия ос:windows; вес товара, г:54000; вид питания:от сети 220в; гарантийный срок:12 месяцев; жесткость клавиатуры:взвешенная; звуковые эффекты:reverb; интерфейсы:usb; количество клавиш, шт.:88; количество пэдов, шт.:0; комплектация:цифровое пианино kurzweil ka150 wh, адаптер питани"
confident_contradiction,0,fold_02,Детские товары,377957151245,420906924443,1,0.292,0.264,"мягкая игрушка ""авокадо"", 70 см","подарок / мягкая игрушка ""авокадо"", 65 см","бренд:нет бренда; вид мягкой игрушки:фрукты и овощи; высота игрушки, см:70; гарантийный срок:14 дней; дополнительные функции:без эффектов; материал:текстиль; минимальный возраст ребенка:от 3 лет; пол ребенка:унисекс; страна-изготовитель:россия; тип:мягкая игрушка; цвет товара:зеленый",валюта:rub; высота предмета:65 см; особенности игрушки:без особенностей; страна производства:китай
confident_contradiction,0,fold_04,Спорт и отдых,824633755428,231928341448,0,0.966,0.959,stg / шлем велосипедный защитный mv29-a,велошлем stg mv29-a,валюта:rub; вес товара без упаковки (г):250 г; высота упаковки:18 см; длина упаковки:30 см; количество предметов в упаковке:1; комплектация:защитная экипировка шлем; страна производства:китай; цвет:салатовый; ширина упаковки:24 см,"бренд:stg; высота товара в упаковке, мм:160; длина товара в упаковке, мм:290; размер:m; регулировка размера:да; с визором:нет; система вентиляции:нерегулируемая; тип:шлем защитный; цвет товара:салатовый"
confident_contradiction,0,fold_04,Детские товары,25769864130,206158432536,0,0.918,0.926,кот батон 110 см мягкая игрушка 110 см рыжий,мир плюшевых игрушек / мягкая игрушка кот батон рыжий 110 см,"бренд:good toys; вид мягкой игрушки:антистресс; высота игрушки, см:110; дополнительные функции:без эффектов; материал:плюш; минимальный возраст ребенка:0 месяцев; название цвета:рыжий; персонаж:кот батон; пол ребенка:унисекс; страна-изготовитель:россия; тип:мягкая игрушка; цвет товара:оранжевый",валюта:rub; вид упаковки:сейф-пакет; вакуумный пакет; скотч; высота предмета:110 см; высота упаковки:30 см; длина упаковки:29 см; материал игрушки:текстиль; плюш; синтепон; наполнитель:синтепон; страна производства:китай; цвет:рыжий; ширина упаковки:23 см
confident_contradiction,0,fold_03,Музыкальные инструменты,489626357571,850403596152,0,0.92,0.954,veston c-45a 3/4 - гитара классическая 3/4,гитара детская veston c-45a 3/4,бренд:veston; вид бас-гитары:акустическая; гарантийный срок:12 месяцев при соблюдении правил хранения и эксплуатации; крепление грифа:вклеенный; материал струн:бронза; образец цвета:https://cdn1.ozone.ru/s3/multimedia-s/6695771536.jpg; тип:классическая гитара; тип бриджа:фиксированный; форма гитары:,количество ладов:18; количество струн:6; материал верхней деки:агатис; материал грифа:клен; материал корпуса:агатис; материал накладки на гриф:черное дерево; отделка:матовая; размер:3/4; тип:классическая
confident_contradiction,0,fold_04,Детские товары,532576019342,841813631951,0,0.929,0.932,"машинка-перевёртыш hyper skidding с управлением жестами, цвет синий","не определен --- машинка-перевёртыш hyper skidding с управлением жестами, цвет синий",бренд:нет бренда; максимальный возраст ребенка:до 12 лет; минимальный возраст ребенка:от 4 лет; пол ребенка:мальчик; тип:игрушка радиоуправляемая,"бренд:---; возраст:от 6 лет; гарантийный срок:1 г., гарантия на аккумулятор — 6 месяцев; масштаб:1:16; материал:пластик; особенности:батарейки в комплекте; срок службы:12 мес., использовать при температуре не ниже -10 градусов; тип:внедорожник; тип питания:от аккумулятора; тип питания пульта управле"
confident_contradiction,0,fold_02,Спорт и отдых,257698158733,80921,0,0.936,0.95,"now / now zinc picolinate, цинк пиколинат 50 мг - 60 капсул",цинк пиколинат now zinc picolinate 50 mg - 60 veg capsules,валюта:rub; вес товара без упаковки (г):150 г; количество капсул/таблеток:60 шт.; максимальная температура хранения:+25; противопоказания:индивидуальная непереносимость компонента.; свидетельство о регистрации сгр:ru.77.99.01.003.е.001128.01.15; состав:цинк - 50 мг.; срок годности:3 года; страна про,"белок: грамм в 1 порции:1; бренд:now; вес, г:100; вид продукта:бад; вкусовой акцент (вкус):без вкуса; единиц в одном товаре:1; жиры: грамм в 1 порции:1; количество в упаковке, шт:60; количество порций:60; количество упаковок, шт:1; не содержит:без гмо; объем, мл:50; пол:мужской; преимущества:цинк пи"
confident_contradiction,0,fold_04,Детские товары,309237707453,60129681360,0,0.902,0.901,"junfa. / кукла atinil, ""в гармонии с природой""","кукла junfa atinil в гармонии с природой в платье с двухслойной воздушной юбкой, 28см",валюта:rub; высота упаковки:28 см; длина упаковки:37 см; комплектация:кукла; букет; страна производства:китай; ширина упаковки:9 см,бренд:junfa; гарантийный срок:1; дополнительные функции:развивающая; максимальный возраст ребенка:до 10 лет; минимальный возраст ребенка:от 1 года; пол ребенка:унисекс; страна-изготовитель:китай; тип:кукла
confident_contradiction,0,fold_01,Дом и сад,42949747717,687194906663,0,0.927,0.904,маска зебра албезия 50 см,"маска ""зебра"" албезия 50 см",валюта:rub; комплектация:уточните у продавца; страна производства:индонезия,артикул:7720228gc; бренд:нет бренда; вид выпуска товара:фабричное производство; материал:дерево; страна-изготовитель:индонезия; тип:сувенир
confident_contradiction,0,fold_03,Спорт и отдых,429496858803,833223791930,1,0.211,0.227,воблер плавающий lucky john pro series basara f 04.00/302,lucky john воблер плавающий lj pro series basara f 05.60/301,"бренд:lucky john; вес, г:2; вид воблера:минноу (minnow); вид ловли воблером:спиннинг; длина, см:4; единиц в одном товаре:1; кол-во в комплекте, шт:1; макс. заглубление, м:0.3; мин. заглубление, м:0.1; название цвета:302; плавучесть:плавающий (floating); страна-изготовитель:китай; тип:воблер","артикул производителя:7590231; бренд:lucky john; вес, г:3; вид рыбной ловли:спиннинговый; длина, мм:56; заглубление:поверхностный; код товара:100056831072; количество в комплекте, шт.:1; количество крючков в комплекте, шт.:2; конструкция:цельная; крючок в комплекте:тройник; материал:пластик; назначе"
confident_contradiction,0,fold_04,Строительство и ремонт,575525666294,566935788878,0,0.947,0.99,раковина 41 см grossman gr-3018,раковина-чаша grossman 41 gr-3018 белая,"высота раковины:14 см; гарантийный срок:1 г.; глубина:33 см; диаметр сливного отверстия:45 мм; дополнительная информация:без сифона и смесителя, донный клапан приобретается отдельно.; коллекция:gr; материал:керамика; отверстие под перелив:нет; срок службы:1 г.; тип:раковина; установка:накладная; фор","бренд:grossman; вес товара, г:6; высота, см:14; гарантия:1 год; глубина, см:33; количество предметов в комплекте:1; материал:керамика; название цвета:белый; покрытие:без покрытия; страна-изготовитель:германия; тип:раковина; установка:накладная; форма:овал; цвет товара:белый; ширина, см:41"
confident_contradiction,0,fold_04,Бытовая химия,180388800976,154618966988,0,0.95,0.955,туалетный утенок / туалетный утенок для унитаза видимый эффект/900мл,чистящее средство туалетный утенок видимый эффект 900 мл,"валюта:rub; высота упаковки:29 см; длина упаковки:12 см; комплектация:туалетный утенок чистящее средство - 1шт.; срок годности:24; страна производства:россия; ширина упаковки:6 см; эффект чистящего средства:удаляет самые стойкие пятна, включая ржавчину и известковый налет","артикул:ип кузнецова_68-чист-для-унит-ут-вид-эф-900мл; бренд:туалетный утенок; единиц в одном товаре:1; назначение чистящего средства для ванной и туалета:для унитаза; объем, мл:900; особенности применения:антибактериальный эффект; с дозатором:нет; состав:ода, кислота соляная более 5%, но менее 15%,"
confident_contradiction,0,fold_03,Продукты питания,652835065967,481036337863,0,0.929,0.917,"кофе молотый lavazza qualita oro, 250 г","/ кофе молотый ""qualita oro"", 250г","без кофеина:нет; бренд:lavazza; вес товара, г:250; единиц в одном товаре:1; интенсивность вкуса:средний; максимальная температура:25; минимальная температура:5; название вкуса:qualita oro; не содержит:без ароматизаторов; особенности напитков, продуктов питания:натуральный продукт; содержание арабики",валюта:rub; высота упаковки:14 см; длина упаковки:25 см; комплектация:кофе молотый; максимальная температура хранения:25; минимальная температура хранения:17; особенности продукта:натуральный без гмо; пищевая ценность белки:0.2 г/100г; пищевая ценность углеводы:0.3 г/100г; срок годности:730; степень
confident_contradiction,0,fold_02,Бытовая химия,661424983850,833223786771,1,0.251,0.218,"clean & fresh / таблетки для посудомоечных машин clean&fresh all in 1, 45 шт",clean & fresh all in 1 таблетки для всех типов посудомоечных машин 30 шт,валюта:rub; вес с упаковкой (кг):0.961 кг; высота упаковки:20 см; длина упаковки:15 см; комплектация:1 шт; страна производства:германия; ширина упаковки:12 см,"бренд:clean & fresh; единиц в одном товаре:1; количество таблеток/капсул в одной упаковке, шт:30; назначение средств для посудомоечных машин:для мытья посуды; состав:триполифосфат натрия - более 30%; карбонат натрия, бикарбонат натрия - 15-30%; перкарбонат натрия - 5-15%; силикат натрия, поликарбокс"
confident_contradiction,0,fold_01,Товары для животных,34359798516,231928302228,1,0.284,0.278,"canin сухой корм rc mini adult для мелких собак, 800 г","royal canin mini adult корм сухой для взрослых собак мелких размеров от 10 месяцев, 2 кг","бренд:canin; вес упаковки:0.8 кг; возраст животного:взрослые (1-6 лет), взрослые собаки (от 1 до 5 лет); особые потребности:для собак; размер породы:мелкие породы; состав:см. на упаковке; срок годности:1 г.; тип корма:сухой","артикул:30010200r1; бренд:royal canin; вес товара, г:2000; возраст животного:для взрослых; предназначено для:для собак; размер животного:малый; состав:ингредиенты: рис, дегидратированные белки животного происхождения (птица), мука из зерновых культур, изолят растительных белков*, пшеница, животные ж"
confident_contradiction,0,fold_02,Хобби и творчество,77309446268,257698100124,0,0.958,0.915,"лас играс / карточная игра ""umomomento"", 70 карт","лас играс карточная игра ""umomomento"", 70 карт","валюта:rub; высота упаковки:10 см; длина упаковки:3 см; комплектация:правила игры; карты - 70шт.; страна производства:китай; цвет:красный, золотистый; ширина упаковки:7 см",бренд:лас играс; вид выпуска товара:фабричное производство; минимальный возраст ребенка:от 7 лет; страна-изготовитель:китай; тип:настольная игра; цвет товара:разноцветный; целевая аудитория:взрослая; целевая аудитория игры:для детей
confident_contradiction,0,fold_02,Бытовая техника,635655167567,712964731284,0,0.909,0.939,сальник 35x62/75x7/10 бака стиральной машины / slb004ar,ariston / сальник бака стиральной машины 082696,"бренд:нет бренда; вес товара, г:31; вид запчасти:уплотнитель; комплектация:1 шт; партномер:slb004ar, 082696, ar1012, c00044764, c00082696; размеры, мм:35*62/75*7/10; список совместимых устройств:для стиральных машин ariston/аристон; страна-изготовитель:италия; тип:запчасть для стиральной машины",валюта:rub; высота упаковки:10 см; длина упаковки:15 см; комплектация:1; модель:сальник бака стиральной машины 082696; ширина упаковки:10 см
confident_contradiction,0,fold_03,Музыкальные инструменты,223338368317,197568506108,0,0.992,0.98,"bosstone gs-303rs ремень для гитары, тканевый с рисунком черепа, красный","bosstone gs-303rs ремень для гитары, тканевый красный с рисунком черепа",тип:ремень; цвет товара:красный,"бренд:bosstone; вес товара, г:150; вид музыкального аксессуара:ремень; количество в упаковке, шт:1; комплектация:ремень для гитары; назначение муз. аксессуара:для акустической гитары; партномер:524682; страна-изготовитель:китай; тип:аксессуар для струнных; цвет товара:красный"
confident_contradiction,0,fold_01,Дом и сад,678604881871,592705592175,0,0.91,0.971,вихрь / насос погружной дренажный с поплавком вихрь дн-350,дренажный насос вихрь дн-350,валюта:rub; вес без упаковки (кг):3.5 кг; вес с упаковкой (кг):4 кг; высота предмета:33 см; высота упаковки:30 см; гарантийный срок:1 год; глубина погружения (м):5 м; глубина предмета:22 см; длина упаковки:19 см; комплектация:упаковочная коробка - 1 шт; пластиковый штуцер - 1 шт; паспорт товара - 1 ,"артикул:68/2/8; бренд:вихрь; вид выпуска товара:фабричное производство; вид питания:от сети 220в; гарантийный срок:1 год; гарантия:1 год; глубина погружения, м:5; двигатель для садовой техники:электродвигатель; защита от сухого хода:да; комплектация:дренажный насос – 1 шт. 
пластиковый штуцер – 1 шт"
confident_contradiction,0,fold_03,Бытовая техника,515396167858,395137141068,0,0.909,0.955,bbk / соковыжималка jc060-h11,"bbk соковыжималка центробежная jc060-h11, белый, оранжевый",валюта:rub; вес с упаковкой (кг):3 кг; высота упаковки:31 см; гарантийный срок:1 год; длина кабеля:120 см; длина упаковки:21 см; доп. опции соковыжималки:плавный запуск двигателя; загрузка целых овощей и фруктов; количество скоростей работы:2; комплектация:толкатель; инструкция; щетка; максимальная ,"бренд:bbk; вес товара, г:1750; вид соковыжималки:центробежная; гарантийный срок:12 мес.; длина шнура, м:1.2; доп. комплектация:щеточка для чистки; комплектация:соковыжималка, щеточка, толкатель, документация.
производитель оставляет за собой право изменять характеристики товара, его внешний вид и ко"
confident_contradiction,0,fold_04,Автотовары,292057869435,188978676146,0,0.925,0.961,лампа h8 12v (35w) yellow,лампа h8 12v 35w pgj19-1 yellow l10835y,вес:30 г; количество в упаковке:1 шт.; мощность:35 вт; назначение:для ближнего/дальнего света; напряжение:12 в; тип:галогенная; типоразмер:h8; цоколь:pgj19-1,oem-номер:l10835y; альтернативные артикулы товара:62212fbrhcb; артикул:l10835y; бренд:lynxauto; партномер (артикул производителя):l10835y; тип:лампа автомобильная
confident_contradiction,0,fold_02,Канцелярские товары,670014905324,773094241147,1,0.294,0.237,блокнот brauberg 100х150 мм а6 vista gradient под кожу гибкий срез фольга 80 л. 112101,"ежедневник недатированный а5 (138x213 мм), no name vista, под кожу, гибкий, 136 л., gradient, 112033 1 шт.","артикул производителя:112101; бренд:brauberg; бумага:офсетная; вес, в граммах:118; высота, в миллиметрах:10; высота, в сантиметрах:1; высота, см:15; датированность:недатированный; длина, в миллиметрах:150; длина, в сантиметрах:15; закладка:да; код товара:100030125854; количество в упаковке:1; количе",бренд:нет бренда; тип:ежедневник
confident_contradiction,0,fold_02,Музыкальные инструменты,60129618064,395137157258,0,0.984,0.997,"a506p-sl комплект струн для электрогитары, никель, 9-42 alice","alice / струны для электрогитары alice a506p-sl, никель 9-42","бренд:alice; вес товара, г:100; вид музыкального аксессуара:струны; назначение муз. аксессуара:для электрогитары; размеры, мм:170x170x100; тип:аксессуар для струнных",валюта:rub; материал изделия:никель-сталь; страна производства:китай
confident_contradiction,0,fold_03,Музыкальные инструменты,25769820414,738734529210,1,0.258,0.283,"wild celluloid медиаторы, 12шт, целлулоид, 0,96мм, d'andrea twc351.096hv",d'andrea медиатор dandrea rwd351 .46,"бренд:d'andrea; вес товара, г:100; вид музыкального аксессуара:медиатор; гарантийный срок:1 год; количество в упаковке, шт:1; комплектация:1 шт.; материал муз. инструмента/аксессуара:пластик; назначение муз. аксессуара:для классической гитары; партномер:twc351.096hv; страна-изготовитель:сша; тип:акс",артикул производителя:00402326 premium flat 2.5 (60м.); бренд:d'andrea; код товара:100064124083; модель:rwd351 .46
confident_contradiction,0,fold_02,Мебель,60129711412,489626408168,0,0.939,0.974,"стол садовый плетеный 4sis латте 160х90см из искусственного ротанга, столешница из закаленного стекла, 160 х 90 х 75 см (цвет: коричневый)","плетеный стол 4sis ""латте"" из искусственного ротанга 160х90см, цвет коричневый","артикул:33921tt1994; бренд:4sis; вес товара, г:34000; вид выпуска товара:фабричное производство; вид стола:обеденный; высота, см:75; гарантийный срок:12; глубина, см:90; длина столешницы, см:160; исполнение:плетеное; количество ножек:2; комплектация:обеденный стол, упаковка; материал столешницы:стек","высота:75 см; материал:искусственный ротанг, металл, стекло; тип:стол; цвет товара:коричневый; ширина:90 см"
confident_contradiction,0,fold_03,Товары для животных,395137140969,687194828315,0,0.944,0.972,"пушистое счастье ошейник для собак и кошек с фастексом «неон», 30 х 1 см","пушистое счастье, ошейник для собак и кошек с фастексом ""неон"" , 30 х 1 см, цвет микс",обхват шеи:30 см; особенности:универсальный; размер собаки:маленький; тип:ошейник; цвет товара:микс; ширина ленты:10 мм,"бренд:пушистое счастье; вес товара, г:22; вид ошейника:декоративный; длина ошейника общая, см:30; единиц в одном товаре:1; комплектация:пушистое счастье, ошейник для собак и кошек с фастексом ""неон"" , 30 х 1 см, цвет микс, 1 штука.; материал:пластик; обхват шеи максимальный, cм:30; обхват шеи, см:30"
confident_contradiction,0,fold_01,Продукты питания,197568597495,446676609381,1,0.167,0.135,wowman health подарочный набор wowman crazy box матча зеленая (япония)/голубая матча (тайский синий чай)/чай с бергамотом классический,подарочный набор wowman crazy box матча зеленая (япония)/голубая матча (тайский синий чай)/чай гречишный манго,"ароматизированный:есть; бренд:wowman health; вес упаковки:350 г; вид чая:зеленый, травяной; вкус и добавки:бергамот; дополнительная информация:условия хранения: хранить при температуре от 0°с до +25°с и относительной влажности воздуха не более 75%; количество упаковок:1 шт.; количество штук в упаков","бренд:wowman; вес товара, г:200; вид чая:зеленый; вкус/добавки:манго; единиц в одном товаре:3; максимальная температура:25; минимальная температура:0; не содержит:без гмо; особенности напитков, продуктов питания:натуральный продукт; свойства чая:бодрящий; сорт чая:матча; состав:матча 50 гр - 1 шт. 
"
confident_contradiction,0,fold_04,Красота и гигиена,77309508992,816043821928,0,0.906,0.952,l'oreal professionnel / absolut repair маска золотая 500 мл,l oreal professionnel absolut repair gold quinoa protein - для сильно поврежденных волос маска для очень поврежденных волос absolut repair 500 мл,валюта:rub; действие:обновление цвета; сияние; блеск; объем товара:500 мл; срок годности:3 года,"бренд:l'oreal professionnel; единиц в одном товаре:1; объем, мл:500; пол:женский; состав:маска для очень поврежденных волос absolut repair 500 мл; страна-изготовитель:франция; тип:маска для волос; тип волос:поврежденные; эффект:восстановление"
confident_contradiction,0,fold_01,Красота и гигиена,644245230925,300647722844,0,0.958,0.919,"набор маникюрный детский: ножницы, щипчики, пилочка, пинцет, цвет бирюзовый","крошка я / набор маникюрный детский: ножницы, щипчики, пилочка, пинцет",бренд:нет бренда; тип:набор инструментов для маникюра,валюта:rub; вес товара с упаковкой (г):93 г; возрастные ограничения:0 +; высота упаковки:13 см; длина упаковки:2 см; количество предметов в упаковке:4 шт.; страна производства:китай; цвет:бирюзовый; ширина упаковки:7 см
confident_contradiction,0,fold_04,Хобби и творчество,438086675474,377957216825,0,0.964,0.919,"школа талантов / набор с прядями, тату, стразами, в сумочке","набор с прядями, тату, стразами, в сумочке",валюта:rub; комплектация:набор - 1 уп.; страна производства:китай,бренд:нет бренда; тип:наклейка декоративная
confident_contradiction,0,fold_01,Строительство и ремонт,317827691828,274878021858,0,0.944,0.957,герметик силиконовый санитарный экон прозрачный 280 мл,экон / герметик силикон. санитар. экон прозрач. 280мл,"бренд:экон; вид герметика:силиконовый; объем, мл:280; особенность герметика:морозостойкий; работы:внутренние; срок годности в днях:800; тип:герметик; тип помещения:с повышенной влажностью; цвет товара:прозрачный",валюта:rub; страна производства:германия
confident_contradiction,0,fold_03,Товары для животных,601295482228,68719505072,1,0.274,0.271,"пижон, ошейник кожаный на синтепоне, безразмерный, 83 х 4,5 см, обхват шеи 20-71 см, чёрный","пижон ошейник комбинированный кожа/брезент, безразмерный, 83 х 4,5 см, ош 20-70 см, синий","бренд:пижон; вес товара, г:197; вид ошейника:повседневный; длина ошейника общая, см:83; единиц в одном товаре:1; комплектация:ошейник кожаный на синтепоне, безразмерный, 83 х 4,5 см, обхват шеи 20-71 см, чёрный, 1 штука; материал:кожа; обхват шеи максимальный, cм:71; обхват шеи минимальный, см:20; п",гарантийный срок:2 мес.; длина ленты:83 см; обхват шеи:20 - 70 см; основной материал:брезент; особенности:регулируемый; размер собаки:маленький; срок службы:720 дн.; тип:повседневный ошейник; цвет товара:синий; ширина ленты:45 мм
confident_contradiction,0,fold_02,Канцелярские товары,755914304526,266288064258,0,0.998,0.97,"brauberg комплект 12 шт, клей канцелярский двусторонний brauberg, 45 мл, с узким и широким аппликаторами, 227534","клей канцелярский двусторонний brauberg, комплект 12 штук, 45 мл, с узким и широким аппликаторами, 227534","вид аппликатора:наконечник; назначение:бумага, картон","бренд:brauberg; вес товара, г:744; количество заводских упаковок:12; комплектация:комплект 12 штук: [клей канцелярский двусторонний brauberg, 45 мл, с узким и широким аппликаторами, 227534] x 12 шт.; образец цвета:https://cdn1.ozone.ru/s3/multimedia-c/6861540360.jpg; объем, мл:45; страна-изготовител"
confident_contradiction,0,fold_02,Мебель,738734473722,77309516227,0,0.996,0.929,violet этажерка узкая 3-х ярусная на колесах (белая) 760306,violet этажерка узкая 3-х ярусная на колесах белая 760306,вес в транспортной упаковке:0.9 кг; габариты транспортной упаковки:13.70х40.20х17.60 см; материал корпуса:пластик; особенности:на колесах; срок службы:5 лет; тип:этажерка,"артикул:24604923; бренд:violet; вес товара, г:750; вид выпуска товара:фабричное производство; высота, см:66.4; гарантийный срок:1 год; глубина, см:12.9; исполнение:пластиковое; количество в комплекте, шт.:1; количество полок:3; комплектация:этажерка 3ярусная- 1шт.; макс. нагрузка на полку, кг:2; мат"
confident_contradiction,0,fold_02,Товары для животных,8590083089,103079275594,0,0.933,0.998,туалет zooexpress для грызунов угловой 33*19*18см / 1 шт,"zooexpress / туалет zooexpress для грызунов угловой, 33х19х18 см",бренд:zooexpress; предназначено для:для грызунов; страна-изготовитель:россия,валюта:rub; вид животного:для грызунов; вид лотка для животных:угловой; комплектация:1 шт; материал изделия:пластмасса; размер лотка для животных:33х19х18 см.; страна производства:россия
confident_contradiction,0,fold_01,Спорт и отдых,816043879066,369367259182,1,0.032,0.07,"очки защитные спортивные copozz рц 64-66, с диоптриями -2.25 / солнцезащитные очки","очки защитные спортивные copozz рц 56-58, с диоптриями +3.75 / солнцезащитные очки","диоптрии:- 2.25; межцентровое расстояние:64-66; назначение:корректирующие; покрытие линз:поляризационное, тонирующее","бренд:copozz; вес товара, г:100; вид спорта:велоспорт; коллекция:базовая коллекция; комплектация:очки спортивные защитные; материал корпуса:пластик; материал линз:abs пластик; модельный год:2024; название цвета:черный; оптическая сила (диоптрии):+3.75; особенности защитных очков:гибкий заушник; пол:"
confident_contradiction,0,fold_02,Строительство и ремонт,446676713979,94489307697,1,0.205,0.037,выключатель автоматический модульный 2п b 10а 6ка nb1-63 (r) chint 179642,выключатель автоматический модульный 2п c 3а 6ка nb1-63 (r) chint 179662,"бренд:chint; гарантия:5 лет; единиц в одном товаре:1; количество модулей:2; количество полюсов:2; количество фаз:однофазный; комплектация:изделие, упаковка, паспорт; номинальная отключающая способность, кa:6; номинальное напряжение, в:400; номинальный ток, а:10; партномер:179642; страна-изготовитель",гарантийный срок:1 г.; класс защиты:ip20; количество полюсов:2; монтаж на din-рейку:есть; номинальное напряжение:400; номинальный ток:3 а; тип:автоматический выключатель; тип напряжения:переменное (ac); тип расцепления:c
confident_contradiction,0,fold_04,Бытовая химия,627065317220,197568561572,0,0.937,0.983,"grass / очиститель после ремонта cement remover, 1 л",средство для очистки после ремонта cement remover grass 1л,валюта:rub; вес товара с упаковкой (г):1100 г; высота упаковки:11 см; длина упаковки:12 см; комплектация:1 шт; назначение средства:очищение поверхностей; объем (л):1 л; страна производства:россия; ширина упаковки:12 см; эффект средства:удаление грязи; удаление пятен,"артикул:125441; бренд:grass; единиц в одном товаре:1; количество в упаковке, шт.:1; объем, мл:1000; состав:состав:
≥30% вода очищенная; ≥15, но <30% смесь органических и неорганических кислот, в т.ч. соляная кислота; ≥5%, но <15% ингибитор коррозии.; тип:специальное чистящее средство; форма выпуска "
confident_contradiction,0,fold_03,Детские товары,292057931999,240518200121,0,0.956,0.929,"десятое королевство / кубики «домашние животные», 4 штуки, в коробке","развивающая игрушка кубики ""домашние животные"" (4шт) 00715 / 203228",валюта:rub; комплектация:уточни у продавца; страна производства:россия,бренд:десятое королевство; для групповых занятий и детских садов:да; дополнительные функции:развивающая; максимальный возраст ребенка:до 5 лет; материал:пластик; минимальный возраст ребенка:от 3 лет; пол ребенка:унисекс; развитие навыков:моторика; страна-изготовитель:россия; тип:кубики
confident_contradiction,0,fold_04,Мебель,163208878299,773094184634,0,0.919,0.97,пенал aquanet алвита new 35 белый матовый,шкаф-пенал aquanet алвита new 35 белый матовый,вес в транспортной упаковке:25.4 кг; габариты транспортной упаковки:33.70х40х165 см; гарантийный срок:2 г.; количество дверей:1; конструкция:пенал; тип установки:настенный,"артикул:401157; бренд:aquanet; вид выпуска товара:фабричное производство; высота, см:157.6; гарантийный срок:2 года; глубина, см:30.9; материал корпуса:лдсп; материал фасада:лдсп; покрытие корпуса:матовое; покрытие фасада:эмалевое; страна-изготовитель:россия; тип:шкаф-пенал для ванной; форма поставк"
confident_contradiction,0,fold_03,Детские товары,687194847388,687194865399,0,0.913,0.937,"/ мягкая игрушка ""зайка"", 28 см",мягкая игрушка зайка .28 см,валюта:rub; вес товара с упаковкой (г):160 г; высота упаковки:15 см; длина упаковки:28 см; ширина упаковки:20 см,"бренд:china; вид мягкой игрушки:заяц; высота игрушки, см:28; дополнительные функции:без эффектов; материал:искусственные материалы; минимальный возраст ребенка:от 3 лет; пол ребенка:унисекс; страна-изготовитель:россия; тип:мягкая игрушка; цвет товара:разноцветный"
confident_contradiction,0,fold_01,Красота и гигиена,274878044019,94489354200,0,0.944,0.976,"runail пинцет скошенный, широкий, 9 см, цвет серебристый/золотистый, ru-0142","пинцет скошенный, широкий, 9 см, цвет серебристый/золотистый","длина:9 см; кончики:скошенные; материал:нержавеющая сталь, металл; назначение:для бровей, для ресниц; тип:пинцет; цвет товара:серебристый",бренд:нет бренда; тип:пинцет
confident_contradiction,0,fold_01,Музыкальные инструменты,446676712510,523986034117,0,0.909,0.942,"казу music life, красный","music life музыкальный инструмент казу music life, красный",бренд:music life; страна-изготовитель:китай; тип:флейта,инструмент:казу
confident_contradiction,0,fold_01,Электроника,687194778023,292057928944,0,0.905,0.962,asus / аккумулятор для телефона asus c11p1601 (,"аккумулятор c11p1601 для asus ze520kl zenfone 3, zb501kl zenfone live",валюта:rub; высота упаковки:6 см; длина упаковки:9 см; комплектация:аккумулятор; совместимость:ze520kl/zb501kl/zenfone 3/zenfone live; страна производства:китай; ширина упаковки:6 см,бренд:oem; страна-изготовитель:китай; тип:аккумулятор для телефона
confident_contradiction,0,fold_03,Бытовая химия,635655304026,214748514248,0,0.951,0.992,"стиральный порошок losk color, автомат, 2,7 кг","losk / стиральный порошок losk автомат color 2,7 кг",артикул:4056569; бренд:лоск; страна-изготовитель:россия; тип:специальное чистящее средство,валюта:rub; вес товара без упаковки (г):2700 г; вес товара с упаковкой (г):2800 г; высота упаковки:27 см; длина упаковки:25 см; количество стирок:18 шт.; комплектация:1шт.; назначение стирального средства:для цветного; срок годности:36 месяцев; страна производства:россия; ширина упаковки:15 см; эффе
confident_contradiction,0,fold_04,Электроника,240518174870,695784798569,0,0.999,1.0,камера видеонаблюдения ip trassir tr-d2121ir3w 3.6-3.6мм цв. корп: белый (tr-d2121ir3w (3.6 mm)),камера видеонаблюдения ip trassir tr-d2121ir3w 3.6-3.6мм цв. корп.:белый (tr-d2121ir3w (3.6 mm)),гарантийный срок:1 г.; стандарт видеокамеры:ip,"бренд:trassir; качество видео:1920×1080; количество в упаковке, шт:1; тип:камера видеонаблюдения; цвет товара:белый"
confident_contradiction,0,fold_01,Бытовая техника,171798854801,738734461655,0,0.905,0.947,"холодильник pozis rk - 103 серебристый, серебристый","pozis холодильник rk-103, серый",бренд:pozis; гарантия:зависит от условий продавца; код товара:100052003487,"бренд:pozis; вес, кг:65; вид холодильника:с морозильной камерой; высота, см:185; глубина, см:63; климатический класс:n +16°c / +32°c; количество дверей:2; количество камер:2; макс. уровень шума, дб:40; мощность замораживания (кг/сут):4; общий объем морозильной камеры, л:80; общий объем холодильной к"
confident_contradiction,0,fold_03,Товары для животных,429496788870,51539726893,0,0.939,0.965,"тм atlantis plast / туалет с сеткой №1 перламутровый, 36 х 26 х 6,5 см голубой","homecat atlantis лоток с сеткой для кошек, голубой перламутр, 36 х 26 х 6.5 см",валюта:rub; страна производства:россия,"бренд:homecat; материал:пластик; особенности туалета:без особенностей; предназначено для:для кошек; размер животного:крупный; размеры, мм:360х260х65; страна-изготовитель:россия; тип туалета:открытый; цвет товара:голубой"
confident_contradiction,0,fold_03,Бытовая химия,188978611169,541165909113,0,0.936,0.975,"средство против водорослей aqualand альгицид, 5 л (350021)","aqualand средство против водорослей aqualand, альгицид непенящийся, 5 л","артикул:1805825; бренд:aqualand; комплектация:""средство против водорослей - 1 шт, 5 л""; объем, мл:5000; страна-изготовитель:россия; тип:химия для бассейнов; целевая аудитория:взрослая",вес:5 кг; назначение:против цветения воды; объем:5 л; состав:см. на упаковке; форма выпуска:жидкость
confident_contradiction,0,fold_01,Дом и сад,721554584782,584115653899,0,0.923,0.915,"коврик этель ""паутинка"" 60х90 см, 50% хл, 50% п/э","коврик этель ""паутинка"" 60*90 см, 50% хл, 50% п/э",артикул:5202789; бренд:нет бренда; вид выпуска товара:фабричное производство; материал:войлок; тип:коврик для ванной,вес в транспортной упаковке:0.561 кг; высота ворса:3 мм; габариты транспортной упаковки:60х46х1 см; длина:0.9 м; противоскользящая основа:есть; тип:ковер; форма:прямоугольная; цвет товара:бежевый/синий; ширина:0.6 м
confident_contradiction,0,fold_01,Детские товары,111669270394,566935706095,0,0.99,0.971,"unicon. магнитный конструктор magical magnet, 45 деталей, матовый","магнитный конструктор magical magnet, 45 деталей, детали матовые unicon","бренд:unicon; максимальный возраст ребенка:до 12 лет; минимальный возраст ребенка:от 3 лет; название цвета:разноцветный; пол ребенка:унисекс; размер упаковки (длина х ширина х высота), см:28,8х27,5х4,6; тип:конструктор магнитный; цвет товара:разноцветный","артикул производителя:3568162; безопасность ребенка:гипоаллергенный; бренд:unicon; вес упаковки, в килограммах:0.61; возрастное ограничение:3+; высота упаковки, в сантиметрах:8; длина упаковки, в сантиметрах:29; для малышей:да; код товара:100025587912; количество деталей:45; контейнер для хранения:н"
confident_contradiction,0,fold_03,Строительство и ремонт,764504192591,94489320185,0,0.952,0.932,душевая кабина river dunay 110/80/24 mt r,душевая кабина river dunay 110/80/24 мт r,"вес в транспортной упаковке:75.3 кг; габариты (гхвхш):80x210x110 см; габариты транспортной упаковки:85х115х215 см; гидромассаж:да; конструкция дверей:; материал поддона:акрил; особенности:антискользящее покрытие, без силиконовой сборки, зеркало, полка; панель управления:; тип:душевая кабина; тип под",бренд:river; тип:душевая кабина
confident_contradiction,0,fold_04,Строительство и ремонт,670014910655,62237,0,0.906,0.994,"ekf mcb4729-1-16c автоматический выключатель 1p 16а (c) 4,5ка ва 47-29 ekf basic",автоматический выключатель ekf 1p 16 ка 230 в mcb4729-1-16c 1 шт,бренд:ekf; гарантия:5 лет; страна-изготовитель:китай; тип:автоматический выключатель; тип расцепления:c; тип тока:переменный; цвет товара:белый,"артикул производителя:mcb4729-1-16c; бренд:ekf; класс защиты:ip20; код товара:600011656684; количество модулей на din-рейке:1; количество полюсов:1p; количество фаз:1; монтаж:встраиваемый; номинальное напряжение, в вольтах:230; номинальный ток, в амперах:16; тип выключателя:модульный; тип напряжения"
confident_contradiction,0,fold_02,Хобби и творчество,231928336190,188978721784,0,0.926,0.917,настольная игра правильные игры эволюция,правильные игры / настольная игра эволюция. подарочное издание.,"бренд:правильные игры; вид выпуска товара:фабричное производство; вид настольной игры:в подарок; максимальная продолжительность партии, мин.:60; максимальное число игроков:4; материал:картон; минимальная продолжительность партии, мин.:30; минимальное число игроков:2; минимальный возраст ребенка:от 5",валюта:rub; высота упаковки:30 см; длина упаковки:7 см; комплектация:настольная игра; страна производства:россия; ширина упаковки:30 см
confident_contradiction,0,fold_03,Спорт и отдых,154618967155,180388699739,0,0.944,0.979,levenhuk / театральный бинокль-лорнет levenhuk broadway 325e черный,"театральный бинокль-лорнет levenhuk broadway 325e, черный",валюта:rub; комплектация:театральный бинокль 1 шт,"артикул:818640; бренд:levenhuk; гарантийный срок:пожизненно; диаметр выходного зрачка, мм:8.3; диаметр объектива, мм:25; конструктивные особенности:многослойное покрытие линз; материал корпуса:металл; материал призмы:bak-4; межзрачковое расстояние, мм:55-70; минимальная дистанция фокусировки, м:3.5;"
confident_contradiction,0,fold_01,Бытовая химия,360777262690,292057870123,0,0.901,0.987,"туалетный утенок / чистящее средство для сантехники активное, морской, 900 мл",чистящее средство туалетный утенок морской 900 мл,валюта:rub; вес товара с упаковкой (г):945 г; высота упаковки:10 см; длина упаковки:31 см; комплектация:чистящее средство для сантехники - 1 шт; страна производства:россия; ширина упаковки:8 см,"артикул:232820; бренд:туалетный утенок; единиц в одном товаре:1; состав:вода, кислота соляная более 5%, но менее 15%, менее 5% н-пав, отдушка (бутилфенилметилпропи­ональ), амфотерное пав менее 5% красителей.; страна-изготовитель:россия; тип:средство чистящее для ванной и туалета"
confident_contradiction,0,fold_01,Бытовая химия,171798789921,429496838738,0,0.903,0.976,"ника / средство моющее универсальное 1 кг ""универсал""","средство моющее универсальное ника ""универсал"", 1кг",валюта:rub; вес товара с упаковкой (г):1155 г; высота упаковки:10 см; длина упаковки:22 см; страна производства:россия; ширина упаковки:9 см,артикул:rel13079; бренд:ника; состав:чистящее средство; тип:универсальное чистящее средство
confident_contradiction,0,fold_01,Канцелярские товары,94489283446,317827660904,0,0.946,0.923,"ручка-корректор erichkrause techno white ergo, 22105, 12 мл","erichkrause / ручка-корректор techno white ergo, 12мл",бренд:erichkrause; вид корректора:ручка-карандаш; возраст учащегося:без ограничения; единиц в одном товаре:1; количество заводских упаковок:1; страна-изготовитель:германия; тип:замазка; цвет товара:белый,"валюта:rub; комплектация:ручка-корректор erichkrause techno white ergo, 12мл - 1 шт; объем товара:12 мл; страна производства:малайзия"
confident_contradiction,0,fold_02,Красота и гигиена,515396103415,274877998978,0,0.984,0.994,"queen fair зеркало настольное, двустороннее, с увеличением, зеркальная поверхность 14,2 х 17,6 см, цвет бежевый/белый","зеркало настольное, двустороннее, с увеличением, зеркальная поверхность 14,2 х 17,6 см, цвет бежевый/белый",вид зеркала:настольное; двустороннее:да,бренд:нет бренда; тип:зеркало косметическое
confident_contradiction,0,fold_03,Электроника,326417631414,85899495645,0,0.918,0.951,lgxboom музыкальный центр lg xboom ck43,аудиосистема lg xboom ck43,бренд:leoboom; гарантийный срок:1 год; страна-изготовитель:китай; тип:музыкальный центр; цвет товара:черный,гарантия продавца / производителя:12 мес.; модель:lg xboom ck43; страна-производитель:китай; тип:аудиосистема; уцененный:да
confident_contradiction,0,fold_03,Спорт и отдых,206158458104,240518206959,0,0.965,0.968,discovery / плавающий бинокль breeze 7x50 solar,плавающий бинокль discovery breeze 7x50 solar,валюта:rub; диаметр выходного зрачка:7.14 мм; доп. параметры бинокля:влагозащита есть; комплектация:бинокль 1 шт.; чехол 1 шт.; крышки окуляров и объективов; инструкция по эксплуатации; гарантийный талон; максимальное увеличение изображения:7 крат; материал изделия:пластик; модель:78667; тип бинокля,"артикул:78667; бренд:discovery; диаметр выходного зрачка, мм:7.14; диаметр объектива, мм:50; материал призмы:bak-4; межзрачковое расстояние, мм:62–73; минимальная дистанция фокусировки, м:5; назначение бинокля:для туризма и походов; поле зрения на расстоянии 1000 м, м:118; реальный угол зрения, °:7;"
confident_contradiction,0,fold_01,Хобби и творчество,498216319239,584115666059,0,0.927,0.971,"nika мольберт детский, двусторонний «растущий», регулируется по высоте, размер 755 × 516 × 70 мм, микс","мольберт детский, двусторонний ""растущий"", регулируется по высоте, размер 755 x 516 x 70 мм","длина:75 см; для детей:да; минимальный возраст (лет):1.5; особенности:двухсторонний, магнитная поверхность, регулировка высоты; поверхность для рисования:меловая; размер рабочей поверхности:47 х 53; размещение:напольное; тип:мольберт; ширина:51.6 см",бренд:nika; страна-изготовитель:россия; тип:мольберт художественный
confident_contradiction,0,fold_01,Музыкальные инструменты,17179930675,661424971567,1,0.151,0.215,dr bka-13 - струны для акустической гитары,dr / bke-10/52 black beauties струны для электрогитары,"бренд:dr; вид музыкального аксессуара:струны; количество в упаковке, шт:6; материал муз. инструмента/аксессуара:бронза; назначение муз. аксессуара:для акустической гитары; тип:аксессуар для струнных; цвет товара:черный","валюта:rub; калибр струн:10-13-17-30-44-52; количество предметов в упаковке:6; комплектация:струны; материал изделия:сталь; назначение струн:для электрогитары; страна производства:сша; цвет:черный, белый"
confident_contradiction,0,fold_04,Строительство и ремонт,77309497095,773094148745,0,0.952,0.995,"электропила huter els-2,7p","huter / электропила цепная huter els- 2,7p","бренд:huter; гарантия:1 год; длина пилки/полотна/шины, мм:400; класс инструмента:бытовой; количество звеньев:57; комплектация:электропила — 1 шт.
шина — 1 шт.
цепь — 1 шт.
защитный кожух шины — 1 шт.
паспорт (инструкция) — 1 шт.
универсальный ключ — 1 шт.; конструктивные особенности:тормоз цепи; мак","валюта:rub; вес без упаковки (кг):4 кг; вес с упаковкой (кг):4.24 кг; высота упаковки:22 см; длина упаковки:46 см; длина шины (дюйм):16""; комплектация:шина - 1 шт; инструкция - 1 шт; защитный кожух для цепи - 1 шт гарантийный талон (заполняется на пункте выдачи) - 1 шт; упаковка-1шт цепь-1шт электро"
confident_contradiction,0,fold_04,Товары для животных,103079263273,627065372363,0,0.925,0.907,"pro plan veterinary diets / корм сухой nf renal для кошек 1,5 кг","pro plan renal для кошек 1,5 кг.",валюта:rub; вес товара без упаковки (г):1500 г; вес товара с упаковкой (г):1520 г; вид вкуса корма:злаки; вид животного:для кошек; возраст животного:взрослые; высота упаковки:8 см; длина упаковки:27 см; класс корма:супер премиум; супер премиум класс; супер-премиум; комплектация:1 пакет 1.5 кг; назна,"артикул:177522929; бренд:pro plan veterinary diets; вес товара, г:1500; ветеринарная диета:заболевания почек; вкус корма для животных:пшеница; возраст животного:для взрослых; единиц в одном товаре:1; класс корма:супер-премиум; основной ингредиент:злаки; порода кошки:для любой породы; предназначено д"
confident_contradiction,0,fold_02,Бытовая техника,618475332424,635655274614,0,0.916,0.934,нет бренда / тэн стиральной машины 2000w l225мм samsung керам dc47-00033d,"тэн для стиральной машины samsung 2000w (dc47-00033d), с керамическим покрытием",валюта:rub; вес без упаковки (кг):0.2 кг; вес с упаковкой (кг):0.3 кг; высота упаковки:4 см; длина упаковки:10 см; ширина упаковки:26 см,"бренд:kawai; вес товара, г:300; вид запчасти:тэн; гарантийный срок:3 месяца; длина, см:25.5; количество в упаковке, шт:1; комплектация:нагревательный элемент с керамическим покрытием -1 шт.; материал:металл; партномер:dc47-00033d; поддерживаемые бренды:samsung; список совместимых устройств:(указаны "
confident_contradiction,0,fold_02,Бытовая техника,300647857814,678604924180,0,0.915,0.944,"беспроводной пылесос dyson v12 detect slim absolute, серый, оранжевый",dyson v12 detect slim absolute 3207328,"бренд:dyson; вес товара, г:2200; вид питания:встроенный аккумулятор; вид пылесборника:контейнер; вид фильтра:hepa фильтр; время зарядки аккумулятора, ч:4; время работы от аккумулятора, мин:60; количество насадок:5; количество режимов работы:3; комплектация:пылесос, насадки, документация, крепление н","вес:2.2 кг; время зарядки аккумулятора:4 ч; время работы от аккумулятора:60 мин; высота:123.4 см; глубина:25.2 см; дисплей:цифровой, символьный; дополнительная информация:технология лазера для распознавания пыли, интеллектуальное распознавание частиц, пьезо датчик, технология защиты от наматывания в"
confident_contradiction,0,fold_03,Хобби и творчество,463856611373,188978680100,0,0.911,0.911,"глина полимерная гамма ""хобби"" 56г зеленая 1600",гамма / глина для лепки,"бренд:гамма; вес товара, г:56; страна-изготовитель:бельгия; тип:глина полимерная; цвет товара:зеленый",валюта:rub; вес товара без упаковки (г):56 г; высота упаковки:6 см; длина упаковки:40 см; комплектация:полимерная глина 56 г 1 шт; страна производства:бельгия; ширина упаковки:20 см
confident_contradiction,0,fold_04,Бытовая химия,798864055378,695784854629,0,0.974,0.953,new progress активный кислород супер - пул 1 л,активный кислород супер - пул 1 л,"вес:1 кг; действующее вещество:активный кислород; назначение:обеззараживание, очистка, поддержание биобаланса, против цветения воды; объем:1 л; применение:для бассейна, для водоема, для фонтанов; состав:очищенный водный раствор перекиси водорода, алкилдиметилбензиламоний хлорид, стабилизатор; форма ","артикул:4871153]sl; бренд:new progress; вес товара, г:1173; единиц в одном товаре:1; комплектация:средство - 1 шт; назначение моющего, чистящего средства:для бассейнов; особенности применения:антибактериальный эффект; страна-изготовитель:россия; тип:химия для бассейнов; целевая аудитория:взрослая"
confident_contradiction,0,fold_02,Продукты питания,627065322753,146028910323,0,0.956,0.929,"кофе в зёрнах кения аа+, 250 гр","gut кофе в зернах gutenberg кения аа+, 250 г","бренд:gutenberg; вес товара, г:250; единиц в одном товаре:1; максимальная температура:30; минимальная температура:10; не содержит:без гмо; особенности напитков, продуктов питания:натуральный продукт; содержание арабики, %:100; состав:100% арабика, кофе натуральный жареный в зёрнах.; состав кофе:араб","бренд:gut; вес:250 г; вид зерен:арабика; количество упаковок:1 шт.; срок годности:24 мес., хранить в сухих, чистых, вентилируемых помещениях, не зараженных вредителями, при относительной влажности воздуха не более 70%. срок годности:24 месяца; степень обжарки:средняя; страна произрастания:кения; упа"
confident_contradiction,0,fold_02,Продукты питания,695784710530,755914283517,0,0.99,0.998,"чай в пакетиках зеленый greenfield / гринфилд flying dragon классический, 100шт. / продукты питания",чай greenfield flying dragon зеленый 100 пакетиков,"бренд:greenfield; вес товара, г:200; вид чая:зеленый; единиц в одном товаре:1; максимальная температура:25; минимальная температура:0; не содержит:без гмо; особенности напитков, продуктов питания:изготовлено по госту; состав:чай в пакетиках содержит в своем составе: листья чая байховые.; срок годнос","вес, г:200; вид чая:пакетированный; вкус:классический; есть оферта на портале поставщиков:да; количество единиц продаж в транспортной упаковке:9; наличие индивидуального пакетика:да; срок хранения от даты производства (месяцев):36; страна происхождения:россия; тип пакетика:стандартный; тип упаковки:"
confident_contradiction,0,fold_02,Дом и сад,206158510510,257698088002,0,0.947,0.954,"горшок ""бонсай"" алый, 0,6 л/14х18 см","my sweet home / горшок ""бонсай"" алый, 0,6 л,14х18 см",артикул:4210159; бренд:нет бренда; название цвета:красный; тип:фигурка садовая,"валюта:rub; вес с упаковкой (кг):2 кг; высота упаковки:10 см; длина упаковки:16 см; комплектация:горшок ""бонсай"" алый 06 л14х18 см; материал изделия:керамика; страна производства:россия; ширина упаковки:20 см"
confident_contradiction,0,fold_03,Мебель,420906836851,352187399071,0,0.958,0.96,"стол из массива сосны solarius, классика, лакированный, цвет венге, 90х60см","solarius / стол solarius, классика, лакированный, цвет венге, 90х60см","артикул:stolklass9060ven; бренд:sapodilla; вес товара, г:12000; вид выпуска товара:фабричное производство; вид стола:обеденный; высота, см:75; глубина, см:60; длина столешницы, см:90; количество ножек:4; материал подстолья:сосна; материал столешницы:сосна; название цвета:венге; назначение (помещение",валюта:rub; вес с упаковкой (кг):12 кг; высота предмета:75 см; длина предмета:90 см; комплектация:стол; материал корпуса мебели:массив сосны; материал столешницы:дерево; страна производства:россия; цвет:венге; ширина предмета:60 см
confident_contradiction,0,fold_04,Красота и гигиена,197568588601,712964720916,0,0.908,0.912,"kis ash кондиционер жемчужный для волос тонирующий, 250 мл",kis /,"бренд:kis; вес, г:250; объем, мл:250; пол:женский; состав:содержит экстракт семян подсолнечника, гидролизованные пшеничные протеины. 
 более подробную информацию о составе смотрите на упаковке.; страна-изготовитель:нидерланды; тип:кондиционер для волос; тип волос:окрашенные; эффект:тонирование","валюта:rub; действие:тонирование; комплектация:sand кондиционер жемчужный для волос тонирующий, 250 мл; объем товара:250 мл; состав:состав (ingredients) указан на упаковке; страна производства:нидерланды; тип волос:для всех типов волос"
confident_contradiction,0,fold_02,Электроника,412316995293,635655226200,0,0.91,0.94,"меридиан-07af turbo уличная антенна locus для цифрового тв, dvb-t2, активная",антенна для цифрового тв locus меридиан-07af turbo уличная с усилителем в комплекте с инжектором питания для телевизоров со встроенным тюнером dvb-t2,"бренд:locus; гарантийный срок:12 месяцев; комплектация:усилитель, антенный элемент, антенна, петлевой вибратор, хомут для крепления кабеля, источник питания, комплект крепления для усилителя, комплект крепления антенны на стену, комплект крепления антенны на мачту, инструкция.; размещение:уличная; с","вес:0.5 кг; гарантийный срок:1 г.; источник питания:от антенного кабеля; коэффициент шума:3 дб; напряжение питания:5 в; особенности:активная антенна, прием dvb-t/dvb-t2; размещение:уличная; тип:антенна; усиление сигнала uhf:27 дб"
confident_contradiction,0,fold_04,Музыкальные инструменты,317827611506,721554655976,0,0.96,0.977,"струны для акустической гитары ernie ball 2078 paradigm phosphor bronze 11-52 light лёгкое натяжение. повышенная прочность, долгий срок службы.","струны для акустической гитары, комплект из 6 струн, фосфорная бронза, ernie ball 2078 paradigm 11-52",бренд:ernie ball; вид музыкального аксессуара:струны; материал муз. инструмента/аксессуара:бронза; назначение муз. аксессуара:для акустической гитары; партномер:p02084; страна-изготовитель:сша; тип:аксессуар для струнных,"дополнительная информация:серия: paradigm phosphor bronze; инструмент:акустическая гитара; калибр:11-52; калибр подробно: 11, 15, 22, 30, 42, 52; количество струн в упаковке:6 шт.; количество упаковок:1 шт.; материал оплетки:фосфористая бронза; материал сердечника:сталь; натяжение:слабое; размер инс"
confident_contradiction,0,fold_03,Бытовая техника,824633841597,266287977580,0,0.974,0.99,без бренда температурный датчик сушки для стиральных машин whirlpool вирпул 482000028298,температурный датчик сушки для стиральных машин whirlpool вирпул 482000028298,"вес в транспортной упаковке:0.2 кг; габариты транспортной упаковки:13х10.50х19.50 см; производитель совместимого устройства:whirlpool; срок службы:4500 ч, при соблюдении условий эксплуатации; тип:термодатчик; уцененный:да","бренд:нет бренда; вид запчасти:датчик; гарантийный срок:6 месяцев; материал:пластик; партномер:482000028298; поддерживаемые бренды:whirlpool; список совместимых устройств:для облегчённого поиска модели из списка воспользуйтесь функцией поиска браузера сочетание 2-х клавиш «ctrl + f"":
wd 2000 s (na);"
confident_contradiction,0,fold_04,Спорт и отдых,833223698194,309237715802,1,0.279,0.283,"плетеный шнур для рыбалки momoi jigline mx8 super silk 150м, 0,27мм, 23кг, хаки","плетеный шнур для рыбалки momoi jigline mx8 super silk 100м, 0,21мм, 18кг, хаки",диаметр:0.08; длина:100; количество нитей:8 шт.; разрывная нагрузка:6.2; сезон:летний; тип:плетеный шнур; цвет товара:хаки,"бренд:momoi; диаметр, #pe:1.5; кол-во в комплекте, шт:1; количество нитей:8; размотка, м:100; разрывная нагрузка, кг:18; сезон:весна; страна-изготовитель:япония; тип:плетеный шнур для рыбалки; толщина, мм:0.21; упаковка:картонная коробка; цвет товара:хаки"
confident_contradiction,0,fold_03,Спорт и отдых,523986061891,115616,0,0.92,0.979,"гидролиния shiman0 bh59, комплект (гидролиния 2,5м + 4 оливки)",ztto / гидролиния shiman0 bh59,"бренд:ztto; длина, см:250; страна-изготовитель:китай; тип:гидролиния для тормозного троса","валюта:rub; вес товара с упаковкой (г):62 г; высота упаковки:28 см; длина упаковки:2 см; комплектация:гидролиния 2,5м + 4 оливки; материал изделия:сталь; пластик; страна производства:китай; ширина упаковки:22 см"
confident_contradiction,0,fold_04,Продукты питания,824633833556,197568627160,1,0.275,0.283,приправа kotanyi для рыбных блюд 44 г,"приправа для мясных блюд kotanyi,  мельница 40г","белки:8.3 г; вес:44.0 г; вид упаковки:мельница; жиры:3.9 г; калорийность:223.0 ккал; назначение:для рыбы; производитель:kotanyi gmbh; размер:44 г; состав:соль морская йодированная (соль морская, калия йодат), перец черный, имбирь, чеснок, лук, хлопья горчицы, кориандр, цедра лимона, семена укропа, п","бренд:kotanyi; вес товара, г:40; единиц в одном товаре:1; кухни мира:европейская; максимальная температура:25; минимальная температура:5; назначение приправы:универсальная; не содержит:без гмо; особенности напитков, продуктов питания:натуральный продукт; помол соль, специи:средний; состав:перец (зел"
confident_contradiction,0,fold_04,Бытовая техника,249108230323,266288016212,0,0.96,0.941,dreame cordless vacuum cleaner v12 pro grey,"ручной пылесос dreame v12 pro cordless vacuum cleaner, серый","вес:1.64 кг; время зарядки аккумулятора:240 мин; время работы от аккумулятора:85 мин; высота:122.6 см; дисплей:текстовый, цифровой; дополнительная информация:двигатель dreame space 6.0, автоматическая регулировка мощности всасывания, очистка пылесборника нажатием кнопки; дополнительная комплектация:","бренд:dreame; вес товара, г:1640; вид питания:встроенный аккумулятор; вид пылесборника:контейнер; вид фильтра:hepa фильтр; время работы от аккумулятора, мин:85; гарантийный срок:12 месяцев; комплектация:пылесос, адаптер питания, гибкий шланг, документация, настенная док-станция, удлинительная трубка"
confident_contradiction,0,fold_01,Музыкальные инструменты,25769839023,60129621469,0,0.998,0.958,la bella rx-n6c струны для бас-гитары,струны для бас-гитары la bella rx-n6c,бренд:la bella; назначение муз. аксессуара:для бас-гитары; тип:аксессуар для струнных,"инструмент:бас-гитара; калибр:30; количество струн в упаковке:6 шт.; подходит для мензуры:37 ""; форма оплетки:круглая"
confident_contradiction,0,fold_02,Спорт и отдых,687194926644,506806164510,1,0.182,0.056,"монофильная прозрачная калиброванная леска для рыбалки без памяти флюорокарбоновое покрытие zander master extra 50 м, 0,105 мм х 1,6 кг","монофильная прозрачная калиброванная леска для рыбалки без памяти флюорокарбоновое покрытие zander master extra 50 м, 0,181 мм х 5,2 кг",диаметр:0.105; длина:50; дополнительная информация:бесцветная; количество:1 шт.; разрывная нагрузка:1.6; сезон:летний; тип:монофильная леска; цвет товара:прозрачный,"бренд:zandermaster; вес товара, г:15; кол-во в комплекте, шт:1; количество нитей:1; размотка, м:50; разрывная нагрузка, кг:5.2; страна-изготовитель:китай; тип:монофильная леска для рыбалки; толщина, мм:0.181; упаковка:пластиковая коробка; цвет товара:прозрачный"
confident_contradiction,0,fold_01,Бытовая химия,249108204283,798863930887,0,0.98,0.923,"средство для мытья посуды velly ""бархатная фиалка"" 500 мл","средство для мытья посуды grass velly бархатная фиалка, 500 мл 125383","артикул:4746082; бренд:grass; вес товара, г:549; единиц в одном товаре:1; количество в упаковке, шт:1; назначение моющего, чистящего средства:для посуды; объем, мл:500; особенности применения:концентрат; состав:5-15% анионные пав, <5% неионогенные пав, консерванты, ароматизирующие добавки, гераниол;"," уровень рн:7; аромат:фиалка; вес, кг:0,55; высота, мм:220; гипоаллергенный:нет; длина, мм:90; единица товара:штука; объем:0.5 л; с дозатором:нет; состав:>30% очищенная вода; >5%, но <15% анионные пав; <5%: неиногенные пав, хлорид натрия, лимонная кислота, ароматизирующая добавка, метилхлороизоциазо"
confident_contradiction,0,fold_04,Красота и гигиена,42949749536,755914251502,0,0.943,0.952,"dr. ceuracle / reyouth moist sun spf 50, солнцезащитный крем spf 50","dr. ceuracle/крем солнцезащитный увлажняющий hyal reyouth moist sun spf50 spf50+ pa+, 50мл",spf:pa ++++; spf 50; валюта:rub; вес товара без упаковки (г):50 г; время нанесения:дневной; универсальный; действие:увлажнение; защита от солнца; комплектация:dr. ceuracle spf reyouth moist sun spf 50+ - 1 шт; объем товара:50 мл; состав:гиалуроновая кислота; пантенол; ниацинамид; фруктан; витамин e;,"spf:spf 50+; бренд:dr. ceuracle; вес, г:50; возрастной диапазон:от 18 лет; единиц в одном товаре:1; область использования:лицо; объем, мл:50; особенности состава:подходит для ежедневного применения; пол:женский; применение:дневной уход; состав:aqua, dibutyl adipate, propanediol, terephthalylidene di"
confident_contradiction,0,fold_01,Электроника,627065253312,77309450946,0,0.927,0.936,пульт для телевизора samsung le-37c652,пульт huayu для телевизора samsung le-37c652,"бренд:huayu; время работы от батарей:500 дней; гарантийный срок:3 месяца; количество в упаковке, шт.:1; комплектация:пульт ду; питание:аккумуляторы типа aaa; подходит для:samsung; радиус действия, м:8; совместимые модели телевизоров:samsung le-37c652; тип:пульт ду",беспроводные интерфейсы:ик; производитель совместимых устройств:samsung; тип:пульт ду; тип пульта:модельный; цвет товара:черный
confident_contradiction,0,fold_02,Бытовая химия,644245249677,77309424522,0,0.922,0.985,"comet / комет средство для унитаза лимон, 700 мл, 2 шт.","comet средство для туалета лимон, 700 мл , 2 шт/","валюта:rub; вес товара без упаковки (г):1400 г; вес товара с упаковкой (г):1500 г; высота упаковки:29 см; длина упаковки:12 см; комплектация:средство для унитаза 700мл. - 2 шт; срок годности:24 месяца; страна производства:россия; ширина упаковки:12 см; эффект чистящего средства:удаление налета, ржав","аромат:лимон; артикул:len00067021s2; бренд:comet; единиц в одном товаре:2; комплектация:comet средство для туалета лимон, 700 мл  - 2 шт; название аромата:лимон; назначение чистящего средства для ванной и туалета:для сантехники; объем, мл:700; состав: <5% анионные пав, отбеливающие вещества на основ"
confident_contradiction,0,fold_01,Мебель,395137044249,833223808507,0,0.976,0.921,"кухня ""лондон"" 1,6 м - дуб белый/дуб крем","интерьер-центр кухня ""лондон"" 1,6 м - дуб белый/дуб крем","артикул:391825; бренд:интерьер-центр; вид выпуска товара:фабричное производство; высота, см:210; глубина, см:60; материал корпуса:лдсп; тип:кухонный гарнитур; ширина, см:160",материал корпуса:лдсп; материал фасада:мдф/ стекло; стиль:современный; тип направляющих:шариковая; цвет товара:белый
confident_contradiction,0,fold_01,Бытовая химия,515396102730,274878022652,0,0.961,0.954,капсулы для стирки персил пауэр капс 4в1 колор 28шт,капсулы для стирки персил 28 шт пауэр капс колор 4 в1,"вес:0.42 кг; кол-во в упаковке:28 шт; кол-во стирок:28; концентрат:да; набор:нет; назначение:для цветных тканей; производитель:ооо лаб индастриз; свойства:колор; состав:13-30% анионных пав, неионогенных пав, 5-15% мыла, <5% фосфонатов, энзимов, отдушки (в т.ч. гераниола, линалоола), консерванта, кра","бренд:нет бренда; состав:капсулы для стиральной машины persil caps color - это новый формат стирки. средство рекомендовано для цветного белья.
капсулы персил содержат формулу deep clean technology - это комбинация 13 активных компонентов для отличного результата. капсулы от персил обеспечивают:
- от"
confident_contradiction,0,fold_02,Электроника,154618869857,635655219563,1,0.17,0.198,системный блок bonuspk 3741537,"bonuspk системный блок мощный компьютер для игр bonuspk o3740415 (intel core i7-12700f (3.6 ггц), ram 16 гб, ssd 500 гб, hdd 1000 гб, nvidia geforce rtx 3060 ti (8 гб), windows 10 pro), черный","артикул производителя:3741537; базовая частота процессора, в ггц:2.1; беспроводные интерфейсы:wi-fi; блок питания:750 вт; бренд:bonuspk; версия ос:10 professional; интерфейс hdd:sata iii; интерфейс ssd:m.2; код товара:600013173172; количество ядер процессора:8; комплект поставки:фирменный компьютер ",бренд:bonuspk; бренд графического процессора:nvidia; бренд процессора:intel; версия windows:windows 10 pro; видеокарта:nvidia geforce rtx 3060 ti (8 гб); видеопамять:8 гб; гарантийный срок:1 год; количество hdd:1; количество ssd:1; комплектация:фирменный компьютер bonuspk - 1 шт. кабель питания для 
confident_contradiction,0,fold_02,Аптека,463856613990,60129590555,0,0.952,0.943,гидрокортизон мазь туба 1% 10г,"гидрокортизон, мазь 1%, туба 10 г","дозировка:1%; количество в упаковке:1.000 шт; минимальный возраст:18 лет; мнн/действующее вещество:гидрокортизон; особые условия:при длительном применении, вследствие возможной резорбции в системный кровоток, гидрокортизон может снижать эффективность инсулина, пероральных гипогликемических, гипотенз","бренд:нет бренда; взаимодействие с другими препаратами:барбитураты,противоэпилептические и антигистаминные препараты снижают эффективность.парацетамолспособствует развитию гепатотоксичности.уменьшаетактивность салицилатов, гипогликемических средств, увеличивает —антикоагулянтов.сердечныегликозиды и "
confident_contradiction,0,fold_03,Хобби и творчество,712964730574,369367193269,0,0.972,0.977,"краситель выдумщики синтетический жидкий, зеленый, 15 г","выдумщики.ru краситель синтетический жидкий, зелёный, 15 г",бренд:выдумщики; вид основы:мыло; страна-изготовитель:россия; тип:краситель для мыловарения,консистенция:жидкая; тип:краситель; цвет товара:зеленый
confident_contradiction,0,fold_02,Детские товары,51539681009,566935722405,1,0.152,0.218,lovular подгузники giraffe m (6-11 кг) 60 шт,подгузники lovular giraffe s 4-8 кг 66 шт,бренд:lovular; вес ребенка:6-11 кг; единиц в одном товаре:1; количество подгузников в одной упаковке:60; особенности подгузников и гигиенических товаров:дышащая поверхность; особое применение подгузников:для чувствительной кожи; пол ребенка:унисекс; приучение к горшку:да; страна-изготовитель:великоб,"артикул производителя:5060434296924; бренд:lovular; вид:одноразовые; код товара:600012767899; количество в упаковке:66; максимальный вес ребенка, кг:8; минимальный вес ребенка, кг:4; модель:giraffe; пол ребенка:унисекс; применение:дневные; ночные; размер:2/s; страна-производитель:великобритания; тип"
confident_contradiction,0,fold_01,Дом и сад,223338378674,489626346507,0,0.929,0.959,"бокал, 160 мл, 6 шт",3045065 / бокал,"артикул:3045065; бренд:нет бренда; вес товара, г:1500; вид выпуска товара:фабричное производство; количество в комплекте, шт.:6; комплектация:<p>хрусталь – вечная нестареющая классика, которая украсит любую квартиру переливами своего блеска и в будни, и в праздники. мода на хрусталь не проходит уже ",валюта:rub; высота упаковки:27 см; длина упаковки:19 см; комплектация:набор бокалов - 6 шт.; материал посуды:хрусталь; страна производства:беларусь; цвет:прозрачный; ширина упаковки:19 см
confident_contradiction,0,fold_02,Красота и гигиена,747324471988,34359854340,0,0.926,0.949,"queen fair пинцет скошенный, узкий, 9 см, цвет серебристый","пинцет скошенный, узкий, 9 см, цвет серебристый","кончики:скошенные; назначение:для бровей, для ресниц; тип:пинцет; цвет товара:серебристый",бренд:queen fair; страна-изготовитель:китай; тип:пинцет; цвет товара:серебристый
confident_contradiction,0,fold_03,Продукты питания,850403569857,163208803206,0,0.918,0.987,печенье сахарное falcone кантуччи с миндалем 200г италия,falcone / печенье cantucci кантуччи с миндалем 200 г,"бренд:falcone; вес товара, г:200; единиц в одном товаре:1; максимальная температура:25; минимальная температура:0; состав:мука из мягких сортов пшеницы , сахар гранулированный 23 %, миндаль 20 %, яйца пастеризованные, белок яичный пастеризованный, тростниковый сахар 2, 5 %, разрыхлители (дигидропиро",валюта:rub; вес товара без упаковки (г):200 г; вес товара с упаковкой (г):210 г; вид печенья:сахарное; миндальное; вкус:миндаль; высота упаковки:20 см; длина упаковки:14 см; количество предметов в упаковке:1; комплектация:печенье cantucci в картонной упаковке 1 шт; максимальная температура хранения:
confident_contradiction,0,fold_01,Товары для животных,197568509066,481036370060,0,0.919,0.976,"пижон пеленки шестислойные гелевые для животных, 60 х 60 см, 5 шт","пеленки угольные шестислойные гелевые для животных, 60 х 60 см, 5 шт",особенности:с угольным фильтром; тип:пеленки,"бренд:нет бренда; единиц в одном товаре:5; количество пеленок в одной упаковке, шт:5; количество слоев:6 слоев; комплектация:пеленки для животных - 5 шт; название цвета:белый; предназначено для:для кошек; размер упаковки (длина х ширина х высота), см:21х2х30 см; страна-изготовитель:китай; тип:однора"
confident_contradiction,0,fold_02,Товары для животных,738734439881,352187358697,0,0.903,0.908,"корм для рыб тропических tetramin (тетра) 10л (2,1кг) хлопья - 1 шт","tetra тетра 769939 tetramin корм для тропических рыб, хлопья 10л",бренд:koiko; предназначено для:для рыб; срок годности в днях:365; тип:корм сухой,вид корма:хлопья; группа аквариумных рыб:харациновые; животное:рыбы; объем:10000 мл; тип:сухой корм
confident_contradiction,0,fold_04,Бытовая техника,618475332814,197568525493,0,0.909,0.954,электробритва vgr v-332,"vgr электробритва для бритья головы и бороды v-332, золотой",валюта:rub; высота упаковки:24 см; длина упаковки:14 см; ширина упаковки:8 см,"бренд:vgr; вес товара, г:200; время зарядки аккумулятора, ч:2; комплектация:- электробритва-шейвер vgr v-332
- сменная головка
- кабель usb
- сумочка-чехол
- щёточка
- масло
- инструкция
- упаковка
; мощность, вт:8; питание:от аккумулятора; размеры, мм:130; способ бритья:влажное бритье; страна-изгот"
confident_contradiction,0,fold_04,Строительство и ремонт,635655288970,60129579967,0,0.956,0.908,розетка 1-м сп atlasdesign 16а ip20 с заземл. защ. шторки с крышкой механизм мокко atn000646 schneider electric,"systeme electric atlasdesign мокко, розетка c заземлением, со шторками, с крышкой, 16а механизм, atn000646","гарантийный срок:1 г.; класс защиты (ip):ip20; количество гнёзд (постов):1 шт.; комплектация:механизм; номинальный ток:16 а; особенности:заземляющий контакт, защитные шторки; тип:розетка; тип розетки:с заземляющим контактом; цвет товара:мокко","бренд:systeme electric; вес с упаковкой, г:100; вид розетки:розетка тип f (""schuko""); высота товара в упаковке, мм:50; гарантия:1 год; глубина, мм:43; длина товара в упаковке, мм:85; единиц в одном товаре:4; кол-во постов:1; кол-во розеток:1; комплектация:механизм розетки- 4 шт.; макс. напряжение, в"
confident_contradiction,0,fold_02,Строительство и ремонт,455266687495,455266687493,0,0.973,0.983,набор губцевого инструмента jcb 3 предмета jpl016,jcb набор губцевого инструмента 3 предм. jpl016,"вес нетто:1.1 кг; вес, кг:1,15; высота, мм:65; длина, мм:250; единица товара:штука; класс товара:профессиональный; клещи:нет; количество в наборе:3 шт; рукоятки-чехлы:двухкомпонентные; упаковка:сумка; ширина, мм:305","артикул:ot3381241; бренд:jcb; вес с упаковкой, г:1145; тип:набор инструментов"
confident_contradiction,0,fold_02,Электроника,34359787859,154618920854,0,0.962,0.934,мышь a4tech bloody p81s черный оптическая (8000dpi) usb (8but) (p81s curve activated),"мышь a4tech bloody p81s, игровая, оптическая, проводная, usb, черный [p81s curve activated]","mtbf, кликов:20000000; бесшумное нажатие:нет; бренд:a4tech; вес товара, г:150; гарантийный срок:1 год; дополнительные клавиши:разрешение сенсора мышки; колесо прокрутки:нет; количество кнопок:8; комплектация:документация; макс. разрешение датчика, dpi:8000; макс. ускорение, g:25; партномер:p81s; пит","вес:150 г; высота:40 мм; длина:124 мм; длина провода:1.8 м; дополнительная информация:время отклика: до 0,2 мс; подсветка настраивается с помощью по bloody 6; колесо прокрутки: более 1 млн оборотов; металлические ножки x' glide: свыше 300 км; микропереключатели: более 20 млн нажатий (правая/левая кн"
confident_contradiction,0,fold_04,Бытовая техника,231928301112,670015062168,0,0.918,0.993,вакуумный упаковщик bbk bvs801,вакуумный упаковщик bbk bvs801 белый,гарантия продавца / производителя:12 мес.; модель:bbk bvs801; страна-производитель:китай; тип:вакуумный упаковщик,"бренд:bbk; вес товара, г:1320; гарантийный срок:1 год; комплектация:нож, пакеты для вакуумирования (5 штук), рулон для вакуумирования (1 штука), руководство по эксплуатации, гарантийный талон.; макс. ширина пакета, см:30; материал корпуса:пластик; мощность, вт:165; размеры, мм:165х399х81; степень ва"
confident_contradiction,0,fold_01,Бытовая химия,601295491912,652835151189,0,0.911,0.934,"моё солнышко мое солнышко бальзам после укусов насекомых детский 2,8","бальзам детский после укусов насекомых мое солнышко 2,8 гр.","бренд:моё солнышко; вес в транспортной упаковке:0.1 кг; вид насекомых:комары, мухи, слепни; габариты транспортной упаковки:13х12х13 см; назначение:после укусов; особенности:безопасно для детей, гипоаллергенное; срок годности:2 г., хранить в сухом помещении; тип:бальзам","бренд:мое солнышко; вес товара, г:2.8; вид вредителя:комар; единиц в одном товаре:1; комплектация:бальзам детский после укусов насекомых мое солнышко 2,8 гр.; состав:масло минеральное, воск пчелиный, масло касторовое, жиры кондитерские, масло подсолнечное, воск карнаубский, парафин, масло какао, лан"
confident_contradiction,0,fold_04,Бытовая техника,584115629924,369367197616,0,0.984,0.99,scarlett утюг sc-si30k51,scarlett / утюг scarlett sc-si30k51 фиолетовый,"беспроводное использование:нет; бренд:scarlett; вертикальное отпаривание:да; вес товара, г:900; гарантийный срок:1 год; индикаторы:готовность к работе; комплектация:документация; мощность, вт:2200; объем резервуара для воды, мл:250; особенности утюга, отпаривателя:вертикальное отпаривание; паровой у",валюта:rub; высота упаковки:11 см; гарантийный срок:12 мес.; длина кабеля:160 см; длина упаковки:27 см; индикация утюга:индикатор работы; комплектация:документация; материал подошвы:керамика; модель:scarlett sc-si30k51; мощность устройства:2200 вт; напряжение:220-240 в / 50 гц; паровой удар:120 г/ми
confident_contradiction,0,fold_03,Детские товары,42949706906,609885519970,0,0.925,0.94,"не определен машина радиоуправляемая «джип-акробат», 4wd, управление жестами, работает от аккумулятора, цвет синий","машина радиоуправляемая ""джип-акробат"", 4wd, управление жестами, работает от аккумулятора, цвет синий",бренд:неизвестен; количество штук:100,"бренд:noname; вид транспорта:масштабные модели; время работы, мин:20; количество батареек:2; максимальная скорость, км/ч:12; максимальный возраст ребенка:до 18 лет; минимальный возраст ребенка:от 3 лет; особенности радиоуправляемых игрушек:световые эффекты; питание пульта:сменная батарея; питание ра"
confident_contradiction,0,fold_03,Детские товары,635655282597,438086672093,0,0.97,0.957,"мягкая игрушка привидение с тыквой, цвет белый","не определен мягкая игрушка «привидение» с тыквой, цвет белый","бренд:нет бренда; высота игрушки, см:35; гарантийный срок:7 дней; минимальный возраст ребенка:9 месяцев; пол ребенка:унисекс; страна-изготовитель:китай; тип:мягкая игрушка; цвет товара:белый",вес в транспортной упаковке:0.124 кг; высота/длина:35 см; габариты транспортной упаковки:8х31х22 см; особенности:без особенностей; тип:мягкая игрушка; цвет товара:белый
confident_contradiction,0,fold_01,Красота и гигиена,42949799549,463856484361,1,0.297,0.013,"leo's / шампунь elseve для жирных волос, 400 мл","l'oreal paris бальзам для волос, 200 мл","валюта:rub; вес товара без упаковки (г):400 г; действие:очищение; восстановление; волосы у корней сохраняют свежесть и легкость до 72 часов; комплектация:шампунь для волос elseve 3 ценные глины, 400 мл - 1 шт.; объем товара:400 мл; срок годности:36 месяцев; страна производства:россия; тип волос:для ","бренд:l'oreal paris; вес, г:200; единиц в одном товаре:1; объем, мл:200; пол:женский; солнцезащитная косметика:нет; состав:aqua/water, cetearyl alcohol, behentrimonium chloride, glycine soja oil/soybean oil, cetylesters, sod ium hyaluronate, phenoxyethanol, argilla/magnesium aluminumsilicate, chlorh"
confident_contradiction,0,fold_02,Детские товары,292057880487,592705530352,0,0.949,0.917,"mangustin / кукла мягконабивная ""сонечка"" 30 см, со звуком, в платье","кукла мягконабивная сонечка 30см, со звуком, в платье",валюта:rub; высота упаковки:30 см; длина упаковки:21 см; ширина упаковки:8 см,"бренд:sima-land; высота игрушки, см:30; материал:пластик; минимальный возраст ребенка:от 3 лет; пол ребенка:девочка; страна-изготовитель:китай; тип:мягкая кукла"
confident_contradiction,0,fold_02,Аптека,197568521306,420906829937,0,0.965,0.917,биоритм / анальный гель на водной основе intim bluz (50 г),анальный гель-лубрикант intim bluz - 50 гр.,"аромат:без отдушки; валюта:rub; вид лубриканта:анальный; вкус:без вкуса; высота упаковки:14 см; действие лубриканта:скольжение; антисептика; длина упаковки:7 см; комплектация:анальный гель-лубрикант intim bluz - 50 гр; объем средства:50 мл; основа лубриканта:водная; состав:aqua, glycerin, peg-8, hyd","бренд:bioritmlab; область использования:анальная; основа состава:водная; состав:вода, глицерин, полиэтиленоксид, глицин, гидроксиэтилцеллюлоза, полиаминопропил бигуанид, метилпарабен, пропилпарабен, краситель е133; срок годности в днях:365; страна-изготовитель:россия; тип:лубрикант"
confident_contradiction,0,fold_04,Продукты питания,180388677648,309237685263,0,0.975,0.977,кофе в зернах today blend №8 200г 1шт,"today / кофе в зёрнах blend 8, today, 200 г, нидерланды","бренд:today; вес товара, г:200; единиц в одном товаре:1; максимальная температура:20; минимальная температура:0; состав:100% арабика; срок годности в днях:720; страна-изготовитель:нидерланды; тип:кофе в зернах; условия хранения:хранить в сухом прохладном месте",валюта:rub; вес товара без упаковки (г):200 г; вес товара с упаковкой (г):230 г; вид зерен:арабика; высота упаковки:25 см; длина упаковки:15 см; срок годности:24 мес; страна производства:нидерланды; ширина упаковки:8 см
confident_contradiction,0,fold_01,Музыкальные инструменты,77309526216,764504228793,0,0.967,0.903,маракас dekko m0 bl,маракасы dekko m0 bl,"бренд:dekko; комплектация:маракас - 2 шт, документация - 1 шт; партномер:m0 bl; страна-изготовитель:китай; тип:маракас; цвет товара:бежевый","вес упаковки, кг:0.14; высота упаковки, см:22.0; длина упаковки, см:6.0; страна производства:китай; ширина упаковки, см:6.0"
confident_contradiction,0,fold_02,Музыкальные инструменты,747324328647,584115575094,0,0.944,0.945,кастаньеты dekko g-8-6,dekko / dekko g-8-6 кастаньеты на ручке деревянные,"бренд:dekko; вес товара, г:60; комплектация:кастаньеты - 1 шт, документация - 1 шт; партномер:g-8-6; страна-изготовитель:китай; тип:перкуссия; тип перкуссии:кастаньеты; цвет товара:бежевый",валюта:rub; комплектация:кастаньеты на ручке; материал музыкального инструмента:береза; страна производства:китай; цвет:натуральный
confident_contradiction,0,fold_02,Дом и сад,781684057758,352187483043,0,0.989,0.981,"добрушский фарфоровый завод, тарелка мелкая ""лесовичок"", d - 17 см, рисунок микс","добрушский фарфоровый завод тарелка мелкая «лесовичок», d=17 см, рисунок микс","артикул:sl-1578044-1-sl556p1-501; бренд:добрушский фарфоровый завод; вес товара, г:240; вид выпуска товара:фабричное производство; диаметр, см:17; количество предметов:1; комплектация:добрушский фарфоровый завод, тарелка мелкая ""лесовичок"", d - 17 см, рисунок микс - 1 штука; материал:фарфор; страна-",диаметр:17 см; дизайн:цветы и растения; для детей:да; использование в свч:да; количество в наборе:1 шт.; материал:фарфор; мытьё в посудомоечной машине:да; особенности:с рисунком; праздник:новый год; тип:тарелка; форма:круглая; цвет товара:белый
confident_contradiction,0,fold_02,Хобби и творчество,68719544503,618475317234,0,0.915,0.965,"barantsev настольные игры / карточная игра ""отвечай или выполняй"", 50 карт","карточная игра ""отвечай или выполняй"", 50 карт","валюта:rub; высота упаковки:10 см; длина упаковки:10 см; комплектация:карточная игра ""отвечай или выполняй"", 50 карт; страна производства:китай; ширина упаковки:10 см",бренд:нет бренда; вид выпуска товара:фабричное производство; материал:бумага; тип:настольная игра
confident_contradiction,0,fold_03,Строительство и ремонт,584115595820,58757,0,0.939,0.96,"автоматический выключатель ekf 2p 25а (c) 4,5ка ва 47-29 basic mcb4729-2-25c","автоматический выключатель ekf ва 47-29 (mcb4729-2-25c) 2p 25а тип c 4,5 ка 400 в на din-рейку","вес нетто:0.2 кг; вес, кг:0,20; вид:автоматический выключатель; высота:80 мм; высота, мм:80; глубина:75 мм; гост:гост iec 60898-1; длина, мм:75; единица товара:штука; климатическое исполнение:ухл-4; количество полюсов:2; модельный ряд:basic; номинальное напряжение:230/400 в; номинальный ток:25 а; от","бренд:ekf; единиц в одном товаре:1; комплектация:автоматический выключатель ekf ва 47-29 (mcb4729-2-25c) 2p 25а тип c 4,5 ка 400 в на din-рейку; номинальное напряжение, в:400; номинальный ток, а:25; тип:автоматический выключатель; тип выключателя:модульный"
confident_contradiction,0,fold_02,Хобби и творчество,601295455622,300647734948,0,0.957,0.962,"шахматы магнитные, 19.5 х 19.5 см, чёрно-белые","без бренда шахматы магнитные, 19.5 х 19.5 см, чёрно-белые",бренд:нет бренда; вид выпуска товара:фабричное производство; тип:шахматы,вес:0.245 кг; материал фигур:пластик; особенности:магнитные; тип:шахматы
confident_contradiction,0,fold_02,Хобби и творчество,635655270041,575525690415,0,0.945,0.981,звезда / 3657 kamaz-43509 камаз -мастер докар,"сборная модель zvezda автомобиль ""kamaz-43509"", набор для сборки, масштабная модель 1:35, звезда арт. 3657",валюта:rub; высота упаковки:7 см; длина упаковки:30 см; масштаб:1/35; материал изделия:пластик; страна производства:россия; ширина упаковки:40 см,"бренд:zvezda; вид автомодели:грузовик; вид техники:гражданская; возраст ребенка:от 7 лет; длина модели, см:21; исторический период:современность; количество элементов, шт:275; комплектация:без клея в комплекте; масштаб модели для сборки:1/35; материал:пластик; минимальный возраст ребенка:от 7 лет; н"
confident_contradiction,0,fold_03,Хобби и творчество,790274061902,515396159039,1,0.167,0.23,000 - art- набор для вышивания картины / вышивка китайским бисером.пристань 24*30 см,"алмазная мозаика на подрамнике пристань, картина диамант, 43,7х35см",валюта:rub; вес товара с упаковкой (г):300 г; возрастные ограничения:нет; высота упаковки:28 см; длина упаковки:2 см; количество предметов в наборе:4 шт.; комплектация:инструкция - 1 шт; схема на габардине - 1 шт; игла бисерная - 1 шт; комплект китайского бисера; страна производства:россия; схема вы,"бренд:диамант; выкладка/вышивка:полная; длина по вертикали, см:43.7; длина по горизонтали, см:35; комплектация:в набор алмазной мозаики тм диамант входит: *схема-рисунок, стилус, поднос, клей, стразы (необходимое количество для данной схемы), инструкция; материалы набора:габардин; минимальный возрас"
confident_contradiction,0,fold_01,Бытовая техника,429496826322,240518304703,0,0.949,0.974,"соковыжималка куряночка (садовая) свпп-201 без шинковки, 250вт, г.курск",спектр-прибор / соковыжималка куряночка свпп-201 без шинковки,"бренд:спектр-прибор; вес товара, г:6500; вид соковыжималки:центробежная; доп. комплектация:стакан для сока; комплектация:соковыжималка, стакан для сока, резервуар для жмыха, толкатель; материал корпуса:пластик; мощность, вт:250; страна-изготовитель:россия; тип:соковыжималка; цвет товара:белый; число",валюта:rub; вес с упаковкой (кг):6.6 кг; высота предмета:38 см; высота упаковки:26 см; глубина предмета:23 см; длина упаковки:41 см; модель:свпп-201 без шинковки; мощность устройства:250 вт; страна производства:россия; тип соковыжималки:электрическая; центробежная; управление:механическое; ручное(кн
confident_contradiction,0,fold_03,Канцелярские товары,240518181616,420906886278,0,0.915,0.999,art & craft альбом для рисования акварелью арт славянство и язычество,альбом для рисования арт славянство и язычество,"вид крепления:спираль и гребень; длина:29.7 см; количество листов:30 л.; линейка:рисование; назначение:для акварели, для гуаши, для каллиграфии, для карандаша, для маркеров; обложка:картон; плотность:170 г/м²; разлиновка:отсутствует; тип:альбом; фактура бумаги:мелкое зерно; формат:a4; цвет страниц:с","бренд:альбомы; бумага:фактурная; вид живописи:акварель; возраст учащегося:без ограничения; единиц в одном товаре:1; количество листов, шт:30; крепление в бумажной продукции:спираль и гребень; материал обложки:картон; многоразовые страницы:нет; назначение материала, аксессуара для рукоделия:рисование"
confident_contradiction,0,fold_03,Продукты питания,558345841059,42949752080,0,0.959,0.934,"чай ahmad tea earl grey черный с ароматом бергамота (2г х 25 пак), 50г",чай черный ahmad tea earl grey 25х2г,"бренд:ahmad tea; вид чая:черный; единиц в одном товаре:1; максимальная температура:25; минимальная температура:5; состав:байховый; срок годности в днях:900; страна-изготовитель:россия; тип:чай в пакетиках; упаковка:картонная коробка; условия хранения:хранить в чистых, сухих, не зараженных вредителям","бренд:ahmad; вес:0.05 ""кг""; состав:чай черный байховый мелкий, пищевой ароматизатор бергамот """"; страна производства:россия"
confident_contradiction,0,fold_04,Бытовая химия,481036342188,850403553397,0,0.953,0.976,grass / таблетки для посудомоечных машин экологичные crispi 100шт,"grass crispi экологичные таблетки для посудомоечных машин, 100 шт",валюта:rub; высота упаковки:10 см; длина упаковки:30 см; ширина упаковки:10 см,"аромат:свежий; бренд:grass; вес товара, г:250; единиц в одном товаре:1; количество таблеток/капсул в одной упаковке, шт:100; комплектация:grass crispi экологичные таблетки для посудомоечных машин, 100 шт -1 упаковка; назначение средств для посудомоечных машин:для мытья посуды; особенности применения"
confident_contradiction,0,fold_04,Дом и сад,841813599354,163208890971,0,0.975,0.929,"венок праздничный морозное утро,45 см, ручная работа","венок праздничный ""морозное утро"",45 см, ручная работа",валюта:rub; комплектация:1 шт; страна производства:россия,артикул:4537069; бренд:нет бренда; вид выпуска товара:фабричное производство; праздник:новый год; с подсветкой:нет; тип:венок
confident_contradiction,0,fold_03,Продукты питания,120259185311,841813700494,0,0.931,0.975,"кофе зерновой jardin эфиопия эйфория жаренный, 250г","jardin кофе в зернах euphoria, 250 г",бренд:jardin; вид упаковки:мягкая упаковка; ингредиенты:100% арабика.; интенсивность:средний; линейка/коллекция/серия/суббренд:эфиопия эйфория; пищ.ценность:7 ккал; производитель:орими трэйд ооо; содержание кофеина:да; стандарт качества:таможенный союз eac; степень обжарки/ферментации:средняя; тип к,"бренд:jardin; вес товара, г:250; единиц в одном товаре:1; интенсивность вкуса:средний; максимальная температура:20; минимальная температура:0; не содержит:без гмо; особенности напитков, продуктов питания:вегетарианский продукт; содержание арабики, %:100; содержит:кофеин; состав:кофе жареный, упаково"
confident_contradiction,0,fold_01,Строительство и ремонт,369367206233,584115620385,0,0.967,0.98,детектор проводки-трассоискатель cem la-1012,детектор скрытой проводки (трассоискатель) cem la-1012,валюта:rub; высота предмета:19 см; глубина обнаружения:2500 мм; глубина предмета:3 см; материал корпуса:пластик; страна производства:китай; цвет:синий; ширина предмета:7 см,"бренд:may market; гарантия:1 год; комплектация:генератор - 1 шт.
приемник - 1 шт.
комплект проводов - 1 шт.
зажимы типа ""крокодил"" - 2 шт.
щупы - 2шт.
батареи типа ""крона"" - 2 шт.
пластиковый кейс - 1 шт.
руководство по эксплуатации - 1 шт.; макс. глубина обнаружения меди, мм:2500; макс. глубина обн"
confident_contradiction,0,fold_04,Музыкальные инструменты,180388656450,592705620182,1,0.163,0.04,мундштук для тенор саксофона yanagisawa №7 эбонитовый,мундштук для баритон саксофона №9 эбонитовый,"бренд:yanagisawa; вес товара, г:90; комплектация:комплектация представлена на фото; партномер:ythr 7; размеры, мм:270/200/50; страна-изготовитель:япония; тип:аксессуар для духовых","вид инструмента:баритон, саксофон; материал:эбонит; назначение:универсальный; тип комплектующей:мундштук"
confident_contradiction,0,fold_01,Музыкальные инструменты,223338311398,481036458388,0,0.914,0.995,мостик скрипичный fom me-042 (1/2),мостик для скрипки fom me-042 1/2,бренд:fom; гарантийный срок:12 месяцев при соблюдении правил хранения и эксплуатации; партномер:mf01260; тип:аксессуар для струнных,материал:-; назначение:для скрипки; размер:1/2; тип аксессуара:мостик; цвет товара:натуральный
confident_contradiction,0,fold_03,Канцелярские товары,188978604683,618475391407,0,0.946,0.935,"сейф aiko t-250 el для денег и документов для дома/офиса 250x350x250 мм, электронный замок",aiko / сейф для дома t-250 el,"бренд:aiko; вес, кг:7; высота, см:25; глубина, см:25; класс взломостойкости двери (гост-р):h0; количество заводских упаковок:1; материал:металл; название цвета:серый; наличие трейзера (кассового отделения):нет; объем главного отделения, л:17.7; особенности емкостей для хранения:жесткая конструкция; ","валюта:rub; вес с упаковкой (кг):7 кг; высота предмета:25 см; глубина предмета:25 см; класс огнестойкости:нет; количество полок:1 шт.; комплектация:сейф - 1шт.; электронный кодовый замок pls-3.2 - 1шт.; аварийный мастер-ключ - 1шт.; комплект фетровых ножек - 2шт.; инструкция по эксплуатации замка, п"
confident_contradiction,0,fold_04,Товары для животных,824633860014,223338377552,0,0.92,0.991,корм сухой perfect fit sterile с курицей для кастрированных котов и стерилизованных кошек 650г,"корм сухой perfect fit для взрослых стерилизованных кошек, с курицей, 650 г","белки:37.0 ""г""; бренд:perfect fit; вес:0.65 ""кг""; жиры:12.0 ""г""; состав:муки животного происхождения (в том числе из курицы), пшеничная мука, кукурузная мука, концентрат соевого белка, концентрат кукурузного белка, бульон из продуктов животного происхождения, рис, животные жиры и растительные масла,","артикул:7223; бренд:perfect fit; вес товара, г:650; вкус корма для животных:курица; возраст животного:для взрослых; единиц в одном товаре:1; класс корма:эконом; комплектация:1 пакет; минеральные вещества:белок - 37,0 г; жир - 12,0 г; зола - 8,5 г; клетчатка - 1,7 г; влага - 6,0 г; витамин а - 670 ме"
confident_contradiction,0,fold_02,Хобби и творчество,335007546584,455266681385,0,0.93,0.996,"молния металлическая, разъёмная 1 замок, на атласной тесьме, 4 мм, 70 см, цвет зеленый, 1 шт","riri молния металлическая, разъёмная 1 замок, на атласной тесьме, 4 мм, 70 см, цвет зеленый, 1 шт",бренд:riri; тип:застежка-молния; цвет товара:зеленый,вид зубцов:металлические; способ расстегивания:разъемная; тип:молния
confident_contradiction,0,fold_04,Бытовая химия,420906812182,575525728387,0,0.915,0.926,"средство для мытья посуды ""ромашка и витамин е"", 900 мл",аоs / средство для мытья посуды ромашка и витамин е 900 мл,"артикул:1251389; бренд:нет бренда; единиц в одном товаре:1; количество в упаковке, шт:1; комплектация:товар поставляется в упаковке; состав:см на упаковке; страна-изготовитель:россия; тип:средство ручного мытья посуды",валюта:rub; высота упаковки:16 см; длина упаковки:4 см; комплектация:1; срок годности:36 мес; страна производства:россия; ширина упаковки:8 см
confident_contradiction,0,fold_01,Продукты питания,412316866211,85899457655,1,0.278,0.068,макаронные изделия bottega del sole спагетти 500 г 5 шт,макаронные изделия bottega del sole фетучини 500 г 5 шт,"вес упаковки, кг:2.5; высота упаковки, см:27.0; длина упаковки, см:2.6; страна производства:россия; ширина упаковки, см:7.9","бренд:нет бренда; вес товара, г:500; единиц в одном товаре:30; максимальная температура:29; минимальная температура:21; срок годности в днях:22; тип:макароны"
confident_contradiction,0,fold_02,Товары для животных,807453991080,8590016011,0,0.901,0.942,сухой корм для взрослых собак средних и крупных пород alleva equilibrium sensitive с океанической рыбой 12 кг,alleva / для собак с океанической рыбой 12кг,"артикул:p6008; бренд:alleva; вес товара, г:12000; вкус корма для животных:рыба; возраст животного:для взрослых; единиц в одном товаре:1; основной ингредиент:рыба; особенности:без гмо; предназначено для:для собак; размер животного:средний; содержание мяса, субпродуктов, %:50; состав:д1егидратированна",валюта:rub; вес товара без упаковки (г):12000 г; вид вкуса корма:рыба; вид животного:для собак; возраст животного:взрослые; высота упаковки:50 см; длина упаковки:35 см; комплектация:для собак с океанической рыбой 12кг; порода кошки:для любой породы; размер животного:крупный; средний; срок годности:5
confident_contradiction,0,fold_01,Детские товары,249108155373,773094121360,0,0.903,0.9,нордпласт кран космический 033,"нордпласт / кран ""космический""","бренд:нордпласт; вид спецтехники:кран; длина, см:33.5; материал:пластик; назначение спецтехники:строительная; страна-изготовитель:россия; тип:машинка",валюта:rub; материал игрушки:пластик; страна производства:россия
confident_contradiction,0,fold_01,Детские товары,249108235992,773094134902,0,0.921,0.994,полесье / набор детской посуды хозяюшка на 6 персон (v5) (38 элементов,"полесье, набор детской посуды ""хозяюшка"", на 6 персон, 38 элементов",валюта:rub; высота упаковки:22 см; длина упаковки:23 см; ширина упаковки:20 см,"бренд:полесье; вид профессии:повар; вид сюжетно-ролевой игрушки:посуда и продукты; дополнительные функции:развивающая; количество элементов, шт:38; максимальный возраст ребенка:до 7 лет; материал:пластик; минимальный возраст ребенка:от 3 лет; пол ребенка:девочка; страна-изготовитель:беларусь; тип:сю"
confident_contradiction,0,fold_04,Музыкальные инструменты,34359830476,420906887497,0,0.985,0.994,"d'andrea cp23 md blk - упаковка медиаторов, толщина: 0.73 мм, 72 шт.","d'andrea cp23 md blk медиаторы, толщина 0.73 мм, 72 шт","в комплекте:72 шт.; материал:пластик; тип:аксессуар для струнных; цвет товара:черный, белый",бренд:d'andrea; вид музыкального аксессуара:медиатор; назначение муз. аксессуара:для акустической гитары; тип:аксессуар для струнных
confident_contradiction,0,fold_03,Хобби и творчество,661425084198,601295539914,0,0.993,0.91,"слайм ""стекло"" с фиолетовыми крупными блёстками",лепа слайм «стекло» с фиолетовыми крупными блёстками,бренд:лепа; страна-изготовитель:россия; тип:набор для изготовления слайма,"возраст:от 3 лет; материал:полимер; пол:унисекс; срок службы:12 мес., использовать при температуре не ниже -10 градусов; тип:слайм; цвет товара:фиолетовый"
confident_contradiction,0,fold_01,Товары для животных,661425001433,266288070776,1,0.236,0.046,happy jungle / корм для декоративных крыс 900 г,"корм сухой для волнистых попугаев happy jungle, 900г","валюта:rub; вес товара с упаковкой (г):900 г; вид вкуса корма:зерно; вид грызуна:крыса; вид животного:для грызунов; возраст животного:для всех возрастов; высота упаковки:26 см; длина упаковки:13 см; количество предметов в упаковке:1; комплектация:корм, 1 шт.; назначение корма:повседневный; состав:пш","бренд:нет бренда; вес товара, г:900; возраст животного:для взрослых; предназначено для:для птиц; состав:просо красное, просо желтое, овсяная крупа, сорго белое, канареечное семя, лен, ракушка для птиц, конопляное семя, абрикос сушеный, ананас сушеный, мед.; срок годности в днях:730; страна-изготовит"
confident_contradiction,0,fold_02,Детские товары,395137127185,94489439626,0,0.919,0.965,"кукла шарнирная ""клуб девочек-волшебниц"" / 9088208",happy valley кукла шарнирная «клуб девочек-волшебниц»,"бренд:happy valley; высота игрушки, см:30; дополнительные функции:развивающая; максимальный возраст ребенка:до 18 лет; материал:пластик; минимальный возраст ребенка:от 3 лет; особенности куклы:можно причесывать; пол ребенка:девочка; страна-изготовитель:китай; тематика кукол:модницы; тип:кукла; цвет ",высота:30 см; минимальный возраст:3 года; особенности:шарнирная; питание:отсутствует; тип:классическая
confident_contradiction,0,fold_04,Музыкальные инструменты,773094243152,549755957010,0,0.951,0.973,veston kuc100 bk укулеле концерт серия q3,veston kuc100 bk - укулеле концерт,"бренд:veston; вес товара, г:520; гарантийный срок:12 мес.; звукосниматели:нет; количество ладов, шт.:18; количество струн:4; комплектация:коробка; укулеле; мини-самоучитель; крепление грифа:вклеенный; материал грифа:нато; материал корпуса/верхней деки:красное дерево; материал накладки грифа:орех; ма",материал верхней деки:красное дерево; отделка:матовая; размер:концерт; тип:укулеле
confident_contradiction,0,fold_03,Строительство и ремонт,695784816160,841813719677,1,0.293,0.243,schneider electric авдт со встр. защ. от сверхтоков 1p+n 20а 30ма ac с диф-101. 15158dek dekraft (5шт.),dekraft дифференциальный автомат 2p 32а,гарантийный срок:1 г.; класс устройства защитного отключения:ac; количество полюсов:1; ток утечки:30 ма,"бренд:dekraft; количество модулей:7; количество полюсов:2; комплектация:dekraft автоматический дифференциальный выключатель 1p+n 32а 30ма тип ac х-ка c диф-101 4,5ка; номинальная отключающая способность, кa:4.5; номинальное напряжение, в:230; номинальный ток, а:32; страна-изготовитель:китай; тип:диф"
confident_contradiction,0,fold_04,Бытовая техника,824633814494,807453942844,0,0.942,0.934,настольная плита homestar hs-1104,"homestar / плитка электрическая homestar hs-1104, 2 конф","бренд:homestar; гарантийный срок:1 год; количество конфорок:2; материал рабочей поверхности:чугун; потребляемая мощность, вт:2000; страна-изготовитель:россия; тип:настольная плита; тип панели (плиты):электрическая; тип питания:электрический; цвет товара:черный","валюта:rub; вес с упаковкой (кг):2.77 кг; комплектация:плитка электрическая homestar hs-1104, 2 конф-1шт; модель:плитка электрическая homestar hs-1104, 2конф; страна производства:китай"
confident_contradiction,0,fold_02,Красота и гигиена,661424982490,687194852582,0,0.931,0.995,fusion 5 / сменные кассеты gillette fusion 5 8 шт,сменные кассеты gillette fusion5 8 шт.,валюта:rub; количество предметов в упаковке:8шт.; материал лезвий:нержавеющая сталь; страна производства:германия,"бренд:gillette; единиц в одном товаре:8; количество в упаковке, шт:8; количество упаковок, шт.:1; материал:нержавеющая сталь; пол:мужской; совместимость со станком:gillette fusion 5; страна-изготовитель:германия; тип:сменные кассеты для мужских бритв"
confident_contradiction,0,fold_01,Продукты питания,455266578044,670014973469,0,0.975,0.97,"мистраль рис для плова традиционного, 900 г",рис мистраль для плова традиционного 900г,"бренд:мистраль; в пакетиках для варки:false; вес товара, г:900; вид риса:белый; время приготовления, мин:25; единиц в одном товаре:1; максимальная температура:20; минимальная температура:0; не содержит:без гмо; особенности напитков, продуктов питания:изготовлено по госту; состав:рис белый круглозерн","бренд:мистраль; вес:900 г; вид риса:круглозерный; не содержит:гмо, глютен; особенности:для плова; состав:крупа рисовая фасованная; срок хранения:365 дн.; страна произрастания:россия; условия хранения:хранить в сухом прохладном месте"
confident_contradiction,0,fold_01,Дом и сад,747324372492,163208861726,0,0.912,0.916,"семена флокс мерцающая звезда 0,2гр.","агрэкс семена цветов флокс мерцающая звезда, 0,2 г","артикул:30126; бренд:поиск агрохолдинг; вид посадочного материала:флоксы однолетние; время посадки в грунт:май; время посадки на рассаду:март; время цветения:июнь; высота растения, см:30; жизненный цикл:однолетник; количество заводских упаковок:1; комплектация:бумажный пакет, семена; сорт семян:мерц",вес упаковки:0.2 г; культура:цветы; посадочный материал:семена; цветы:флокс
confident_contradiction,0,fold_04,Хобби и творчество,764504205425,687194818185,0,0.927,0.963,"декоративная застёжка, 4,5 * 1,5 см, цвет чёрный","арт узор декоративная застёжка, 4,5 x 1,5 см, цвет чёрный","бренд:нет бренда; длина, см:4.5; материал:металл; тип:застежка",материал:металл; цвет товара:черный
confident_contradiction,0,fold_03,Товары для животных,618475431886,463856528770,0,0.901,0.92,лакомство inaba ciao churu bee для взрослых собак для поддержки жкт запеченные трубочки с куриным филе 80 гр (1 шт),"inaba чуру-би запечёные трубочки для здоровья жкт, куриное филе для собак 80г",бренд:inaba; вкус:птица; возраст:1 - 6 лет; общий вес:80 г; срок годности:24 мес.; тип:трубочки,"белки, г/100 г:19.2; бренд:inaba; вес товара, г:80.0; ветеринарная диета:заболевания жкт; вид лакомства:трубочки; вкус корма для животных:курица; возраст животного:для взрослых; единиц в одном товаре:1; жесткость:мягкие; жиры, г/100 г:3.36; количество лакомств в одной упаковке:8; комплектация:1 блис"
confident_contradiction,0,fold_01,Строительство и ремонт,352187376088,77309475788,0,0.946,0.929,"stayer / stayer procut 133мм, коронка би-металлическая,","биметаллическая коронка stayer procut 133 мм, 29547-133",валюта:rub,"бренд:stayer; диаметр сверл, мм:133; макс. глубина сверления, мм:38; материал сверла:р6м5к5; назначение:для дсп; страна-изготовитель:китай; тип:коронка сверлильная"
confident_contradiction,0,fold_02,Спорт и отдых,403727047179,773094229660,0,0.95,0.953,"воблер kosadaka trol dd 120f плав, 120мм, 36г, 5.5-7.5м цвет lme",воблер kosadaka trol dd 120f,вес:36 г; вид:поппер; длина:120 мм; заглубление:5.5 - 7.5 м; плавучесть:плавающая; тип:воблер; цвет товара:lme,"бренд:kosadaka; вес, г:36.5; вид воблера:шэд (shad); вид ловли воблером:троллинг; длина, см:12; единиц в одном товаре:1; кол-во в комплекте, шт:1; количество упаковок, шт:1; макс. заглубление, м:7.5; мин. заглубление, м:5.5; название цвета:lme; плавучесть:плавающий (floating); страна-изготовитель:яп"
confident_contradiction,0,fold_03,Детские товары,549755910993,446676630252,0,0.98,0.96,"набор цветных кубиков, ""смешарики"", 20 штук, 4х4 см 4131402","nurtop / набор цветных кубиков, ""смешарики"", 20 элементов, 4х4 см",бренд:нет бренда; для групповых занятий и детских садов:да; дополнительные функции:развивающая; максимальный возраст ребенка:до 5 лет; материал:пластик; минимальный возраст ребенка:от 1 года; пол ребенка:унисекс; развитие навыков:моторика; страна-изготовитель:россия; тип:кубики,валюта:rub; комплектация:набор цветных 1 шт; страна производства:россия
confident_contradiction,0,fold_01,Дом и сад,188978666100,781684173657,0,0.914,0.941,"сувенир дерево ""жираф"" 100 см",сувенир дерево жираф 100 см,артикул:1249231; бренд:нет бренда; вид выпуска товара:фабричное производство; тип:сувенир,валюта:rub; вес товара с упаковкой (г):965 г; высота упаковки:100 см; длина упаковки:8 см; комплектация:уточните у продавца; страна производства:индонезия; ширина упаковки:11 см
confident_contradiction,0,fold_01,Спорт и отдых,188978682720,515396200482,1,0.214,0.184,"momoi / монофильная леска для рыбалки pro-max ice stop 0,085 мм 5 шт","монофильная леска для рыбалки momoi pro-max ice stop 0,117 мм, 1,5 кг, 30 м, прозрачная, barrier pack, 3 штуки",валюта:rub; вид лески:монофильная; полиэстеровая леска для рыбалки; длина (м):30 м; комплектация:5; максимальная нагрузка:0.9 кг; страна производства:япония; цвет:прозрачный,"бренд:momoi; кол-во в комплекте, шт:3; количество нитей:1; размотка, м:90; разрывная нагрузка, кг:1.5; сезон:зима; страна-изготовитель:япония; тип:монофильная леска для рыбалки; толщина, мм:0.117; упаковка:вакуумная упаковка; цвет товара:прозрачный"
confident_contradiction,0,fold_02,Хобби и творчество,94489377792,377957188596,0,0.988,0.946,"арт узор, термоаппликация ""runaway"", 8,3 х 2,5 см, цвет чёрный, 5 штук","арт узор / термоаппликация runaway, 8,3 х 2,5 см, цвет чёрный","бренд:арт узор; вид принта:надписи; единиц в одном товаре:5; количество в упаковке, шт:5; материал:полиэстер; минимальный возраст ребенка:от 7 лет; страна-изготовитель:китай; тип:термонаклейка; цвет товара:черный",валюта:rub; комплектация:5 шт; страна производства:китай
confident_contradiction,0,fold_01,Красота и гигиена,712964705862,231928360214,1,0.255,0.263,"rrc blackberry and bay, 25 мл (2018) духи 25 мл",parf mall / по мотивам wood sage & sea salt 25 мл,"бренд:rrc; объем, мл:25; пол:женский; состав:ароматическая композиция 60%, спирт 15%, парфюмерное масло 25%; тип:духи; целевая аудитория:взрослая","валюта:rub; группа аромата:цветочно-фруктовый аромат; комплектация:флакон - 1 шт; объем товара:25 мл; состав:парфюмерная композиция 100%, парфюмерная вода, духи из натуральных концентрированных масел; срок годности:36 мес; страна производства:объединенные арабские эмираты"
confident_contradiction,0,fold_01,Хобби и творчество,352187364337,463856579647,0,0.962,0.905,"я сам / набор для опытов ""моё удивительное тело""","набор для опытов ""мое удивительное тело""",валюта:rub; возрастные ограничения:от 4 лет; высота упаковки:29 см; длина упаковки:18 см; комплектация:набор 1 шт; страна производства:китай; ширина упаковки:4 см,бренд:promarket; возраст ребенка:от 4 лет; возрастные ограничения:от 4 лет; количество экспериментов в наборе:1; минимальный возраст ребенка:от 4 лет; тип:набор для опытов; цвет товара:разноцветный
confident_contradiction,0,fold_01,Товары для животных,420906824214,566935717709,1,0.284,0.267,"корм сухой royal canin ""maine coon adult"", для кошек породы мейн-кун в возрасте старше 15 месяцев, 4 кг","сухой корм для кошек canin maine coon adult, 0,4 кг","артикул:38908; бренд:royal canin; вес товара, г:4000; вкус корма для животных:птица; возраст животного:для взрослых; минеральные вещества:марганец;цинк;железо;йод;селен; предназначено для:для кошек; размер животного:крупный; размер упаковки (длина х ширина х высота), см:43 x 25 x 13; срок годности в","бренд:canin; вес упаковки, в килограммах:0.4; вес, в килограммах:0.4; витамины:витамин a, витамин d3; вкус корма:рис; возраст животного:взрослые; ингредиенты:дегидратированные белки животного происхождения (птица), рис, изолят растительных белков, животные жиры, мука из зерновых культур, растительна"
confident_contradiction,0,fold_01,Автотовары,721554517710,17179969486,0,0.999,0.945,наконечник рулевой ctr cem28,ctr / наконечник рулевой l-r ctr cem-28,oem-номер:mb831044; mr296274; альтернативные артикулы товара:ce0401; артикул:ctr_cem28; бренд:ctr; партномер (артикул производителя):cem28; тип:наконечник рулевой,артикул производителя:ce0401; валюта:rub; высота упаковки:10 см; длина упаковки:30 см; комплектация:1 шт; страна производства:республика корея; ширина упаковки:15 см
confident_contradiction,0,fold_04,Канцелярские товары,438086772726,833223822624,0,0.965,0.945,"набор обложек пп 10 шт, 232 х 440 мм, 80 мкм, erichkrause ""fizzy clear"", для учебников, с клеевым краем и клапаном в край, с тиснением","набор обложек пп 10 шт, 232 х 440 мм, 80 мкм, erichkrause ""fizzy clear"", для учебников, с клеевым краем, с тиснением",бренд:erichkrause; страна-изготовитель:россия; тип:обложка; цвет товара:разноцветный,материал:пластик; назначение:для учебников; тип:обложка
confident_contradiction,0,fold_04,Бытовая химия,558345911077,360777295267,1,0.296,0.18,"jerminal cosmetics средство для мытья посуды ""яблоко"" пэт 5 литров","средство для мытья посуды любаша яблоко, канистра, 5л, 4шт.","аромат:яблоко; бренд:jerminal cosmetics; вес:5 кг; количество упаковок:1 шт.; назначение:для мытья посуды, для серебра, фарфора и посуды с росписью, для стеклянной посуды; не содержит:нефтепродукты, фосфаты; объем:5 л; особенности:безопасно для животных, биоразлагаемое, для мытья в холодной воде, ко",артикул:721590; бренд:любаша; страна-изготовитель:россия; тип:средство для кухни
confident_contradiction,0,fold_01,Хобби и творчество,300647774358,816043796900,0,0.963,0.988,игра настольная 'словодел',"десятое королевство настольная игра ""словодел""",бренд:десятое королевство; вид выпуска товара:фабричное производство; минимальный возраст ребенка:от 7 лет; страна-изготовитель:россия; тип:настольная игра,"возраст от:7 лет; количество игроков:2-7; комплектация:элементы игры; материал:пластик; тип:настольная игра; тип игры:развивающая, со словами, словесная и числовая"
confident_contradiction,0,fold_03,Хобби и творчество,541165920094,661425049018,0,0.954,0.917,"не определен декор для творчества «бабочка», двухслойный, набор 12 шт, размер 1 шт. — 5 × 4 см, цвет голубой","декор для творчества ""бабочка"", двухслойный, набор 12 шт., размер 1 шт. - 5 х 4 см, цвет голубой",тип:набор,"бренд:нет бренда; тип:декоративный элемент; ширина, мм:100"
confident_contradiction,0,fold_02,Бытовая химия,17180009598,687194834543,0,0.907,0.943,моющее средство grass с полирующим эффектом для пола arena цветущий лотос,средство для пола с полирующим эффектом arena grass цветущий лотос 1 л,"вес упаковки, кг:1.025; высота упаковки, см:30.0; длина упаковки, см:4.0; страна производства:россия; тип хозтовара:моющее средство; ширина упаковки, см:10.0","бренд:grass; состав:&gt;30% вода; &lt;5%: неионогенные пав, соль эдта, воск, ароматизирующая добавка, краситель; тип:средство чистящее для пола; целевая аудитория:взрослая"
confident_contradiction,0,fold_04,Строительство и ремонт,60129549140,670014921056,0,0.935,0.966,болгарка (ушм) союз ушс-9024п,"союз / шлифовальная машина, болгарка (ушм) союз ушс-9024п","бренд:союз; гарантия:1 год; класс инструмента:бытовой; комплектация:защитный кожух
боковая рукоятка
фланцевый ключ
дополнительные угольные щетки (комплект, 2шт) инструкция по эксплуатации; конструктивные особенности:замена щеток без разбора; макс. обороты, об./мин:6000; максимальная мощность, вт:250",валюта:rub; комплектация:инструкция по эксплуатации - 1 шт.; боковая рукоятка - 1 шт.; защитный кожух - 1 шт.; шлифовальная машина - 1 шт.; страна производства:китай
confident_contradiction,0,fold_01,Красота и гигиена,601295459249,360777306273,0,0.902,0.995,гель для умывания для всех типов кожи салициловый salizink/салицинк фл. 200мл,salizink / салициловый гель для умывания салицинк 200мл,"бренд:salizink; вид средства для ухода:гель; единиц в одном товаре:1; область использования:лицо; объем, мл:200; особенности состава:без камфоры; пол:женский; применение:снятие макияжа; состав:aqua, cocamidopropyl betaine, coco-glucoside, sodium lauroyl methyl isethionate, sodium methyl oleoyl taura",аромат средства:легкий; валюта:rub; высота упаковки:26 см; действие:от прыщей; от черных точек; для чистки лица; длина упаковки:15 см; объем товара:200 мл; срок годности:36 мес; страна производства:россия; тип кожи:для кожи с несовершенствами; для проблемной кожи; для всех типов кожи; ширина упаковк
confident_contradiction,0,fold_04,Продукты питания,60129644172,154618945845,0,0.948,0.938,"конфеты желейные со вкусом барбариса, красный октябрь, 250 гр",красный октябрь / желейные со вкусом барбариса 250 г,"бренд:красный октябрь; вес товара, г:250; единиц в одном товаре:1; максимальная температура:21; минимальная температура:15; состав:вода питьевая, сахар, шоколадная глазурь (сахар, какао тертое, эквивалент масла какао (рафинированные, дезодорированные, фракционированные, негидрогенизированные растите",валюта:rub; вес товара без упаковки (г):250 г; вес товара с упаковкой (г):400 г; вид конфет:шоколадные конфеты; желейные; мармеладные; вид начинки:желе; мармелад; фруктовая; высота упаковки:6 см; длина упаковки:22 см; количество предметов в упаковке:1; комплектация:шоколадные конфеты; картонная коро
confident_contradiction,0,fold_04,Продукты питания,206158475419,128849101241,1,0.227,0.163,оливковое масло costa d'oro extra virgin нерафинированное 1 л,costa d&#39;oro оливковое масло costa d'oro extra virgin нерафинированное 500 мл,бренд:costa d'oro; вид растительного масла:оливковое; единиц в одном товаре:1; кухни мира:европейская; максимальная температура:20; минимальная температура:5; назначение масла/соуса:для вегетарианских блюд; особенности производства масла:холодный отжим; сорт растительного масла:высший; состав:масло ,"вид:оливковое; вид упаковки:стеклянная бутылка; добавки:без добавок; жиры:100.0 г; калорийность:900.0 ккал; объем:500.0 мл; особенности производства:холодный отжим; производитель:costa d&#39;oro s.p.a.; размер:500 мл; состав:масло оливковое.; срок хранения:1,0 г; срок хранения 2:1 мес; стандарт:extr"
confident_contradiction,0,fold_03,Автотовары,154618950379,154618984067,1,0.298,0.003,rapid p309 шины летние 185/55  r15 82v,kumho / шины автомобильные,"бренд:rapid; высота профиля, %:55; гарантийный срок:14 дней; диаметр, дюймы:15; индекс нагрузки:82; индекс скорости:v; сезонность:лето; серия:p309; тип:шины для легковых автомобилей; ширина профиля, мм:185",артикул производителя:235/45 r17 xl; валюта:rub; вес с упаковкой (кг):9.5 кг; высота упаковки:29 см; длина упаковки:70 см; индекс нагрузки:97; индекс скорости:w; модель:ecsta hs52; назначение шин:шины для легковых автомобилей; сезонность:летняя; шипы:нешипованные; ширина упаковки:70 см
confident_contradiction,0,fold_04,Музыкальные инструменты,609885398785,584115599261,0,0.957,0.993,"укулеле сопрано kaimana uk-21 ppm , цвет фиолетовый матовый",укулеле сопрано kaimana uk-21 ppm,"бренд:kaimana; вес товара, г:650; гарантийный срок:12 месяцев; количество струн:4; комплектация:укулеле kaimana uk-21 ppm - 1 штука; крепление грифа:вклеенный; материал грифа:нато; материал корпуса/верхней деки:меранти; материал нижней деки:меранти; материал обечайки:меранти; материал струн:нейлон; ",материал верхней деки:меранти; материал грифа:нато; материал нижней деки и обечайки:меранти; материал струн:нейлон; мензура:344 мм; отделка:матовая; размер:сопрано; тип:укулеле; тип грифа:вклеенный; форма корпуса:восьмерка; цвет товара:фиолетовый
confident_contradiction,0,fold_01,Музыкальные инструменты,687194914635,120259231840,0,0.938,0.986,струны для электрогитары elixir 10 46,elixir / струны,"бренд:все струны; вес товара, г:50; вид музыкального аксессуара:струны; гарантийный срок:нет; количество в упаковке, шт:6; комплектация:6 струн; макс. длина ремня, см:80; материал муз. инструмента/аксессуара:никель; назначение муз. аксессуара:для электрогитары; страна-изготовитель:сша; тип:аксессуар",валюта:rub; калибр струн:10-46; комплектация:1 комплект из 6 струн; назначение струн:электрогитара; страна производства:сша
confident_contradiction,0,fold_04,Товары для животных,343597418648,747324338481,0,0.93,0.919,"корм сухой для собак pro plan / проплан optidigest sensitive digestion для взрослых животных средних пород при чувствительном пищеварении, ягненок 3кг / зоотовары","сухой корм pro plan для собак средних пород с чувствительным пищеварением, с ягненком, 3 кг","артикул:0042025408; бренд:pro plan; вес товара, г:3000; вкус корма для животных:ягнёнок; возраст животного:для взрослых; единиц в одном товаре:1; класс корма:премиум; комплектация:корм сухой для собак pro plan optidigest для взрослых средних пород при чувствительном пищеварении, ягненок 3кг – 1 шт.;","бренд:pro plan; вес упаковки:3 кг; вкус:мясо, рис, ягненок; возраст животного:взрослые (1-6 лет), для взрослых; дополнительная информация:без искусственных красителей; класс ингредиентов:премиум; количество упаковок:1 шт.; количество штук в упаковке:1 шт.; минеральные вещества:железо, йод, медь, мар"
confident_contradiction,0,fold_01,Бытовая химия,738734521720,120259228999,1,0.201,0.068,sikobrand / tide color аква пудра 6 кг,tide стиральный порошок аква пудра автомат color 10 стирок 1500 гр,валюта:rub; вес товара без упаковки (г):6000 г; вес товара с упаковкой (г):6050 г; высота упаковки:10 см; длина упаковки:25 см; количество стирок:40 шт.; комплектация:tide color аква пудра 6 кг - 1шт; назначение стирального средства:для цветного; универсальное; чёрного; состав:100% химический состав,"аромат:свежий; бренд:tide; вес товара, г:1500; вид стирки:автоматическая; единиц в одном товаре:1; комплектация:стиральный порошок 1500 гр  1 уп; название аромата:аква пудра; назначение средства для стирки:для цветных тканей; особенности применения:антибактериальный эффект; размер упаковки (длина х "
confident_contradiction,0,fold_02,Хобби и творчество,601295519483,824633762183,0,0.996,0.996,"пластилин восковой гамма ""пчелка"", 10 цветов, 123 гр, со стеком (280031н)","гамма / пластилин восковой ""пчелка"", 10 цветов, 123 гр, со стеком","артикул:1066887; бренд:гамма; вес товара, г:123; количество в упаковке, шт:10; максимальный возраст ребенка:до 5 лет; материал:пластилин; минимальный возраст ребенка:от 3 лет; пол ребенка:унисекс; тип:пластилин; цвет товара:разноцветный; число цветов, шт:10",валюта:rub; комплектация:пластилин; стек; страна производства:россия
confident_contradiction,0,fold_04,Музыкальные инструменты,712964731930,764504203159,0,0.947,0.919,струны для акустической гитары la bella 7gpt extra light 10-50,струны для акустической гитары 10-50 la bella 7gpt,"инструмент:акустическая гитара; калибр:10; количество струн в упаковке:6 шт.; количество упаковок:1 шт.; натяжение:очень слабое, слабое","бренд:la bella; вес товара, г:30; вид музыкального аксессуара:струны; комплектация: комплект струн для акустической гитары; назначение муз. аксессуара:для акустической гитары; тип:аксессуар для струнных"
confident_contradiction,0,fold_03,Электроника,326417646751,455266596338,1,0.222,0.036,"чехол-книжка на xiaomi 12 pro / 12s pro / сяоми 12/12s про несколько карманов для карт,со 2 шнурком (длинный +короткий),черный",mypads / чехол-книжка для samsung galaxy m21 sm-m215 / m30s / сам...,"бренд:«sikote»; вес товара, г:130; вид чехла:книжка; внешние размеры, мм:163.6 x 74.6 x 8.2 ; застежка:пояс; код продавца:pmyx263r04bk; комплектация:xiaomi 12 pro;xiaomi 12s pro чехол-книжка * 1; макс. диагональ экрана, дюймы:6.73; материал:искусственная кожа; мин. диагональ, дюймы:6.73; название цв",валюта:rub; высота упаковки:4 см; длина упаковки:20 см; материал изделия:силикон; особенности чехла:трансформация в подставку; страна производства:россия; тип чехлов:книжка; цвет:черный; ширина упаковки:22 см
confident_contradiction,0,fold_04,Канцелярские товары,730144489464,128849144523,0,0.934,0.965,bic / карандаш чернографитный evolution эко hb с ластиком пласт.,"карандаш чернографитный evolution эко, hb, с ластиком, пластиковый",валюта:rub,"бренд:bic; вид карандаша:простой; возраст учащегося:без ограничения; количество в упаковке, шт.:1; материал:пластик; особенности приборов для письма:ластик; страна-изготовитель:франция; твердость грифеля:hb (твердо-мягкий); тип:карандаш; уровень подготовки:новичкам и профессионалам"
confident_contradiction,0,fold_02,Музыкальные инструменты,601295442584,94489346756,0,0.991,0.993,"gardenia / каподастр для акустической гитары, gp005","gp005 каподастр для акустической гитары, gardenia",валюта:rub; комплектация:каподастр для акустической гитары 1 шт; страна производства:китай; цвет:хром,"бренд:gardenia; вес товара, г:54; вид музыкального аксессуара:каподастр; количество в упаковке, шт:1; комплектация:gp005 каподастр для акустической гитары, gardenia - 1шт; материал муз. инструмента/аксессуара:металл; назначение муз. аксессуара:для акустической гитары; партномер:gp005; тип:аксессуар "
confident_contradiction,0,fold_03,Музыкальные инструменты,154618894571,635655220679,0,0.988,0.935,planet waves 25ss01-dx замшевый гитарный ремень,planet / 25ss01-dx замшевый гитарный ремень,бренд:planet waves; вид музыкального аксессуара:ремень; материал муз. инструмента/аксессуара:натуральная кожа; назначение муз. аксессуара:для акустической гитары; тип:аксессуар для струнных,валюта:rub; вид музыкального инструмента:гитара; комплектация:замшевый гитарный ремень; материал изделия:замш; страна производства:канада; ширина предмета:6.35 см
confident_contradiction,0,fold_02,Товары для животных,798864000866,661425026215,0,0.963,0.97,"пушистое счастье лежанка для кошек на стяжке с ушками, цвет белый 55 см","лежанка для кошек на стяжке с ушками, цвет белый 55 см","бренд:пушистое счастье; вид животного:кошки, птицы, собаки; длина:55 см; материал:пластик, полиэстер , синтепон, текстиль; особенности:с бортиком; размер породы:малый, средний; тип:лежак; форма:круглая; цвет товара:белый; ширина:55 см","бренд:пушистое счастье; вес товара, г:154; высота, см:7; длина большей стороны, см:55; длина меньшей стороны, см:55; единиц в одном товаре:1; комплектация:лежанка для животных 1 шт (штука); материал:полиэстер; название цвета:белый; наполнитель лежака/домика для животных:синтепон; особенности лежака:"
confident_contradiction,0,fold_02,Бытовая химия,8590013389,532576022930,0,0.904,0.954,чистый дом / зерновая приманка от крыс и мышей 200гр,зерновая приманка чистый дом от крыс и мышей 200 г,валюта:rub,"бренд:чистый дом; вес товара, г:200; вид вредителя:крыса; единиц в одном товаре:1; комплектация:1 шт; страна-изготовитель:россия; тип:средство от грызунов; упаковка:пластиковый пакет; форма выпуска средств от вредителей:зерно"
confident_contradiction,0,fold_02,Бытовая химия,798863940110,128849161806,0,0.937,0.912,гель для стирки 2л passion gold sport,passion gold / гель для стирки спортивных вещей 2 л,"бренд:zalchem; вес товара, г:2200; вид стирки:автоматическая; единиц в одном товаре:1; комплектация:гель для стирки 2 л - 1 шт; название аромата:спорт; назначение средства для стирки:для мембранных тканей; объем, мл:2000; особенности применения:антистатический эффект; размер упаковки (длина х ширина",валюта:rub; вес с упаковкой (кг):2.15 кг; высота упаковки:33 см; длина упаковки:12 см; назначение стирального средства:для стирки спортивных вещей; объем товара:2000 мл; срок годности:3 года; ширина упаковки:10 см; эффект средства:очищение; ароматизация
confident_contradiction,0,fold_03,Красота и гигиена,627065308497,532576057848,0,0.908,0.958,"belita / шампунь-гель for men, для волос и тела, 400 мл",бел belita for men new шампунь-гель для волос и тела 400мл,валюта:rub; страна производства:беларусь,"бренд:белита; единиц в одном товаре:1; название аромата:belita for men; объем, мл:400; особенности состава:подходит для ежедневного применения; пол:мужской; солнцезащитная косметика:нет; состав:aqua (water), sodium laureth sulfate, cocamidopropyl betaine, cocamidopropylamine oxide, sodium chloride, "
confident_contradiction,0,fold_04,Спорт и отдых,712964573466,77309499367,1,0.243,0.021,"без бренда фидергам флюорокарбоновый snow wolf длина - 25 м, толщина - 0.25 мм , тест - 5.32 кг, прозрачная","фидергам флюорокарбоновый snow wolf длина - 25 м, толщина - 0.16 мм , тест - 2.36 кг, прозрачная",диаметр:0.25; длина:25 м; количество:1 шт.; разрывная нагрузка:5.32; сезон:внесезонный; тип:флюорокарбоновая леска для рыбалки; цвет товара:прозрачный,"бренд:нет бренда; кол-во в комплекте, шт:1; размотка, м:25; разрывная нагрузка, кг:2.36; сезон:на любой сезон; страна-изготовитель:китай; тип:флюорокарбоновая леска для рыбалки; толщина, мм:0.16; цвет товара:прозрачный"
confident_contradiction,0,fold_04,Дом и сад,841813692554,652835172711,0,0.933,0.96,"шафран / супница риштанская керамика атлас, 23 см","супница риштанская керамика ""атлас"", 23 см",валюта:rub; вес товара с упаковкой (г):805 г; высота упаковки:6 см; длина упаковки:23 см; комплектация:уточните у продавца; страна производства:узбекистан; ширина упаковки:23 см,"артикул:9093591; бренд:шафран; вид выпуска товара:фабричное производство; диаметр, см:23; дизайн:узоры; количество предметов:1; комплектация:товар в фирменной упаковке; материал:керамика; объем, мл:1100; страна-изготовитель:узбекистан; тип:супница; цвет товара:разноцветный"
confident_contradiction,0,fold_04,Детские товары,678604946605,120259192101,0,0.977,0.93,"stellar / неваляшка малая ""аленушка"", 01698","неваляшка малая ""аленушка""",валюта:rub; материал игрушки:пластик; страна производства:россия,"бренд:stellar; высота игрушки, см:1; минимальный возраст ребенка:от 1 года; пол ребенка:унисекс; страна-изготовитель:россия; тип:игрушка-антистресс"
confident_contradiction,0,fold_01,Хобби и творчество,300647739357,223338397189,0,0.933,0.989,"арт узор фетр мягкий 1 мм ""тёмно-синий"" набор 10 листов формат а4","арт узор фетр мягкий 1 мм ""тёмно-синий"", формат а4, 1 набор по 10 листов",тип:фетр; цвет товара:синий,"бренд:арт узор; единиц в одном товаре:1; количество в упаковке, шт:1; материал:фетр; минимальный возраст ребенка:от 3 лет; страна-изготовитель:китай; тип:фетр; цвет товара:синий"
confident_contradiction,0,fold_01,Красота и гигиена,369367316917,395137109603,0,0.91,0.985,"nivea дезодорант стик женский жемчужная красота, 50мл",дезодорант-антиперспирант стик для тела nivea жемчужная красота женский 50 мл,"бренд:nivea; вес товара, г:50; вид дезодоранта:стик; время работы дезодоранта:48 часов; единиц в одном товаре:1; объем, мл:50; особенности состава:подходит для ежедневного применения; пол:женский; состав:полный состав указан на упаковке товара; страна-изготовитель:германия; тип:дезодорант; упаковка:","аромат:свежий; вес:50.0 г; вид упаковки:пластиковая туба; время действия:48 ч; объем:50.0 мл; особенности:без следов на одежде; пол:женский; применение:для тела; производитель:beiersdorf ag; размер:50 мл; свойства:гипоаллергенный; состав:aqua, aluminum chlorohydrate, ppg-14 butyl ether, cetyl palmit"
confident_contradiction,0,fold_04,Бытовая химия,292057865413,214748502642,0,0.954,0.942,"капсулы для посудомоечной машины fairy ""platinum. all in 1. лимон"", 50шт., 8001841748412","fairy / капсулы для посудомоечной машины fairy platinum лимон, 50",бренд:fairy; состав:чистящее средство; тип:капсулы для посудомоечной машины; целевая аудитория:взрослая,валюта:rub; вес товара с упаковкой (г):1000 г; высота упаковки:30 см; длина упаковки:21 см; комплектация:уточните у продавца; страна производства:бельгия; ширина упаковки:9 см
confident_contradiction,0,fold_01,Товары для животных,300647858911,798863927116,0,0.975,0.97,"ошейник для животных двухслойный, с фастексом квадраты, 30 х 1 см, голубой, 1 шт.","ошейник / ошейник двухслойный с фастексом квадраты, 30 х 1 см, голубой",артикул:291221; бренд:пижон; предназначено для:для собак; страна-изготовитель:китай; тип:ошейник; цвет товара:голубой,валюта:rub; длина предмета:30 см; страна производства:китай; ширина предмета:1 см
confident_contradiction,0,fold_01,Продукты питания,180388696976,601295457461,0,0.904,0.923,"кофе московская кофейня на паяхъ коломбо растворимый, ст/б, 95г...",московская кофейня на паяхъ / кофе коломбо растворимый сублимированный 95гр,"бренд:московская кофейня на паяхъ; вес товара, г:95; единиц в одном товаре:1; максимальная температура:30; минимальная температура:0; состав:состав указан на товаре; срок годности в днях:720; страна-изготовитель:россия; тип:кофе растворимый; упаковка:стеклянная банка; условия хранения:без особых усл",валюта:rub; высота упаковки:15 см; длина упаковки:15 см; ширина упаковки:15 см
confident_contradiction,0,fold_02,Хобби и творчество,163208765412,257698089718,0,0.988,0.959,"лесная мастерская умное лото. кто где живёт, 24 фишки","умное лото. кто где живёт, 24 фишки","материал:дерево; минимальное количество игроков:2; тип:настольная игра; тип игры:домино, лото",бренд:нет бренда; вид выпуска товара:фабричное производство; материал:дерево; минимальный возраст ребенка:от 3 лет; страна-изготовитель:россия; тип:лото
confident_contradiction,0,fold_03,Хобби и творчество,455266640361,60129572200,0,0.916,0.903,"выращивание кристаллов lori монстрики ""оранжевый монстрик"" (крф-018)","lori / выращивание кристаллов монстрики оранжевый, в коробке","бренд:lori; вид исследований:выращивание кристаллов; комплектация:раствор карбамида и поливинилового спирта с красителем, поддон для выращивания,картонная основа, декоративный картонный элемент, инструкция; наука:биология; страна-изготовитель:россия; тип:набор для опытов; цвет товара:разноцветный",валюта:rub; возрастные ограничения:10+; высота упаковки:10 см; длина упаковки:20 см; комплектация:выращивание кристаллов; страна производства:россия; ширина упаковки:10 см
confident_contradiction,0,fold_01,Продукты питания,395137008239,292057807249,0,0.929,0.928,"bucheron / конфеты шоколадные, excellence, с миндалем, 190 грамм",набор конфет bucheron excellence с миндалем (новый год) 190 грамм,"валюта:rub; вес товара без упаковки (г):190 г; вес товара с упаковкой (г):250 г; вид конфет:шоколадные; вид начинки:ореховая; высота упаковки:20 см; длина упаковки:3 см; количество предметов в упаковке:1; комплектация:конфеты шоколадные, excellence, с миндалем, 190 грамм - 1 набор в упаковке; особен","бренд:bucheron; вес товара, г:190; вид конфет:шоколадные; вид шоколада:горький; добавки:миндаль; единиц в одном товаре:1; максимальная температура:22; минимальная температура:5; начинка конфет/шоколада:ореховая; размер упаковки (длина х ширина х высота), см:23.5х17х3.5; состав:смотреть в описании.; "
confident_contradiction,0,fold_01,Электроника,309237680342,446676730756,1,0.123,0.054,чип-резистор smd 1206 56ком 5% 50штук,без бренда чип-резистор smd 0805 1.1ком 5% 50штук,бренд:нет бренда; вид пассивного компонента:резистор постоянный; тип:пассивные компоненты; тип корпуса для электрокомпонентов:стандартный,тип:резистор постоянный
confident_contradiction,0,fold_01,Бытовая техника,85899486609,601295477933,0,0.979,0.922,морозильная камера liebherr fnf 5207,liebherr fnf 5207,"автономное сохранение холода, ч:14; бренд:liebherr; вес, кг:65.1; вид компрессора:классический; вид холодильника:с морозильной камерой; высота, см:185.5; гарантийный срок:24 мес; глубина, см:67.5; годовое потребление, квт ч/год:400; индикатор температуры:да; класс энергопотребления:a; климатический ","автономное сохранение холода:14 ч; вес:65.1 кг; возможность перенавески двери:да; встроенный вентилятор для распределения температуры:да; выдвижные контейнеры:да; высота:185.5 см; глубина:67.5 см; длина сетевого шнура:2.1 м; дополнительная информация:поддержка технологии smartdevice, режим partymode"
confident_contradiction,0,fold_02,Детские товары,360777384670,317827716918,0,0.959,0.966,"игровой набор парикмахера ""причёски для принцессы"", в чемодане","игровой набор парикмахера причёски для принцессы, в чемодане",бренд:нет бренда; вид сюжетно-ролевой игрушки:профессии; количество батареек:1; максимальный возраст ребенка:до 12 лет; материал:пластик; минимальный возраст ребенка:от 3 лет; пол ребенка:девочка; страна-изготовитель:китай; тип:сюжетно-ролевые игрушки,валюта:rub; вид профессии:парикмахер; количество батареек для работы:1 шт.; комплектация:товар в фабричной упаковке; страна производства:китай
confident_contradiction,0,fold_03,Дом и сад,747324332297,841813721484,0,0.944,0.909,"без бренда фоторамка пластик ""gallery"" 20х30 см белый (пластиковый экран)","фоторамка пластик gallery 20х30 см, 641761 белый (пластиковый экран)",материал:пластик; тип:фоторамка; форма:прямоугольная; формат фотографий:20 х 30 см; цвет товара:белый; число мест для фотографий:1 шт.,артикул:6893839; бренд:нет бренда; вид выпуска товара:фабричное производство; материал рамки:пластик; страна-изготовитель:россия; тип:фоторамка
confident_contradiction,0,fold_03,Бытовая химия,609885360351,395137067557,0,0.909,0.965,золушка / подвесной блок с запахом лаванды защита от моли,золушка средство эффект-антимоль от моли подвесной блок лаванда,валюта:rub; количество предметов в упаковке:1шт.; комплектация:средство от моли; страна производства:россия; тип ловушки:подвесная ловушка; саше от моли,"бренд:золушка; вес товара, г:30; вид вредителя:моль; единиц в одном товаре:1; комплектация:золушка средство эффект-антимоль от моли подвесной блок лаванда - 1 шт; назначение средства от насекомых/грызунов:отпугивание насекомых; состав:полный состав указан на упаковке товара; страна-изготовитель:росс"
confident_contradiction,0,fold_04,Мебель,240518249690,687194880858,1,0.196,0.296,"шкаф-купе 1,8 экспресс 3-х дверный 180х240х60 (2 зеркала лдсп) сонома",е1 шкаф-купе экспресс 3-x дв 180 x 240 x 45 (2 зеркала лдсп) сонома,"артикул:экспресс 3-х 180х240х60 (2 зеркала лдсп) сонома; бренд:мебельная компания е1; вид выпуска товара:фабричное производство; высота, см:240; гарантийный срок:5 лет; глубина, см:60; зеркало:да; исполнение:деревянное; количество дверей:трехдверный; количество полок:7; конструкция:прямой; материал ","вес в транспортной упаковке:216 кг; высота:240; габариты транспортной упаковки:215х35х35 см; глубина:45; дверцы:раздвижные в стороны; количество дверей:3; количество полок:7; конструкция:шкаф-купе; материал корпуса:лдсп; материал фасада:лдсп, зеркало; материал фурнитуры:металл; назначение:для дачи, "
confident_contradiction,0,fold_02,Спорт и отдых,103079288599,704374780679,0,0.926,0.936,переключатель передний shimano alivio fd-m410-e,"переключатель передний alivio fd-m410-e 42-22t, универс тяга/370148",количество скоростей:3; тип:переключатель передний,бренд:shimano; тип:переключатель передний
confident_contradiction,0,fold_04,Спорт и отдых,249108122264,214748389061,0,0.962,0.95,"балансир для рыбалки aqua classic-5 56mm цвет 019 (флуоресцентный окунь), 2 штуки","балансир для зимней рыбалки aqua classic-5 56,0mm, вес - 11,0g, цвет 019 (флуоресцентный окунь) (набор 2 шт)","бренд:aqua; вес, г:11; вид крючка:тройной; длина, см:5.6; единиц в одном товаре:2; максимальная глубина, м:5; название цвета:019 (флуоресцентный окунь); размер крючка, n:12; рыба:окунь; страна-изготовитель:россия; тип:балансир рыболовный","вес:11 г; вид:балансир; вид крючка/вертлюжка:тройной; вид ловли:зимняя; вид рыбы:на голавля, на жереха, на мелкую рыбу, на налима, на окуня, на судака, на щуку, на язя; длина:56 мм; дополнительная информация:литой корпус из специального сплава, 3d голографические глаза, улучшенная система крепления "
confident_contradiction,0,fold_03,Хобби и творчество,463856568818,17180002480,0,0.931,0.986,"тм эврики / набор для опытов ""извержение вулкана""","эврики, набор для опытов ""извержение вулкана""",валюта:rub; высота упаковки:24 см; длина упаковки:10 см; комплектация:набор - 1 шт; страна производства:китай; ширина упаковки:18 см,"бренд:эврики; количество экспериментов в наборе:1; комплектация:эврики, набор для опытов «извержение вулкана», 1 набор; минимальный возраст ребенка:от 3 лет; наука:химия; развитие навыков:внимание; страна-изготовитель:китай; тип:набор для опытов; цвет товара:разноцветный"
confident_contradiction,0,fold_02,Продукты питания,747324358114,266287995134,0,0.915,0.929,lebo кофе в зернах extra 1кг,лебо / арабика кофе lebo extra жареный в зернах 1 кг.,"бренд:lebo; вес товара, г:1000; единиц в одном товаре:1; максимальная температура:25; минимальная температура:5; не содержит:без гмо; содержание арабики, %:100; состав:100% арабика; состав кофе:арабика; способ приготовления кофе:в чашке; срок годности в днях:720; степень обжарки:средняя; страна-изго",валюта:rub; высота упаковки:15 см; длина упаковки:15 см; комплектация:1; страна производства:россия; ширина упаковки:15 см
confident_contradiction,0,fold_04,Бытовая химия,352187336332,687194793903,0,0.945,0.975,сонца / стиральный порошок для цветного sunday автомат 3 кг,sunday стиральный порошок 3000 г 30  стирок для цветных тканей,валюта:rub; вес товара без упаковки (г):3000 г; вес товара с упаковкой (г):3021 г; высота упаковки:42 см; длина упаковки:13 см; количество стирок:30 шт.; комплектация:стиральный порошок 3 кг - 1 шт; назначение стирального средства:для стирки; для ухода за одеждой и вещами; удаление пятен; состав:мою,"аромат:цветочный; бренд:sunday; вес товара, г:3000; вид стирки:автоматическая; единиц в одном товаре:1; комплектация:sunday автомат универсальный-3 кг; назначение средства для стирки:для цветных тканей; особенности применения:эффективен в холодной воде; с дозатором:нет; состав:полный состав указан н"
confident_contradiction,0,fold_01,Мебель,695784784292,309237742659,1,0.057,0.296,столешница для кухни скиф 2600х600x38мм с кромкой. цвет - сахара белая,столешница для кухни размер 2300х600x38мм с кромкой. цвет - сахара белая,"вес:37.93 кг; высота:3.8 см; глубина:60; длина:260 см; комплектация:кромка в цвет столешницы; материал:лдсп; назначение:для кухни, для кухонных гарнитуров; особенности:влагостойкость; тип:столешница; толщина:3.8 см; форма внешнего края:скругленный край; форма столешницы:прямоугольная; цвет товара:са","артикул:pd-130-38x2300; бренд:wild wood; вид выпуска товара:фабричное производство; высота, мм:38; гарантийный срок:1 год; длина, мм:2300; название цвета:сахара белая; образец цвета:https://cdn1.ozone.ru/s3/multimedia-i/6145083186.jpg; тип:столешница; ширина, мм:600"
confident_contradiction,0,fold_03,Музыкальные инструменты,171798709376,695784712545,0,0.907,0.952,alice / комплект струн для 12-струнной акустической гитары,"aw4112-l комплект струн для 12-струнной акустической гитары, бронза 80/20, 12-52, alice",валюта:rub; калибр струн:12-52; количество предметов в упаковке:12; материал изделия:бронза 80/20; назначение струн:для акустической гитары,"бренд:alice; вид музыкального аксессуара:струны; гарантийный срок:12 месяцев при соблюдении правил хранения и эксплуатации; калибр струн:12; количество в упаковке, шт:12; материал муз. инструмента/аксессуара:бронза; назначение муз. аксессуара:для акустической гитары; образец цвета:https://cdn1.ozone"
confident_contradiction,0,fold_03,Детские товары,455266663694,335007481088,1,0.196,0.268,"мягкая игрушка ""кролик"", цвет розовый, виды микс","без бренда мягкая игрушка «кролик», цвет голубой, виды микс",бренд:нет бренда; минимальный возраст ребенка:от 3 лет; пол ребенка:унисекс; тип:мягкая игрушка,"вес в транспортной упаковке:0.072 кг; габариты транспортной упаковки:10х20х6 см; материал:текстиль, синтепон; тип:мягкая игрушка"
confident_contradiction,0,fold_01,Продукты питания,635655220906,8589988825,0,0.933,0.919,"кофе растворимый light katana, bushido, 100 г, швейцария - 1 шт.",бушидо / кофе растворимый light katana 100 г,"бренд:нет бренда; вес товара, г:100; единиц в одном товаре:1; максимальная температура:24; минимальная температура:17; особенности напитков, продуктов питания:изготовлено по госту; состав:арабика \""kenyvaro\""; срок годности в днях:365; страна-изготовитель:швейцария; тип:кофе растворимый; упаковка:па",валюта:rub; вид зерен:арабика; высота упаковки:17 см; длина упаковки:12 см; интенсивность вкуса кофе:средний; количество предметов в упаковке:1 шт.; комплектация:1шт; максимальная температура хранения:+20 °c; минимальная температура хранения:+5 °c; особенности продукта:без добавок; 100% арабика; с м
confident_contradiction,0,fold_01,Бытовая техника,94489437206,309237646916,0,0.912,0.936,electrolux eacs/i-12hsk/n3,сплит-система инверторного типа electrolux eacs/i-12hsk/n3 комплект,wi-fi модуль:приобретается дополнительно; автоматический режим:да; автоматическое распределение воздушных потоков:да; авторестарт:да; вентиляция:да; вес внешнего блока:22.5 кг; вес внутреннего блока:8 кг; воздушный поток внутреннего блока:550 м3/ч; высота внешнего блока:45.5 см; высота внутреннего б,"бренд:electrolux; вес внешнего блока, кг:22.5; вес внутреннего блока, кг:8; вид блока сплит-системы:комплект; гарантийный срок:3 года; голосовой помощник:алиса; дезодорирующий фильтр:нет; дополнительные режимы кондиционера:режим вентиляции; инверторное управление мощностью:true; класс сезонной энерг"
confident_contradiction,0,fold_01,Мебель,627065354317,429496770108,0,0.927,0.904,"лига диванов кухонный угловой диван лофт левый угол, рогожка, микровельвет, модель 104606l","лига диванов угловой диван ,197х136х85см","вес:90 кг; высота сиденья:48 см; глубина сиденья:50 см; максимальная нагрузка:100 кг; материал каркаса:дсп, лдсп; обивка:текстиль; расположение угла:слева; состав комплекта:угловой диван; тип:кухонный уголок; угловой:да; цвет товара:бежевый; ширина сиденья:187 см; ящик для хранения:есть","артикул:104606l; бренд:лига диванов; вес товара, г:90000; вид выпуска товара:фабричное производство; вид раскладывания:нераскладной; высота сиденья, см:48; высота, см:85; гарантийный срок:18 мес; глубина сиденья, см:50; глубина, см:136; материал корпуса:лдсп; материал наполнителя:пенополиуретан; мат"
confident_contradiction,0,fold_03,Строительство и ремонт,77309537624,85899439039,1,0.214,0.048,"элеектрический двигатель iek 3ф.аир 80b6 380в 1,1квт 1000об/мин 3081 drive drv080-b6-001-1-1030",электродвигатель аир drive 3ф 56b2 380в 0.25квт 3000об/мин 2081 iek drv056-b2-000-3-3020,"вес, кг:21,00; высота вала:80 мм; высота, мм:255; гост:гост 51689-2000; длина, мм:370; единица товара:штука; класс изоляции:f; материал обмотки:99.7% медь; монтажное исполнение:im3081; мощность:1.1 квт; напряжение:380 в; номинальное число оборотов:1000 об/мин; способ крепления:фланцевый; степень защ",артикул:2rs402688p; бренд:oni; тип:термоусадочная трубка
confident_contradiction,0,fold_04,Аптека,841813632537,66756,0,0.942,0.94,диклофенак гель для наружного применения 1% 40г,"диклофенак, гель 1%, 40 г","взаимодействие с другими препаратами:<em>лекарственные препараты, вызывающие фотосенсибилизацию</em> - усиление действия лекарственных препаратов, способных вызывать фотосенсибилизацию.; дата регистрации:15.06.2015; действующее вещество (мнн):диклофенак; особые указания:наносить только на неповрежде","бренд:нет бренда; взаимодействие с другими препаратами:диклофенак может усиливать действие препаратов, вызывающих фотосенсибилизацию.клинически значимые взаимодействия с другими лекарственными препаратами не описаны.; дозировка:1%; категория:хондропротектор; количество лекарственной формы в первично"
confident_contradiction,0,fold_04,Спорт и отдых,231928340099,257698066887,1,0.29,0.032,"горный велосипед stinger 29 graphite std зеленый, алюминий, размер 18",велосипеды гибриды мужские merida crossway 10 (2022),"амортизация велосипеда:hardtail (передняя амортизация); бренд:stinger; вид велосипеда:горный; вид тормозной системы:дисковый механический; втулка задняя:joytech s club, 32h; втулка передняя:joytech s club, 32h; вынос:stg mtb, длина 70 мм, угол 7г; диаметр колес, дюймы:29; задний переключатель:shiman","вес велосипеда:14.8 кг; диаметр колес:28""; задний тормоз:jak hd y-2-1; каретки:neco b-910; кассеты:microshift cs-h82 8-speed, 11-34t; количество звезд системы:2; количество скоростей:16; конструкция вилки:пружинно-эластомерная; конструкция каретки:картриджная; конструкция рулевой колонки:полуинтегри"
confident_contradiction,0,fold_03,Строительство и ремонт,429496867792,300647756224,0,0.923,0.991,ресанта / лобзик электрический 650 вт электролобзик л-65/650,лобзик электрический л-65/650 ресанта,бесключевая замена оснастки:нет; валюта:rub; вес без упаковки (кг):1.8 кг; длина шнура (м):2; емкость аккумулятора:нет; количество аккумуляторов в комплекте:нет; комплектация:лобзик электрический 1 – шт. боковой ограничитель – 1 шт.; пилка - 1 шт. ключ шестигранный - 1 шт. переходник для пылесоса – ,"бренд:ресанта; гарантия:5 лет; глубина пропила в алюминии (легких сплавах), мм:7; глубина пропила в дереве, мм:65; глубина пропила в стали, мм:7; длина шнура питания, м:2; класс инструмента:полупрофессиональный; количество аккумуляторов в комплекте:0; комплектация:лобзик электрический - 1
боковой ог"
confident_contradiction,0,fold_01,Детские товары,575525633160,687194850100,0,0.978,0.941,"машина р/у 1:14 porsche 918 spyder, цвет белый 40mhz","rastar / машина р у 1:14 porsche 918 spyder, цвет белый 40mhz 70710w","бренд:нет бренда; максимальная скорость, км/ч:9; максимальный возраст ребенка:до 18 лет; минимальный возраст ребенка:от 3 лет; пол ребенка:унисекс; тип:машинка радиоуправляемая; типоразмер батареек:aa; цвет товара:белый",валюта:rub; комплектация:набор - 1 шт.; страна производства:китай
confident_contradiction,0,fold_04,Спорт и отдых,94489284642,489626324150,0,0.984,0.936,жилет для плавания bestway надувной 51х46 см человек-паук 98014,denco store жилет для плавания,"вес упаковки, кг:0.3; высота упаковки, см:3.0; длина упаковки, см:21.0; страна производства:китай; тип:жилет; ширина упаковки, см:14.0","бренд:denco store; название цвета:жилет надувной человек-паук, 51 х 46 см, от 3-6 лет, 98014 bestway; страна-изготовитель:китай; тип:жилет для плавания; целевая аудитория:детская"
confident_contradiction,0,fold_04,Дом и сад,111669217574,781684196729,0,0.92,0.919,huter / измельчитель садовый электрический 2.5 квт esh-2500 70/13/11,"huter садовый измельчитель,2500вт",валюта:rub; вес без упаковки (кг):10.6 кг; вес с упаковкой (кг):11.63 кг; высота предмета:110 см; высота упаковки:36 см; выходная мощность:2500 вт; гарантийный срок:1 год; глубина предмета:50 см; длина упаковки:60 см; комплектация:садовый измельчитель - 1 шт.; толкатель - 1 шт.; шестигранный ключ -1,"артикул:ot1590724; бренд:huter; вес, кг:10.6; габариты (дхшхв, см):500х450х1100; гарантийный срок:1 год; гарантия:1 год; длина кабеля, м:0.5; комплектация:блок измельчения 1 шт. 
рама с крепежом 1 шт. 
комплект колес с крепежом 1 шт. 
толкатель 1 шт. 
мешок для измельченного материала (для модели es"
confident_contradiction,0,fold_01,Детские товары,360777263162,94489426338,0,0.909,0.901,"iq-zabiaka счётные палочки по методике кюизенера, 32 шт, в пакете","счётные палочки по методике кюизенера, 32 шт.",возраст:от 3 месяцев; методика:кюизинер джордж; тема изучения:математика; тип:счетный материал,бренд:нет бренда; вид детской игры:обучающие; максимальный возраст ребенка:до 10 лет; материал:бумага; минимальный возраст ребенка:от 3 лет; пол ребенка:унисекс; развитие навыков:внимание; страна-изготовитель:китай; тип:обучающая игра
confident_contradiction,0,fold_02,Бытовая техника,257698097932,17179929030,0,0.928,0.987,плита газовая лада nova rg 24042 w белый (полный г/к),плита газовая лада nova rg 24042 w белый (новая),"бренд:лада nova; вес, кг:32; внутреннее покрытие:эмаль; высота, см:85; гарантийный срок:1 год; глубина плиты, см:60; индикация:режим работы; количество конфорок:4; количество режимов работы:1; количество стекол дверцы духовки:2; комплектация:решетка , документация , жаровня; материал рабочей поверхн","возможность работы от газового баллона:есть; высота:85 см; газ-контроль:духовки, конфорок; гарантийный срок:12 мес.; глубина:60 см; конфорки:газовая; максимальная температура:330 °c; материал рабочей поверхности:эмалированная сталь; общее количество конфорок:4; объем духовки:50 л; тип варочной панел"
confident_contradiction,0,fold_03,Спорт и отдых,609885520822,618475403462,0,0.959,0.997,замок для велосипеда тросовый с ключом противоугонный 180см abus 3506k/180 черный,замок abus 3506k/180 black,"бренд:abus; вид велозамка:велозамок с ключом; длина, мм:1800; длина, см:180; количество, шт:1; подходит к:bmx; страна-изготовитель:азербайджан; тип:велозамок; толщина, мм:6",вес:206 г; длина троса:180 см; тип:тросовый; тип замка:ключевой; толщина:6 мм
confident_contradiction,0,fold_03,Товары для животных,137439062865,180388701078,0,0.952,0.916,"шлейка большая сложная зооник, ош 48-90 см, ог 56-90, ширина 3 см микс цветов","без бренда шлейка большая сложная зооник, ош 48-90 см, ог 56-90, ширина 3 см микс цветов",бренд:lisik.; предназначено для:для собак; страна-изготовитель:россия; тип:шлейка,материал:капрон; обхват груди:90 см; обхват шеи:48 см; особенности:регулируемая; размер собаки:средний; тип:шлейка; ширина ленты:3 см
confident_contradiction,0,fold_03,Хобби и творчество,807453912892,798863998591,0,1.0,0.984,"настольная игра ""дабл. смайлики"", 20 карточек","десятое королевство настольная игра «дабл. смайлики», 20 карточек",бренд:десятое королевство; вид выпуска товара:фабричное производство; страна-изготовитель:россия; тип:настольная игра,возраст от:3 лет; количество игроков:2-4; материал:картон; тип:настольная игра; тип игры:мемо
confident_contradiction,0,fold_01,Мебель,352187452307,463856487829,1,0.116,0.181,"solarius односпальная кровать, 100х200 см",кровать solarius kompakt80lak-full 80x200 см массив сосны цвет сосна,"артикул:kompakt100-full; бренд:solarius; вес товара, г:27300; вид выпуска товара:фабричное производство; вид основания:настил; высота изголовья, см:63; высота, см:63; длина спального места, см:200; длина, см:210; исполнение:деревянное; макс. нагрузка, кг:180; материал корпуса:массив сосны; матрас в ","вес нетто (кг):22.3; вес, кг:23.300; вместимость (количество персон):1; высота (см):63; высота ножек (см):25; высота товара в индивидуальной упаковке (см):16; глубина товара в индивидуальной упаковке (см):104; длина спального места (см):200; матрас в комплекте:нет; ножки в комплекте:да; основной мат"
confident_contradiction,0,fold_01,Бытовая химия,816043933092,257698145750,0,0.926,0.967,"glade / освежитель воздуха свежесть утра, 1шт х 269мл","glade освежитель воздуха automatic свежесть утра, 269 мл.",аромат освежителя:свежесть утра; валюта:rub; вид освежителя:аэрозоль; комплектация:один автоматический распылитель с одним баллоном освежителя; объем товара:269 мл; срок годности:730 дней; страна производства:россия; цвет:белый,"аромат:свежий; ароматизация:автоматическая; бренд:glade; вес товара, г:269; вид ароматизатора:аэрозоль; единиц в одном товаре:1; комплектация:1; название аромата:свежесть утра; объем, мл:269; размер упаковки (длина х ширина х высота), см:27*21*10; размеры, мм:270*210; размещение ароматизатора/освежи"
confident_contradiction,0,fold_01,Аптека,274878014656,120259237539,1,0.238,0.249,acuvue / линзы acuvue oasys for astigmatism -3.00 -1.25 90 6 шт,"acuvue астигматические линзы оаsys fоr аstigmаtism, ocь:90_-2.25_прозрачный, 6 шт., -3.00 / 8.6/-2.25/90, 2 недели",валюта:rub; влагосодержание:38 %; диаметр мкл:14.5 мм; количество пар в упаковке:3 шт.; количество предметов в упаковке:6 шт.; комплектация:контактные линзы астигматизм -3.0 -1.25 90 - 6 шт.; коэффициент пропускания кислорода:129 dk/t; оптическая сила:-3.0; оптическая сила цилиндра:-1.25; ось линзы:,"бренд:acuvue; влагосодержание, %:38; диаметр, мм:14.5; дней до замены:2 недели; кислородопропускание, dk/t:129; количество в упаковке:6; материал контактных линз:этафилкон а; оптическая сила:-3.00; особенности контактных линз:уф-фильтр; ось (axis):90; радиус кривизны:8.6; режим ношения:дневной; стра"
confident_contradiction,0,fold_04,Строительство и ремонт,824633806042,523986099041,0,0.967,0.927,круглый канальный вентилятор tube 200 xl,shuft / вентилятор канальный круглый tube 200 xl,"бренд:shuft; вес с упаковкой, г:5830; высота, мм:390; гарантия:3 года; диаметр воздуховода, мм:200; длина, мм:227; единиц в одном товаре:1; комплектация:вентилятор; гарантийный талон; партномер:tube 200 xl; потребляемая мощность, вт:150; производительность, м3/час:960; размещение вентиляции:встраива",валюта:rub; вес без упаковки (кг):5.58 кг; вес с упаковкой (кг):5.58 кг; высота упаковки:39 см; гарантийный срок:3 года; длина упаковки:39 см; комплектация:инструкция; гарантийный талон; комплект; модель:tube 200 xl; питание:220; рабочий механизм вентилятора:центробежный; страна производства:китай; 
confident_contradiction,0,fold_02,Бытовая техника,51539655599,292057914384,0,0.982,0.983,philips / утюг philips dst3020/30,утюг philips dst3020/30,валюта:rub; вес без упаковки (кг):1.6 кг; вес с упаковкой (кг):1.6 кг; высота упаковки:33 см; длина упаковки:12 см; комплектация:утюги - 1 шт; материал корпуса:не указано; материал подошвы:не указано; модель:dst3020/30; страна производства:китай; ширина упаковки:18 см,бренд:philips; тип:утюг
confident_contradiction,0,fold_01,Красота и гигиена,206158462418,652835031539,0,0.916,0.95,chocolatte / бальзам-блеск для губ помадка мятная,бальзам-блеск для губ chocolatte помадка мятная 1 штука,валюта:rub; вес товара без упаковки (г):10 г; высота упаковки:2 см; действие:увлажнение и питание; длина упаковки:4 см; срок годности:12 мес; страна производства:россия; ширина упаковки:4 см,"бренд:chocolatte; область использования:губы; объем, мл:10; состав:указан в описании; страна-изготовитель:россия; тип:бальзам для губ; цвет товара:розовый; целевая аудитория:взрослая"
confident_contradiction,0,fold_02,Бытовая техника,309237760065,850403633703,0,0.901,0.962,вентилятор вытяжной electrolux серии rainbow eafr-100th с таймером и гигростатом,electrolux / вентилятор rainbow eafr-100th с тайм. и гигр.,"бренд:electrolux; вес товара, г:430; вид работы вентилятора:вытяжной; гарантийный срок:2 года; диаметр воздуховода, мм:100; единиц в одном товаре:1; количество скоростей:1; комплектация:вентелятор вытяжной; набор крепежных элементов; гарантийный талон ; конструктивные особенности вентиляции:обратный",валюта:rub; гарантийный срок:2 года; комплектация:инструкция; вентилятор; гарантийный талон; материал изделия:пластик; модель:eafr-100thsteel; мощность устройства:15; питание:от сети 220v; страна производства:китай
confident_contradiction,0,fold_04,Музыкальные инструменты,429496794406,652835107868,0,0.987,0.956,"мозеръ струны акустической гитары, сталь фрг + бронза 80/20 (.011-052)",мозеръ / струны мозеръ акустической гитары (.011-052),"бренд:мозеръ; вес товара, г:35; вид музыкального аксессуара:струны; гарантийный срок:31 день (с учетом сохранения целостности упаковки); количество в упаковке, шт:6; комплектация:мозеръ струны акустической гитары, сталь фрг + бронза 80/20 (.011-052), 1 упаковка; назначение муз. аксессуара:для акусти","валюта:rub; калибр струн:11./ 15./ 22./ 33./ 42./ 52./; количество предметов в упаковке:6 шт; комплектация:6 струн; материал изделия:бронза; сталь; назначение струн:для акустической гитары, для гитары; страна производства:россия"
confident_contradiction,0,fold_03,Бытовая химия,249108192528,240518262279,0,0.954,0.913,"pigeon corporation / кондиционер для белья ""rich perfume signature"" (парфюмированный супер-концентрат с ароматом ледяной цветок ) 1 л",pigeon / кондиционер для белья ледяной цветок 1л,"аромат:цветочный; артикул:884276; бренд:pigeon corporation; вес товара, г:1000; единиц в одном товаре:1; комплектация:1 упаковка - 1000 мл; название аромата:ледяной цветок; назначение средства для стирки:для белых тканей; объем, мл:1000; особенности применения:антистатический эффект; с дозатором:нет",валюта:rub; высота упаковки:22 см; длина упаковки:6 см; страна производства:республика корея; ширина упаковки:12 см
confident_contradiction,0,fold_03,Строительство и ремонт,283467993681,549755860221,0,0.938,0.927,эмаль для бытовой техники с кисточкой kudo ku-7k1311,"kudo эмаль ku-7к1311, 0,015 л"," экологическая сертификация:нет; max температура эксплуатации:50 °с; min температура эксплуатации:10 °с; базис:база 1 (b1/a/aa/bw/ka/vva/ap/lap/mra/pr); без запаха :нет; быстросохнущая:да; вес нетто:0.15 кг; вес, кг:0,02; вид тары:аэрозоль; влагостойкость:нет; возможность колеровки:нет; время высыха","бренд:kudo; гарантия:без гарантии; объем, л:0.015; работы:наружные; способ нанесения:кисть; срок годности в днях:730; тип:эмаль"
confident_contradiction,0,fold_03,Аптека,472446538209,601295552108,0,0.96,0.963,очки с футляром на магните santarelli мод. 2121 цвет 6 с флагманскими линзами glance 1.56 hmc/emi +5.00 рц 64-66,очки с футляром на магните santarelli мод. 2121 цвет 6 с флагманскими линзами glance 1.56 hmc/emi +5.00 рц 64-66,"высота линзы:43 мм; диоптрии:+ 5.00; длина заушника:140 мм; конструкция:ободковая; материал линз:пластик; материал оправы:комбинированный; межцентровое расстояние:64-66; назначение:для чтения лежа; покрытие линз:упрочняющее, водоотталкивающее и антистатическое, металлизированное (защита от электрома","бренд:santarelli; высота линзы, мм:43; коллекция (год):2022.0; комплектация:очки  merck с полимерными линзами glance (германия), микрофибровая салфетка для ухода, футляр на магните.; конструкция очков:ободковые; материал линз:пластик; материал оправы очков:комбинированный; название цвета:black & sil"
confident_contradiction,0,fold_04,Детские товары,197568533822,197568544491,0,0.943,0.958,пистолет водяной 7188b,водный пистолет игрушечный oubaoloon 7188b,бренд:нет бренда; вид игрушечного оружия:пистолет; максимальный возраст ребенка:до 18 лет; материал:пластик; минимальный возраст ребенка:от 3 лет; пол ребенка:унисекс; страна-изготовитель:китай; тип:водное оружие,артикул производителя:7188; бренд:oubaoloon; возрастное ограничение:3+; код товара:100060970802; комплектация:пистолет - 1 шт; материал:пластик; тип:пистолет; цвет:желтый; электропитание:нет
confident_contradiction,0,fold_01,Дом и сад,283467862880,601295464201,0,0.96,0.981,"набор церковных подсвечников, 6 шт, 3х4.5 см, оникс","no name набор церковных подсвечников, 6 шт, 3*4.5 см, оникс","артикул:1500460; бренд:нет бренда; вес товара, г:455; вид выпуска товара:фабричное производство; высота, см:4.5; количество свечей:1; страна-изготовитель:россия; тип:подсвечник; ширина, см:3",высота:4.5 см; количество в наборе:6 шт.; количество свечей:1; материал:натуральный камень; особенности:без свечи в комплекте; размещение:настольный; тип:набор подсвечников
confident_contradiction,0,fold_01,Музыкальные инструменты,747324402597,395137114208,0,0.982,0.995,"трещотка-вертушка деревянная, fleet tc3181",трещотка fleet tc3181,бренд:fleet; тип:перкуссия,тип инструмента:трещотка
confident_contradiction,0,fold_04,Дом и сад,17179878751,609885488438,0,0.911,0.972,"набор коробок upak land круглые, 5 в 1, ""кварц"" 23х23х25 - 15х15х15 см","upak land / набор круглых коробок 5 в 1 ""кварц"" 23 х 23 х 25 - 15 х 15 х 15 см","артикул:1961081; бренд:upak land; вид выпуска товара:фабричное производство; количество в упаковке, шт.:5; срок потребления:360; страна-изготовитель:россия; тип:коробка, туба подарочная",валюта:rub; высота упаковки:26 см; длина упаковки:24 см; комплектация:набор круглых коробок - 5 в 1; страна производства:россия; цвет:синий; ширина упаковки:24 см
confident_contradiction,0,fold_01,Дом и сад,652835131690,635655285346,0,0.936,0.915,"/ гирлянда ""занавес"" 2 x 1.5 м, ip20, проз","гирлянда ""занавес"" 2 х 1.5 м.",валюта:rub,"артикул:1080466; бренд:нет бренда; вид выпуска товара:фабричное производство; вид ламп:светодиодная; вид питания:220в/12в; вид электрогирлянды:занавес; высота, м:1.5; длина гирлянды, м:2; количество в упаковке, шт:1; количество ламп, шт:360; количество режимов:8; материал:пластик; смена цвета:да; ст"
confident_contradiction,0,fold_03,Хобби и творчество,541165990892,481036481636,0,0.94,0.908,"набор для рисования светом эврики,  доска напиши и сотри, машинка","эврики / набор для рисования светом + доска напиши и сотри, машинки",бренд:эврики; количество предметов в наборе:2; комплектация наборов для рисования:фломастеры; материалы набора:бумага; минимальный возраст ребенка:от 3 лет; тематика:автомобили и мотоциклы; тип:набор для рисования; упаковка:пакет; цвет товара:разноцветный,валюта:rub; вес с упаковкой (кг):0.12 кг; высота упаковки:30 см; длина упаковки:2 см; материал игрушки:бумага; пластик; страна производства:китай; ширина упаковки:26 см
confident_contradiction,0,fold_04,Продукты питания,764504286300,438086675552,1,0.279,0.065,кофе растворимый 500г. 1шт.,"жокей триумф кофе растворимый сублимированный, 95 г","бренд:нет бренда; вес товара, г:500; единиц в одном товаре:1; максимальная температура:70; минимальная температура:5; состав:в описании; срок годности в днях:700; тип:кофе растворимый; условия хранения:в описании",валюта:rub; вес товара с упаковкой (г):95 г; высота упаковки:12 см; длина упаковки:5 см; ширина упаковки:2 см
confident_contradiction,0,fold_03,Бытовая техника,420906873738,764504338433,0,0.957,0.979,ресанта / радиатор масляный 1 квт до 15 кв. м. омпт-5н 67/3/2,масляный радиатор ресанта омпт- 5н 67/3/2,валюта:rub; вес без упаковки (кг):4.85 кг; вес с упаковкой (кг):6.3 кг; высота предмета:65 см; высота упаковки:65 см; гарантийный срок:1 год; глубина предмета:13 см; длина упаковки:29 см; доп. опции обогревателя:механический терморегулятор; термостат; количество вентиляторов в комплекте:нет; количес,"бренд:ресанта; комплектация:масляный обогреватель; инструкция. упаковка. колеса.; мощность, вт:1000; размеры, мм:290х140х650; тип:обогреватель"
confident_contradiction,0,fold_02,Хобби и творчество,274878030867,197568605251,0,0.935,0.943,"не определен головоломка «баскетбол», цвета микс","головоломка/головоломка ""баскетбол"", цвета микс",материал:пластик; тип:головоломка,артикул:4846105; бренд:нет бренда; вид выпуска товара:фабричное производство; возраст ребенка:от 3 лет; материал:пластик; минимальный возраст ребенка:от 3 лет; страна-изготовитель:китай; тип:головоломка; упаковка:пакет
confident_contradiction,0,fold_02,Красота и гигиена,120259132309,609885358968,0,0.959,0.996,"мой выбор / бурлящий шар бомбочка для ванн новогодний ""мой выбор"" на основе илецкой соли, сладкий шоколад, 140 г","бомбочка для ванн ""мой выбор"", с илецкой солью, сладкий шоколад, 140 г","аромат средства:шоколад; валюта:rub; высота упаковки:10 см; действие:ароматизация; бурление; спа; длина упаковки:16 см; количество предметов в упаковке:1 шт.; комплектация:бурлящий шар бомбочка для ванн новогодний ""мой выбор"" на основе илецкой соли; состав:косметическая основа; срок годности:1095; с","аромат:шоколад; бренд:мой выбор; вес, г:140; страна-изготовитель:россия; тип:бомбочка для ванны"
confident_contradiction,0,fold_01,Автотовары,103079272821,223338393911,0,0.991,0.943,мовиль воск агат profi 1000 мл,агат мовиль с воском (аэрозоль) 1000мл profi,бренд:agat avto; партномер (артикул производителя):sl0115; тип:мовиль,"артикул производителя:sl0115; бренд:агат; вес, в граммах:660; высота, в сантиметрах:19; длина, в сантиметрах:8; код товара:100041189231; область применения:салон; объем, в миллилитрах:1000; особенности:водоотталкивающий эффект; тип мовиля:аэрозоль; тип поверхности:пластик; ширина, в сантиметрах:8"
confident_contradiction,0,fold_01,Хобби и творчество,498216356881,833223685491,0,0.98,0.963,"набор химические опыты 2 в 1 ""волшебный лизун и жвачка для рук""",без бренда набор химические опыты 2 в 1 волшебный лизун и жвачка для рук оп-084,бренд:нет бренда; возраст ребенка:от 8 лет; минимальный возраст ребенка:от 7 лет; тип:набор для опытов,количество экспериментов:2; наука:химия; тип:набор для опытов
confident_contradiction,0,fold_04,Канцелярские товары,841813687225,171798724427,0,0.984,0.915,"губка магнитная для доски ""сказка"" текстиль 2,5x5,5x12,5 см","не определен губка магнитная для доски ""сказка"" текстиль 2,5×5,5×12,5 см",бренд:нет бренда; тип:губка для маркерной доски,рабочая поверхность:текстильная; ширина:12.50 см
confident_contradiction,0,fold_03,Хобби и творчество,240518302826,163208844783,0,0.911,0.936,"кружка под роспись, 250 мл ""новый год!"", микки маус и его друзья","disney кружка под роспись, 250 мл ""новый год!"", микки маус и его друзья",бренд:lisik.; страна-изготовитель:китай; тип:набор для росписи,предмет росписи:кружка; тип:кружка
confident_contradiction,0,fold_02,Бытовая техника,618475336616,566935783417,0,0.926,0.944,polaris / блендер phb 1385 ручной (polaris),"polaris погружной блендер phb-1385, черный","валюта:rub; вес с упаковкой (кг):1.73 кг; гарантийный срок:2 года; длина кабеля:140 см; доп. опции блендера:3 в 1: измельчитель, миксер, блендер; плавная регулировка скорости; скоростной режим турбо; емкость мерного стакана:0.6 л; емкость чаши измельчителя:0.5 л; количество насадок:3 шт.; материал к","бренд:polaris; вес товара, г:1360; вид насадки:венчик; гарантийный срок:2 года; длина шнура, м:1.1; емкости в комплекте:измельчитель; количество насадок:3; количество скоростей:15; комплектация:1. блендер</br>
2. миксер</br>
3. измельчитель; материал корпуса:металл; материал погружной части:металл; "
confident_contradiction,0,fold_03,Бытовая химия,592705545824,240518288800,0,0.91,0.996,"unicum / unicum жироудалитель gold для плит и духовок, спрей 500 мл","жироудалитель для стеклокерамических плит unicum gold, 500 мл",валюта:rub; высота упаковки:35 см; длина упаковки:4 см; комплектация:жироудалить спрей 500мл; объем (л):0.5 л; страна производства:россия; ширина упаковки:8 см,"артикул:1305837; бренд:unicum; вес товара, г:500; назначение моющего, чистящего средства:для ухода за плитой и свч; объем, мл:500; с дозатором:да; страна-изготовитель:россия; тип:средство для кухни"
confident_contradiction,0,fold_01,Музыкальные инструменты,833223656431,773094195500,0,0.998,0.985,"classic s комплект струн для классической гитары, сталь/медь,сталь,никель, 10-38, thomastik kf110",струны для классической гитары thomastik-infeld classic s kf110 10-38,бренд:thomastik; вид музыкального аксессуара:струны; тип:аксессуар для струнных,инструмент:классическая гитара; натяжение:среднее; форма оплетки:плоская
confident_contradiction,0,fold_03,Бытовая химия,283467919827,455266599261,0,0.909,0.974,чайка / средство для стирки жидкое балтийское море 2 л,"средство для стирки чайка жидкое, универсальнон балтийское море 2 л",валюта:rub; высота упаковки:30 см; длина упаковки:8 см; срок годности:720 дней.; страна производства:россия; ширина упаковки:14 см,"бренд:чайка; вид стирки:ручная; комплектация:средство для стирки - 1 шт, 2 л; назначение средства для стирки:для белых тканей; объем, мл:2000; состав:5-15 %: анионные пав; страна-изготовитель:россия; тип:жидкое средство для стирки; форма выпуска средства:жидкость"
confident_contradiction,0,fold_01,Хобби и творчество,833223703672,532575962019,0,0.981,0.936,набор для творчества картина наклейками. фея-бабочка,школа талантов набор для творчества «картина наклейками. фея-бабочка»,бренд:нет бренда; тип:набор для создания аппликации,артикул производителя:р00000016; бренд:школа талантов; код товара:100046008195
confident_contradiction,0,fold_01,Красота и гигиена,498216238841,120259226453,0,0.951,0.984,anua heartleaf pore control cleansing oil / гидрофильное масло для глубокого очищения пор-торговая точка,anua / гидрофильное масло anua heartleaf pore control cleansing oil,"бренд:anua; бьюти-ингредиент:растительный экстракт; возрастной диапазон:от 20 лет; единиц в одном товаре:1; область использования:лицо; объем, мл:200; особенности состава:без красителей; пол:женский; применение:для умывания; состав:ethylhexyl palmitate, sorbeth-30 tetraoleate, sorbitan sesquioleate,",валюта:rub; действие:снятие макияжа; успокаивающее; против акне; объем товара:200 мл; состав:экстракт листьев сердцевины; масло жожоба; масло оливы; масло виноградных косточек; срок годности:36 мес; страна производства:республика корея; тип кожи:для всех типов кожи
confident_contradiction,0,fold_01,Автотовары,68719477935,566935788813,0,0.924,0.959,"osram / лампа галогенная h1 55w p14.5s ultra life, 2шт, 12v",2шт. лампа osram h1 12v55w  p14.5s,артикул производителя:64150ult-hcb; валюта:rub; высота упаковки:11 см; длина упаковки:11 см; комплектация:автолампы; лампа галогенная; лампа автомобильная н1; мощность лампы:55 вт; напряжение:12; страна производства:германия; тип лампы:галогеновая; галогенная; галогенная лампа; ширина упаковки:5 см,"артикул:64150; бренд:osram; количество ламп, шт:2; комплектация:лампа osram h1 12v55w  p14.5s - 2шт.
; партномер (артикул производителя):64150; тип:лампа автомобильная; типоразмер автолампы:h1"
confident_contradiction,0,fold_02,Хобби и творчество,42949784013,360777399594,0,0.963,0.909,"лесная мастерская набор для творчества ""фигурки. динозавры""","набор для творчества ""фигурки. динозавры""",срок годности:5 лет,бренд:лесная мастерская; страна-изготовитель:россия; тип:деревянная модель
confident_contradiction,0,fold_03,Красота и гигиена,17179984068,34359829968,0,0.901,0.96,axe дезодорант 150 мл,axe / axe dark temptation 150 мл,"бренд:axe; вид дезодоранта:спрей; время работы дезодоранта:48 часов; единиц в одном товаре:1; название аромата:dark temptation; объем, мл:150; состав:isobutane, alcohol denat, propane, butane, parfum, amyl cinnamai, citral, citronellol, coumarin, geraniol, limonene, linalool; страна-изготовитель:рос",валюта:rub; вес товара без упаковки (г):150 г; комплектация:комплект дезодорант axe dark temptation; объем товара:150 мл; состав:дезодорант спрей; срок годности:3 года; страна производства:россия; тип дезодоранта:дезодорант-спрей
confident_contradiction,0,fold_04,Музыкальные инструменты,730144455615,403727071046,1,0.28,0.201,"invotone / acm1010fs/bk микрофонный кабель, длина 10 м","invotone acm1005s/bk - микрофонный кабель, 6,3 джек стерео <-> xlr (папа), длина 5 м (черный)","валюта:rub; вес товара с упаковкой (г):500 г; вид разъема:6,3 джек стерео - xlr (мама); высота упаковки:4 см; длина упаковки:35 см; количество предметов в упаковке:1; комплектация:кабель 1 шт; модель:acm1010fs/bk; страна производства:китай; тип кабеля:для микрофона; цвет:черный; ширина упаковки:35 с",бренд:invotone; тип:аксессуар для струнных; цвет товара:черный
confident_contradiction,0,fold_01,Красота и гигиена,395137082906,360777416312,1,0.187,0.248,рецепты бабушки агафьи / бальзам для волос кедровый питание и укрепление 500мл,"рецепты бабушки агафьи шампунь-настой для волос питание и укрепление кедровый, 500 мл, 3 шт",валюта:rub; вес товара без упаковки (г):500 г; высота упаковки:23 см; действие:увлажнение; восстановление; укрепление волос; длина упаковки:16 см; комплектация:бальзам для волос - 1шт; объем товара:500 мл; состав:состав указан в описании.; срок годности:24 месяца; страна производства:россия; тип вол,"бренд:рецепты бабушки агафьи; бьюти-ингредиент:растительный экстракт; вес, г:1500; единиц в одном товаре:3; объем, мл:500; особенности состава:без парабенов; пол:женский; солнцезащитная косметика:нет; состав:полный состав указан на упаковке; способ применения:нанесите на влажные волосы, затем смойте"
confident_contradiction,0,fold_03,Хобби и творчество,678604925190,137439067718,0,0.949,0.975,"эврики микроскоп «юный исследователь», 7 предметов, кратность увеличения 100, 200, 300","микроскоп для детей (школьный), ""юный исследователь"", 7 предметов, кратность увеличения 100, 200, 300",тип:микроскоп; тип микроскопа:биологический,бренд:эврики; максимальный возраст ребенка:до 15 лет; минимальный возраст ребенка:от 8 лет; пол ребенка:мальчик; страна-изготовитель:китай; тип:микроскоп детский
confident_contradiction,0,fold_04,Канцелярские товары,111669237267,104554,0,0.938,0.945,paw patrol / касса букв слогов и счета учим буквы и цифры а5 пвх,"касса букв, слогов и счета ""учим буквы и цифры"", а5, пвх, щенячий патруль","валюта:rub; возрастные ограничения:для детей; комплектация:касса букв, слогов и счета ""учим буквы и цифры"", а5, пвх, paw patrol; материал изделия:бумага; пвх; страна производства:китай",бренд:paw patrol; страна-изготовитель:россия; тип:касса букв и цифр
confident_contradiction,0,fold_01,Бытовая техника,163208810145,489626412536,0,0.911,0.91,инверторная сплит система haier jade dc-inverter as25s2sj1fa-g/1u25mecfra gold (сплит-система инвертор / jade dc-inverter / haier),кондиционер настенный сплит-система haier as25s2sj1fa-g/1u25mecfra золотистый,"бренд:haier; вес внешнего блока, кг:29.8; вес внутреннего блока, кг:12; инверторное управление мощностью:true; макс. длина коммуникаций, м:20; размер внеш. блока, мм (в x ш x г):800x553x275; размер внутр. блока, мм (в x ш x г):923x320x215; тип:сплит-система инвертор; уровень шума внешнего блока, дб:",гарантия продавца / производителя:12 мес.; страна-производитель:китай; тип:кондиционер; тип системы:сплит-система
confident_contradiction,0,fold_03,Электроника,68719555466,515396083244,0,0.907,0.918,"6.6"" смартфон samsung galaxy a14 128 гб зеленый","samsung смартфон galaxy a14 6/128 гб, зеленый",гарантия продавца:12 мес.; модель:samsung galaxy a14; тип:смартфон,"аутентификация:распознавание лица; беспроводные интерфейсы:bluetooth; бренд:samsung; бренд графического процессора:arm; бренд процессора:mediatek; версия android:android 13.x; вес товара, г:201; видеопроцессор:mali-g52 mc2; восстановленный:false; встроенная память:128 гб; встроенные датчики:акселеро"
confident_contradiction,0,fold_03,Хобби и творчество,841813748349,558345915881,0,0.942,0.926,"арт узор / пайетки ""круг"" сиреневые набор 30 гр","пайетки ""круг"" сиреневые набор 30 гр d:2 см",валюта:rub; материал изделия:пластик; страна производства:китай; тип аксессуара для рукоделия:пайетки; цвет:сиреневый,бренд:нет бренда; тип:декоративный элемент
confident_contradiction,0,fold_02,Хобби и творчество,781684186531,463856562510,0,0.917,0.905,"кружевная эластичная ткань, 185 мм х 2,7 +/- 0,5 м, цвет чёрный","арт узор / кружевная эластичная ткань, 185 мм × 2,7 ± 0,5 м, цвет чёрны",бренд:нет бренда; материал:нейлон; название цвета:черный; страна-изготовитель:китай; тип:бельевая фурнитура; цвет товара:черный,валюта:rub; вес товара с упаковкой (г):65 г; высота упаковки:1 см; длина упаковки:19 см; страна производства:китай; ширина упаковки:10 см
confident_contradiction,0,fold_03,Музыкальные инструменты,420906891697,377957268722,0,0.949,0.94,"uspr укулеле сопрано, палисандр, poni","uspr укулеле сопрано, палисандр, poni",артикул производителя:uspr; бренд:poni; код товара:100043136696; материал верхней деки:ель; отделка корпуса:матовая; размер:сопрано; страна-производитель:россия; тип корпуса:цельный; цвет:коричневый,бренд:poni; тип:укулеле
confident_contradiction,0,fold_02,Бытовая химия,747324393844,42949697891,0,0.99,0.969,стиральный порошок ariel авт горный родник 20 стирок 3 кг.,"стиральный порошок ariel горный родник автомат, 3 кг",валюта:rub; вес товара без упаковки (г):3000 г; вес товара с упаковкой (г):3020 г; высота упаковки:26 см; длина упаковки:27 см; количество стирок:20 шт.; назначение стирального средства:для белого; ширина упаковки:9 см; эффект средства:отбеливание; удаление запахов; удаление пятен,"бренд:ariel; вес товара, г:3000; вид стирки:автоматическая; назначение средства для стирки:для белых тканей; состав:5-15% - анионные пав, кислородосодержащие отбеливатели, менее 5% - неионогенные пав, фосфонаты, поликарбоксилаты, цеолиты, энзимы, оптические отбеливатели, ароматизирующие добавки.; ст"
confident_contradiction,0,fold_02,Бытовая химия,661425043310,120259131974,0,0.941,0.981,chirton освежитель воздуха light air тропическая ночь 300мл 2шт в уп,"chirton / освежитель воздуха ""тропическая ночь"", 300 мл 2шт","ароматизация:ручная; бренд:chirton; вид ароматизатора:аэрозоль; единиц в одном товаре:2; комплектация:2 штуки в упаковке; название аромата:тропическая ночь; объем, мл:300; страна-изготовитель:россия; тип:освежитель воздуха; целевая аудитория:взрослая","аромат освежителя:тропический; валюта:rub; вид освежителя:аэрозоль; сухой; спрей; высота предмета:21.1 см; комплектация:освежитель воздуха ""тропическая ночь"", 300 мл - 2 шт.; наличие батареек в комплекте:нет; объем товара:300 мл; питание:без питания; состав:>30% - алифатические углеводороды (пропан;"
confident_contradiction,0,fold_03,Дом и сад,730144442005,687194854276,0,0.988,0.948,"пинцет для удаления костей из рыбы ""премиум"", 12 х 3 х 1.5 см","теропром пинцет для удаления костей из рыбы ""премиум"", 12 х 3 х 1.5 см",артикул:5064341; бренд:tas-prom; вид выпуска товара:фабричное производство; страна-изготовитель:россия; тип:кулинарный инструмент,материал лезвия:нержавеющая сталь; особенности:мытье в посудомоечной машине
confident_contradiction,0,fold_03,Хобби и творчество,515396168606,412316991822,0,0.957,0.999,"время игры игра настольная падающая башня ""время игры"", 20.5 х 6.3 см, 54 бруска, брусок 6.3 х 1.1 х 2.1 см / 9223587","падающая башня ""время игры"" 20.5 х 6.3 см 54 бруска брусок 6.3 х 1.1 х 2.1 см","возраст от:6 лет; время партии:20.50-6.30 минут; количество игроков:2-4; материал:дерево; срок службы:10 лет; тип:развлекательная настольная игра; тип игры:логическая, семейная, на реакцию и внимание",бренд:время игры; вид выпуска товара:фабричное производство; минимальный возраст ребенка:от 6 лет; страна-изготовитель:китай; тип:настольная игра; целевая аудитория:детская
confident_contradiction,0,fold_02,Музыкальные инструменты,635655323149,395137079200,1,0.226,0.156,terris / pluc 23 bk укулеле концерт,veston kus100 bk - укулеле сопрано,валюта:rub; количество ладов:13 шт.; количество струн инструмента:4 шт.; материал верхней деки:липа; материал корпуса:липа; размер укулеле:концерт; страна производства:китай,"бренд:veston; вес товара, г:500; звукосниматели:нет; количество ладов, шт.:15; количество струн:4; комплектация:veston kus100 bk - укулеле сопрано; крепление грифа:вклеенный; материал грифа:меранти; материал корпуса/верхней деки:красное дерево; материал нижней деки:красное дерево; материал струн:ней"
confident_contradiction,0,fold_02,Автотовары,730144581520,68719612344,0,0.989,0.937,сайлентблок задней поперечной тяги к-кт 2шт. бол.+мал lexus rx270 08> jikiu bhk21002,сайлентблок задней поперечной тяги к-кт! 2шт. бол.+мал. lexus rx270 08,артикул производителя:bhk21002; бренд:jikiu; код товара:100053556524; примечание:внешний вид изделия может отличаться от фотографий; тип запчасти:сайлентблок; цена за:1 шт.,артикул:armt1-|ji|-bhk21002///1; бренд:jikiu; партномер (артикул производителя):armt1-|ji|-bhk21002///1; тип:сайлентблок
confident_contradiction,0,fold_02,Товары для животных,300647781686,592705628339,0,0.969,0.999,"корм влажный felix суп с говядиной для взрослых кошек, 48 г",влажный корм felix суп с говядиной для взрослых кошек 48 г,"бренд:felix; вес товара, г:48; возраст животного:для взрослых; единиц в одном товаре:1; порода кошки:для любой породы; предназначено для:для кошек; срок годности в днях:365; тип:корм влажный; упаковка консервированных кормов:пауч; условия хранения:в сухом месте","белки:7.5 г; вес:48.0 г; вид животного:кошки; возраст:взрослые (1-6 лет); жиры:1.5 г; класс ингредиентов:премиум; количество в упаковке:1 шт; назначение:повседневные; основной вкус:говядина; особенности состава:без красителей, без ароматизаторов; производитель:нестле россия ооо; размер:1 шт; размер "
confident_contradiction,0,fold_01,Хобби и творчество,712964572395,412316906275,0,0.903,0.955,"трафарет ""геометрия"" 24х16 см","сималенд / трафарет ""геометрия"" 24х16 см",бренд:нет бренда; материал:пластик; страна-изготовитель:россия; тип:трафарет для рисования,"валюта:rub; высота предмета:24 см; глубина предмета:0.1 см; количество предметов в упаковке:1; комплектация:трафарет, 1 лист; материал изделия:пластик; страна производства:россия; ширина предмета:16 см"
confident_contradiction,0,fold_02,Бытовая химия,188978612586,377957129757,0,0.944,0.986,"чистящее средство 750 мл, dosia (дося) ""лимон"", для сантехники, дезинфицирующий и отбеливающий эффект, гель","чистящее средство 750 мл, dosia (дося) ""лимон"", для сантехники, дезинфицирующий и отбеливающий эффект, гель",аромат:лимон; бренд:dosia; назначение:для сантехники; объем:750 мл; особенности:антибактериальное; содержит:d-лимонен; средство:средство; срок годности:1 г.; упаковка:бутылка; эффект:отбеливание,"артикул:g68451-1; бренд:dosia; назначение чистящего средства для ванной и туалета:для сантехники; объем, мл:750; состав:менее 5% хлоросодержащий отбеливатель, анионные и амфотерные пав, гидроксид натрия, ароматизатор; тип:средство чистящее для ванной и туалета"
confident_contradiction,0,fold_03,Спорт и отдых,661425065117,188978604093,0,0.905,0.956,"minoga / силикон прим minoga jagger 2,0""(8шт) 50мм, 1,6гр, цв 003","minoga мягкая приманка для рыбалки, 50 мм",валюта:rub,"бренд:minoga; вес, г:1.6; вид мягкой приманки:съедобная; длина, мм:50; количество в упаковке, шт:8; количество упаковок, шт:1; материал приманки:силикон; название цвета:003; плавучесть:медленно тонущий (slow sinking); размер приманки, дюймы:2; страна-изготовитель:россия; тип:мягкая приманка для рыба"
confident_contradiction,0,fold_02,Товары для животных,429496746408,240518257077,0,0.931,0.916,flexi / рулетка xs (до 8 кг) 3 м трос,"flexi (флекси) рулетка-трос для собак до 8кг, 3м (black design xs cord 3m) розовая","валюта:rub; весовая группа животного:8; вид животного:для собак; вид поводка:рулетка; длина поводка:3; комплектация:рулетка black design xs (до 8 кг) 3 м трос черный/розовый flexi 98033210; материал изделия:ударопрочный пластик; страна производства:германия; цвет:черный, розовый",артикул:44670; бренд:flexi; предназначено для:для собак; тип:поводок
confident_contradiction,0,fold_03,Продукты питания,755914272051,403727063141,0,0.937,0.93,фиточай в фильтр пакетах 20 шт./ травяной сбор иван-чая листья,"не определен травяной сбор «иван-чая листья», фильтр-пакет, 20 шт.",бренд:нет бренда; вид чая:травяной; единиц в одном товаре:20; максимальная температура:24; минимальная температура:12; состав:трава иван-чая узколистного (кипрей узколистный (chamérion angustifólium или epilóbium angustifolium)); срок годности в днях:730; страна-изготовитель:россия; тип:чай в пакети,бренд:россия; форма выпуска:фильтр-пакеты
confident_contradiction,0,fold_03,Спорт и отдых,68719617696,360777405068,1,0.261,0.272,"lucky john / блесна колеб. lucky john cleo длин.34мм03,5г 022","блесна колеб. lucky john cleo длин.31мм/02,5г 029","валюта:rub; длина приманки (мм):34 мм; комплектация:блесна колеб. lucky john cleo длин.34мм03,5г 022; тип блесны:колеблющаяся","бренд:lucky john; вес, г:2.5; тип:блесна"
confident_contradiction,0,fold_02,Аптека,773094185478,584115646980,0,0.958,0.98,little doctor термометр электронный ld-300,термометр электр little doctor ld-300,измеряемая температура:°c,"бренд:little doctor; вид термометра:цифровой; гарантия на товар, мес.:24; измерение температуры:тела; материал:полипропилен; мин. время измерения, сек:60; пол ребенка:унисекс; применение термометра:оральный; страна-изготовитель:китай; тип:медицинский термометр; целевая аудитория:детская"
confident_contradiction,0,fold_04,Музыкальные инструменты,549755904744,137439074162,0,0.984,0.978,"mz-chg-12-3skull2/b чехол для классической гитары, mezzo",чехол для классической гитары mezzo mz-chg-12-3skull2/b,бренд:mezzo; страна-изготовитель:китай; тип:чехол для музыкального инструмента,в комплекте:1 шт.; материал:оксфорд; назначение:для классической гитары; тип:чехол; цвет товара:мультиколор
confident_contradiction,0,fold_04,Мебель,738734414799,137439063896,1,0.174,0.256,"лига диванов угловой диван, механизмпантограф,372х165х90см",лига диванов угловой диван пекин угол левый,"артикул:115438; бренд:лига диванов; вес товара, г:232000; вид выпуска товара:фабричное производство; вид раскладывания:пантограф; высота сиденья, см:47; высота спинки, см:43; высота, см:90; гарантийный срок:18 месяцев; глубина сиденья, см:93; глубина, см:165; исполнение:деревянное; комната:гостиная;",вес в транспортной упаковке:185 кг; габариты транспортной упаковки:150х170х100 см; материал каркаса:лдсп; механизм трансформации:пантограф; назначение:для гостиной; обивка:текстиль; особенности:ящик для белья; расположение угла:слева; стиль:современный; тип:диван угловой; цвет товара:серый; число ме
confident_contradiction,0,fold_02,Музыкальные инструменты,644245129703,249108119720,0,0.913,0.992,flight / fbg 2009 чехол для акустической гитары,чехол для акустической гитары flight fbg-2009,валюта:rub; вес товара без упаковки (г):520 г; вид застежки:молния; вид чехла:обычный чехол; высота предмета:111 см; карманы:большой внешний карман на молнии; комплектация:чехол; материал изделия:синтетическая ткань; назначение чехла:чехол для акустической гитары; особенности чехла:непромокаемый; ст,"бренд:flight; вес товара, г:600; количество в упаковке, шт:1; комплектация:чехол; материал муз. инструмента/аксессуара:полиэстер; назначение муз. аксессуара:для акустической гитары; партномер:fbg-2009; страна-изготовитель:россия; тип:чехол для музыкального инструмента; цвет товара:черный"
confident_contradiction,0,fold_03,Хобби и творчество,153665,721554576351,0,0.964,0.957,"буква-ленд / книжка ""пиши-стирай. найди отличия"" с маркером, 12 стр.","книжка с маркером ""пиши-стирай. найди отличия"", 12 стр.",валюта:rub; комплектация:элементы игры; страна производства:китай,бренд:буква-ленд; вид раскраски:раскраска; возраст ребенка:от 4 лет; материал:бумага; минимальный возраст ребенка:от 4 лет; тип:раскраска
confident_contradiction,0,fold_02,Электроника,850403581818,790274078706,1,0.23,0.19,"юкомс системный блок gamer rule на базе core i5-12400f | gtx 1660 6gb | бп 450w 80+ bronze | ssd m2 nvme | win 10 pro | white game case_hdd 1tb / ssd 480 gb / 16gb ddr4 (intel core i5-12400f (2.5 ггц), ram 16 гб, ssd 480 гб, hdd 1000 гб, nvidia geforce gtx 1660 (6 гб), windows 10 pro), черный","игровой pc юкомс i5-12400f, gtx 1660 super 6gb, ssd 120gb, 16gb ddr4, бп 450w, win 10 pro, white game case","бренд:юкомс; бренд графического процессора:nvidia; бренд процессора:intel; версия windows:windows 10 pro; вес товара, г:5000; видеокарта:nvidia geforce gtx 1660 (6 гб); видеопамять:6 гб; гарантийный срок:12; интерфейсы и разъемы:3.5 мм; количество hdd:1; количество ssd:1; комплектация:системный блок","видеокарта:nvidia geforce gtx 1660 super; комплектация:системный блок, кабель питания, windows 10 pro, office 19 business; конфигурация накопителей:ssd; линейка процессора:intel core i5; общий объем накопителей ssd:120; объем видеопамяти:6 гб; объем оперативной памяти:16 гб; операционная система:win"
confident_contradiction,0,fold_04,Хобби и творчество,412316981176,755914279760,0,0.969,0.958,"kogarashi / алмазная мозаика с полным заполнением 20х30 ""кот"". холст","алмазная мозаика с полным заполнением 20х30 ""кот"", холст","валюта:rub; вес товара с упаковкой (г):205 г; высота упаковки:3 см; длина упаковки:31 см; комплектация:алмазная мозаика с полным заполнением 20х30 ""кот"". холст. 1 шт; ширина упаковки:21 см",бренд:школа талантов; страна-изготовитель:китай; тип:алмазная мозаика
confident_contradiction,0,fold_04,Детские товары,764504269546,558345837121,0,0.902,0.985,uni-fortune / машина металлическая rmz city 1:64 форд f150 2018 uni fortune 344037sm,машинка металлическая uni-fortune rmz city 1:64 ford f150 2018,валюта:rub; комплектация:1 игрушка; страна производства:китай,бренд:uni-fortune; вид транспорта:масштабные модели; тип:машинка
confident_contradiction,0,fold_03,Товары для животных,188978609588,77309515498,0,0.944,0.971,"влажный корм для собак, solid natura holistic, говядина, упаковка 6 шт х 340 г","solid natura / влажный корм для собак holistic говядина, уп 6 шт х 340г","бренд:solid natura; вес товара, г:2040; вкус корма для животных:говядина; возраст животного:для взрослых; единиц в одном товаре:6; класс корма:супер-премиум; комплектация:6 банок; консистенция корма для животных:кусочки в желе; минеральные вещества:кальций, фосфор, железо, цинк, магний, медь; основн",валюта:rub; вес одного предмета (г):340 г; вид вкуса корма:мясо; вид животного:для собак; возраст животного:взрослые; высота упаковки:10 см; длина упаковки:23 см; класс корма:холистик; количество предметов в упаковке:6 шт; комплектация:6 банок; консистенция корма:кусочки и волокна мяса в желе; назна
confident_contradiction,0,fold_04,Хобби и творчество,352187471229,206158534837,0,0.971,0.908,"настольная игра головоломка puzzle ""iq-блоки 12 элементов"" 1 вид, 5+","настольные игры от лисички / настольная игра головоломка puzzle ""iq-блоки. 12 элементов""",бренд:лас играс; вид выпуска товара:фабричное производство; материал:бумага; минимальное число игроков:1; минимальный возраст ребенка:от 5 лет; название цвета:разноцветный; страна-изготовитель:китай; тип:настольная игра; цвет товара:разноцветный; целевая аудитория:детская; целевая аудитория игры:для,"валюта:rub; высота упаковки:23 см; длина упаковки:3 см; комплектация:настольная игры 1 шт; макс. число игроков:2 - 4 игрока, 1 игрок; материал изделия:бумага, картон; рекомендуемый возраст:от 5 лет; страна производства:китай; тренируемые навыки:моторика, фигуры, цвета, логика; ширина упаковки:17 см"
confident_contradiction,0,fold_04,Детские товары,300647760720,60129565313,0,0.957,0.938,"budibasa / мягкая игрушка кот басик baby в футболке со смайликом, 20 см",мягкая игрушка budi basa кот басик baby в футболке со смайликом 20 см,валюта:rub; вес товара с упаковкой (г):320 г; вид упаковки:фирменная подарочная коробка; высота предмета:20 см; высота упаковки:24 см; длина упаковки:16 см; комплектация:фирменная коробка - 1 шт; мягкая игрушка - 1 шт; материал игрушки:текстиль; искусственный мех; пластмасса; наполнитель:холлофайбер,бренд:basik&co; вид мягкой игрушки:кошка; минимальный возраст ребенка:от 3 лет; пол ребенка:унисекс; страна-изготовитель:россия; тип:мягкая игрушка
confident_contradiction,0,fold_01,Товары для животных,730144612087,146029038536,0,0.925,0.993,"chappi / chappi сухой корм для собак,15кг","корм для собак chappi говядина, 15кг",валюта:rub; вес товара без упаковки (г):15000 г; вес товара с упаковкой (г):15100 г; вид вкуса корма:мясо; вид животного:для собак; возраст животного:взрослые; высота упаковки:60 см; длина упаковки:10 см; класс корма:эконом; количество предметов в упаковке:1; назначение корма:повседневный; основной ,"артикул:00142; бренд:chappi; вес товара, г:15000; вкус корма для животных:говядина; возраст животного:для взрослых; предназначено для:для собак; состав:злаки, мясо и субпродукты, жиры животного происхождения, морковь, люцерна, растительные масла, минеральные вещества, витамины. 
пищевая ценность в 1"
confident_contradiction,0,fold_01,Строительство и ремонт,824633783909,429496880709,1,0.297,0.08,выключатель автоматический модульный 3п c 25а 4.5ка nxb-63s (r) chint 296829 (1 шт.),chint автоматический выключатель 10а,количество полюсов:3; номинальный ток:25 а; тип:автоматический выключатель; тип расцепления:c,"бренд:chint; единиц в одном товаре:1; комплектация:автоматический выключатель /выключатель /переключатель / автомат электрический / автомат / модульный выключатель; номинальное напряжение, в:400; номинальный ток, а:10; партномер:850469; страна-изготовитель:китай; тип:автоматический выключатель; тип "
confident_contradiction,0,fold_04,Спорт и отдых,833223764322,317827673261,0,0.911,1.0,"ekud компрессионный мешок, 19 литров (красный)","компрессионный мешок ekud, 19 литров (красный)",вес:0.155 кг; длина:50 см; состояние товара:новый; тип:компрессионный мешок для спальника; цвет товара:красный,"бренд:ekud; объем главного отделения, л:19; страна-изготовитель:россия; тип:мешок компрессионный; цвет товара:красный; целевая аудитория:взрослая"
confident_contradiction,0,fold_01,Бытовая химия,317827631725,455266567117,0,0.904,0.949,"средство для мытья посуды officeclean professional ""лимон"", пэт, 5л","средство для мытья посуды officeclean professional, ""лимон"", канистра, 5 л (246163/а)","бренд:officeclean; назначение:для мытья посуды; объем:5 л; особенности:для мытья в холодной воде, обезжиривание, придание блеска; сменный блок:есть; форма выпуска:жидкость","аромат:лимон; артикул:1243530; бренд:officeclean; вес товара, г:5000; единиц в одном товаре:1; количество в упаковке, шт:1; название аромата:лимон; назначение моющего, чистящего средства:для посуды; объем, мл:5000; состав:30% и более воды очищенной, менее 5%: апав, нпав, хлорида натрия, лимонной кис"
confident_contradiction,0,fold_03,Аптека,128849121091,68719511848,1,0.18,0.125,"контактные линзы alcon precision1 for astigmatism, 30 линз, sph -2,50 cyl -0,75 axis 90",астигматические линзы alcon precision1 for astigmatism (toric) 30 линз sph -2.50 cyl -1.75 axis 90,"артикул производителя:precision1(tor)-2.50-0.75x90; бренд:alcon; влажность, %:87; код товара:600014654402; количество в упаковке:30; количество штук в упаковке:30; коэффициент пропускания кислорода, dk/t:90; материал:силикон-гидрогель; оптическая сила цилиндра(cyl):-0.75; оптическая сила(sph):-2,5; ","бренд:alcon; вес товара, г:110; влагосодержание, %:87; диаметр, мм:14.5; дней до замены:1 день; кислородопропускание, dk/t:90; количество в упаковке:30; материал контактных линз:верофилкон а; оптическая сила:-2.50; особенности контактных линз:силикон-гидрогель; ось (axis):90; радиус кривизны:8.5; ре"
confident_contradiction,0,fold_02,Музыкальные инструменты,635655230054,592705506500,0,1.0,0.99,"m221l синтезатор, 61 клавиша, medeli / m221l синтезатор, 61 клавиша, medeli",medeli m221l,валюта:rub; вес без упаковки (кг):4 кг; вес с упаковкой (кг):5 кг; высота предмета:42 см; высота упаковки:50 см; гарантийный срок:1 г; длина упаковки:108 см; жесткость клавиатуры:невзвешенная; количество выходов на наушники:2 шт.; количество клавиш:61; количество стилей автоаккомпанемента:200 шт.; к,бренд:medeli; тип:цифровой синтезатор; цвет товара:черный
confident_contradiction,0,fold_01,Аптека,206158487653,335007483975,0,0.929,0.916,анальный водно-силиконовый лубрикант analove - 20 гр.,биоритм / анальный силиконовый лубрикант analove - 20 гр.,бренд:нет бренда; единиц в одном товаре:1; страна-изготовитель:россия; тип:лубрикант,валюта:rub; вес товара с упаковкой (г):55 г; вид лубриканта:анальный; вагинальный; высота упаковки:11 см; действие лубриканта:смазывание; увлажнение половых органов и длительное скольжение; лубрикант для анального секса; длина упаковки:8 см; комплектация:анальный силиконовый лубрикант analove - 20 г
confident_contradiction,0,fold_03,Детские товары,42949682666,541165962435,0,0.983,0.925,"автоград погрузчик металлический «стройтехника», подвижные детали, с элементами из пластика","автоград, погрузчик металлический ""стройтехника"", подвижные детали, с элементами из пластика","возраст:от 5 лет; материал:металл, пластик; тематика:спецтехника; цвет товара:оранжевый","бренд:автоград; вид службы:коммунальная; вид транспорта:спецтехника; длина, см:22; количество элементов, шт:1; материал:металл; назначение спецтехники:коммунальная; особенности машинок:подвижный кузов; страна-изготовитель:китай; тип:машинка; цвет товара:оранжевый"
confident_contradiction,0,fold_03,Товары для животных,146028944087,704374775034,0,0.909,0.917,"туалет ""мур-мяу"" для кошек, с сеткой, 33,2 х 25,6 х 7,2 см, зелёный",хозяйский выбор / туалет для кошек пластиковый 332*256*72мм с сеткой,"бренд:пушистое счастье; высота, см:7.2; длина большей стороны, см:33.2; длина меньшей стороны, см:25.6; материал:пластик; особенности туалета:с решеткой; предназначено для:для кошек; размер животного:малый; страна-изготовитель:россия; тип туалета:открытый",валюта:rub; материал изделия:пластик; цвет:зеленый
confident_contradiction,0,fold_04,Электроника,523986074943,154618948095,1,0.277,0.01,картридж cc533a (304a) magenta для принтера hp color laserjet cm2320n; cm2320nf,"nv print картридж c-718 magenta для принтера кэнон, canon i-sensys mf8380cdw; mf8340cdn","бренд:nv print; вес товара, г:800; гарантийный срок:1 год; емкость:увеличенная; количество в упаковке, шт:1; количество цветов:1; комплектация:картридж, гарантийный талон; назначение:для лазерного принтера; оригинальность расходника:совместимый; размеры, мм:150x150x300; ресурс:2800; страна-изготовит","модель совместимого принтера:canon i-sensys lbp7200cdn, canon i-sensys lbp7210cdn, canon i-sensys lbp7660cdn, canon i-sensys lbp7680cx, canon i-sensys mf724cdw, canon i-sensys mf728cdw, canon i-sensys mf729cx, canon i-sensys mf8330cdn, canon i-sensys mf8340cdn, canon i-sensys mf8350cdn, canon i-sens"
confident_contradiction,0,fold_01,Бытовая химия,51539691195,446676724866,0,0.952,0.994,aqualeon медленный стабилизированный хлор aqualeon комплексный таб. 200 гр,"медленный стабилизированный хлор aqualeon aqualeon, комплексный, 200 г, 1 шт","вес:0.2 кг; действующее вещество:хлор; назначение:обеззараживание, очистка, против цветения воды; применение:для бассейна, для водоема; с хлором:есть; форма выпуска:таблетки","артикул:1772289; бренд:aqualeon; комплектация:медленный стабилизированный хлор - 200 г; назначение моющего, чистящего средства:для бассейнов; страна-изготовитель:россия; тип:химия для бассейнов; целевая аудитория:взрослая"
confident_contradiction,0,fold_02,Канцелярские товары,455266571124,214748511461,0,0.929,0.934,"бумага цветная а4 80г/м2 500л интенсив желтый, 1 шт. в заказе",бумага цветная а4 500л calligrata интенсив желтый 80г/м2,бренд:нет бренда; количество заводских упаковок:1; тип:бумага цветная,плотность:80 г/м2; тип:форматная цветная; формат:a4
confident_contradiction,0,fold_03,Хобби и творчество,197568522806,592705524394,0,0.929,0.94,"фломастеры, 24 цвета, в пластиковой коробке, вентилируемый колпачок, ""кисти""","не определен фломастеры, 24 цвета, в пластиковой коробке, вентилируемый колпачок, ""кисти""",бренд:нет бренда; тип:набор для рисования,особенности:вентилируемый колпачок; форма наконечника:кисть
confident_contradiction,0,fold_01,Хобби и творчество,352187417563,807453976503,1,0.19,0.239,"спицы прямые gamma сталь, d 1,5 мм, 35 см, 2 шт, под никель (mkp-r)",спицы gamma прямые kn2h металл d 2.5 мм 35 см 2 шт с покрытием,"бренд:gamma; вид спиц:прямые; диаметр спиц, мм:1.5; длина, см:35; количество в упаковке, шт:2; комплектация:спицы прямые - 2 шт; страна-изготовитель:россия; тип:спицы для вязания",материал:металл; тип:спицы для вязания; тип спиц:прямые; цвет товара:серый
confident_contradiction,0,fold_01,Музыкальные инструменты,137439085550,369367251561,0,0.983,0.998,тюнер на прищепке musedo t-2046bd,тюнер musedo t-2046bd,валюта:rub; комплектация:тюнер на прищепке musedo t-2046bd; страна производства:китай; цвет:черный,"бренд:musedo; вес товара, г:32; количество в упаковке, шт:1; комплектация:тюнер - 1 шт; материал муз. инструмента/аксессуара:пластик; назначение муз. аксессуара:для акустической гитары; партномер:t-2046bd; страна-изготовитель:китай; тип:тюнер музыкальный; цвет товара:черный"
confident_contradiction,0,fold_03,Автотовары,42949682211,188978573752,0,0.991,0.997,"g-energy synthetic active 5w-30, масло моторное, синтетическое, 5 л",g-energy / масло моторное g-energy synthetic active 5w30 5 л,"acea:a3; артикул:sh62416328; бренд:g-energy; вид масла:синтетическое; вид техники:внедорожники; вязкость по sae:5w-30; допуски oem:mb 229.3; классификация по api:sl; объем, л:5; партномер (артикул производителя):253142406; размер упаковки (длина х ширина х высота), см:26.3x12.2x31.1; страна-изготови",артикул производителя:253142406; валюта:rub; вес с упаковкой (кг):4.6 кг; высота упаковки:30 см; длина упаковки:23 см; класс вязкости:5w-30; комплектация:пластиковая канистра; модель:любая модель; все модели; назначение моторного масла:для бензиновых двигателей; для дизельных двигателей; объем (л):5
confident_contradiction,0,fold_01,Канцелярские товары,128849106186,721554634980,0,0.985,0.954,"(5 шт.) - блокнот а5 (134х206 мм), 80 л., твёрдый, клетка, staff, ""pastel"", 114416 (арт. 114416)","staff блокнот а5 (134х206 мм), 80 л, твёрдый, клетка, staff, ""pastel"", 114416","бренд:staff; количество заводских упаковок:5; количество листов, шт:80; комплектация:в комплекте 5 шт.; название цвета:""pastel""; тип:блокнот; формат:a5 (14.8 × 21 см)","бумага:офсетная, 60 г/м²; количество:5 шт.; количество листов:80; крепление:сшитый; обложка:твердая, твердая обложка; плотность бумаги:60 г/м²; разлиновка:клетка; тип:блокнот; формат:a5"
confident_contradiction,0,fold_03,Детские товары,566935730165,343597431803,0,0.91,0.945,"развивающие карточки мульти пульти ""на ферме"", 36 штук (рк_28364)",мульти-пульти / развивающие карточки мульти-пульти,бренд:мульти-пульти; вид детской игры:обучающие карточки; возрастной диапазон:от 1 до 3 лет; максимальный возраст ребенка:до 7 лет; материал:картон; минимальное число игроков:1; минимальный возраст ребенка:от 3 лет; пол ребенка:унисекс; развитие навыков:кругозор; страна-изготовитель:россия; тип:обуч,валюта:rub; возрастные ограничения:от 3 лет; высота предмета:12.6 см; жанры/тематика:развивающие настольные игры для детей; количество предметов в упаковке:36 шт.; комплектация:развивающие карточки 36 штук - 1 набор; страна производства:россия; ширина предмета:8.7 см
confident_contradiction,0,fold_01,Дом и сад,51539657078,489626308217,0,0.957,0.929,"сахарница риштанская керамика ""узоры"", 500 мл, синяя / 9408724","шафран сахарница риштанская керамика ""узоры"", 500 мл, синяя",артикул:9408724; бренд:шафран; вид выпуска товара:фабричное производство; количество предметов:1; комплектация:сахарница 1 шт; материал:керамика; название цвета:узоры (синий); особенности посуды:нельзя мыть в посудомоечной машине; страна-изготовитель:узбекистан; тип:сахарница,"артикул производителя:5279299; бренд:шафран; вес, в граммах:570; высота, в миллиметрах:10; глубина, в миллиметрах:185; двойное дно:нет; двойные стенки:нет; диаметр, в сантиметрах:18.5; код товара:100038192620; количество отделений:1; количество предметов:1; количество ярусов:1; материал:керамика; ма"
confident_contradiction,0,fold_03,Музыкальные инструменты,386547089719,506806181309,0,0.976,0.94,elixir / 14077 nanoweb medium,струны для бас гитары elixir nanoweb bass 45-105 14077,валюта:rub; калибр струн:45-105; количество предметов в упаковке:1 шт.; материал изделия:никель-сталь; назначение струн:струны для бас-гитары; страна производства:сша,бренд:elixir; вид музыкального аксессуара:струны; назначение муз. аксессуара:для электрогитары; партномер:14077; страна-изготовитель:сша; тип:аксессуар для струнных
confident_contradiction,0,fold_02,Музыкальные инструменты,532575964141,111669238953,1,0.241,0.215,"w81-12e-wbag-op электро-акустическая гитара 12-струнная с чехлом, parkwood",cort / af510e-op standard series электро-акустическая гитара,"бренд:parkwood; вид обмотки струн:круглая; гарантийный срок:12 месяцев при соблюдении правил хранения и эксплуатации; звукосниматели:cort ce304t eq; количество ладов, шт.:20; количество струн:12; крепление грифа:вклеенный; материал грифа:красное дерево; материал корпуса/верхней деки:ель; материал на",валюта:rub; вес товара без упаковки (г):2 г; высота упаковки:14 см; длина упаковки:108 см; количество ладов:20 шт.; количество струн инструмента:6 шт.; комплектация:электро-акустическая гитара cort af510e standard series - 1 шт; крепление грифа:ласточкин хвост; материал верхней деки:ель; материал гр
confident_contradiction,0,fold_04,Бытовая техника,377957210099,609885464586,0,0.91,0.963,ariston накопительный водонагреватель superlux nts 80v,"накопительный водонагреватель superlux nts nts 80 v накопительный, электрический, 220 в, вертикальный, погружной тэн настенный напорный из эмалированной стали",вес:22 кг; внутреннее покрытие бака:эмаль; гарантийный срок:1 г.; индикация:включения; максимальная температура нагрева воды:75 °c; напряжение сети:220; объем бака:80 л; подводка:нижняя; потребляемая мощность:1.5 квт; присоединительный диаметр :½; расположение:вертикальное; системы защиты:предохрани,"бренд:superlux; вариант установки:настенный; вес, кг:22; внутреннее покрытие бака:эмаль; время нагревания, минут:186; гарантийный срок:1 год; защита водонагревателя:анод; защита от коррозии:специальная эмаль; индикаторы:включения; комплектация:водонагреватель - 1 шт. 
инструкция - 1 шт.; макс. темпе"
confident_contradiction,0,fold_02,Бытовая химия,326417594904,283467985013,1,0.269,0.067,моющее средство для очистки фасадов (кислотное) 5 кг clean&green cg8052,"моющее средство для кухни ""shine"" (антижир) 5,5 кг. clean&green cg8068",артикул:cg8052; бренд:clean&green; состав:средство; страна-изготовитель:россия; тип:специальное чистящее средство,"аромат:цитрусовый; артикул производителя:cg8068; бренд:clean&green; вид упаковки:пластиковая канистра; код товара:600007590939; модель:моющее средство для кухни ""shine"" (антижир) 5,5 кг. clean&green cg8068; назначение:универсальное; объем, в миллилитрах:5500; срок годности:2 года; страна-производите"
confident_contradiction,0,fold_04,Продукты питания,317827678975,455266573548,1,0.292,0.033,"образ жизни алтая мука овсяная цельнозерновая для выпечки, 5 кг","гречка зеленая /образ жизни алтая/ натуральная для полезных блюд и проращивания, высший сорт, 5 кг","бренд:образ жизни алтая; вес:0.1 кг; назначение:хлебопекарная; не содержит:гмо, ароматизаторы; особенности:без ароматизаторов,без гмo,вегетарианский; сорт:грубый; состав:овсяная мука цельнозерновая; упаковка:полипропиленовый мешок","бренд:образ жизни алтая; в пакетиках для варки:false; вес товара, г:5000; вид гречки:зеленая; время приготовления, мин:15; единиц в одном товаре:1; максимальная температура:25; минимальная температура:0; не содержит:без гмо; особенности напитков, продуктов питания:постный продукт; содержит:витамины;"
confident_contradiction,0,fold_04,Красота и гигиена,704374671675,154618832099,0,0.941,0.918,sargan / лосьон для тела 'sargan' туба 30 мл.,"лосьон для тела ""sargan"" туба 30 мл, 20 штук",валюта:rub; комплектация:20 штук; страна производства:россия,"бренд:sargan; бьюти-ингредиент:глицерин; возрастной диапазон:от 16 лет; единиц в одном товаре:20; область использования:тело; объем, мл:30; особенности состава:подходит для ежедневного применения; пол:женский; применение:дневной уход; состав:aqua, glycerin, liquid paraffin, stearic acid, glyceryl st"
confident_contradiction,0,fold_03,Канцелярские товары,146029021549,25769964048,0,0.913,0.993,"карандаши 18 цветов каляка-маляка, шестигранные","каляка-маляка карандаши 18 цветов «каляка-маляка», шестигранные",бренд:каляка-маляка; вид карандаша:цветной; возраст учащегося:без ограничения; страна-изготовитель:китай; тип:набор карандашей; уровень подготовки:новичкам и профессионалам; цвет товара:разноцветный,количество цветов:18; тип:набор карандашей; форма корпуса:шестигранная; цвет товара:микс
confident_contradiction,0,fold_04,Музыкальные инструменты,395137093136,506806150553,1,0.243,0.261,"комплект ладов из нейзильбера, ширина 3.0мм, магазинная поставка, sintoms 300147s","комплект ладов из нейзильбера, ширина 2.7мм, особо твердые, магазинная поставка, sintoms 270091se.h.","артикул производителя:300147s; бренд:sintoms; длина, см:21; код товара:100042806441; материал:нейзильбер; набор:нет; тип ладов:треугольные; ширина, мм:110","бренд:sintoms; вес товара, г:1000; гарантийный срок:1 год; количество в упаковке, шт:1; комплектация:1 шт.; материал муз. инструмента/аксессуара:нейзильбер; назначение муз. аксессуара:для акустической гитары; партномер:270091se.h.; страна-изготовитель:беларусь; тип:аксессуар для струнных; цвет товар"
confident_contradiction,0,fold_04,Бытовая химия,412316983303,360777341604,0,0.957,0.939,"wonder lab / антижир-гель для плит, духовых шкафов и грилей, 550 мл",wonder lab антижир эко средство для чистки кухонных плит и духовых шкафов и грилей 550 мл,валюта:rub; высота упаковки:14 см; длина упаковки:20 см; комплектация:антижир-гель для плит духовых шкафов и грилей 550 мл 1 штука; назначение средства:антижир; универсальное; объем (л):0.5 л; срок годности:1095 дней; страна производства:россия; ширина упаковки:15 см; эффект средства:кухня; для грил,"артикул:134600460_150000676; бренд:wonder lab; состав:вода >30%, каустическая сода 5-15%, микрогели полисахаридов (biomicrogel®) <5%, нпав на основе натурального кокосового масла <5%. biomicrogel® 300 s3 для очистки поверхностей от жировых загрязнений.; тип:средство для кухни"
confident_contradiction,0,fold_04,Бытовая химия,627065289243,317827656509,0,0.923,0.983,"аэрозоль-репеллент от комаров дэта ""аква"", для чувствительной кожи, 150 мл",дэта / аква аэрозоль от комаров для чувствительной кожи фл. 150мл,бренд:дэта; вид вредителя:комар; страна-изготовитель:россия; тип:средство от насекомых,валюта:rub; высота предмета:18 см; глубина предмета:4 см; количество предметов в упаковке:1; комплектация:1; объем (мл):150 мл; страна производства:россия; тип ловушки:спрей; ширина предмета:18 см
confident_contradiction,0,fold_03,Детские товары,438086767696,704374749439,0,0.916,0.962,"мягкая игрушка единорожка, в платье, 21 см","pomposhki / мягкая игрушка ""единорожка в платье"", 21 см","бренд:pomposhki; высота игрушки, см:21; гарантийный срок:7 дней; минимальный возраст ребенка:9 месяцев; пол ребенка:унисекс; страна-изготовитель:китай; тип:мягкая игрушка; цвет товара:белый",валюта:rub; высота упаковки:12 см; длина упаковки:31 см; ширина упаковки:15 см
confident_contradiction,0,fold_01,Красота и гигиена,94489387232,592705494311,0,0.908,0.957,тушь для ресниц oriflame 5в1 the one wonder lash 8мл,"многофункциональная тушь для ресниц 5 в 1 the one wonder lash, 8мл","артикул производителя:47377; бренд:oriflame; водостойкая:нет; код товара:600016693006; материал щеточки:силикон; модель:47377-1; оттенок:черный; оттенок производителя:черный; серия:; тип:тушь для ресниц; форма щеточки:прямая; эффект:объем , удлинение , разделение","бренд:oriflame; вес, г:20; виды туши:удлиняющая; водостойкость:нет; единиц в одном товаре:1; название цвета:черный; образец цвета:https://cdn1.ozone.ru/s3/multimedia-7/6693126523.jpg; объем, мл:8; особенности состава:без парабенов; состав:aqua, hydrogenated olive oil cetyl esters, oryza sativa cera,"
confident_contradiction,0,fold_02,Товары для животных,558345771503,68719607433,0,0.941,0.989,"туалет глубокий с сеткой, ярко-зелёный/жёлтый, 36 х 25 х 9 см","не определен туалет глубокий с сеткой 36 х 25 х 9 см, жёлтый/ярко-зелёный",бренд:нет бренда; предназначено для:для кошек,особенности:с решеткой
confident_contradiction,0,fold_04,Строительство и ремонт,850403637722,506806169771,0,0.952,0.988,"ombra / 281201 рукоятка трещоточная 1/2""dr, металлическая ручка, 72 зубца","трещетка ""ombra"" (281201) 1/2"" dr, металлическая ручка",валюта:rub; комплектация:трещотка; страна производства:тайвань,бренд:ombra; тип:трещотка
confident_contradiction,0,fold_04,Автотовары,644245226632,618475322112,0,0.998,0.992,"gazpromneft масло трансмиссионное, 4 л",масло gl-4 80w-85 4л gazpromneft 2389901366,"артикул:sh62435793; бренд:gazpromneft; вид масла:минеральное; вид техники:легковые автомобили; вязкость по sae:80w-85; двигатель:бензин; допуски oem:api gl-4; классификация по api:gl-4; коробка передач:механическая; объем, л:4; партномер (артикул производителя):2389901366; размер упаковки (длина х ш","sae (вязкость):80w85; вес, кг:4,00; высота, мм:270; длина, мм:230; единица товара:штука; объем:4000 мл; объем (вес):более 1000 мл (г); стандарт под мкпп:api gl4; тип:минеральное; тип трансмиссии:мкпп; ширина, мм:120"
confident_contradiction,0,fold_01,Дом и сад,764504196638,369367229369,0,0.933,0.932,"триммер электрический huter get-1200sl для стрижки травы и газона, ширина обработки 42см, мощность 1200вт, катушка с леской и режущий диск в комплекте",huter / электрический триммер get-1200sl садовый для травы,"артикул:70/1/3; бренд:huter; вес, кг:6; вид газонокосилки:несамоходная; габариты (дхшхв, см):80х12х25; газонокосилка-робот:нет; гарантийный срок:2 года; гарантия:1 год; диаметр лески, мм:2; длина кабеля, м:0.3; комплектация:1. штанга верхняя
2. штанга нижняя 
3. сменный нож 
4. защитный кожух 
5. ре","бензиновый двигатель:нет; валюта:rub; вес без упаковки (кг):5.5 кг; вес с упаковкой (кг):6 кг; высота упаковки:91 см; гарантийный срок:1 год; длина предмета:115 см; длина упаковки:24 см; доп. опции садового триммера:d-образная рукоятка; работа как леской, так и ножом; можно работать с влажной травой"
confident_contradiction,0,fold_01,Дом и сад,566935789272,773094166771,0,0.965,0.967,семена лука репчатого эксибишен,гавриш / семена лука репчатый эксибишен,артикул:семена лука 83607104; бренд:гавриш; количество заводских упаковок:1; комплектация:семена лука репчатого эксибишен - 1 пачка; сорт семян:эксибишен; страна-изготовитель:россия; тип:семена,валюта:rub; вес товара без упаковки (г):100 г; вид растения:лук репчатый; вид семян:овощи; на посадку; для грядки и огорода; жизненный цикл:однолетник; комплектация:семена лука эксибишен; страна производства:россия
confident_contradiction,0,fold_04,Дом и сад,695784708760,120259152987,0,0.961,0.938,"стакан гранёный в подарочной упаковке ""антистресс"" 250 мл","не определен стакан гранёный в подарочной упаковке ""антистресс"" 250 мл","артикул:691743; бренд:нет бренда; вид выпуска товара:фабричное производство; комплектация:товар в фирменной упаковке; материал:стекло; можно мыть в посудомоечной машине:да; название цвета:прозрачный; объем, мл:250; страна-изготовитель:россия; тип:стакан; цвет товара:прозрачный","количество в наборе:1 шт.; материал:стекло; мытьё в посудомоечной машине:да; назначение:для пива; объем:250 мл; особенности:граненый, подарочная упаковка; праздник:23 февраля; тип:стакан; цвет товара:прозрачный"
confident_contradiction,0,fold_01,Детские товары,592705640969,231928370072,0,0.96,0.962,"воздушный змей ""анна и эльза"", холодное сердце, 70 x 105 см","не определен воздушный змей «анна и эльза», холодное сердце, 70 х 105 см",бренд:нет бренда; максимальный возраст ребенка:до 18 лет; материал:текстиль; минимальный возраст ребенка:от 3 лет; пол ребенка:унисекс; тип:воздушный змей,вид воздушного змея:детские; минимальный возраст:3 лет; тип:воздушный змей
confident_contradiction,0,fold_04,Музыкальные инструменты,51539617020,128849062346,0,0.947,0.985,мостик для скрипки 3/4-4/4 wolf forte-secondo sr23,wolf forte-secondo sr23 - мостик для скрипки,бренд:wolf; комплектация:мост скрипичный 1 шт; назначение муз. аксессуара:для скрипки; страна-изготовитель:нидерланды; тип:аксессуар для струнных; цвет товара:черный,"материал:-; назначение:для скрипки; особенности:регулировка высоты, регулировка ширины, эргономичный уплотнитель для спины; размер:4/4 - 3/4; тип аксессуара:мостик; цвет товара:черный"
confident_contradiction,0,fold_04,Красота и гигиена,558345861960,670015062461,0,0.955,0.991,"сменные кассеты gillette fusion power 8 шт. для мужской бритвы, с 5 лезвиями, кассеты gillette. джилет фьюжн повер.",gillette / кассеты для бритья сменные лезвия мужские fusion 5 power 8шт,"бренд:gillette; единиц в одном товаре:8; количество в упаковке, шт:8; материал:нержавеющая сталь; пол:мужской; страна-изготовитель:германия; тип:сменные кассеты для мужских бритв",валюта:rub; количество предметов в упаковке:8 шт; комплектация:сменные кассеты - 8 шт.; материал лезвий:нержавеющая сталь; страна производства:германия
confident_contradiction,0,fold_02,Дом и сад,120259120147,412316991368,0,0.938,0.968,коврик inspire lenzo 50x80 см полиэфир/резина цвет коричневый,"коврик inspire lenzo 50x80 см, полиэфиррезина, цвет коричневый","вес, кг:0.64; длина (см):80; материал основы гибкого напольного покрытия:каучук; место использования:внешний; основной материал:резина; противоскользящее покрытие:да; состав:полиэстер, каучук; страна производства:китай; тип продукта:коврик для улицы; тип упаковки:без упаковки; цветовая палитра:корич","артикул:lrl-82761225; бренд:нет бренда; вид выпуска товара:фабричное производство; длина, м:0.8; материал:резина; страна-изготовитель:китай; тип:коврик придверный; ширина, м:0.5"
confident_contradiction,0,fold_02,Детские товары,755914362994,644245096786,0,0.908,0.956,"не определен кукла dh2278d с аксессуарами, в коробке","игрушка кукла dh2278d с аксессуарами, в коробке","высота:40 см; комплектация:бутылочка; минимальный возраст:3 года; питание:от батареек; срок службы:1 г.; тип:классическая; тип батареек:d; функции:закрываются глаза, пьет, ходит; эффекты:свет","бренд:кнр; высота игрушки, см:40; максимальный возраст ребенка:до 18 лет; минимальный возраст ребенка:от 3 лет; пол ребенка:девочка; страна-изготовитель:китай; тип:кукла"
confident_contradiction,0,fold_01,Автотовары,231928394147,755914318752,1,0.241,0.277,dkc / маркер для кабеля сечением 0.5-1.5мм символ (-) mk (10шт),маркер для кабеля 1.5-2.5мм символ 6 (уп.200шт) дкс mkf6s2,валюта:rub; вес товара с упаковкой (г):50 г; высота упаковки:15 см; длина упаковки:10 см; ширина упаковки:15 см,бренд:дкс; гарантийный срок:1 год; комплектация:маркер для кабеля 1.5-2.5мм символ 6 (уп.200шт) дкс mkf6s2; страна-изготовитель:россия; тип:знак дорожный; цвет товара:голубой
confident_contradiction,0,fold_02,Хобби и творчество,85899478118,532575968752,1,0.226,0.116,"lang спицы круговые супергладкие wooladdicts ergonomic lace 2,25 мм, 60 см, арт.306.0622","спицы круговые супергладкие wooladdicts ergonomic lace 2,5 мм, 60 см, арт.306.0625","артикул производителя:306.0622; бренд:lang; вес, кг:0.061; вид спиц:круговые; диаметр, мм:2,25; длина, см:60; код товара:100043400080; количество в упаковке:1; количество видов спиц в наборе:1; материал:латунь; пластик; модель:спицы для вязания (без характеристик); назначение:вязание; страна-произво","бренд:lang yarns; вид спиц:круговые; диаметр спиц, мм:2.5; длина, см:60; количество в упаковке, шт:1; материал:пластик; страна-изготовитель:швейцария; тип:спицы для вязания"
confident_contradiction,0,fold_01,Продукты питания,566935840451,197568523499,1,0.277,0.05,дом кедра / рыжиковое масло пищевое 500 мл,"дом кедра масло подсолнечное, нерафинированное, первого холодного отжима, 500 мл. сделано в сибири!",валюта:rub; вес товара с упаковкой (г):1700 г; вид масла:рыжиковое; высота упаковки:28 см; длина упаковки:7 см; комплектация:рыжиковое масло - 1 бутылка; максимальная температура хранения:+25 °c; минимальная температура хранения:0 ° c; объем (мл):500 мл; особенности продукта:без консервантов; без гм,"бренд:дом кедра; вид растительного масла:подсолнечное; единиц в одном товаре:1; кухни мира:восточная; максимальная температура:25; минимальная температура:0; назначение масла/соуса:для вегетарианских блюд; объем, мл:500; особенности производства масла:холодный отжим; сорт растительного масла:высший;"
confident_contradiction,0,fold_03,Детские товары,824633755474,747324348134,0,0.946,0.966,"мягкая игрушка abtoys домашние любимцы собачка хаски, 15 см","мягкая игрушка abtoys домашние любимцы собачка хаски, 15 см",бренд:нет бренда; вид мягкой игрушки:экзотические животные; минимальный возраст ребенка:от 1 года; пол ребенка:унисекс; страна-изготовитель:китай; тип:мягкая игрушка,вес в транспортной упаковке:0.2 кг; высота/длина:15 см; габариты транспортной упаковки:12х15х10 см; тип:мягкая игрушка
confident_contradiction,0,fold_04,Товары для животных,128849139946,773094223096,0,0.929,0.947,"eukanuba puppy medium breed / сухой корм эукануба для щенков средних пород с курицей, 3 кг","eukanuba / eukanuba корм для щенков средних пород, курица 3 кг","артикул:173; бренд:eukanuba; вес товара, г:3000; вкус корма для животных:курица; возраст животного:для маленьких; единиц в одном товаре:1; комплектация:упаковка с кормом; минеральные вещества:витамин а 18000 ме, витамин d3 1100 ме, витамин е 200 мг, железо 162 мг, йод 4 мг, медь 15 мг, марганец 75 м",валюта:rub; вес товара без упаковки (г):3000 г; вид вкуса корма:птица-злаки; вид животного:для собак; возраст животного:маленькие; высота упаковки:45 см; длина упаковки:10 см; комплектация:пакет; назначение корма:для ежедневного кормления; основной вкус корма:курица; размер животного:для средних пор
confident_contradiction,0,fold_01,Бытовая химия,103079216196,575525667604,0,0.911,0.91,миф / стиральный порошок морозная свежесть 1 кг,"миф порошок стиральный автомат 3в1 морозная свежесть, 1кг",валюта:rub; вес товара без упаковки (г):1000 г; вес товара с упаковкой (г):1050 г; высота упаковки:7 см; длина упаковки:16 см; комплектация:1 шт.; назначение стирального средства:универсальное; срок годности:24 мес; страна производства:россия; ширина упаковки:25 см; эффект средства:восстановление цв,бренд:миф; тип:стиральный порошок
confident_contradiction,0,fold_04,Продукты питания,755914303940,206158594861,0,0.943,0.971,"уксус kuhne яблочный 5%, 750 мл",kuhne / уксус яблочный натуральный 5% 750мл,"бренд:kuhne; вид уксуса:яблочный; единиц в одном товаре:1; максимальная температура:30; минимальная температура:0; назначение масла/соуса:для пиццы; объем, мл:750; состав:уксус; срок годности в днях:1440; страна-изготовитель:германия; тип:уксус; упаковка:стеклянная бутылка; условия хранения:в сухом ",валюта:rub; вес товара с упаковкой (г):1000 г; вид уксуса:яблочный; высота упаковки:8 см; длина упаковки:12 см; количество предметов в упаковке:1; 1 шт.; комплектация:1; максимальная температура хранения:25; массовая доля уксусной кислоты:5; 5%; минимальная температура хранения:1; объем (мл):750 мл;
confident_contradiction,0,fold_03,Дом и сад,635655173895,489626437889,0,0.935,0.97,без бренда фотоальбом на 200 фото 10х15 см кн. пер-т детский,фотоальбом на 200 фото 10х15 см кн. пер-т детский,вид альбома:детский; тип:фотоальбом; формат фотографий:10 х 15 см; число фотографий:200 шт.,артикул:7033575; бренд:keep memories; вид выпуска товара:фабричное производство; комплектация:фотоальбом на 200 фото 10х15 см кн. пер-т детский; страна-изготовитель:китай; тип:фотоальбом
confident_contradiction,0,fold_01,Товары для животных,274877920600,558345916269,0,0.974,0.999,"туалет средний с сеткой 36 х 26 х 6,5 см, красный","no name туалет средний с сеткой 36 х 26 х 6,5 см, красный,","бренд:нет бренда; вес товара, г:365; высота, см:6.5; длина большей стороны, см:36; длина меньшей стороны, см:26; комплектация:туалет средний с сеткой 36 х 26 х 6,5 см, красный; материал:пластик; название цвета:красный; особенности туалета:с решеткой; предназначено для:для кошек; размер упаковки (дли",высота:6.5 см; длина:36 см; количество в упаковке:1 шт.; материал:пластик; особенности:с решеткой; тип:открытый туалет; цвет товара:красный; ширина:26 см
confident_contradiction,0,fold_04,Товары для животных,420906877753,309237751952,1,0.29,0.197,"деревенские лакомства холистик премьер корм для собак средних и крупных пород, ягненок с рисом 12 кг","корм деревенские лакомства холистик премьер для собак средних и крупных пород, говядина с рисом, 12 кг","бренд:деревенские лакомства; вес упаковки:12 кг; вкус:ягненок с рисом; класс ингредиентов:холистик; основной ингредиент:мясо; особые потребности:для здоровья кожи и блеска шерсти, для здоровья костей и суставов; размер породы:крупные породы, средние породы; срок годности:550 дн.","артикул:74151; бренд:деревенские лакомства; вес товара, г:12000; вкус корма для животных:говядина; возраст животного:для взрослых; класс корма:холистик; основной ингредиент:мясо; особенности:без гмо; предназначено для:для собак; размер животного:крупный; срок годности в днях:375; страна-изготовитель"
confident_contradiction,0,fold_01,Бытовая химия,721554649071,352187457965,0,0.961,0.939,"диффузор ароматический ""артдекор"", 100 мл, яблоко, ""богатство аромата""","не определен диффузор ароматический ""артдекор"", 100 мл, яблоко, ""богатство аромата""","аромат:яблоко; бренд:богатство аромата; объем, мл:100; страна-изготовитель:китай; тип:освежитель воздуха; целевая аудитория:взрослая","аромат:фруктовый, яблоко; количество в упаковке:1 шт.; назначение:интерьерный (для комнат и гостиной); объем:100 мл; тип:ароматический диффузор; форма выпуска:жидкость"
confident_contradiction,0,fold_04,Товары для животных,60129548298,712964667493,0,0.967,0.935,"pro plan / sterilised утка в соусе, 85гр*26шт",purina pro plan cat nutrisavour sterilised duck / паучи пурина про план для стерилизованных кошек утка в соусе (цена за упаковку) 85г х 26шт,валюта:rub; вес одного предмета (г):85 г; вид вкуса корма:рыбное ассорти; вид животного:для кошек; возраст животного:старше года; пожилые; высота упаковки:14 см; длина упаковки:40 см; класс корма:супер-премиум; количество предметов в упаковке:26 шт; консистенция корма:кусочки в соусе; кусочки; назна,"бренд:pro plan; вес товара, г:2210; вкус корма для животных:утка; возраст животного:для взрослых; единиц в одном товаре:26; комплектация:упаковка с кормом; предназначено для:для кошек; срок годности в днях:365; страна-изготовитель:россия; тип:корм влажный; упаковка консервированных кормов:пауч"
confident_contradiction,0,fold_01,Детские товары,412316990497,601295448868,0,0.939,0.906,"одежда для пупса: платье розовое в цветочек, с бантиком","одежда для пупса: платье розовое в цветочек, с бантиком",валюта:rub; комплектация:1 шт; страна производства:китай,"бренд:lisik.; высота игрушки, см:1; максимальный возраст ребенка:до 18 лет; минимальный возраст ребенка:от 1 года; пол ребенка:девочка; страна-изготовитель:китай; тип:одежда для кукол"
confident_contradiction,0,fold_03,Красота и гигиена,841813702456,747324354011,0,0.929,0.992,concept оттеночный бальзам для волос эффект пепельный блонд 300мл blond explosion,"concept / оттеночный бальзам ""пепельный блонд"", 300 мл","бренд:concept; единиц в одном товаре:1; название цвета:пепельный блонд; объем, мл:300; особенности состава:не тестируется на животных; пол:женский; состав:состав оттеночного бальзама для светлых волос указан на упаковке; способ применения:бальзам нанесите на чистые влажные волосы, оставьте на 5 мину",валюта:rub; объем товара:300 мл; срок годности:36 месяцев; страна производства:россия
confident_contradiction,0,fold_01,Бытовая химия,360777304097,412316870582,0,0.907,0.972,ушастый нянь / гель для стирки,гель для стирки ушастый нянь 750 мл,валюта:rub; высота упаковки:25 см; длина упаковки:10 см; объем товара:750 мл; срок годности:18 месяцев; страна производства:россия; ширина упаковки:6 см,"бренд:ушастый нянь; единиц в одном товаре:1; назначение средства для стирки:для детского белья; объем, мл:750; состав:5–15% мыло, нпав, апав; <5%: поликарбоксилат, фосфонат, энзимы, цветосберегающий комплекс, оптический отбеливатель, консервант, отдушка; страна-изготовитель:россия; тип:жидкое средст"
confident_contradiction,0,fold_04,Бытовая химия,678604923359,523986079087,0,0.907,0.932,"средство для мытья полов аист жасмин и яблоневый цвет, 950мл, дезинфицирующее (4303020084), 10шт.",средство для мытья пола аист жасмин и яблоневый цвет 950 мл,"бренд:аист; объем, мл:950; тип:средство чистящее для пола; форма выпуска средства:жидкость; целевая аудитория:взрослая","антибактериальное:да; вид упаковки:бутылка; есть оферта на портале поставщиков:да; количество единиц продаж в транспортной упаковке:10; концентрат:нет; обрабатываемая поверхность:все типы полов; объем, мл/вес, г:950; особенности:антибактериальное; отдушка:цветочная; разрешено для детских учреждений:"
confident_contradiction,0,fold_01,Товары для животных,764504182258,635655198696,0,0.949,0.949,"не определен свитер меланжевый, размер xl (дс 35, ош 32, ог 50 см), синий","свитер меланжевый, размер xl (дс 35, ош 32, ог 50 см), синий","сезон:демисезон, зима; тип:свитер",бренд:нет бренда; предназначено для:для собак; тип:одежда для животных
confident_contradiction,0,fold_01,Хобби и творчество,755914382032,300647835020,0,0.965,0.936,"набор нашивок ""hand made"", 5 x 1,5 см, 10 шт","арт узор набор нашивок «hand made», 5 х 1,5 см, 10 шт",бренд:арт узор; страна-изготовитель:китай; тип:бельевая фурнитура,"артикул производителя:п00000349; бренд:арт узор; вид элемента:нашивка; длина, см:5; код товара:100046024675; количество в пачке, шт:10; материал:экокожа; модель:art uzor basic; набор:да; страна-производитель:китай; цвет:коричневый; ширина, см:1.5"
confident_contradiction,0,fold_03,Музыкальные инструменты,352187357991,34359857635,1,0.125,0.104,акустическая гитара fabio fb-d38s sapele,j.karlsson ma141c гитара акустическая с анкером,количество ладов:18; количество струн:6; материал корпуса:сапеле; материал накладки на гриф:палисандр; размер:7/8; с вырезом:да; тип:акустическая гитара; цвет:коричневый,"бренд:j.karlsson; количество струн:6; комплектация:гитара - 1шт; материал корпуса/верхней деки:махагони; материал накладки грифа:палисандр; материал нижней деки:махагони; материал обечайки:махагони; мензура, мм:648; образец цвета:https://cdn1.ozone.ru/s3/multimedia-f/6492399195.jpg; размер инструмен"
confident_contradiction,0,fold_03,Хобби и творчество,420906954728,395137090905,0,0.908,0.969,stellar / мозаика детская 110 деталей (13 мм),стеллар stellar мозаика 110 дет. для малышей сферическая (диаметр 13 мм.) 01034,валюта:rub; возрастные ограничения:3+; высота предмета:3 см; глубина предмета:24 см; комплектация:110 деталей; материал игрушки:полипропилен; страна производства:россия; тренируемые навыки:внимание; координация; моторика внимание логика усидчивость терпение ум; ширина предмета:19.5 см,"бренд:stellar; вид мозаики:классическая; возраст ребенка:от 3 лет; количество элементов, шт:110; максимальный возраст ребенка:до 6 лет; материал:пластик; минимальный возраст ребенка:от 3 лет; пол ребенка:унисекс; страна-изготовитель:россия; тип:мозаика"
confident_contradiction,0,fold_01,Автотовары,292057841759,223338302547,0,0.992,0.996,лампа накаливания lynxauto l14621y,"lynxauto лампа автомобильная p21/5w, 10 шт. арт. l14621y","блок розжига:нет; вес, кг:0,01; высота, мм:50; длина, мм:140; единица товара:упаковка; количество в упаковке:10 шт; напряжение:12 в; посадочное гнездо:ba15d; потребляемая мощность:21 вт; тип лампы:лампа накаливания; тип цоколя:p21/5w; цвет:желтый; ширина, мм:50","артикул:lynxautol14621y; бренд:lynxauto; количество ламп, шт:10; партномер (артикул производителя):l14621y; тип:лампа автомобильная; тип патрона:ba15d; типоразмер автолампы:p21/5w"
confident_contradiction,0,fold_02,Строительство и ремонт,627065303627,523986128916,1,0.226,0.251,"сверло по металлу, винтовое garwin gm-sg0460 4.6 x 80 мм","сверло спиральное по металлу 2,4 мм, din 338, hss-g, 5xd, ha, тип n",диаметр:4.6 мм; диаметр хвостовика:4.6 мм; длина:80 мм; длина рабочей части:47 мм; дополнительная информация:угол наклона винтовой канавки 25-30 градусов; стандарт din 338; допуск h8; количество в наборе (упаковке):1 шт.; количество сверл по металлу:1 шт.; комплектация:штучная; материал сверла:hss-g,бренд:garwin industrial; вид сверла:спиральное; тип:сверло
confident_contradiction,0,fold_02,Хобби и творчество,618475364431,730144490194,0,0.937,0.943,не определен аппликация круглыми стразами «девочка в море»,аппликация круглыми стразами девочка в море,тип:набор для аппликации,бренд:нет бренда; тип:набор для создания аппликации
confident_contradiction,0,fold_04,Детские товары,335007533755,558345922088,0,0.925,0.978,"игрушка - грелка с вишнёвыми косточками развивающая ""мишка""",крошка я развивающая игрушка - грелка с вишнёвыми косточками «мишка»,бренд:крошка я; максимальный возраст ребенка:до 12 лет; минимальный возраст ребенка:3 месяца; пол ребенка:унисекс; страна-изготовитель:китай; тип:игрушка-стучалка,"вес в транспортной упаковке:0.22 кг; высота/длина:24 см; габариты транспортной упаковки:13.50х24х5 см; дополнительная информация:мягкие игрушки /детские мягкие игрушки/ игрушки мягкие для детей; материал:текстиль; минимальный возраст:0.25 лет; особенности:грелка; срок службы:12 мес., использовать пр"
confident_contradiction,0,fold_02,Товары для животных,360777422703,103079235220,0,0.901,0.934,"миска металлическая двойная на пластиковом основании, 25 х 14 х 5 см, зелёная","пижон миска металлическая двойная на пластиковом основании 2 х 160 мл, 25 х 14 х 5 см, зелёная",бренд:пижон; страна-изготовитель:китай; тип:миска для животных,"вид животного:грызуны, кошки, птицы, собаки; материал:металл, пластик; объем:0.16 л; особенности:две секции; тип:миска; цвет товара:зелёный"
confident_contradiction,0,fold_03,Хобби и творчество,455266623914,695784787117,0,0.99,0.938,"три совы / гравюра ""дом с маяком"", с эффектом золота, а3","гравюра с эффектом золота три совы ""дом с маяком"", а3",валюта:rub; вес товара с упаковкой (г):134 г; высота упаковки:30 см; длина упаковки:43 см; ширина упаковки:2 см,"бренд:три совы; возраст ребенка:от 3 лет; возрастные ограничения:от 3 лет; длина по вертикали, см:28.5; длина по горизонтали, см:40.5; количество в упаковке, шт:1; комплектация:гравюра с эффектом золота 1 штука; материалы набора:картон; минимальный возраст ребенка:от 3 лет; размеры, мм:405х285; стра"
confident_contradiction,0,fold_04,Спорт и отдых,395137126500,618475414002,0,0.908,0.965,"накладки на кисть hornet, полиэстер/спандекс, синий, s","накладки на кисть insane hornet, полиэстер/спандекс, синий размер s","бренд:insane; высота товара в упаковке, мм:60; длина товара в упаковке, мм:190; тип:накладки для единоборств; цвет товара:синий; целевая аудитория:взрослая","вес:0.08 кг; вес в транспортной упаковке:0.08 кг; вид спорта:фитнес; габариты транспортной упаковки:20х30х10 см; основной материал:полиэстер, спандекс; размер:s; тип:защита запястий; цвет товара:синий"
confident_contradiction,0,fold_04,Товары для животных,549755815036,790274076985,1,0.292,0.22,"корм для хомяков  с орехами, 500 г","сухой корм для морских свинок seven seeds с орехами, 500 г","бренд:космос; комплектация:изделие в упаковке; предназначено для:для грызунов; размер упаковки (длина х ширина х высота), см:3,5 x 19 x 13; состав:см. на упаковке; срок годности в днях:365; страна-изготовитель:россия; тип:корм сухой; упаковка:картонная коробка; условия хранения:в защищенном от солнц","бренд:seven seeds; вес, г:500; вид грызуна:морские свинки; вид корма:смесь; витамины и микроэлементы:витамин a, витамин d, витамин e, витамин b1, витамин b2, витамин b6; вкус корма:травы; возраст животного:взрослые; ингредиенты:травяные гранулы, просо желтое, просо красное, пшеница, ячмень, горох, о"
confident_contradiction,0,fold_01,Детские товары,223338364623,824633749037,0,0.942,0.998,"мыльные пузыри формовые, микки маус 510 мл","disney мыльные пузыри формовые, микки маус 510 мл",бренд:disney; пол ребенка:унисекс; страна-изготовитель:китай; тип:мыльные пузыри,тип:мыльные пузыри
confident_contradiction,0,fold_03,Строительство и ремонт,137439065160,824633768025,1,0.236,0.268,площадка торцевая d125 era (125птм),площадка торцевая era 115птм d115 мм 180х250 мм сталь,"бренд:era; вентиляция:приточно-вытяжная; вес с упаковкой, г:150; вид комплектующего для вентиляции:торцевая площадка; высота, мм:236; диаметр воздуховода, мм:125; длина, мм:196; материал:эмалированная сталь; партномер:125птм; страна-изготовитель:россия; тип:комплектующее для вентиляции; установка ве","вес, кг:0.230; габариты (вхш), мм:236×196; гарантия производителя (лет):1; диаметр (мм):115; длина (м):0.02; основной материал:сталь; страна производства:россия; тип продукта:переходник; цветовая палитра:белый; цена за шт.:260.00"
confident_contradiction,0,fold_02,Бытовая химия,94489411334,128849150045,0,0.939,0.993,"кондиционер для белья lenor ""скандинавская весна"", 2 литра",lenor скандинавская весна / кондиционер для белья lenor скандинавская весна 2л,"артикул:rc-262200-1-steerkasrva58; бренд:lenor; комплектация:кондиционер для белья 2 литра, 1 штука; назначение средства для стирки:для белых тканей; объем, мл:2000; состав:5-15% катионные пав, консерванты, отдушка; страна-изготовитель:россия; тип:кондиционер, ополаскиватель",валюта:rub; вес товара с упаковкой (г):2096 г; высота упаковки:29 см; длина упаковки:10 см; комплектация:1 кондиционер для белья; объем товара:2000 мл; страна производства:россия; ширина упаковки:7 см; эффект средства:защита от выцветания и потери формы
confident_contradiction,0,fold_04,Строительство и ремонт,206158465352,206158462819,0,0.994,0.989,"systeme electric atlasdesign мокко переключатель перекрестный сх.7, 10ах, механизм, atn000671","systeme electric atlasdesign перекрестный переключатель, сх.7, 10ах, механизм, мокко atn000671","бренд:systeme electric; гарантия:1 год; единиц в одном товаре:2; кол-во постов:1; количество клавиш:1; комплектация:механизм перекрестного переключателя- 2 шт.; макс. напряжение, в:250; материал клавиш:abs пластик; материал механизма:abs пластик; материал рамки:abs пластик; монтаж:скрытый; название ","высота:71 мм; гарантийный срок:1 г.; глубина:40 мм; класс защиты (ip):ip20; количество клавиш:1 шт.; комплектация:atlasdesign перекрестный переключатель, сх.7, 10ах, механизм, мокко atn000671; линейка:atlasdesign; материал:пластик; монтаж:скрытый; номинальное напряжение:250 в; номинальный ток:10 а; "
confident_contradiction,0,fold_03,Бытовая техника,180388774105,850403586207,0,0.932,0.933,отпариватель grand master gm-s205 professional красный .,отпариватель grand master gm-s205 professional красный,вес:5.6 кг; время нагрева воды:45 с; время работы:120 мин; высота:25 см; глубина:36 см; длина парового шланга:1.7 м; длина сетевого шнура:1.6 м; дополнительные функции:горизонтальное отпаривание; конструкция:напольная; максимальная высота телескопической стойки:168 см; максимальная подача пара:80 г/,"бренд:grand master; вертикальное отпаривание:да; вес товара, г:6900; гарантийный срок:12 мес.; давление пара, бар:3.5; длина шланга для пара, м:1.5; длина шнура, м:1.6; индикаторы:готовность к работе; комплектация:отпариватель grand master gm-s205 professional красный - 1 шт.; мощность, вт:2300; объ"
confident_contradiction,0,fold_02,Музыкальные инструменты,223338381301,128849051272,0,0.977,0.932,"sw1020-4 губная гармошка, swan","sw1020-4 губная гармошка, swan",бренд:swan; тип:аксессуар для струнных,вид гармоники:диатоническая; количество отверстий:10; материал пластин:алюминий; тип:губная гармошка
confident_contradiction,0,fold_02,Электроника,618475420241,592705607861,0,0.987,0.996,картридж лазерный cactus cs-tk8800c голубой (20000стр.) для kyocera ecosys p8060cdn,картридж лазерный cactus cs-tk8800c tk-8800c голубой (20000стр.) для kyocera ecosys p8060cdn,"бренд:cactus; гарантийный срок:12 мес; емкость:стандартная; количество в упаковке, шт:1; количество цветов:1; назначение:для лазерного принтера; оригинальность расходника:совместимый; ресурс:20000; страна-изготовитель:китай; тип:расходник для печати; тип расходного материала для печати:тонер-картрид","вес упаковки (ед), кг:1.013; габариты упаковки (ед) дхшхв:0.2x0.1x0.14 м; ресурс (страниц):20000; цвет:голубой"
confident_contradiction,0,fold_01,Детские товары,223338433345,678604937930,0,0.911,0.948,"набор погремушек счастливый малыш, 3 шт, крошка я","крошка я / набор погремушек «счастливый малыш», 3 шт","бренд:крошка я; высота игрушки, см:22; максимальный возраст ребенка:до 18 лет; материал:пластик; минимальный возраст ребенка:3 месяца; пол ребенка:девочка; страна-изготовитель:китай; тип:погремушка",валюта:rub; комплектация:уточни у продавца; страна производства:китай
confident_contradiction,0,fold_04,Музыкальные инструменты,343597409534,575525735841,1,0.277,0.054,"extend-o-grip тренажер для пальцев, регулируемый, черный, flanger fa-10p-b","pu-mmb6 звукосниматель магнитный, басовый, 6 струн, metallor",бренд:flanger; тип:аксессуар для струнных,артикул производителя:pu-mmb6; бренд:metallor; код товара:100057476646; модель:pu-mmb6
confident_contradiction,0,fold_03,Товары для животных,549755928504,317827640743,0,0.979,0.951,fiory / песок для птиц grit lemon лимон 1кг,fiory песок для птиц grit lemon лимон 1 кг,"валюта:rub; вес товара без упаковки (г):900 г; вид грызуна:не для грызунов; вид животного:птицы, попугаи; особенности наполнителя для животных:100% натуральный состав; aнтибактериальный; состав:песок; страна производства:италия; тип наполнителя для животных:100% натуральный продукт","бренд:fiory; возраст животного:для взрослых; предназначено для:для птиц; размер упаковки (длина х ширина х высота), см:0.095 х 0.15 х 0.065"
confident_contradiction,0,fold_03,Музыкальные инструменты,463856541485,790274043875,0,0.988,0.924,пластик для барабана dadi dht10,"пластик для барабанов 10"", прозрачный dadi dht10","диаметр:10""; количество в наборе:1 шт.; количество слоев:1; материал:пластик; назначение:для барабанов; покрытие:прозрачное; тип:пластик; цвет товара:прозрачный",бренд:dadi; тип:аксессуар для ударных
confident_contradiction,0,fold_02,Красота и гигиена,420906940800,283467924804,0,0.953,0.953,"siberian wellness крем-комплекс для зрелой кожи, косметика с комплексом экстрактов сибирских эндемиков, 50мл, оригинал","крем-комплекс для зрелой кожи - косметика с комплексом экстрактов сибирских эндемиков, 50 мл","активный ингредиент:бетаин, глицерин, лецитин, спирт; вес:100 г; возраст:от 18 лет; время нанесения:дневное/ночное; область нанесения:лицо; объем:50 мл; состав:активные компоненты: экстракты подорожника, красного винограда, калины, солодки, комплекс растительных экстрактов endemix (экстракты саган-д","аромат:для зрелой кожи; бренд:нет бренда; бьюти-ингредиент:растительный экстракт; единиц в одном товаре:1; область использования:лицо; объем, мл:50; пол:девочки; применение:дневной уход; состав:активные компоненты: экстракты подорожника, красного винограда, калины, солодки, комплекс растительных экс"
confident_contradiction,0,fold_04,Бытовая химия,266287979041,584115608311,0,0.917,0.954,средство для мытья посуды fairy сочный лимон 5л,fairy / средство для мытья посуды 5л сочный лимон,"аромат:лимон; артикул:c218; бренд:fairy; единиц в одном товаре:1; комплектация:средство для мытья посуды fairy сочный лимон 5л - 1 канистра; назначение моющего, чистящего средства:для нержавеющей стали; объем, мл:5000; особенности применения:ароматизация; состав:5-15% анионные пав, <5% неионогенные ",аромат:сочный лимон; валюта:rub; вес с упаковкой (кг):5 кг; высота упаковки:28 см; длина упаковки:20 см; объем товара:5000 мл; страна производства:россия; тип средства:моющее средство для посуды; средство для посуды; гель для посуды; цвет:лимонно-желтый; ширина упаковки:15 см
confident_contradiction,0,fold_02,Детские товары,240518272329,25769828928,0,0.958,0.907,"робот ""авиабот""",автоботы робот «авиабот»,бренд:автоботы; максимальный возраст ребенка:до 18 лет; минимальный возраст ребенка:от 3 лет; пол ребенка:унисекс; страна-изготовитель:китай; тип:игрушечный робот,материал:пластик; минимальный возраст:от 3 лет; питание:отсутствует
confident_contradiction,0,fold_03,Канцелярские товары,42949752265,558345752863,0,0.936,0.919,"artfox скетчбук а5, 40 л 100 г/м2 ""искусство""","скетчбук ""искусство"" а5, 40 л, 100 г/м",вид крепления:гребень; длина:21 см; количество листов:40 л.; плотность:100 г/м²; тип:скетчбук; формат:a5; ширина:14.8 см,бренд:нет бренда; тип:скетчбук
confident_contradiction,0,fold_03,Аптека,292057903430,704374722375,1,0.047,0.144,"myday / 1-day myday / -9,50 / 8,4 / 30 шт.","1-day myday / -3,00 / 8,4 / 30 шт. (0 / рос. размер 1)","валюта:rub; влагосодержание:54 %; диаметр мкл:14.2 мм; диапазон рефракций, до:12 d; количество пар в упаковке:15 шт.; количество предметов в упаковке:30; комплектация:30 шт упаковки; коэффициент пропускания кислорода:100 dk/t; оптическая сила:-9.50; радиус кривизны:8.4; режим замены:1 день; режим но",бренд:md my day; дней до замены:1 день; количество в упаковке:30; оптическая сила:-3.00; радиус кривизны:8.4; тип:контактные линзы
confident_contradiction,0,fold_03,Электроника,206158538774,395137040061,1,0.289,0.195,пульт irc-123f elenberg (универсал) для домашнего кинотеатра ht-111 ht-410 музыкального центар mc-4080 телевизора ltv-3231,пульт irc-276f sagemcom (универсал) пду ресивера нтв-плюс dsi87-1 hd,поддержка ос:мультиплатформа; производитель совместимых устройств:elenberg; тип:пульт ду; тип пульта:универсальный,"бренд:нет бренда; вес товара, г:95; время работы от батарей:6мес; гарантийный срок:1 год; количество в упаковке, шт.:1; количество кнопок:54; питание:ааа * 2; радиус действия, м:8; размеры, мм:195*50*20; страна-изготовитель:россия; тип:пульт ду; функции:ик; цвет товара:черно-серый"
confident_contradiction,0,fold_01,Продукты питания,558345901668,541166006218,1,0.292,0.139,"вода минеральная san pellegrino (сан пеллегрино) 24 шт. по 0.5 л, газированная, пэт","san pellegrino / вода san pellegrino (сан пеллегрино) 24 шт. по 0.25 л,стекло","бренд:s.pellegrino; вид воды:минеральная; газирование:газированная; единиц в одном товаре:24; максимальная температура:30; минимальная температура:5; назначение воды:столовая; не содержит:без гмо; объем, мл:500; состав:вода минеральная питьевая природная столовая газированная пресная гидрокарбонатно",валюта:rub; вес товара с упаковкой (г):10000 г; вид воды:минеральная; столовая; высота упаковки:23 см; длина упаковки:35 см; количество предметов в упаковке:24 шт; комплектация:природная вода; 24 бутылки; элитная вода; горная вода; максимальная температура хранения:30 + °с; минимальная температура х
confident_contradiction,0,fold_04,Детские товары,687194835006,188978590944,0,0.96,0.954,"no name музыкальная игрушка аккордеон «музыкальный взрыв», 13 клавиш, работает от батареек, цвета микс","музыкальная игрушка аккордеон ""музыкальный взрыв"", 13 клавиш, работает от батареек, 837927",в комплекте:батарейки; инструмент:аккордеон; материал:пластик; минимальный возраст:3 года; особенности:звуковые эффекты; питание:от батареек; тип батареек:aa,"бренд:нет бренда; высота игрушки, см:14; дополнительные функции:развивающая; количество батареек:2; максимальный возраст ребенка:до 5 лет; материал:пластик; минимальный возраст ребенка:от 3 лет; название цвета:разноцветный; пол ребенка:унисекс; страна-изготовитель:россия; тип:музыкальная игрушка; ти"
confident_contradiction,0,fold_02,Бытовая техника,489626391369,369367282634,0,0.973,0.99,bbk / микроволновая печь для кухни свч 17mws-794m/b-m 17 литров,микроволновая печь bbk 17mws-794m/b-m черная,валюта:rub; вес с упаковкой (кг):10.9 кг; внутреннее покрытие камеры:эмаль; высота предмета:24.3 см; гарантийный срок:1 год; глубина предмета:35.3 см; дверца:на ручке; диаметр поворотного стола:245 мм; доп. опции микроволновой печи:регулировка времени; защита от детей:нет; отсутствует; комплектация:,"бренд:bbk; вес, кг:9.9; внутреннее покрытие микроволновой печи:эмалевое; высота, см:24.3; гарантийный срок:1 год; глубина, см:35.3; диаметр поворотного стола, см:24.5; длина шнура, м:0.9; комплектация:микроволная печь, роликовая подставка, поворотный стол, документация.
производитель на свое усмотре"
confident_contradiction,0,fold_02,Спорт и отдых,412316920311,678604882686,0,0.954,0.999,"силиконовая приманка minoga action 4"" (6шт) 100мм, цвет 623","силиконовая приманка minoga action 4"" (6шт) 100мм, цвет 623",вес:3.8; вид:виброхвост; длина:100; количество в наборе:6; материал:силикон; особенности:съедобная; плавучесть:медленно тонущая; тип:силиконовая приманка; цвет товара:#623,"бренд:minoga; вес, г:3.8; вид мягкой приманки:съедобная; длина, мм:100; количество в упаковке, шт:6; количество упаковок, шт:1; материал приманки:силикон; название цвета:623; плавучесть:медленно тонущий (slow sinking); размер приманки, дюймы:4; размер, мм:100; страна-изготовитель:россия; тип:мягкая "
confident_contradiction,0,fold_04,Детские товары,283467958201,395137058219,0,0.979,0.946,"игрушечный робот-игрушка детская ""динозавр игрушечный тиранобот"", стреляет, свет, звук, работает от батареек  / 4388180","iq bot робот-игрушка «динозавр тиранобот», 4388180, стреляет, свет, звук, работает от батареек","бренд:iq bot; вид питания:батареи aa; высота игрушки, см:17; дополнительные функции:музыкальная; количество батареек:2; количество элементов, шт:3; максимальный возраст ребенка:до 18 лет; материал:пластик; минимальный возраст ребенка:от 3 лет; пол ребенка:унисекс; страна-изготовитель:китай; тип:игру",гарантийный срок:12 мес.; питание:от батареек; срок службы:12 мес.; функции:стреляет
confident_contradiction,0,fold_01,Детские товары,730144459702,300647817968,0,0.947,0.931,"азбукварик пианино для малышей ""волшебные нотки""","музыкальная игрушка азбукварик пианино ""волшебные нотки"" 20 песеок и мелодий","дополнительная информация:20 песенок и мелодий, голоса зверят; инструмент:пианино; материал:пластик; минимальный возраст:2 года; питание:от батареек; размеры (дхшхв):22 x 3 x 15 см; тип батареек:aaa",бренд:нет бренда; пол ребенка:унисекс; страна-изготовитель:россия; тип:музыкальная игрушка
confident_contradiction,0,fold_01,Хобби и творчество,712964612330,515396176621,0,0.95,0.982,"рама для картин и зеркал, 40 х 50 х 2.7 см, пластиковая, calligrata, серебро","calligrata рама для картин (зеркал) 40 х 50 х 2.7 см, пластиковая, calligrata 651628, серебро","бренд:calligrata; единиц в одном товаре:1; количество в упаковке, шт:1; материал:пластик; минимальный возраст ребенка:от 3 лет; название цвета:серебристый; размеры, мм:400 х 500 х 27 мм; страна-изготовитель:россия; тип:багетная рама; цвет товара:серебристый",материал:пластик; тип:рама; цвет товара:серебристый
confident_contradiction,0,fold_01,Товары для животных,412316890187,154618833237,1,0.187,0.276,"деревенские лакомства нежное пюре для собак из говядины, 10г х 4шт","деревенские лакомства для собак нежное пюре из мяса утки, 4 шт, 10 г","бренд:деревенские лакомства; вес товара, г:40; возраст животного:для взрослых; единиц в одном товаре:1; комплектация:упаковка с лакомством; предназначено для:для собак; срок годности в днях:365; тип:лакомство; упаковка:пластиковый пакет","бренд:деревенские лакомства; вкус:мясо, утка; возраст:для взрослых, для маленьких; дополнительная информация:при температуре от +3`с до +25`с; назначение:для поощрения; общий вес:100 г; особенности:без гмо; размер породы:крупная, малый, средняя; состав:утка, бульон из утки, растительное масло, соль,"
confident_contradiction,0,fold_01,Бытовая химия,94489433534,730144560490,0,0.954,0.989,аистенок. / мыло хозяйственное детское 200гр,"мыло хозяйственное аистенок 200 г, для детского белья",валюта:rub; срок годности:24 месяца; страна производства:россия,артикул:1091405; бренд:аистенок; страна-изготовитель:россия; тип:мыло хозяйственное
confident_contradiction,0,fold_03,Спорт и отдых,25769861360,60129713447,0,0.91,0.987,блесна вращающиеся blue fox vibrax fluorescent №6 18гр. #sfr,блесна blue fox vibrax fluorescent №6 цвет sfr,"вес:18; вид:вращающаяся; вид крючка/вертлюжка:подвесной, тройной; вид ловли:спиннинговая; вид рыбы:на голавля, на окуня, на хищника, на язя; дополнительная информация:блесны покрытые светящимся составом.; количество в наборе:1 шт.; материал:сталь; номер:6; особенности:светится; размер:6; степень заг","бренд:blue fox; вес, г:18; название цвета:sfr; страна-изготовитель:эстония; тип:блесна"
confident_contradiction,0,fold_04,Спорт и отдых,214748474036,188978633215,0,0.985,0.966,игольчатый подшипник tohatsu 369-00043-0,kacawa игольчатый подшипник tohatsu 369-00043-0,бренд:kacawa; тип:прочие аксессуары и комплектующие для судов,для мотора мощностью:4.5 л.с.; тип:подшипник
confident_contradiction,0,fold_02,Хобби и творчество,223338421040,34359845250,0,0.969,0.947,"puzzle time пазлы в упаковке «дедушка мороз», 35 элементов","пазлы в упаковке дедушка мороз, 35 элементов",количество элементов:35; минимальный возраст:от 3 лет; тип:пазл,бренд:нет бренда; тип:пазл
confident_contradiction,0,fold_02,Продукты питания,635655188643,369367247392,0,0.942,0.954,"chaokoh / кокосовое молоко, 250 мл","chaokoh кокосовое молоко, 250мл",валюта:rub; вид молока:кокосовое; высота упаковки:13 см; длина упаковки:25 см; жирность:99; количество предметов в упаковке:1 шт.; комплектация:кокосовое молоко 250 мл; максимальная температура хранения:4; минимальная температура хранения:30; особенности продукта:вегетарианский продукт; пищевая ценн,"бренд:chaokoh; вес с упаковкой, г:300; вес товара, г:250; вид растительного молока:кокосовое; вкус:кокос; единиц в одном товаре:1; максимальная температура:30; минимальная температура:2; не содержит:без гмо; состав:кокосовое молоко 99,7% (кокосовая мякоть 70%, вода 29,9%, эмульгатор е435 0,01%).; ср"
confident_contradiction,0,fold_03,Бытовая техника,343597471316,721554595653,0,0.915,0.937,"отпариватель для одежды ручной futula st2300, парогенератор с вертикальным отпариванием 1600 вт, белый",ручной отпариватель futula st2300 00-00214371,"бренд:futula; вертикальное отпаривание:да; вес товара, г:900; гарантийный срок:12 месяцев; длина шнура, м:2; индикаторы:готовность к работе; комплектация:отпариватель, основная насадка, насадка-щетка, насадка для деликатных тканей; мощность, вт:1600; объем резервуара для воды, мл:250; особенности ут","вертикальное отпаривание:да; вес нетто:0.9 кг; вес, кг:1,30; время нагрева:0.42 мин; высота, мм:130; габариты без упаковки:190х90 мм; длина, мм:200; единица товара:штука; защита от детей:нет; мах количество пара:20 г/мин; мощность:1600 вт; наличие съемного бачка:есть; напряжение:220 в; объем заливае"
confident_contradiction,0,fold_04,Красота и гигиена,309237720979,60129563120,0,0.921,0.943,"татуировка на тело ""набор трайбл"" 9х16 см","no name татуировка на тело ""набор трайбл"" 9х16 см",бренд:нет бренда; тип:временная татуировка; цвет товара:разноцветный,тип:переводные татуировки
confident_contradiction,0,fold_04,Хобби и творчество,369367257643,687194769403,0,0.981,0.91,"набор для творчества. кружка под раскраску ""весёлого нового года"", 300 мл","школа талантов / кружка под раскраску «весёлого нового года», 300 мл",бренд:школа талантов; материал:керамика; тип:заготовка для декорирования; цвет товара:разноцветный,валюта:rub; вес товара с упаковкой (г):298 г; возрастные ограничения:от 5 лет; высота упаковки:8 см; длина упаковки:11 см; страна производства:китай; ширина упаковки:8 см
confident_contradiction,0,fold_02,Автотовары,412316929911,850403641166,0,0.994,0.997,датчик quattro freni qf02b00006,датчик quattro freni qf02b00006,артикул производителя:qf02b00006; бренд:quattro freni; код товара:600004688644; примечание:внешний вид изделия может отличаться от фотографий; цена за:1 шт.,oem-номер:mn171296; артикул:quattrofreni_qf02b00006; бренд:qf quattro freni; партномер (артикул производителя):qf02b00006; тип:датчик для автомобиля
confident_contradiction,0,fold_03,Строительство и ремонт,747324421032,94489333518,0,0.939,0.984,потолочный светодиодный светильник lightstar urbano 214992,lightstar / светильник потолочный lightstar 214992,"бренд:lightstar; вид ламп:светодиодная; высота, мм:25; гарантия:1 год; единиц в одном товаре:1; количество ламп, шт:1; макс. мощность ламп, вт:10; световой поток, лм:1175; степень защиты:ip65; страна-изготовитель:китай; температура света, к:3000; тип:накладной светильник",валюта:rub; вес с упаковкой (кг):0.35 кг; высота предмета:2.5 см; высота упаковки:3 см; глубина предмета:15 см; длина упаковки:15 см; количество ламп:1 шт.; материал изделия:металл; пластик; напряжение:220 в; питание:от сети; свет:теплый белый; способ монтажа:на потолок; степень пылевлагозащиты:ip65
confident_contradiction,0,fold_03,Музыкальные инструменты,515396199790,661425014454,0,0.994,0.994,струны для акустической гитары ernie ball 2146,cтруны для акустической гитары ernie ball 2146,"инструмент:акустическая гитара; калибр:12; количество струн в упаковке:6 шт.; материал оплетки:фосфористая бронза; материал сердечника:сталь; натяжение:слабое, среднее, -","бренд:ernie ball; вид музыкального аксессуара:струны; калибр струн:12; количество в упаковке, шт:6; страна-изготовитель:сша; тип:аксессуар для струнных"
confident_contradiction,0,fold_01,Бытовая химия,68719537156,120259115844,0,0.99,0.933,brezo / brezo 97036 парфюмированная вода для утюгов 1л,"парфюмированная вода для утюгов, 1л brezo 97036","валюта:rub; вес с упаковкой (кг):1.1 кг; высота упаковки:26 см; длина упаковки:7 см; комплектация:парфюмированная вода - 1 л; объем товара:1000 мл; срок годности:3 года с даты производства ,указанная на упаковке; страна производства:россия; цвет:белый; ширина упаковки:7 см",артикул:химу002; бренд:нет бренда; состав:парабены; тип:специальное чистящее средство
confident_contradiction,0,fold_02,Продукты питания,498216278433,25769849011,0,0.964,0.949,набор имбирных пряников герои марвел 3 шт,art sweets / набор имбирных пряников герои марвел 3 шт,"бренд:art sweets; вес товара, г:90; единиц в одном товаре:3; максимальная температура:25; минимальная температура:5; состав:мускатный орех, сода, пищевой краситель, соль, корица, мука ржаная, кондитерская глазурь, имбирь, кардамон, анис, вода питьевая, ванилин, гвоздика молотая, перец белый, масло с",валюта:rub; высота упаковки:11 см; длина упаковки:6 см; срок годности:180 дней; страна производства:россия; ширина упаковки:16 см
confident_contradiction,0,fold_04,Хобби и творчество,25769833223,163208775180,0,0.917,0.934,"набор для создания игрушки из фетра ""собачка""",без бренда набор для создания игрушки из фетра «‎собачка»‎,бренд:lisik.; страна-изготовитель:китай; тип:набор для шитья одежды,вид игрушки:мягкая игрушка; материал:фетр; тип:набор для изготовления
confident_contradiction,0,fold_04,Музыкальные инструменты,498216349262,601295489780,1,0.285,0.26,"кларнет amati acl372iis-o, полупрофессиональная модель, 18 клапанов, 6 кольцевых клапанов","clarinet bb amati concerto acl321s-o - semi professional clarinet from grenadilla wood, 17 keys, 6 rings. abs case included","бренд:amati; вес товара, г:900; гарантийный срок:12 мес.; комплектация:кларнет amati acl372iis-o, мундштук, лигатура, колпачок, чехол, акссессуары для чистки; материал муз. инструмента/аксессуара:черное дерево; размеры, мм:660x40x40; страна-изготовитель:чехия; тип:кларнет; тональность:a; цвет товара",длина:35 см; количество клапанов:17; количество колец:6; материал корпуса:пластик; система:французская; тип:кларнет
confident_contradiction,0,fold_03,Хобби и творчество,472446429151,747324391065,0,0.957,0.952,без бренда головоломка «танграм» с карточками (17 шт.),"головоломка ""танграм"" с карточками (17 шт.)",головоломка:танграм; тип:головоломка,"артикул:4637220; бренд:нет бренда; вид выпуска товара:фабричное производство; вид головоломки:математические и логические; возраст ребенка:от 3 лет; единиц в одном товаре:1; комплектация:изделие в упаковке; материал:дерево; минимальный возраст ребенка:от 3 лет; размеры, мм:170х110х8; сложность голов"
confident_contradiction,0,fold_01,Бытовая химия,687194846098,738734444125,0,0.913,0.962,grass / средство для уборки сантехнических блоков 600 мл gloss,"средство для уборки сантехнических блоков 600 мл grass gloss, кислотное, спрей, 221600, 1ед. в комплекте",валюта:rub; вес товара с упаковкой (г):735 г; высота упаковки:10 см; длина упаковки:30 см; комплектация:средство для уборки сантехнических блоков - 1 шт; страна производства:россия; ширина упаковки:6 см,артикул:ом605635; бренд:grass; страна-изготовитель:россия; тип:специальное чистящее средство
confident_contradiction,0,fold_04,Музыкальные инструменты,395137054680,335007469747,0,0.951,0.966,"terris tc-3901a na классическая гитара 4/4, цвет: натуральный",классическая гитара terris tc-3901a na,бренд:terris; гарантийный срок:1 год; количество струн:6; материал грифа:клен; материал корпуса/верхней деки:липа; материал нижней деки:липа; материал обечайки:липа; материал струн:нейлон; размер инструмента:4/4; страна-изготовитель:китай; тип:классическая гитара; форма гитары:классическая; цвет тов,тип:классическая гитара
confident_contradiction,0,fold_04,Дом и сад,292057836907,257698130946,0,0.992,0.99,"пакет ламинированный вертикальный, 31 х 40 х 11 см""с новым годом!"", холодное сердце","disney пакет ламинированный вертикальный, 31 х 40 х 11 см ""с новым годом!"", холодное сердце","артикул:4997223; бренд:disney; вид выпуска товара:фабричное производство; для кого:девочка; количество в упаковке, шт.:1; комплектация:товар в упаковке; материал:картон; название цвета:фиолетовый; праздник:новый год; размер, см:31; страна-изготовитель:китай; тип:пакет подарочный; цвет товара:фиолето",материал:картон; особенности:без особенностей; праздник:новый год; тип:пакет подарочный; цвет товара:фиолетовый
confident_contradiction,0,fold_03,Электроника,670015008863,816043910301,0,0.967,0.994,медиаконвертер d-link dmc-f20sc-bxu/b1a,d-link медиаконвертер dmc-f20sc-bxu/b1a,"гарантийный срок:12 мес; количество единиц продаж в транспортной упаковке:50; скорость передачи данных, гбит/с:0.1; страна происхождения:китай; тип:медиаконвертер; тип оптоволоконного кабеля:одномодовый; тип разъема:sc, rj-45; торговая марка:d-link",бренд:d-link; тип:медиаконвертер; цвет товара:черный
confident_contradiction,0,fold_03,Бытовая техника,566935806676,575525660873,0,0.906,0.932,ariston накопительный водонагреватель fais nts50v,fais водонагреватель накопительный nts 50v 1.5k (fa),гарантийный срок:1 г.; тип водонагревателя:накопительный,бренд:fais; тип:водонагреватель накопительный
confident_contradiction,0,fold_01,Бытовая химия,352187326582,377957273177,0,0.945,0.912,hygiene / гель для стирки цветок пиона 1800 мл,hygiene гель для стирки жидкий порошок парфюмированный цветок пиона (1800мл) expert wash peony blossom,аромат:цветочный; валюта:rub; вес с упаковкой (кг):1.85 кг; высота упаковки:30 см; длина упаковки:20 см; назначение стирального средства:для белого; для цветного; чёрного; объем товара:1800 мл; срок годности:36 месяцев; страна производства:таиланд; ширина упаковки:10 см; эффект средства:ароматизация,"аромат:пион; бренд:hygiene; вид стирки:автоматическая; единиц в одном товаре:1; название аромата:цветок пиона; назначение средства для стирки:для цветных тканей; объем, мл:1800; особенности применения:эффективен в холодной воде; размер упаковки (длина х ширина х высота), см:10х21х25; состав:linear a"
confident_contradiction,0,fold_02,Спорт и отдых,377957180997,807453885063,0,0.909,0.993,виброхвост helios chubby 9см cola hs-4-045 (набор 5шт),"виброхвост / мягкая приманка helios chubby cola, 9 см, 5 шт. (hs 4 045)","бренд:helios; страна-изготовитель:россия; тип:аксессуары, оснастка для рыбалки","вес:8.7 г; вид:виброхвост; вид рыбы:на судака, на щуку; длина:90 мм; количество в наборе:5 шт.; тип:силиконовая приманка"
confident_contradiction,0,fold_03,Продукты питания,790274129180,584115566359,0,0.928,0.91,"яшкино яшкино, вафли с какао, шоколадные,3 шт по 200 г","яшкино вафли шоколадные, 200 г, 3 уп","бренд:яшкино; вес:200 г; вид:шоколадные; добавки и вкус:какао; количество упаковок:3 шт.; состав:сахар, мука пшеничная в/с, масла растительные, какао-порошок, крахмал кукурузный, эмульгатор: лецитины соевые; соль, какао тертое, какао-масло, разрыхлители: гидрокарбонат натрия, гидрокарбонат аммония; ","бренд:яшкино; вес товара, г:200; единиц в одном товаре:3; максимальная температура:18; минимальная температура:3; не содержит:без гмо; состав:мука пшеничная общего назначения, сахар, жир кондитерский (рафинированные дезодорированные растительные масла в натуральном и модифицированном виде (пальмовое"
confident_contradiction,0,fold_02,Бытовая техника,111669264493,120259115007,0,0.923,0.93,"прибор со сменными панелями redmond мультипекарь skybaker rmb-m657/1s, черный","redmond skybaker rmb-m657/1s, мультипекарь, черный","вес:1.5 кг; гарантийный срок:2 г.; материал корпуса:пластик; мощность:700 вт; особенности:антипригарное покрытие, индикатор работы, отсек для хранения шнура; протокол связи умного дома:bluetooth; тип:мультикондитер; уцененный:да; цвет товара:черный","бренд:redmond; вес товара, г:2200; гарантийный срок:12; партномер:rmb-m657; размеры, мм:235x245x85; страна-изготовитель:китай; тип:мультипекарь; цвет товара:черный"
confident_contradiction,0,fold_02,Детские товары,498216342714,627065340040,0,0.932,0.914,"мягкая игрушка ""кукла"", в шляпке и платьишке, цвета микс","лесная сказка мягкая игрушка «кукла», в шляпке и платьишке, цвета микс","бренд:нет бренда; высота игрушки, см:30; максимальный возраст ребенка:до 6 лет; материал:текстиль; минимальный возраст ребенка:от 3 лет; пол ребенка:унисекс; страна-изготовитель:китай; тип:кукла",вес в транспортной упаковке:0.04 кг; высота/длина:30 см; габариты транспортной упаковки:9.50х30х5 см; материал:текстиль; минимальный возраст:3 лет; наполнитель:синтепон; тип:мягкая игрушка
confident_contradiction,0,fold_02,Бытовая химия,670015002065,300647781591,0,0.903,0.916,"средство для чистки ванн sanfor ""лимонная свежесть"", 750 г",sanfor / средство чистящее для ванн лимонная свежесть 750 г,"артикул:2950735; бренд:нет бренда; состав:5% или более, но менее 15%: соляная кислота; менее 5%: амфотерные пав, катионные пав, неионогенные пав,  ароматизатор; тип:специальное чистящее средство",аромат:лимон; валюта:rub; вес товара с упаковкой (г):800 г; высота упаковки:8 см; длина упаковки:13 см; комплектация:1; назначение средства:ванная; объем (л):0.75 л; срок годности:1096 дней; страна производства:россия; ширина упаковки:26 см
confident_contradiction,0,fold_02,Дом и сад,171798789904,188978564230,0,0.945,0.992,"пакет ламинат вертикальный ""с днем рождения!"", человек-паук, 23х27х11,5 см","marvel пакет ламинат вертикальный ""с днем рождения!"", человек-паук, 23х27х11,5 см",артикул:4376194; бренд:marvel; вид выпуска товара:фабричное производство; материал:бумага; праздник:день рождения; страна-изготовитель:китай; тип:пакет подарочный; формат пакета:вертикальный; цвет товара:красный,материал:бумага; праздник:день рождения; тип:пакет подарочный; цвет товара:красный
confident_contradiction,0,fold_01,Красота и гигиена,695784842079,618475368739,0,0.968,0.998,лесной бальзам зубная паста organic oils минеральное укрепление 75 мл,"зубная паста лесной бальзам organic oils минеральное укрепление, 75мл","бренд:лесной бальзам; единиц в одном товаре:1; объем, мл:75; состав:aqua, silica, sorbitol, cellulose gum, achillea millefolium extract, cocos nucifera (coconut) oil (органическое масло кокоса), chamomilla recutita flower extract, chelidonium majus extract, hypericum perforatum flower/leaf/stem extr","бренд:лесной бальзам; ингредиенты:aqua, silica, sorbitol, cellulose gum, achillea millefolium extract, cocos nucifera (coconut) oil (органическое масло кокоса),chamomilla recutita flower extract, chelidonium majus extract, hypericum perforatum flower/leaf/stem extract, magnolia officinalisbark extra"
confident_contradiction,0,fold_02,Канцелярские товары,678604901181,429496767704,1,0.271,0.181,"пенал 3 секции, 125 х 205 мм, 81п26/3 calligrata ""мяч"" (объемный 3d-рисунок с эффектом металлика)","nobrand пенал 1 секция, 115 х 205 х 30 мм, 81п26 calligrata, ""мяч"" (объемный 3d-рисунок с эффектом",бренд:calligrata; вид пенала:каркасный пенал; количество отделений:333; наполнение пенала:нет; страна-изготовитель:россия; тип:пенал,"артикул производителя:7506683; бренд:nobrand; вес, в килограммах:0.09; высота, в сантиметрах:3; длина, в сантиметрах:20.5; код товара:100056847101; количество отделений:1; количество секций:1; материал:ламинированный картон; пластик; металл; пол:для мальчиков; тематика:спорт; тип пенала:пенал-книжка"
confident_contradiction,0,fold_02,Музыкальные инструменты,249108165798,103079362654,1,0.17,0.26,"anyijmo акустическая гитара kang-4140 6-струнная, корпус ель 41""","cort / l200f-atv-sg luce электро-акустическая гитара,","бренд:anyijmo; вес товара, г:3000; вид бас-гитары:акустическая; гарантийный срок:1 год; количество струн:6; комплектация:акустическая гитара, 1 комплект запасных гитарных струн, рюкзак, клипсы для настройки, медиаторы.
haw mara3h:shop lighting
apyrue aewebble tobapbi he hecyt otbetctbehhoctm3a rapah",валюта:rub; вес товара без упаковки (г):2950 г; высота упаковки:16 см; гарантийный срок:1 год; длина упаковки:113 см; количество ладов:20 шт.; количество струн инструмента:6 шт.; крепление грифа:ласточкин хвост.; материал верхней деки:массив ели; материал грифа:красное дерево.; материал нижней деки:
confident_contradiction,0,fold_01,Бытовая химия,523986160349,283467970889,0,0.933,0.928,"гель для стирки losk ""color"", для цветного белья, 1,3 л, 20 стирок",средство для стирки лоск color 1.3л,"бренд:лоск; вид стирки:автоматическая; единиц в одном товаре:1; назначение средства для стирки:для цветных тканей; состав:5–15 % анионных пав; < 5 % неионогенных пав, фосфонатов, мыла, энзимов, консерванта, красителя, отдушки (в т.ч. гексилциннамаля); страна-изготовитель:россия; тип:жидкое средство ","бренд:лоск; вес:1.353 ""кг""; состав:5-15% анионные пав, менее 5% неионогенные пав, мыло, фосфонаты, энзимы, консервант, отдушка (в т.ч. гексилцинамаль), краситель """"; страна производства:россия"
confident_contradiction,0,fold_01,Продукты питания,455266673977,738734470443,1,0.207,0.208,wowman / набор crazy box чай ройбуш+улун те гуань инь,подарочный набор wowman crazy box чай ройбуш классический/улун медовая дыня/чай с бергамотом классический,"валюта:rub; вес товара без упаковки (г):300 г; вид чая:зеленый; улун; черный; вкус:классический,классический,кокос; высота упаковки:17 см; длина упаковки:16 см; комплектация:драже - 1 шт.; чай ройбуш классический 200 гр - 1 шт.; чай улун те гуань инь 100 гр - 1 шт.; чай улун кокосовый - 1 шт.; макси","бренд:wowman; вес товара, г:400; вид чая:травяной; вкус/добавки:дыня; единиц в одном товаре:3; максимальная температура:25; минимальная температура:0; не содержит:без гмо; особенности напитков, продуктов питания:натуральный продукт; свойства чая:бодрящий; сорт чая:ройбуш; состав:ройбуш 200 гр - 1 шт"
confident_contradiction,0,fold_03,Музыкальные инструменты,68719526984,395137043191,0,0.977,0.978,кейс для гитары gator gc-lps,"кейс gator gc-lps,пластиковый, для гитар типа лес пол, делюкс, черный, вес 3,81 кг",материал:пластик; назначение:для электрогитары; тип:кейс; цвет товара:черный,"бренд:gator; вес товара, г:3810; гарантийный срок:14 дней; количество в упаковке, шт:1; комплектация:gc-lps; материал муз. инструмента/аксессуара:пластик; назначение муз. аксессуара:для электрогитары; размеры, мм:1110x414x152; страна-изготовитель:китай; тип:чехол для музыкального инструмента; цвет т"
confident_contradiction,0,fold_01,Строительство и ремонт,146028985925,644245231736,0,0.9,0.992,решетка вент. 100*100 белая с сеткой нора-м,нора-м решетка вентиляционная 100х100 белый с сеткой нора м,"бренд:нора-м; вес с упаковкой, г:65; тип:комплектующее для вентиляции",вид решетки:накладная; длина:100 мм; материал:сталь; тип:вентиляционная решетка; форма:квадратная; цвет товара:белый; ширина:100 мм
confident_contradiction,0,fold_03,Мебель,360777296196,420906804206,1,0.048,0.217,"без бренда мебельный фасад выс.1170 х шир.560 мм лдсп с кромкой 1мм, цвет-сосна санторина","мебельный фасад выс.1710 х шир.560 мм лдсп с кромкой 1мм,цвет-сосна санторина","высота:117 см; комплектация:петли с доводчиками 2шт; материал:лдсп, лдсп/влдсп, ламинированное; назначение:для кухонных гарнитуров; стиль:классический; тип:фасад для кухни; цвет товара:сосна санторина; ширина:56 см","артикул:сосна санторина/фасад/в1710/ш560; бренд:нет бренда; вес товара, г:1400; вид выпуска товара:фабричное производство; высота, см:171; глубина, см:1.6; комната:кухня; комплектация:петли с доводчиками boyard 2шт; материал фасада:лдсп; название цвета:сосна санторина; покрытие фасада:ламинированное"
confident_contradiction,0,fold_04,Строительство и ремонт,721554556102,403727008625,1,0.116,0.021,обои флизелиновые lutece 0.53 м цвет оранжевый 51197320,"виниловый ламинат alpine floor sequoia lvt есо 6-2 секвойя коньячная 2,245 м2, толщиной 3,2 мм","вес, кг:1.3; длина (м):10.06; коллекция:melody; материал верхнего слоя обоев:винил; материал основы обоев:флизелин; назначение:кухня, спальня, гостиная, детская комната, прихожая; плотность (г/м²):235; рисунок:геометрические фигуры; стиль:классический; страна производства:франция; тип клея:флизелин;","бренд:alpine floor; верхний слой:меламин; вид обработки:браширование; вид пола:клеевой; гарантия:ограниченная пожизненная; длина, мм:1219.2; имитация поверхности:под дерево; класс износостойкости:43; класс пожарной безопасности:км2; кол-во кв.метров в коробке:2.245; количество в упаковке, шт:10; кол"
confident_contradiction,0,fold_02,Детские товары,695784782934,661425068407,0,0.941,0.941,"без бренда машина радиоуправляемая «хот-род», эффект дыма, свет и звук, работает от аккумулятора, цвет зелёный","машина радиоуправляемая ""хот-род"", эффект дыма, свет и звук, работает от аккумулятора, цвет зелёный",минимальный возраст:от 3 лет; особенности:пульт ду в комплекте; питание:от аккумулятора; управление:радиоуправление; функции:ходит/ездит; цвет товара:зеленый,"бренд:noname; вид транспорта:масштабные модели; время работы, мин:20; количество батареек:2; максимальная скорость, км/ч:10; максимальный возраст ребенка:до 18 лет; минимальный возраст ребенка:от 3 лет; особенности радиоуправляемых игрушек:звуковые эффекты; питание пульта:сменная батарея; питание ра"
confident_contradiction,0,fold_02,Автотовары,386547064835,188978718040,0,0.97,0.969,"airline канистра для гсм, 10 л",airline / канистра металлическая горизонтальная 10 л (acf-10h),"бренд:airline; комплектация:канистра
трубка; материал:металл; объем, л:10; партномер (артикул производителя):acf-10h; страна-изготовитель:китай; тип:канистра для гсм; цвет товара:оранжевый",валюта:rub; вес без упаковки (кг):1 кг; вес с упаковкой (кг):1.7 кг; высота предмета:40 см; комплектация:1 канистра; 1 носик-лейка; материал изделия:металл; резина; пластик; модель:канистра; бензин; авто; страна производства:китай; ширина предмета:26 см
confident_contradiction,0,fold_02,Товары для животных,8590097201,206158477506,0,0.923,0.955,"корм для кошек hills 1,5кг prescription diet metabolic urinary stress feline для коррекции веса и поддержания здоровья при мкб с курицей сухой","hills prescription diet metabolic & urinary stress / лечебный корм хиллс для кошек коррекция веса и урология курица 1,5кг","вес упаковки, кг:1.61; вес, г:1500.0; вкус корма:курица; возрастная группа:для взрослых; высота упаковки, см:30.0; длина упаковки, см:19.0; класс корма:премиум; консистенция:сухой; назначение:при избыточном весе; размер упаковки:маленькая; страна производства:нидерланды; тип:лечебный; упаковка:пакет","артикул:42919; бренд:hill's; вес товара, г:1500; вкус корма для животных:курица; возраст животного:для взрослых; единиц в одном товаре:1; комплектация:упаковка с кормом; минеральные вещества:белок 37,0%, жир 12,7%, сырая клетчатка 10,2%, сырая зола 5,2%, кальций 0,73%, фосфор 0,66%, натрий 0,33%, ка"
confident_contradiction,0,fold_03,Дом и сад,833223805589,730144462222,0,0.923,0.984,"palisad / шланг поливочный армированный 4-х слойный luxe 50 м, 1/2""","шланг поливочный армированный 4-х слойный, 1/2, 50 м luxe palisad 67637","валюта:rub; верхний температурный диапазон эксплуатации:50 c; вес с упаковкой (кг):7 кг; высота упаковки:11 см; диаметр садового шланга:1/2 дюйма; длина садового шланга:50 м; длина упаковки:37 см; комплектация:поливочный шланг luxe 1/2"", 50 м; материал изделия:пвх; нижний температурный диапазон эксп","артикул:41087; бренд:palisad; вид садового шланга:поливочный; диаметр шланга, дюйм:1/2""; длина, м:50; комплектация:шланг;
упаковка: пленка.; макс. давление, бар:28; материал:пвх (поливинилхлорид); особенности шланга:армированное строение; тип:шланг поливочный; цвет товара:синий"
confident_contradiction,0,fold_01,Бытовая техника,103079324471,188978676813,0,0.978,0.934,babyliss / триммер babyliss 7255pe,триммер babyliss 7255pe,валюта:rub; вес с упаковкой (кг):0.45 кг; время зарядки аккумулятора:480 мин; время работы от аккумулятора:60 мин; высота упаковки:9 см; гарантийный срок:1 год; длина упаковки:23 см; количество насадок в комплекте:7 насадок; комплектация:сумочка для хранения; направляющая для щетины (1мм – 3.5мм); 5,бренд:babyliss; тип:триммер для волос
confident_contradiction,0,fold_02,Детские товары,420906913307,335007533439,0,0.916,0.979,машина грузовик самосвал 01401 стеллар,stellar / грузовик самосвал 01401,бренд:нет бренда; тип:машинка,валюта:rub; страна производства:россия
confident_contradiction,0,fold_01,Строительство и ремонт,352187388839,94489417214,1,0.253,0.047,"сибртех / сверло по дереву перовое, 25мм сибртех (70375)","сверло по дереву перовое, 22 мм сибртех 70372",валюта:rub; комплектация:сверло - 1шт; страна производства:китай,"бренд:сибртех; вид сверла:перьевое; диаметр сверл, мм:22; диаметр хвостовика, мм:6.35; длина, мм:150; тип:сверло"
confident_contradiction,0,fold_02,Мебель,609885466808,60129614395,1,0.097,0.298,"е1 шкаф-купе 1,8 экспресс 3-х дверный 180 х 240 х 60 фотопечать на стекле №1020 пионы венге","шкаф-купе 2,1 экспресс 3-х дверный 210 х 240 х 60 фотопечать на стекле №1020 пионы бетон","вес в транспортной упаковке:205 кг; высота:240; габариты транспортной упаковки:213х35х35 см; глубина:60; дверцы:раздвижные в стороны; количество дверей:3; количество полок:7; конструкция:прямой; материал корпуса:лдсп; материал фасада:стекло; назначение:для дачи, для дома, для офиса, шкаф-купе; особе","артикул:экспресс3фотопеч 210 х 240 х 60 1020 бетон; бренд:мебельная компания е1; вид выпуска товара:фабричное производство; высота, см:240; гарантийный срок:5 лет; глубина, см:60; зеркало:нет; исполнение:деревянное; количество дверей:трехдверный; количество полок:7; конструкция:прямой; материал корп"
confident_contradiction,0,fold_02,Хобби и творчество,704374665234,687194887696,0,0.903,0.969,"stellar мозаика, 110 элементов, диаметр 13 мм","мозаика для детей от 3 лет, 110 элементов, диаметр 13 мм.",количество элементов:110 шт.; материал:пластик; минимальный возраст:3 лет; особенности:с буквами; тип:мозаика; цвет товара:разноцветный,"бренд:stellar; вид мозаики:классическая; возраст ребенка:от 3 лет; длина по вертикали, см:19; длина по горизонтали, см:19; количество элементов, шт:110; максимальный возраст ребенка:до 6 лет; материал:пластик; минимальный возраст ребенка:от 3 лет; название цвета:разноцветный; пол ребенка:девочка; ст"
confident_contradiction,0,fold_01,Детские товары,42949822430,678604916926,0,0.904,0.945,"трактор-погрузчик ""силач""",полесье / трактор-погрузчик силач,бренд:полесье; вид транспорта:спецтехника; материал:пластик; тип:машинка,валюта:rub
confident_contradiction,0,fold_04,Продукты питания,171798777443,429496878321,0,0.959,0.917,"рот фронт / карамель мятная, рот фронт","карамель мятная, рот фронт, 1000 гр",валюта:rub; вес товара без упаковки (г):1000 г; вес товара с упаковкой (г):1015 г; вид конфет:карамель; вид начинки:мята; высота упаковки:9 см; длина упаковки:17 см; комплектация:1 шт 1 шт; максимальная температура хранения:21 °с; минимальная температура хранения:15 ° c; особенности продукта:мята; к,"бренд:рот фронт; вес товара, г:1000; вид конфет:карамель; единиц в одном товаре:1; максимальная температура:21; минимальная температура:15; состав:сахар, патока, вода питьевая, ароматизатор натуральный ""мята"" (масло мятное эфирное), растительный экстракт ""экстракт мяты"".; срок годности в днях:540; с"
confident_contradiction,0,fold_02,Хобби и творчество,274878045726,163208775903,1,0.22,0.15,"nobrand картина по номерам на холсте с подрамником «леопард», 40 х 30 см",алмазная мозаика на подрамнике с полным заполнением грациозный леопард 40х50см,"артикул производителя:9358052; бренд:nobrand; возрастное ограничение:3+; высота, см:30; код товара:100056854025; комплектация:картина - 1 шт, краски, кисть; основа:холст; особенность:на подрамнике; размер (шхв), в см:40x30; страна-производитель:россия; тема:животный мир; тип:раскраска по номерам на ",бренд:нет бренда; минимальный возраст ребенка:от 3 лет; основа холста:картон; страна-изготовитель:китай; тип:алмазная мозаика; форма страз:круглая
confident_contradiction,0,fold_01,Мебель,704374715173,721554519473,1,0.223,0.266,"не определен табурет ""премиум"" - серый (экокожа) / хром","табурет ""премиум"" - белый (экокожа) / хром",бренд:superdoma; вес в транспортной упаковке:3 кг; габариты транспортной упаковки:37х34х49 см; материал обивки:искусственная кожа; назначение:кухонный; особенности:мягкое сиденье; тип:табурет,"артикул:434413; бренд:нет бренда; вид выпуска товара:фабричное производство; высота, см:48; глубина, см:36; макс. нагрузка, кг:100; материал корпуса:металл; материал обивки:искусственная кожа; название цвета:белый; регулируемая спинка:нет; с подлокотниками:нет; стиль дизайна:современный; тип:табурет"
confident_contradiction,0,fold_02,Детские товары,532576100532,463856535714,0,0.925,0.942,"конструктор пластиковый серии архитектура ""пизанская башня"", 1580 деталей",вселенная конструкторов / architecture конструктор архитектура пизанская башня пиза,"артикул:1396282267-8pl7; бренд:lx; длина модели, см:34; количество деталей конструктора:от 1000 шт и больше; количество элементов, шт:1580; максимальный возраст ребенка:до 18 лет; минимальный возраст ребенка:от 6 лет; название цвета:пизанская башня; совместим с lego:true; страна-изготовитель:китай; ",валюта:rub; вес с упаковкой (кг):1.6 кг; высота упаковки:8 см; длина упаковки:50 см; количество элементов:1580 элементов; большой конструктор; комплектация:конструктор - 1 набор; инструкция; материал изделия:abs-пластик; пластик; гипоаллергенный безопасный конструктор; особенности конструктора:анало
confident_contradiction,0,fold_03,Мебель,816043800909,695784788920,0,0.921,0.969,"лига диванов угловой диван сенатор правый угол, экокожа, модель 27877","лига диванов диван-кровать, механизм еврокнижка, 232х150х85 см","вес в транспортной упаковке:130 кг; габариты транспортной упаковки:150х232х85 см; глубина общая:63 см; механизм трансформации:еврокнижка; особенности:пружинный блок, ящик для белья; тип:диван угловой; число мест:3; ширина общая:232 см","артикул:27877; бренд:лига диванов; вид выпуска товара:фабричное производство; вид раскладывания:еврокнижка; высота сиденья, см:45; высота, см:85; гарантийный срок:18 мес; глубина сиденья, см:63; глубина, см:150; длина спального места в разложенном виде, см:205; материал обивки:экокожа; ориентация:пр"
confident_contradiction,0,fold_03,Спорт и отдых,481036357474,481036350143,0,0.902,0.95,intex / бассейн надувной круглый intex 305х61см с фильтр-насосом,"бассейн easy set 305х61см, 3077л, intex, 28116",валюта:rub; вес с упаковкой (кг):10.3 кг; возрастные ограничения:6+; высота предмета:61 см; высота упаковки:38 см; диаметр предмета:305 см; длина упаковки:29 см; комплектация:бассейн с надувным бортом-1шт; фильтр-насос-1шт; картридж-1шт; инструкция-1шт; ремкомплект-1шт; материал изделия:пвх; объем (,"бренд:intex; вес товара, г:7700; вид бассейна:надувной; высота, см:61; диаметр, см:305; материал:пвх (поливинилхлорид); надувное дно:нет; объем бассейна, л:3077; страна-изготовитель:китай; тип:бассейн; установка бассейна:наземный; форма бассейна:круг; цвет товара:голубой; целевая аудитория:детская"
confident_contradiction,0,fold_03,Бытовая химия,541165992292,266288022358,0,0.943,0.948,"спрей от комаров gardex с алоэ вера, 250 мл","спрей от комаров gardex с алоэ вера 0% спирта, 250 мл",валюта:rub; комплектация:1 шт; страна производства:россия,"бренд:gardex; вес товара, г:290; вид вредителя:комар; единиц в одном товаре:1; комплектация:спрей от комаров gardex с алоэ вера 0% спирта, 250 мл; назначение средства от насекомых/грызунов:отпугивание насекомых; объем, мл:250; период использования:3; состав:n,n-диэтилтолуамид - 15%, эмульгатор, экст"
confident_contradiction,0,fold_01,Дом и сад,326417526486,841813596886,0,0.982,0.982,аэлита / маттиола летний вечер,"маттиола летний вечер 0,5г","валюта:rub; вид растения:маттиола; комплектация:семена ""маттиола летний вечер 0,5 г"" - 1 упаковка; страна производства:россия","артикул:matiola-lv-1; бренд:агрофирма аэлита; вид посадочного материала:маттиолы; жизненный цикл:однолетник; количество заводских упаковок:1; место для выращивания:улица; назначение посадочного материала:для огорода; регион выращивания:для всех регионов; сорт семян:маттиола летний вечер 0,5г; тип:се"
confident_contradiction,0,fold_04,Электроника,386547185761,352187351651,0,0.952,0.976,wd / жесткий диск wd blue wd40ezaz/4tb,western digital 4 тб внутренний жесткий диск blue pc hdd 3.5 (wd40ezaz) ,"валюта:rub; вес товара с упаковкой (г):450 г; высота упаковки:2 см; длина упаковки:15 см; интерфейс:sata iii; модель:western; digital; purple; объем накопителя:4 тб; страна производства:китай; тип накопителя:hdd; форм-фактор накопителя:3.5""; ширина упаковки:10 см","бренд:western digital; вес товара, г:450; время наработки на отказ, ч:100000; гарантийный срок:1 года; для игрового компьютера:да; интерфейс hdd:sata3 6.0 гбит/с; комплектация:жесткий диск, упаковка
; объем:4 тб; объем буферной памяти, мб:256; потребляемая мощность, вт:5.3; пропускная способность ин"
confident_contradiction,0,fold_01,Детские товары,481036412515,412317006350,0,0.913,0.962,"без бренда парковка полицейский участок, с металлическими машинкой и вертолётом","парковка ""полицейский участок"", с металлическими машинкой и вертолётом",вес в транспортной упаковке:0.763 кг; вид:парковка; габариты транспортной упаковки:32х25.50х8 см; материал:пластик; минимальный возраст:от 3 лет; особенности:машинки в комплекте,бренд:нет бренда; максимальный возраст ребенка:до 10 лет; минимальный возраст ребенка:от 3 лет; пол ребенка:мальчик; страна-изготовитель:китай; тип:парковка
confident_contradiction,0,fold_03,Автотовары,824633777735,103079304107,0,0.993,0.984,felix / антифриз felix carbox x freeze красный 1 л 430206073,"x-freeze антифриз, 1 л",артикул производителя:430206073; валюта:rub; высота упаковки:25 см; длина упаковки:8 см; ширина упаковки:4 см,"бренд:x-freeze; вид техники:грузовые автомобили и автобусы; назначение:для системы охлаждения; область применения:система охлаждения; объем, л:1; партномер (артикул производителя):430206073; сезон:на любой сезон; спецификация astm:d1120; страна-изготовитель:россия; тип:антифриз; упаковка:пластиковая"
confident_contradiction,0,fold_02,Музыкальные инструменты,627065290394,661424988577,0,0.968,0.922,/ струны для классической гитары 540 j,струны для гитары savarez 540j,валюта:rub; количество предметов в упаковке:6; комплектация:струна 6 шт; назначение струн:классическая гитара; страна производства:франция,бренд:savarez; вид музыкального аксессуара:струны; материал муз. инструмента/аксессуара:нейлон; назначение муз. аксессуара:для классической гитары; страна-изготовитель:франция; тип:аксессуар для струнных
confident_contradiction,0,fold_03,Канцелярские товары,85899486706,489626417607,0,0.915,0.953,"рюкзак молодёжный devente business 44 х 32 х 15 см, 19л, эргономичная спинка",devente рюкзак подростковый devente. business 44*32*15 см 1отд. перед. карм. черный 7032269,бренд:нет бренда; название цвета:чёрный; пол ребенка:унисекс; страна-изготовитель:китай; тип:рюкзак школьный; цвет товара:черный,"вес:0.8 кг; вес в транспортной упаковке:0.752 кг; возрастная группа:средняя и старшая школа, 290 класс, средние классы/студенты; габариты транспортной упаковки:31х44х5 см; застежка:молния; количество отделений:2; материал:полиэстер, текстиль, текстиль 100%; минимальный возраст:6 лет; объем:19 л; осо"
confident_contradiction,0,fold_01,Бытовая химия,343597444834,438086759840,0,0.901,0.927,бреф средство чистящее для унитаза bref сила-актив лимонная свежесть 50г х 2шт,"bref, подвесной блок для унитаза сила-актив, лимонная свежесть, 2 штуки по 50 грамм, блистер","аромат:лимонная свежесть, цитрус; бренд:бреф; вес:50 г; назначение:для акриловых ванн, для унитаза; содержит:d-лимонен, пав, краситель, линалоол; срок годности:1095 дн.","аромат:лимон; артикул:rc-299729-1-rc5part328; бренд:бреф; вес товара, г:100; единиц в одном товаре:2; комплектация:bref, подвесной блок для унитаза сила-актив, лимонная свежесть, 2 штуки по 50 грамм, блистер; название аромата:лимонная свежесть; назначение чистящего средства для ванной и туалета:для "
confident_contradiction,0,fold_01,Детские товары,824633795972,94489438554,0,0.957,0.904,"набор цветных кубиков, смешарики, 20 шт., 4 4 см","теропром набор цветных кубиков, ""смешарики"", 20 элементов, 4х4 см","бренд:соломон; дополнительные функции:развивающая; количество элементов, шт:20; комплектация:товар в фирменной упаковке; максимальный возраст ребенка:до 18 лет; материал:пластик; минимальный возраст ребенка:от 1 года; пол ребенка:унисекс; развитие навыков:моторика; страна-изготовитель:россия; тип:ку","количество деталей:20 шт.; материал:пластик; минимальный возраст:1 год; развивающие функции:логика и мышление, моторика и ловкость; срок службы:720 дн.; тип:кубики"
confident_contradiction,0,fold_01,Строительство и ремонт,833223802217,661425001251,1,0.265,0.077,"нихромовая проволока 0,18 мм на катушке 50 м / нихром х20н80 / для нагревательных спиралей, резки пенопласта, чпу выжигателей, нагревателей","стан проволока нержа 0,14 мм на катушке 50 метров, aisi 316l нержавеющая сталь, марка 03х17н14м3. нагревательный элемент и других нужд. серебристая",бренд:стан; тип:проволока,длина:50000 мм; тип:проволока вязальная; форма:моток
confident_contradiction,0,fold_04,Товары для животных,300647740370,575525693137,0,0.93,0.937,"sirius лосось и рис (сухой корм для взрослых кошек), 10 кг",sirius / корм для взрослых кошек лосось 10 кг,"артикул:40286; бренд:sirius; вес товара, г:10000; вкус корма для животных:лосось; основной ингредиент:рыба; предназначено для:для кошек; срок годности в днях:540; тип:корм сухой",валюта:rub; вес товара без упаковки (г):10000 г; вес товара с упаковкой (г):10050 г; вид вкуса корма:лосось; вид животного:корм для кошек; возраст животного:для всех возрастов; высота упаковки:13 см; длина упаковки:67 см; класс корма:премиум класса; количество предметов в упаковке:1 шт; комплектация
confident_contradiction,0,fold_03,Красота и гигиена,833223808763,695784872854,0,0.96,0.962,"viking средство для душа, гель, 300 мл",viking / гель для душа пробуждение вулкана,"бренд:viking; вид средства для душа:гель; единиц в одном товаре:1; название аромата:пробуждение вулкана; объем, мл:300; особенности состава:подходит для ежедневного применения; пол:мужской; состав:aqua, sodium laureth sulfate, sodium chloride, cocamidopropyl betaine, peg-7 glyceryl cocoate, polyquat",валюта:rub; высота упаковки:19 см; действие:очищение; длина упаковки:7 см; объем товара:300 мл; страна производства:россия; ширина упаковки:4 см
confident_contradiction,0,fold_04,Товары для животных,661425105503,446676716848,0,0.937,0.921,"sirius / корм сухой для кошек лосось и рис 1,5кг","сухой корм для взрослых кошек, лосось и рис тм sirius 1,5кг",валюта:rub; вес товара без упаковки (г):1500 г; вид вкуса корма:рыба; вид животного:для кошек; возраст животного:взрослые; высота упаковки:38 см; длина упаковки:10 см; класс корма:премиум; количество предметов в упаковке:1 шт.; комплектация:сухой полнорационный корм sirius (сириус) для взрослых коше,"артикул:4602009466762; бренд:sirius; вес товара, г:1500; вкус корма для животных:лосось; возраст животного:для взрослых; единиц в одном товаре:1; комплектация:1 пакет; основной ингредиент:рыба; особенности:без гмо; порода кошки:для любой породы; предназначено для:для кошек; размер животного:малый; с"
confident_contradiction,0,fold_01,Бытовая химия,240518279436,601295561584,0,0.916,0.989,чистящее средство bagi classic шуманит жироудалитель 400 мл,"жироудалитель bagi ""шуманит"", 400 мл","вес упаковки, кг:0.23; высота упаковки, см:25.0; длина упаковки, см:10.0; назначение:для плит и кухонной техники; страна производства:израиль; тип хозтовара:моющее средство; ширина упаковки, см:4.0","артикул:k-208559-0; бренд:bagi; единиц в одном товаре:1; количество в упаковке, шт:1; объем, мл:400; размер упаковки (длина х ширина х высота), см:28 x 11.5 x 5.5; состав:комплексообразующий агент <5%, поверхностно-активные вещества <5%, растворители <5%, добавки, гидроксид натрия 5-15%, ароматизато"
confident_contradiction,0,fold_04,Красота и гигиена,85899390129,661425095941,0,0.981,0.926,"ручка-корректор erichkrause techno white ergo, 12 мл, с металлическим наконечником","ручка-корректор erichkrause techno white ergo, 12 мл, с металлическим наконечником",объем:12 мл; тип корректора:ручка,бренд:erichkrause; страна-изготовитель:малайзия; тип:корректор для лица; цвет товара:разноцветный
confident_contradiction,0,fold_04,Бытовая химия,730144524770,824633834207,0,0.928,0.969,гель calgon 3 в 1 для cмягчения воды и предотвращения образования накипи 750 мл,"calgon / cредство для cмягчения воды и против накипи 3 в 1, 750гр.","артикул:210137; бренд:calgon; единиц в одном товаре:1; состав:5% или более, но менее 15%: поликарбоксилаты; менее 5%: консерванты, ароматизатизирующие добавки.; страна-изготовитель:россия; тип:специальное чистящее средство",валюта:rub; вес товара с упаковкой (г):755 г; высота упаковки:3 см; длина упаковки:30 см; комплектация:средство от накипи - 1шт.; назначение средства от накипи:для стиральных машин; объем (мл):750 мл; ширина упаковки:24 см
confident_contradiction,0,fold_02,Бытовая техника,231928323057,566935762788,0,0.987,0.993,bbk вакуумный упаковщик bvs801,bbk / вакуумный упаковщик bvs801,"бренд:bbk; вес товара, г:1320; гарантийный срок:1 год; комплектация:вакуумный упаковщик bbk bvs801 черный; макс. ширина пакета, см:30; материал корпуса:пластик; мощность, вт:165; особенности упаковочного оборудования:импульсный режим; партномер:bvs801; производительность, л/мин:7.5; размеры, мм:165х",валюта:rub; гарантийный срок:1 год; комплектация:упаковщики вакуумные; модель:bvs801 черный; страна производства:китай
confident_contradiction,0,fold_02,Хобби и творчество,541165916666,670014968005,0,0.952,0.944,"queen fair замок-тогл ""цветок"" вороненая сталь, 16x14мм (набор 2шт), цвет серый","замок-тогл цветок вороненая сталь, цвет серый, 16*14 мм, 2 штуки",вид замка:тогл; материал:бижутерный сплав; тип:фурнитура; тип фурнитуры:замок; форма:фигурная; цвет товара:серый,бренд:нет бренда; тип:заготовка для украшений
confident_contradiction,0,fold_01,Спорт и отдых,816043830783,687194797636,0,0.931,0.98,"yogateka / коврик для йоги и фитнеса тпе 183х61х0,6 см","коврик для йоги тпе 183х61х0,6 см","валюта:rub; вес с упаковкой (кг):0.9 кг; комплектация:стяжка для коврика 1шт; коврик для йоги - 1 шт; материал изделия:термопластичный эластомер; размер коврика:183х61х0,6 см; страна производства:китай; толщина предмета:0.6 см; цвет:розовый","бренд:yogateka; вес товара, г:980; вид спортивного коврика:классический; длина, см:183; комплектация:1 шт; материал:термопластичный эластомер; особенности фитнес коврика:нескользящий; особенности фитнес-инвентаря:водонепроницаемые; страна-изготовитель:китай; тип:коврик для йоги и фитнеса; толщина, с"
confident_contradiction,0,fold_03,Хобби и творчество,171798849285,678604995261,0,0.942,0.962,инновации для детей / набор юный химик малый. чернила для шпионов (опыты и экспери,набор для опытов и экспериментов инновации для детей юный химик малый. чернила для шпионов (опыты и,валюта:rub; высота упаковки:24 см; длина упаковки:31 см; ширина упаковки:10 см,бренд:нет бренда; возраст ребенка:от 10 лет; наука:химия; тип:набор для опытов
confident_contradiction,0,fold_01,Бытовая техника,670014990211,257698101538,0,0.933,0.915,/ i-m 3020 b индукционная варочная поверхность,индукционная варочная поверхность nordfrost i-m 3020 b,валюта:rub; вес без упаковки (кг):4.4 кг; вес с упаковкой (кг):5.8 кг; высота упаковки:52 см; гарантийный срок:1 год; глубина предмета:52 см; длина упаковки:6 см; доп. опции варочной поверхности:автоотключение; сенсор распознавания наличия посуды; 9 режимов нагрева; защита от детей:да; комплектация:,бренд:nordfrost; тип:варочная панель
confident_contradiction,0,fold_04,Музыкальные инструменты,352187356236,489626432765,0,0.904,0.998,"колки для гитары 3+3, хром, paxphil j-02-3+3-cr","paxphil / колки для гитары 3+3, хром",бренд:paxphil; тип:аксессуар для струнных,валюта:rub
confident_contradiction,0,fold_04,Строительство и ремонт,850403647340,455266610422,0,0.978,0.908,sturm / мойка высокого давления pw9219,мойка высокого давления sturm! pw9219,артикул производителя:pw9219; валюта:rub; вес без упаковки (кг):6.25 кг; вес с упаковкой (кг):9.4 кг; всасывание воды из емкости:да; высота упаковки:39 см; гарантийный срок:14 мес; давление максимальное (бар):135; длина кабеля (м):5 м; длина упаковки:28 см; длина шланга:5 м; доп. опции мойки:пеноген,"бренд:sturm!; длина шланга, м:5; комплектация:пистолет-распылитель и направляющая трубка;
	игла для прочистки распыляющего наконечника;
	шланг высокого давления, 5 м;
	гайка впускного патрубка для воды;
	рукоятка и винт для фиксации - 1 комплект (2 винта);
	крюк для шнура;
	подставка для направляюще"
confident_contradiction,0,fold_02,Музыкальные инструменты,523986113458,163208892961,0,0.903,0.996,"медиаторы nylon jazz iii xl 6шт, 1,38мм, черные, dunlop 47pxls","dunlop / набор медиаторов 1.38 мм, 6 шт, stiffo nylon jazz iii xl","бренд:dunlop; вес товара, г:8; вид музыкального аксессуара:медиатор; количество в упаковке, шт:6; комплектация:медиаторы 6 шт в уп.; материал муз. инструмента/аксессуара:пластик; назначение муз. аксессуара:для акустической гитары; партномер:47pxls; страна-изготовитель:сша; тип:аксессуар для струнных",валюта:rub; количество предметов в упаковке:6 шт.; комплектация:медиаторы для игры на гитаре - 6 шт; материал изделия:нейлон; модель:stiffo nylon jazz iii xl; страна производства:сша; толщина (мм):1.38 мм; форма медиатора:jazz iii xl; цвет:черный
confident_contradiction,0,fold_03,Автотовары,730144448530,833223712204,0,0.997,0.985,js asakashi фильтр топливный арт. fs21005,js asakashi / топливный фильтр js fs21005,артикул:_js asakashi_fs21005; бренд:js asakashi; вид техники:внедорожники; комплектация:фильтр топливный; партномер (артикул производителя):fs21005; страна-изготовитель:не указана; тип:фильтр топливный,артикул производителя:fs21005; валюта:rub; высота упаковки:18 см; длина упаковки:15 см; ширина упаковки:13 см
confident_contradiction,0,fold_04,Детские товары,34359848363,549755909501,0,0.951,0.937,"мягкая игрушка коала, 25 см",forсhildren / мягкая игрушка коала 25 см цвет серый,"бренд:нет бренда; высота игрушки, см:25; минимальный возраст ребенка:от 3 лет; название цвета:серый; пол ребенка:унисекс; страна-изготовитель:китай; тип:мягкая игрушка; цвет товара:серый",валюта:rub; вес товара с упаковкой (г):138 г; высота упаковки:14 см; длина упаковки:14 см; комплектация:1 шт; материал игрушки:полиэстер; синтепон; страна производства:китай; цвет:серый; ширина упаковки:23 см
confident_contradiction,0,fold_01,Детские товары,833223725989,489626365612,0,0.92,0.958,"мягкая игрушка maxitoys jack&lin зайка с розовым сердцем, 25 см","jack&lin / мягкая игрушка ""зайка лин"" с розовым сердцем, 25 см",бренд:jack & lin; вид мягкой игрушки:заяц; минимальный возраст ребенка:от 3 лет; пол ребенка:девочка; страна-изготовитель:китай; тип:мягкая игрушка,валюта:rub; высота упаковки:27 см; длина упаковки:16 см; ширина упаковки:11 см
confident_contradiction,0,fold_04,Хобби и творчество,214748421885,687194851411,0,0.975,0.945,"не определен набор для творчества. елочные шары под раскраску ""чудесные зверята"", 2 шт","набор для творчества. ёлочные шары под раскраску ""чудесные зверята"", набор 2 шт",бренд:gold; предмет росписи:елочная игрушка; тип:набор,бренд:нет бренда; тип:набор для росписи
confident_contradiction,0,fold_04,Дом и сад,395137102698,89874,0,0.927,0.947,"без бренда салфетница mercy, 13х9х3 см, цвет золотой","салфетница mercy, 13 9 3 см, цвет золотой",материал:металл; тип:салфетница,артикул:7374581; бренд:нет бренда; вид выпуска товара:фабричное производство; комплектация:товар в фирменной упаковке; материал:металл; страна-изготовитель:китай; тип:салфетница; цвет товара:золотой
confident_contradiction,0,fold_01,Строительство и ремонт,506806223413,773094218471,1,0.217,0.27,душевая кабина niagara classic ng-33084-14lbk 100x80,душевая кабина niagara classic ng-33184-14lbkt 110x80,"бренд:niagara; высота поддона:средний; высота, см:200; гарантия:10 лет; двери:раздвижные в стороны; длина, см:100; комплектация:душевая кабина; материал дверей:стекло; материал поддона:abs пластик; монтаж:на поддон; ориентация установки:левосторонняя; стекло:матовое; страна-изготовитель:китай; тип:д","артикул производителя:331844lbkt; бренд:niagara; вес, кг:100; вид:открытая; высота поддона, см:26; высота, см:200; глубина поддона, см:13; глубина, см:110; дополнительные функции:нет; исполнение задней стенки:стекло; исполнение полотна двери:матовое; код товара:600012396690; конструкция дверей:раздв"
confident_contradiction,0,fold_04,Детские товары,781684143354,223338393329,0,0.956,0.941,"mum&baby соска-пустышка классическая, от 0 мес, латекс, ""котенок""","соска-пустышка классическая, от 0 мес., латекс, 'котенок'",количество в упаковке:1 шт.; максимальный возраст:36 мес.; особенности:с кольцом; тип:латексная пустышка; форма:классическая; цвет товара:серый,"артикул:9112926; бренд:нет бренда; вес товара, г:16; максимальный возраст ребенка:до 3 лет; минимальный возраст ребенка:0 месяцев; пол ребенка:унисекс; тип:пустышка; цвет товара:серый"
confident_contradiction,0,fold_03,Электроника,541165913430,292057895413,0,0.921,0.962,основная плата p150-2851v6.2 starwind sw-led50ua403,"материнская плата, p150-2851v6.2","гарантийный срок:1 мес., гарантия 1 мес. данный товар должен быть установлен специалистом! сверьте все разъемы, партномера. некоторые запчасти требуют перепрошивки под вашу модель. возврат возможен только после проверки на работоспособность!; уцененный:да","бренд:нет бренда; вес товара, г:1; вид запчасти телевизора:материнская плата; гарантийный срок:гарантия 1 мес. данный товар должен быть установлен специалистом! сверьте все разъемы, партномера. некоторые запчасти требуют перепрошивки под вашу модель. возврат возможен только после проверки на работос"
confident_contradiction,0,fold_01,Музыкальные инструменты,352187329587,618475404671,1,0.214,0.015,"sxl080 xl nickel wound отдельная струна для бас-гитары, никелированная, .080, d'addario","xl nickel wound отдельная струна для бас-гитары, никелированная, .065, d'addario sxl065",дополнительная информация:1 шт.; инструмент:бас-гитара; калибр:80-80; количество струн в упаковке:1 шт.; количество упаковок:1 шт.; материал оплетки:-; натяжение:-; форма оплетки:-,бренд:d'addario; вид музыкального аксессуара:струны; назначение муз. аксессуара:для бас-гитары; тип:аксессуар для струнных
confident_contradiction,0,fold_02,Бытовая химия,137438981396,34359760364,0,0.913,0.976,средство чистящее astonish интенсивный удалитель известкового налета с ароматом эвкалипта 750мл,astonish средство для удаления известкового налета холодный эвкалипт 750 мл,"вес:0.8 кг; назначение:для сантехники; объем:0.75 л; особенности:антибактериальное; отдушка:эвкалипт; производитель:the london oil refining company; противопоказания:при длительном контакте или при чувствительной коже, наденьте резиновые перчатки. вымойте руки после использования. избегайте контакта","артикул:6940; бренд:astonish; вес товара, г:770; единиц в одном товаре:1; название аромата:холодный эвкалипт; назначение моющего, чистящего средства:универсальное; объем, мл:750; состав:состав; страна-изготовитель:великобритания; тип:специальное чистящее средство; форма выпуска средства:спрей"
confident_contradiction,0,fold_02,Мебель,816043827461,850403548651,1,0.268,0.003,kogarashi / стул туристический трёхногий. 220 х 200 х 300 мм.,"maclay пляжный зонт,180см,зеленый",валюта:rub; высота упаковки:5 см; длина упаковки:40 см; комплектация:стул туристический трёхногий. 220 х 200 х 300 мм. цвет красный. 1 шт; материал изделия:оксфорд; сталь; ширина упаковки:10 см,"артикул:5269779; бренд:maclay; вес товара, г:750; вид выпуска товара:фабричное производство; вид принта:птицы; высота, см:195; гарантийный срок:нет; диаметр купола, см:180; количество спиц:8; комплектация:зонт пляжный - 1 шт; материал купола:полиэстер; материал ручки:металл; образец цвета:https://cd"
confident_contradiction,0,fold_03,Бытовая техника,652835044896,850403626459,0,0.976,0.964,масляный радиатор ом- 5н (1 квт) ресанта 67/3/6,масляный радиатор ом-5н (1 квт) ресанта,код товара:00-01019664,"бренд:ресанта; вес, кг:4.7; вид обогревателя:масляный; вид термостата:механический; высота, см:63; гарантийный срок:1 год; количество секций:5; комплектация:масляный радиатор, опоры с колёсами, паспорт (инструкция), упаковка.; макс. площадь помещения, кв.м:15; мощность, вт:1000; особенности климатич"
confident_contradiction,0,fold_02,Спорт и отдых,523986081870,506806144664,0,0.945,0.979,грипсы stels xh-gn01bl,stels / грипсы stels xh-gn01bl,бренд:stels; тип:грипсы для велосипеда,валюта:rub; цвет:черный
confident_contradiction,0,fold_03,Хобби и творчество,687194794201,274877976663,0,0.926,0.952,настольная игра новогодний лабиринт,"настольная игра ""новогодний лабиринт""",бренд:китай; возраст от:5 лет; минимальное количество игроков:1; тип игры:головоломки и логические,бренд:нет бренда; вид выпуска товара:фабричное производство; вид настольной игры:логика и математика; материал:картон; минимальный возраст ребенка:от 5 лет; название цвета:разноцветный; страна-изготовитель:китай; тип:настольная игра; цвет товара:разноцветный; целевая аудитория:детская; целевая аудит
confident_contradiction,0,fold_01,Красота и гигиена,670015020135,609885446503,1,0.222,0.256,"флакон 50 мл стеклянный с крышкой с капельницей, 10 штук",купи-флакон / флакон с пластиковой крышкой 10 мл стеклянный,"бренд:купи-флакон; единиц в одном товаре:10; объем, мл.:50 мл; основной материал:стекло; страна-изготовитель:индия; тип:флакон косметический; упаковка:картонная коробка; цвет товара:коричневый",валюта:rub; высота предмета:6.3 см; количество предметов в упаковке:10 штук; комплектация:флакон стеклянный - 10 штук. крышка пластиковая - 10 штук.; пакет; материал изделия:стекло; объем товара:10 мл; страна производства:германия; ширина предмета:3 см
confident_contradiction,0,fold_04,Бытовая химия,300647761862,687194803440,0,0.958,0.971,стикер чистоты для унитаза туалетный утенок цитрус 3 шт.,"туалетный утенок стикер чистоты цитрус, 3 штуки в упаковке","вес нетто (кг):0.03; вес, кг:0.040; материал поверхности применения:керамика; назначение:унитаз; страна производства:россия; тип продукта:стикер чистоты; тип упаковки:коробка; цена за шт.:112.00","аромат:цитрус; артикул:zpk4620000430070; бренд:туалетный утенок; вес товара, г:30; единиц в одном товаре:1; комплектация:туалетный утенок стикер чистоты цитрус, 3 штуки в упаковке; название аромата:цитрус; назначение чистящего средства для ванной и туалета:для унитаза; объем, мл:30; особенности прим"
confident_contradiction,0,fold_02,Хобби и творчество,678604843103,455266674169,0,0.916,0.932,"не определен молд силикон ""ангелочек"" 2,8х1,9 см микс","молд силикон ""ангелочек"" 2,8х1,9 см",тип:молд,бренд:арт узор; комплектация:молд 1шт; материал:силикон; страна-изготовитель:россия; тип:молд; цвет товара:бежевый
confident_contradiction,0,fold_03,Автотовары,549755828327,326417606138,1,0.214,0.141,накидка на заднее автомобильное сиденье,накидка на автомобильное сидение,бренд:novatonic; вид техники:внедорожники; комплектация:4 накидки; материал:алькантара; ортопедические:нет; особенности:износоустойчивая ткань; расположение сиденья:задние сиденья; способ крепления:резинка; страна-изготовитель:беларусь; тип:накидка на сиденье; цвет товара:черный,"валюта:rub; вес с упаковкой (кг):1.3 кг; высота упаковки:64 см; длина упаковки:7 см; доп. опции авточехла:массаж; на заднее сиденье; комплектация:накидка, упаковка; марка автомобиля:для всех авто; toyota; hyundai; lada; kia; volkswagen; honda; nissan; mercedes-benz; renault; материал изделия:дерево "
confident_contradiction,0,fold_01,Строительство и ремонт,747324312320,51539623929,0,0.94,0.996,подвесной светильник hiper rosso h230-1,подвесной светильник hiper rosso h230-1 / e27 / 60 вт / серый,"бренд:hiper; вид ламп:накаливания; вид питания:от сети 220в; высота, мм:120; гарантия:1 год; единиц в одном товаре:1; защищенность:работа при минусовых температурах (-10°с); количество ламп, шт:1; комната:кухня; комплектация:изделие в заводской упаковке; крепление:подвесное; макс. мощность ламп, вт:","вес в транспортной упаковке:0.9 кг; вид ламп:нет в комплекте; высота:12 см; габариты транспортной упаковки:15.50х17.80х17.50 см; гарантийный срок:12 мес.; длина:16 см; количество лампочек:1 шт.; линейка:rosso; материал плафона/абажура:металл; мощность:60 ватт; назначение:для гостиной, для спальни, к"
confident_contradiction,0,fold_01,Бытовая химия,34359847717,34359874808,0,0.939,0.941,"grass / средство для пола arena с полирующим эффектом, 1 л","средство с полирующим эффектом для пола ""arena"" 1 л",валюта:rub; вес товара с упаковкой (г):1050 г; высота упаковки:30 см; длина упаковки:11 см; комплектация:1 шт; назначение средства:для пола; для роботов пылесосов; объем (л):1 л; страна производства:россия; ширина упаковки:7 см; эффект средства:удаление запахов; удаление грязи; удаление пыли,"аромат:лотос; бренд:grass; вес товара, г:1200; назначение моющего, чистящего средства:для пола/ламината; объем, мл:1000; особенности применения:не требует смывания водой; состав:≥30% очищенная вода; <5%: неионогенные пав, амфотерные пав, соль эдта, воск, изопропанол, ароматизирующая добавка, красите"
confident_contradiction,0,fold_01,Бытовая техника,455266621953,438086676338,0,0.941,0.95,"veorra / мешки бумажные для пылесоса fv96a2.51.00 15 л, 4 шт","мешки бумажные для строительного пылесоса practyl 15 л, 4 шт.","валюта:rub; вес товара с упаковкой (г):250 г; высота предмета:4 см; высота упаковки:22 см; длина упаковки:31 см; количество предметов в упаковке:4; количество слоев:1 шт.; количество фильтров:5 шт; комплектация:мешки бумажные для пылесоса practyl fv96a2.51.00 15 л, 4 шт; материал изделия:синтетика; ","бренд:china; вес товара, г:390; количество в упаковке, шт:4; комплектация:мешки бумажные для пылесоса practyl fv96a2.51.00 15 л, 4 шт.; материал пылесборника:бумага; объем пылесборника, л:15; партномер:fv96a2.51.00; размеры, мм:200х240х60; страна-изготовитель:китай; тип:пылесборник"
confident_contradiction,0,fold_02,Детские товары,618475399401,446676630365,0,0.972,0.907,"бластер abtoys мегабластер синий с 20 мягкими пулями, в коробке","бластер abtoys мегабластер синий с 20 мягкими пулями, в коробке",дальность поражения:10 м; особенности:батарейки в комплекте; срок службы:3 г.; тип боеприпасов:мягкие пули; цвет товара:синий,"бренд:нет бренда; вид игрушечного оружия:бластер; вид патронов:патроны; высота игрушки, см:7.9; гарантийный срок:1; дополнительные функции:развивающая; максимальный возраст ребенка:до 10 лет; материал:пластик; минимальный возраст ребенка:от 1 года; пол ребенка:унисекс; страна-изготовитель:китай; тип"
confident_contradiction,0,fold_04,Продукты питания,764504340956,292057933184,0,0.907,0.949,чипсы картофельные pringles paprika со вкусом паприки 165 г,pringles / чипсы принглс паприка 165 гр. (польша),"бренд:pringles; вес товара, г:165; вид снэков, чипсов, сухих завтраков:картофельные; вкус (чипсы, снэки):паприка; единиц в одном товаре:1; максимальная температура:25; минимальная температура:5; название вкуса:паприка; состав:обезвоженный картофель, растительные масла (подсолнечное, кукурузное), рис",валюта:rub; вес товара без упаковки (г):165 г; вид чипсов:картофельные; вкус:паприка; высота упаковки:25 см; длина упаковки:8 см; количество предметов в упаковке:1 шт; комплектация:1 шт 165гр.; максимальная температура хранения:+25 °c; минимальная температура хранения:+3 °c; особенности продукта:без
confident_contradiction,0,fold_01,Музыкальные инструменты,68719509033,841813597498,0,0.985,0.951,гитарный комплект terris tc-038 bk starter pack,"terris классическая гитара tc-038 bk starter pack 6-струнная, корпус липа 7/8",назначение:для классической гитары,"бренд:terris; гарантийный срок:2 недели; количество струн:6; материал грифа:береза; материал корпуса/верхней деки:липа; материал нижней деки:липа; материал обечайки:липа; материал струн:нейлон; мензура, мм:625; размер инструмента:7/8; страна-изготовитель:китай; тип:классическая гитара; форма гитары:"
confident_contradiction,0,fold_01,Продукты питания,25769958150,455266669571,0,0.92,0.997,"кофе молотый julius meinl венский завтрак ароматный натуральный жареный, 250г","кофе julius meinl венский завтрак ароматный молотый, 250г",бренд:julius meinl; вес упаковки:250 г,без кофеина:нет; бренд:julius meinl; единиц в одном товаре:1; максимальная температура:27; минимальная температура:0; содержит:кофеин; состав:смесь арабики и робусты; состав кофе:арабика/робуста; срок годности в днях:540; степень обжарки:средняя; степень помола:средний; страна-изготовитель:италия; т
confident_contradiction,0,fold_01,Канцелярские товары,120259240133,592705487056,0,0.907,0.907,"набор настольный детский ""единорог"" (подставка+2 карандаша+линейка+точилка+ластик+блок 8 листов)","calligrata набор настольный детский ""единорог"" (подставка+2 карандаша+линейка+точилка+ластик+блокнот 8 листов)",бренд:нет бренда; название цвета:розовый; страна-изготовитель:китай; тип:канцелярский набор,в комплекте:7; материал:пластик; назначение:школа; тип:настольный набор; цвет товара:розовый
confident_contradiction,0,fold_04,Бытовая химия,292057865413,644245102248,0,0.953,0.943,"капсулы для посудомоечной машины fairy ""platinum. all in 1. лимон"", 50шт., 8001841748412",капсулы для посудомоечных машин fairy platinum all in one лимон 50 шт,бренд:fairy; состав:чистящее средство; тип:капсулы для посудомоечной машины; целевая аудитория:взрослая,"аромат:цитрусовый; вид упаковки:пакет; количество в упаковке:50 шт; назначение:для посудомоечной машины; особенности состава:без фосфатов; производитель:the procter &amp; gamble company; размер:50 шт; рекомендации по применению:очистите посуду от остатков еды. засыпьте порошок в диспенсер до уровня,"
confident_contradiction,0,fold_03,Бытовая химия,575525657835,128849026882,0,0.921,0.917,"kao cucute порошок для посудомоечных машин, с дезинфицирующим эффектом с ароматом грейпфрута, 900 г. (м/у)","kao cucute for dishwasher citric acid effect порошок для посудомоечных машин, с лимонной кислотой и ароматом грейпфрута, мягкая упаковка, 900г","бренд:kao; вес:0.9 кг; комплектация:порошок для посудомоечных машин в мягкой упаковке (без ложки); назначение:для мытья посуды; особенности:гипоаллергенное, концентрат, не требует смывания водой; содержит:активный кислород, кислоты, лимонная кислота, отбеливатель; состав:карбонат, сульфат, отбеливат","аромат:грейпфрут; бренд:kao; вес товара, г:900; единиц в одном товаре:1; комплектация:порошок 1 шт; назначение средств для посудомоечных машин:для мытья посуды; с дозатором:нет; состав:пав(полиэфирный полиол щелочной элемент(карбонат), смягчитель воды(цитрат), диспергатор поверхности, модифицированн"
confident_contradiction,0,fold_03,Спорт и отдых,231928317898,266287988413,0,0.924,0.915,"каркасный бассейн  intex metal frame 28200, 305х76см, 4485л",intep / бассейн каркасный intex,"бренд:нет бренда; вес товара, г:19000; вид бассейна:каркасный; время установки, мин:30; высота, см:76; комплектация:• чаша бассейна - 1 шт

• каркас бассейна (металлические трубки) - 1 комплект

• сливной клапан (установлен в бассейне) - 1 шт

• переходник для сливного клапана - 1 шт

• ремонтный ко",валюта:rub; вес с упаковкой (кг):17.4 кг; возрастные ограничения:6+; высота предмета:76 см; высота упаковки:90 см; глубина предмета:76 см; диаметр предмета:305 см; длина упаковки:30 см; комплектация:бассейн intex 305*76 - 1шт; ремкоплект-1шт; металлические стойки-10шт; инструкция по установке-1шт; м
confident_contradiction,0,fold_02,Детские товары,300647759238,670015052004,0,0.947,0.928,"детский развивающий коврик / коврик-пазл ""колобок"" играем вместе (8 сегментов)","играем вместе / коврик-пазл колобок 8 сегментов, каждый","бренд:играем вместе; вид игрового коврика:напольный; количество элементов, шт:8; максимальный возраст ребенка:до 6 лет; минимальный возраст ребенка:от 1 года; пол ребенка:унисекс; страна-изготовитель:китай; тип:коврик-пазл; цвет товара:разноцветный",валюта:rub; высота упаковки:33 см; длина упаковки:33 см; комплектация:1 шт; страна производства:китай; тренируемые навыки:воображение; меткость; внимание; ширина упаковки:10 см
confident_contradiction,0,fold_01,Товары для животных,154618838555,833223787340,0,0.938,0.954,n1 №1 грейфер веревка для собак плетеная с мячом 33см,№1 грейфер веревка плетеная с мячом. 33см,"вес:100 г; вид животного:собаки; вид игрушки:интерактивные; возраст животного:взрослые; высота:6 см; материал:текстиль; назначение:для зубов, интерактивные / развивающие; размер породы:средний; страна производства:китай; тип:канат; ширина:6 см",бренд:n1; единиц в одном товаре:1; предназначено для:для собак; тип:игрушка для животных
confident_contradiction,0,fold_03,Хобби и творчество,506806296764,506806188366,0,0.978,0.944,"классная раскраска ""паучок и его удивительные друзья""","barantsev раскраски / раскраска ""паучок и его удивительные друзья""",бренд:нет бренда; вид раскраски:раскраска; тип:раскраска,"валюта:rub; комплектация:раскраска ""паучок и его удивительные друзья""; страна производства:россия"
confident_contradiction,0,fold_02,Бытовая химия,395137076333,154618920506,0,0.911,0.93,"domestos блок для очищения унитаза power 5, свежесть океана, защита от микробов и налета 55 гр, 2 уп",domestos / power 5 блок для унитаза свежесть океана 2х55 гр,"артикул:un8710908551154k2; бренд:domestos; вес товара, г:55; единиц в одном товаре:2; комплектация:domestos блок для очищения унитаза power 5, свежесть океана, защита от микробов и налета 55 гр - 2 уп; название аромата:свежесть океана; назначение чистящего средства для ванной и туалета:для унитаза; ",валюта:rub; высота упаковки:19 см; длина упаковки:5 см; страна производства:россия; ширина упаковки:12 см; эффект средства:против известкового налета; ароматизация; защита от бактерий
confident_contradiction,0,fold_02,Продукты питания,154618913763,609885451799,1,0.294,0.058,"зелёный чай ""глинтвейн"" 50гр с 23 февраля","кладовая кавказа иван чай с травами ""краснополянский успокаивающий"" 50гр","бренд:кладовая кавказа; вес товара, г:50; вид чая:зеленый; единиц в одном товаре:1; максимальная температура:20; минимальная температура:0; размер чайного листа:крупнолистовой; состав:зелёный крупнолистовой сочинский чай; гибискус; кусочки яблока; корка апельсина; имбирь; корица; кардамон; гвоздика;",бренд:кладовая кавказа; вес упаковки:50 г; вид чая:травяной; вкус и добавки:травы; состав:иван чай; мята; чабрец; ромашка; фенхель (плоды); почки сосны; календула; душица; мать и мачеха.; срок хранения:1095 дн.
confident_contradiction,0,fold_01,Бытовая техника,755914328075,283467930178,0,0.947,0.973,"пылесос lg vk89309h, 2000вт, серебристый/черный [vk89309h.aksqcis](б/у)",пылесос lg vk89309h,"вес товара:6 кг; вес упаковки (ед):9.8 кг; габариты упаковки (ед) дхшхв:0.611x0.33x0.33 м; гарантия:12 мес.; длина сетевого шнура:6.3 м; комплектация:устройство, шланг, телескопическая трубка, 2 насадки; легко очищаемый пылесборник:нет; материал трубы всасывания:металл; модель:vk89309h; мощность:200","бренд:lg; вес товара, г:6000; вид питания:от сети 220в; вид пылесборника:контейнер; вид фильтра:hepa фильтр; гарантийный срок:1 год; длина шнура, м:6.3; количество насадок:2; комплектация:комбинированная насадка пол/ковер, щелевая насадка, щетка 2-в-1 (для пыли/мягкой мебели), документация.
; макс. "
confident_contradiction,0,fold_04,Товары для животных,240518240105,240518219032,0,0.912,0.973,"сухой корм farmina n&d prime беззерновой для взрослых кошек, ягненок и черника, 1.5 кг","farmina / сухой корм для кошек farmina n&d prime lamb & blueberry, беззерновой, ягненок с черникой, 1,5кг","артикул:43080; бренд:farmina; вес товара, г:1500; вкус корма для животных:ягнёнок; возраст животного:для взрослых; единиц в одном товаре:1; особенности:беззерновой корм; предназначено для:для кошек; состав:мясо ягненка без костей (28%), дегидратированные белки жвачных животных (ягненок, говядина) (2",валюта:rub; высота упаковки:10 см; длина упаковки:30 см; комплектация:упаковка -1шт; состав:корм; срок годности:365 дней; страна производства:сербия; ширина упаковки:10 см
confident_contradiction,0,fold_04,Товары для животных,39719,566935724059,0,0.95,0.959,monge / monge cat sterilised сухой корм с уткой для стер. кошек 10кг,"сухой корм monge pfb cat monoprotein sterilised для стерилизованных кошек, с уткой 10 кг",валюта:rub; вес товара без упаковки (г):10000 г; вес товара с упаковкой (г):10000 г; вид вкуса корма:утка; вид животного:для кошек; возраст животного:взрослые; высота упаковки:22 см; длина упаковки:50 см; класс корма:супер премиум; количество предметов в упаковке:1 шт.; комплектация:1 мешок 10 кг; н,"артикул:70056281; бренд:monge; вес товара, г:10000; вкус корма для животных:утка; возраст животного:для взрослых; единиц в одном товаре:1; предназначено для:для кошек; срок годности в днях:730; тип:корм сухой"
confident_contradiction,0,fold_01,Канцелярские товары,515396120815,128849061552,0,0.903,0.984,"не определен maru набор гелевых ручек, 6 цветов, корпус цветной с белыми вставками, в блистере","набор гелевых ручек, 6 цветов, корпус цветной с белыми вставками, в блистере","вид ручки:гелевая; количество в упаковке:6 шт.; количество упаковок:1 шт.; механизм подачи стержня:отсутствует; набор:да; особенности:сменное перо; тип:набор ручек, неавтоматическая ручка; цвет чернил:разноцветный","бренд:нет бренда; вид ручки:гелевая; количество ручек, шт:6; комплектация:6; материал:пластик; механизм подачи стержня:без механизма; особенности приборов для письма:для правшей; страна-изготовитель:китай; тип:набор ручек; цвет чернил:разноцветный"
confident_contradiction,0,fold_03,Спорт и отдых,335007552187,687194847157,0,0.937,0.99,"технок санки-ледянки ""машинка №1"", размер 77 х 38 см, цвета микс","санки-ледянки ""машинка №1"" 77х38см, микс",минимальный возраст:от 3 лет; особенности:мягкая; тип:ледянка,бренд:нет бренда; вид полозьев:плоские; конструкция санок:цельная; минимальный возраст ребенка:от 3 лет; название цвета:микс; пол ребенка:унисекс; тип:санки
confident_contradiction,0,fold_01,Товары для животных,292057795538,163208898125,0,0.981,0.952,"сухой корм royal canin hypoallergenic dr 25 для кошек 0,5кг",canin / сухой корм hypoallergenic dr 25 для кошек при пищевой аллергии 500 гр,"артикул:4627109385188; бренд:royal canin; вес товара, г:500; вкус корма для животных:птица; возраст животного:для взрослых; класс корма:супер-премиум; комплектация:пакет сухого корма 1 шт.; особые потребности:склонные к аллергии; порода кошки:для любой породы; предназначено для:для кошек; размер жив",валюта:rub; вес товара с упаковкой (г):500 г; вид животного:корм сухой для кошек; высота упаковки:23 см; длина упаковки:14 см; комплектация:сухой корм для кошек - 1 уп.; страна производства:россия; ширина упаковки:6 см
confident_contradiction,0,fold_04,Продукты питания,103079221750,317827687348,0,0.969,0.971,увелка крупа перловая в пакетах для варки 5х80гр/5 шт,увелка / крупа перловая увелка в варочных пакетиках 80 г х 5 шт,"бренд:увелка; в пакетиках для варки:true; вес товара, г:400; время приготовления, мин:45; единиц в одном товаре:5; максимальная температура:25; минимальная температура:0; не содержит:искусственные добавки; особенности напитков, продуктов питания:натуральный продукт; содержит:натуральные ингредиенты;",валюта:rub; высота упаковки:6 см; длина упаковки:15 см; страна производства:россия; ширина упаковки:9 см
confident_contradiction,0,fold_04,Дом и сад,541166034112,146029030990,0,0.991,0.905,"матрёшка божья коровка , зелёное платье, 5 кукольная, 10-12 см","матрёшка божья коровка, зелёное платье, 5 кукольная, 10-12","артикул:3440247; бренд:нет бренда; вид выпуска товара:фабричное производство; высота, см:10; комплектация:изделие и упаковка; материал:дерево; страна-изготовитель:россия; тип:матрешка; цвет товара:разноцветный",валюта:rub; комплектация:1 шт; страна производства:россия
confident_contradiction,0,fold_02,Продукты питания,747324312755,506806182127,1,0.288,0.19,подарочный набор wowman crazy box голубая матча (тайский синий чай)/матэ/чай с бергамотом классический,wowman / набор чай голубая матча/улун дыня/те гуань инь,"бренд:wowman; вес товара, г:550; вид чая:цветочный; вкус/добавки:бергамот; единиц в одном товаре:3; максимальная температура:25; минимальная температура:0; не содержит:без гмо; особенности напитков, продуктов питания:натуральный продукт; свойства чая:бодрящий; сорт чая:матча; состав:голубая матча 50","валюта:rub; вес товара без упаковки (г):300 г; вид чая:зеленый; улун; черный; вкус:дыня,классический; высота упаковки:17 см; длина упаковки:16 см; комплектация:драже - 1 шт.; чай улун медовая дыня 100 гр - 1 шт.; чай улун те гуань инь 100 гр - 1 шт.; максимальная температура хранения:+25°с; минималь"
confident_contradiction,0,fold_03,Товары для животных,644245233619,730144547361,0,0.99,0.978,"пижон щётка - пуходёрка для среднешерстных животных, с каплями, 85 х 46 мм, черная","щётка - пуходёрка для среднешерстных животных, с каплями, 85 х 46 мм, черная, 1 шт.",тип:щетка-пуходерка; тип шерстного покрова:с обычной шерстью,артикул:488914; бренд:пижон; предназначено для:для собак; страна-изготовитель:россия; тип:щетка для животных; цвет товара:черный
confident_contradiction,0,fold_01,Детские товары,523986058624,549755876085,0,0.962,0.96,imtun / игрушка йо-йо трюковой металлический с подшипниками,игрушка йо-йо трюковой металлический с подшипниками,валюта:rub; комплектация:1 шт; материал изделия:металл; страна производства:китай; цвет:зеленый,бренд:нет бренда; максимальный возраст ребенка:до 18 лет; материал:металл; минимальный возраст ребенка:от 3 лет; пол ребенка:унисекс; страна-изготовитель:китай; тип:йо-йо; цвет товара:зеленый
confident_contradiction,0,fold_01,Электроника,420906817252,575525671365,0,0.946,0.991,"samsung смартфон galaxy s24 plus 12/256 гб, черный","смартфон samsung galaxy s24 plus 12/256 гб, dual: nano sim + esim, onyx black","беспроводные интерфейсы:bluetooth; бренд:samsung; бренд процессора:samsung; версия android:android 14; вес товара, г:196; восстановленный:false; встроенная память:256 гб; встроенные датчики:gps-трекер; гарантийный срок:гарантия производителя; диагональ экрана, дюймы:6.7; емкость аккумулятора, мач:49","аккумулятор:несъемный; аутентификация:разблокировка по лицу, сканер отпечатка пальца; беспроводные интерфейсы:bluetooth, nfc, wi-fi; версия:для других стран; версия ос на начало продаж:android 14; вес:197 г; вес в транспортной упаковке:0.38 кг; время в режиме воспроизведения видео:31 ч; встроенная п"
confident_contradiction,0,fold_04,Автотовары,292057924751,523986019316,0,1.0,0.997,miles ролик ремня грм mitsubishi galant/lancer/l200 2.0/2.4d -07 (ina 531019320) ag02016,ролик ремня грм mitsubishi galant/lancer/l200 2.0/2.4d -07 ag02016,артикул производителя:ag02016; бренд:miles; код товара:100053557080; примечание:внешний вид изделия может отличаться от фотографий; цена за:1 шт.,артикул:miles_ag02016; бренд:miles; вид техники:легковые автомобили; партномер (артикул производителя):ag02016; тип:запчасти автомобильные
confident_contradiction,0,fold_01,Хобби и творчество,103079308240,403727067895,0,0.903,0.92,"""ника"", доска знаний-мольберт ""растущий"" двусторонний (м2л), сиреневый",nika / мольберт детский напольный двухсторонний с меловой доской,бренд:nika; комплектация детского мольберта:магниты; максимальный возраст ребенка:до 7 лет; минимальный возраст ребенка:от 3 лет; особенности детского мольберта:зажим; поверхность детского мольберта:меловая; пол ребенка:унисекс; тип:мольберт детский,валюта:rub; вес с упаковкой (кг):6.9 кг; возрастные ограничения:3+; высота предмета:102 см; высота упаковки:8 см; длина упаковки:109 см; комплектация:набор для творчества; пенал для творческих принадлежностей; держатель для стакана-непроливайки; зажим для бумаги; материал изделия:металл; пластик; ст
confident_contradiction,0,fold_01,Хобби и творчество,214748466225,816043862227,0,0.923,0.91,умные игры настольная игра-ходилка «союзмультфильм. чебурашка»,"настольная игра-ходилка ""чебурашка. союзмультфильм. "" на блистере малая.","количество игроков:2-4; материал:картон, пластик; тип:настольная игра; тип игры:бродилка",бренд:умные игры; вид выпуска товара:фабричное производство; вид настольной игры:ролевая; максимальное число игроков:4; минимальное число игроков:2; тип:настольная игра; цвет товара:разноцветный; целевая аудитория:детская; целевая аудитория игры:для компании
confident_contradiction,0,fold_02,Детские товары,609885386629,506806141969,0,0.926,0.915,"не определен игрушка «обезьяна», работает от батареек, танцует, световые и звуковые эффекты","игрушка ""обезьяна"", работает от батареек, танцует, световые и звуковые эффекты",минимальный возраст:от 3 лет; питание:от батареек; функции:танцует,бренд:lisik.; максимальный возраст ребенка:до 18 лет; минимальный возраст ребенка:от 1 года; пол ребенка:унисекс; страна-изготовитель:китай; тип:игрушка электронная
confident_contradiction,0,fold_01,Продукты питания,403727026404,25769939398,0,0.983,0.946,"kortez / фигурный шоколад ангелочки, с рождеством набор, 50 г","фигурный шоколад ""ангелочки, с рождеством"" набор, 50 г","валюта:rub; вес товара без упаковки (г):52 г; вес товара с упаковкой (г):52 г; вид начинки:без начинки; вид шоколада:молочный; высота упаковки:2 см; длина упаковки:16 см; количество предметов в упаковке:1 шт; комплектация:фигурный шоколад ангелочки, с рождеством набор, 50 г 1 шт; максимальная темпер","бренд:kortez; вес товара, г:50; единиц в одном товаре:1; максимальная температура:25; минимальная температура:5; состав:состав: сахар, какао-масло, сухое цельное молоко, какао тертое, сухая молочная сыворотка, молочный жир, эмульгатор: соевые лецитин, ароматизатор: ванилин, эмульгатор: е476. маршмел"
confident_contradiction,0,fold_04,Дом и сад,137439072670,463856534733,0,0.996,0.971,"органайзеры-пентаур / короб стеллажный для хранения с крышкой ""страны"", 38х25х25см","короб стеллажный для хранения с крышкой ""страны"", 38х25х25 см",валюта:rub; высота упаковки:2 см; длина упаковки:25 см; ширина упаковки:39 см,"артикул:2556827; бренд:нет бренда; вид выпуска товара:фабричное производство; высота, см:25; длина, см:38; материал:флизелин; страна-изготовитель:китай; тип:коробка для хранения; ширина, см:25"
confident_contradiction,0,fold_01,Бытовая химия,188978656942,154618883458,0,0.905,0.934,ушастый нянь / гель для мытья посуды ушастый нянь 500мл,жидкость для мытья посуды ушастый нянь 500мл/ гель гипоаллергенный с первых дней жизни/ дой-пак,валюта:rub; вес с упаковкой (кг):0.54 кг; высота упаковки:7 см; длина упаковки:22 см; комплектация:средства для мытья посуды - 1 шт; состав:средства для мытья посуды; срок годности:365; ширина упаковки:7 см,"аромат:алоэ-вера; артикул:65489; бренд:ушастый нянь; вес товара, г:500; единиц в одном товаре:1; код тру:204132111.00100100100000000000; комплектация:1 дой-пак; название аромата:алое-вера;ромашка; назначение моющего, чистящего средства:для посуды; объем, мл:500; особенности применения:антибактериаль"
confident_contradiction,0,fold_03,Детские товары,34359785803,627065375766,0,0.911,0.933,"рамка-вкладыш ""лесные животные"", 1 шт.",крона / деревянная рамка-вкладыш лесные животные,"бренд:нет бренда; максимальный возраст ребенка:до 18 лет; минимальный возраст ребенка:от 3 лет; название цвета:цвет 131; пол ребенка:унисекс; развитие навыков:моторика; размер упаковки (длина х ширина х высота), см:26x20,5x0,6; страна-изготовитель:россия; тип:рамка-вкладыш для малышей; цвет товара:р",валюта:rub; комплектация:рамка-вкладыш - 1шт; страна производства:россия
confident_contradiction,0,fold_04,Продукты питания,541165998212,446676623438,0,0.983,0.912,"чай greenfield summer bouquet травяной (2г х 100шт), 200г","чайный напиток в пакетиках greenfield summer bouquet, 100 шт","бренд:greenfield; вес, г/мл:200; вид чая:травяной; вкус и добавки:гибискус; малина; шиповник; яблоко; высота упаковки, см:21.2; длина упаковки, см:8.1; количество штук в упаковке:1; особенности состава:ароматизированный; без гмо; размер листа:среднелистовой; рекомендуемая температура хранения, c:от ","бренд:greenfield; вес товара, г:200; вид чая:травяной; вкус/добавки:малина; единиц в одном товаре:1; максимальная температура:25; минимальная температура:5; состав:гибискус, измельченные плоды шиповника, яблоко сушенное, ароматизатор ""малина"" идентичный натуральному, измельченные ягоды малины.; срок"
confident_contradiction,0,fold_03,Спорт и отдых,249108117033,94952,0,0.921,0.972,shimano / кассета cs-hg201-9,звезда задняя shimano cs-hg201-9 кассета 9 ск 11-32,валюта:rub; количество скоростей:9 шт.,бренд:shimano; подходит к:горный; тип:звезда для велосипеда
confident_contradiction,0,fold_01,Электроника,180388683967,360777390594,0,0.919,0.931,origberry / дисплей для prestigio multipad pmt3087 3g,дисплей для планшета multipad pmt3087 3g,валюта:rub; высота упаковки:6 см; длина упаковки:30 см; модель:prestigio multipad pmt3087 3g; совместимость:prestigio multipad pmt3087 3g; страна производства:китай; ширина упаковки:20 см,"бренд:origberry; вес товара, г:200; вид запчасти ноутбука/планшета:матрица; гарантийный срок:1 год, до установки; диагональ экрана, дюймы:7; комплектация:дисплей - 1 шт., шлейф - 1 шт.; размеры, мм:164x97; страна-изготовитель:китай; технология матрицы:tn; тип:запчасть для планшета; цвет товара:черны"
confident_contradiction,0,fold_04,Товары для животных,541166013656,463856602759,1,0.134,0.06,"monge dog monoprotein mini корм для щенков мелких пород с ягненком и рисом 2,5 кг",monge / monge dog для собак ягненок 12 кг,"артикул:8009470011525; бренд:monge; вес товара, г:2500; ветеринарная диета:восстановление микрофлоры кишечника; вкус корма для животных:ягнёнок; возраст животного:для маленьких; единиц в одном товаре:1; минеральные вещества:витамин a (ретинола ацетат) 30 700 ме, витамин d3 1610 ме, витамин е (альфа-",валюта:rub; вес товара без упаковки (г):12000 г; вес товара с упаковкой (г):12000 г; вид вкуса корма:ягненок; вид животного:для собак; возраст животного:взрослые; пожилые; любой; высота упаковки:82 см; длина упаковки:38 см; класс корма:супер-премиум; количество предметов в упаковке:1; комплектация:1
confident_contradiction,0,fold_03,Бытовая химия,429496806737,231928305953,0,0.926,0.995,мелодия / освежители воздуха горный объем - 300 мл.,"освежитель воздуха аэрозольный 300 мл мелодия ""горный"", 601904",аромат освежителя:свежесть; валюта:rub; вид освежителя:аэрозоль; высота предмета:23.3 см; наличие батареек в комплекте:нет батареек; не требует питания; объем товара:300 мл; страна производства:россия; ширина предмета:5.2 см,"аромат:свежий; ароматизация:ручная; бренд:мелодия; вес товара, г:236; вид ароматизатора:аэрозоль; единиц в одном товаре:1; комплектация:освежитель воздуха мелодия ""горный""; название аромата:горный; объем, мл:300; размер упаковки (длина х ширина х высота), см:23.3x5.3x5.3; страна-изготовитель:россия;"
confident_contradiction,0,fold_01,Бытовая техника,747324428523,94489368732,0,0.912,0.914,хозтовары / чайник электрический,"kelli электрический чайник kl-1404, светло-розовый","валюта:rub; комплектация:1 чайник; материал корпуса:термостойкое стекло; модель:kl-1404; мощность устройства:2200 вт; объем чайника:1,7 л; системы безопасности:автовыключение; страна производства:китай; управление:механическое управление; цвет:розовый","бренд:kelli; комплектация:чайник 1 шт.
упаковка.; материал корпуса:пластик/стекло; мощность, вт:2200; настройка температуры:нет; объем, л:1.7; системы защиты:автоотключение; страна-изготовитель:китай; тип:электрический чайник; тип нагревательного элемента:дисковый; тип управления:механическое; управ"
confident_contradiction,0,fold_03,Детские товары,712964586224,360777362607,0,0.982,0.92,"микроскоп детский""юный ученый"" кратность х100, х400, х1200, подсветка, цвет жёлтый","без бренда микроскоп детский «юный ученый» кратность х100, х400, х1200, подсветка, цвет жёлтый",бренд:vil.ton; гарантийный срок:14; максимальный возраст ребенка:до 18 лет; минимальный возраст ребенка:от 3 лет; пол ребенка:унисекс; страна-изготовитель:китай; тип:подарочный набор игрушек,тип:микроскоп; увеличение:1200 крат
confident_contradiction,0,fold_01,Товары для животных,38255,790274094998,0,0.921,0.965,grandorf / корм для взрослых кошек 4 вида мяса с пробиотиком 2 кг,"grandorf cat 4 meat&recipe probiotic indoor 2кг грандорф сухой корм для кошек 4 мяса для взрослых кошек с нормальной активностью, чувствительным пищеварением или склонных к аллергии",валюта:rub; вес товара без упаковки (г):2000 г; вес товара с упаковкой (г):2050 г; вид вкуса корма:индейка; утка; кролик; вид животного:для кошек; возраст животного:взрослые; пожилые; высота упаковки:31 см; длина упаковки:20 см; класс корма:холистик; количество предметов в упаковке:1 шт.; комплектац,артикул:gd indoor pro 2 n; бренд:grandorf; вкус корма для животных:индейка; возраст животного:для взрослых; единиц в одном товаре:1; комплектация:корм для кошек 1 упаковка - 2кг; основной ингредиент:мясо; особенности:без гмо; особые потребности:при плохом аппетите; порода кошки:для любой породы; пре
confident_contradiction,0,fold_02,Товары для животных,747324430579,360777405764,0,0.916,0.926,сухой корм purina one природа здоровья с курицей повседневный для кошек 680 г,"сухой корм purinа one для взрослых кошек, природа здоровья, курица 680 г","вес:680.0 г; вид животного:кошки; возраст:взрослые (1-6 лет); класс ингредиентов:премиум; количество в упаковке:1 шт; назначение:повседневные; основной вкус:курица; особенности состава:без красителей, без ароматизаторов; примечание к составу:натуральные ингредиенты.; производитель:нестле россия ооо;","артикул:100034; бренд:нет бренда; возраст животного:для взрослых; единиц в одном товаре:1; предназначено для:для кошек; размер упаковки (длина х ширина х высота), см:27 см × 19 см × 8 см; срок годности в днях:365; страна-изготовитель:россия; тип:корм сухой; условия хранения:при температуре от +1`с д"
confident_contradiction,0,fold_01,Мебель,566935715933,171798846966,1,0.137,0.24,"монолит стол приставной полукруг ""монолит"", 1400х700х750 мм, без опор (640137), цвет бук бавари","монолит письменный стол, 150х30х120 см","артикул производителя:пм35.1; барный:нет; бренд:монолит; вес, кг:8; выдвижные ящики:нет; высота, см:2; глубина, см:70; для брифинга:да; код товара:100048079364; колесики:нет; компьютерный:нет; материал каркаса:лдсп; материал столешницы:лдсп; модель:пм35.1; необычный дизайн:нет; опора:нет; открытые п","артикул:ом640131; бренд:монолит; вид выпуска товара:фабричное производство; высота, см:120; глубина, см:30; материал столешницы:массив дерева; страна-изготовитель:россия; тип:письменный стол; форма поставки:в разобранном виде; ширина, см:150"
confident_contradiction,0,fold_02,Хобби и творчество,326417636330,214748483445,0,0.941,0.953,kangaeru / атласная. 50 мм х 100 +- 5 м. цвет голубой,"лента атласная, 50 мм х 100 +/- 5 м, цвет голубой",валюта:rub; комплектация:атласная. 50 мм х 100 +- 5 м. цвет голубой. 1 шт,"бренд:нет бренда; длина, м:100; количество в упаковке, шт:1; комплектация:лента атласная, 50 мм х 100 +- 5 м, цвет голубой - 1 штука; размеры, мм:155 х 100 х 50; состав ниток:полиэстер; страна-изготовитель:россия; тип:лента; цвет ниток:однотонный; цвет товара:голубой; ширина, см:5"
confident_contradiction,0,fold_04,Автотовары,841813614203,163208765625,0,0.956,0.995,шина 255/55r18 toyo proxes sport suv 109y,toyo proxes sport suv шины летние 255/55  r18 109y,высота профиля:55; диаметр:r18; индекс максимальной скорости:y (до 300 км/ч); индекс нагрузки:109; максимальная нагрузка (на одну шину):1030 кг; назначение:для легкового автомобиля; сезонность:летние; тип рисунка протектора:асимметричный; уцененный:да; ширина профиля:255,"runflat:нет; бренд:toyo; вид техники:легковые автомобили; высота профиля, %:55; диаметр, дюймы:18; индекс нагрузки:109; индекс скорости:y; конструкция покрышки:бескамерная; партномер (артикул производителя):ts01512; сезонность:лето; серия:proxes sport suv; тип:шины для внедорожника; ширина профиля, "
confident_contradiction,0,fold_03,Электроника,566935818488,730144511425,1,0.171,0.015,"international rectifier транзистор irlb3036 to-220, mosfet транзистор: n-ch, 60в, 270а","транзистор bta212-800b to-220, симистор, 800в, 12а",тип:микросхема,"бренд:нет бренда; вид активного компонента:транзисторы, транзисторные сборки и модули; количество в упаковке, шт:1; тип:активные компоненты; тип корпуса для электрокомпонентов:стандартный"
confident_contradiction,0,fold_02,Хобби и творчество,824633815332,369367287539,0,0.967,0.981,"не определен проволока с ворсом для поделок и декора набор 50 шт, размер 1 шт. 30 × 0,6 см, цвет зелёный неон","проволока с ворсом для поделок и декора набор 50 штук, размер 1 шт. 30 х 0,6см, цвет зелёный неон",тип:набор декоративных элементов,"бренд:noname; длина, м:0.3; длина, см:30; единиц в одном товаре:1; количество в упаковке, шт:50; материал:текстиль; минимальный возраст ребенка:от 3 лет; страна-изготовитель:китай; тип:проволока для рукоделия; толщина, мм:6; цвет товара:зеленый"
confident_contradiction,0,fold_02,Детские товары,103079264580,841813696395,0,0.907,0.957,"трактор инерционный ""фермер"", с прицепом","автоград трактор инерционный «фермер», с прицепом","бренд:автоград; высота игрушки, см:1; максимальный возраст ребенка:до 18 лет; минимальный возраст ребенка:от 1 года; пол ребенка:унисекс; страна-изготовитель:китай; тип:игрушка-каталка",артикул производителя:р00000630; бренд:автоград; вид:сельскохозяйственный транспорт; возрастное ограничение:3+; инерционность:да; код товара:100042999686; количество машинок:1; материал:пластик; набор:нет; работает от электропитания:нет; тип:трактор; трансформер:нет; цвет:зеленый; серый
confident_contradiction,0,fold_02,Спорт и отдых,257698068617,94489293868,1,0.29,0.268,"защита груди boybo размер s, цвет белый","boybo / защита груди boybo размер m, цвет белый","бренд:нет бренда; высота товара в упаковке, мм:60; длина товара в упаковке, мм:210; материал:эластан; страна-изготовитель:пакистан; тип:защита корпуса; цвет товара:белый; целевая аудитория:взрослая",валюта:rub; комплектация:уточните у продавца; страна производства:россия
confident_contradiction,0,fold_03,Детские товары,601295528971,807453958453,0,0.944,0.932,"конструктор магнитный, 62 детали","конструктор магнитный, 62 детали",валюта:rub; вес с упаковкой (кг):0.37 кг; высота упаковки:18 см; длина упаковки:25 см; материал изделия:магнит; страна производства:китай; ширина упаковки:4 см,"бренд:нет бренда; количество элементов, шт:62; максимальный возраст ребенка:до 10 лет; материал:магнит; минимальный возраст ребенка:от 3 лет; пол ребенка:унисекс; страна-изготовитель:китай; тематика конструкторов:фантазия без границ; тип:конструктор магнитный"
confident_contradiction,0,fold_01,Бытовая химия,154618844859,541165975417,1,0.198,0.047,средство для мытья пола synergetic цитрусовая свежесть 750мл,"гель для мытья посуды synergetic апельсин, биоразлагаемый 0,5л","назначение:для полов; объем:0.75; отдушка:цитрус; производитель:синергетик; состав:подготовленная вода ˃ 30%, цитрат натрия 5-15%, комплекс растительных н-тензидов ˂ 5%, комплекс растительных к-тензидов ˂ 5%, комплекс растительных н- тензидов (на основе глюкозы) ˂ 5%, зеленый хелат glda ˂ 5%, парфюм","аромат:апельсин; артикул:4623722258311; бренд:synergetic; вес товара, г:550; единиц в одном товаре:1; количество в упаковке, шт:1; комплектация:1 шт; назначение моющего, чистящего средства:для посуды; объем, мл:500; особенности применения:экосредство; размер упаковки (длина х ширина х высота), см:29"
confident_contradiction,0,fold_04,Музыкальные инструменты,549755814012,206158581272,0,0.966,0.915,укулеле сопрано cascha hh-3964 linden series,"poni linden series укулеле сопрано, с чехлом, желтый, cascha hh-3964","бренд:cascha; гарантийный срок:1 год; количество струн:4; материал грифа:липа; материал корпуса/верхней деки:липа; мензура, мм:345; страна-изготовитель:германия; тип:укулеле; цвет товара:желтый",материал верхней деки:липа; материал грифа:липа; материал нижней деки и обечайки:липа; материал струн:нейлон; мензура:345 мм; наличие звукоснимателя:без звукоснимателя; отделка:матовая; размер:сопрано; тип:укулеле; тип колков:открытые; цвет товара:желтый
confident_contradiction,0,fold_02,Музыкальные инструменты,317827726977,481036347250,0,0.969,0.947,veston gsa027 держатель настенный на эконом панель для гитары,veston / держатель настенный на эконом панель для гитары veston gs027 / цвет: чёрный,бренд:veston; тип:аксессуар для струнных; цвет товара:черный,валюта:rub; высота упаковки:16 см; длина упаковки:8 см; комплектация:держатель настенный; назначение стойки:держатель настенный; страна производства:китай; цвет:черный; ширина упаковки:11 см
confident_contradiction,0,fold_04,Бытовая химия,274878005581,128849098289,0,0.936,0.928,"автоматический освежитель воздуха air wick нежность шелка и лилии, 250мл",освежитель воздуха air wick freshmatic нежный шелк и лилия автоматический 250 мл,бренд:airwick; страна-изготовитель:россия; тип:освежитель воздуха; целевая аудитория:взрослая,"аромат:цветочный; вид упаковки:коробка; назначение:для ванной комнаты и туалета, для жилых помещений; объем:250.0 мл; особенности:автоматическое распыление; производитель:reckitt benckiser group plc; размер:250 мл; страна:россия; тип средства:освежитель воздуха; форма выпуска:спрей; штук в упаковке:"
confident_contradiction,0,fold_04,Бытовая техника,532576076856,816043924296,0,0.92,0.955,электрическая зубная щетка oral-b io series 10 stardust white белая,oral-b / электрическая зубная щетка io 10 stardust white,бренд:oral-b; вид щетки:механическая; возрастные ограничения:от 7 лет; датчики:датчик нажима на зуб; количество насадок:1; назначение:глубокая чистка; способ зарядки:от док-станции; таймер:таймер завершения чистки; тип:электрическая зубная щетка; тип аккумулятора:li-ion; тип движений:возвратно-враща,беспроводные интерфейсы:bluetooth; валюта:rub; возрастные ограничения:3+; время зарядки аккумулятора:180 мин; время работы от аккумулятора:48 мин; высота предмета:24 см; высота упаковки:18 см; гарантийный срок:1 год; глубина предмета:2.7 см; длина упаковки:10 см; доп. опции электрической зубной щетк
confident_contradiction,0,fold_01,Продукты питания,506806145923,455266537045,0,0.971,0.998,"миндаль в карамели metro chef, 150 г","metro chef миндаль в карамели, 150г","бренд:metro chef; вес товара, г:150; вид орехов:миндаль; единиц в одном товаре:1; максимальная температура:25; минимальная температура:0; не содержит:без гмо; состав:ядра орехов миндаля; срок годности в днях:365; страна-изготовитель:россия; тип:орехи; упаковка:флоу пак; условия хранения:в сухом мест","белки, г:15; бренд:metro chef; вес, г/мл:150; вид орехов:миндаль; высота упаковки, см:18; жиры, г:38; количество штук в упаковке:1; обработка:жареные; особенности:очищенные; особенности состава:без гмо; рекомендуемая температура хранения, c:от 0 до +25; состав:ядра орехов миндаля.; страна-производит"
confident_contradiction,0,fold_02,Бытовая техника,652835121185,240518229017,0,0.966,0.961,кулер sonnen fse-03bi 455744,"напольный кулер для воды sonnen fse-03bi нагрев/охлаждение, нижняя загрузка, 3 крана, графит 455744","бренд:sonnen; гарантийный срок:1 год; емкость резервуара горячей воды, л:0.8; емкость резервуара холодной воды, л:0.4; загрузка бутылки:снизу; количество краников:3; макс. температура нагрева воды, °с:95; материал корпуса:металл; мощность нагрева, вт:500; мощность охлаждения, вт:70; партномер:fse-03","бутыль в комплекте:нет; вес нетто:7.2 кг; вес, кг:8,48; высота:970 мм; высота, мм:1005; габариты без упаковки:970х300х290 мм; глубина:290 мм; детский:нет; дисплей:нет; длина, мм:330; единица товара:штука; емкость бака для горячей воды:0.8 л; емкость бака для холодной воды:0.4 л; защита от детей:нет;"
confident_contradiction,0,fold_02,Хобби и творчество,652835076600,455266544681,0,0.911,0.91,"не определен микроскоп с проектором наука, кратность увеличения 50-1200х, с подсветкой,","микроскоп с проектором, кратность увеличения 50-1200х, с подсветкой,",бренд:китай; минимальный возраст:от 8 лет,бренд:нет бренда; максимальный возраст ребенка:до 18 лет; минимальный возраст ребенка:от 8 лет; название цвета:разноцветный; пол ребенка:унисекс; страна-изготовитель:китай; тип:микроскоп детский; цвет товара:разноцветный
confident_contradiction,0,fold_04,Спорт и отдых,850403659883,274878022305,0,0.905,0.942,"коврик для йоги fm-101, pvc, 173x61x0,6 см, фиолетовый","без бренда коврик для йоги 173 х 61 х 0,6 см, цвет фиолетовый 3098553",бренд:starfit; тип:коврик для йоги и фитнеса,длина:173 см; материал:пвх; особенности:нескользящий; тип:коврик; толщина:0.6 см; цвет товара:фиолетовый; ширина:61 см
confident_contradiction,0,fold_04,Хобби и творчество,8590055213,850403560960,0,0.927,0.977,"звезда / сборная модель машина тбмп т-15 ""армата"" военная техника",сборная модель российская тяжелая боевая машина пехоты тбмп т-15 армата,валюта:rub; высота упаковки:31 см; длина готовой модели:13.6 см; длина упаковки:9 см; количество элементов:145; комплектация:сборная 3d модель; масштаб:1 : 72; материал изделия:пластик; страна производства:россия; ширина упаковки:49 см; эффекты:движение,"бренд:sembo block; вид техники:военная; длина модели, см:13.6; количество элементов, шт:145; комплектация:без клея в комплекте; масштаб модели для сборки:1/72; материал:abs пластик; минимальный возраст ребенка:от 7 лет; нация:россия/ссср; страна-изготовитель:россия; тип:сборная модель военной техник"
confident_contradiction,0,fold_03,Электроника,652835090471,231928263814,1,0.271,0.188,"apple смартфон iphone 15 plus dual sim 6/256 гб, черный","смартфон apple iphone 15 256 гб, dual nano sim, черный","аутентификация:распознавание лица; беспроводные интерфейсы:bluetooth; бренд:apple; бренд графического процессора:apple; бренд процессора:apple; версия ios:ios 17; вес товара, г:203; восстановленный:false; время работы в режиме разговора, ч:90; встроенная память:256 гб; встроенные датчики:акселеромет","аккумулятор:несъемный; аутентификация:разблокировка по лицу; беспроводные интерфейсы:bluetooth, nfc, wi-fi; версия:для других стран; версия ос на начало продаж:ios 17; вес:171 г; вес в транспортной упаковке:0.4 кг; видеосъемка (основная камера):4k с частотой 24, 25, 30 или 60 кадров/﻿с; hd-видео 108"
confident_contradiction,0,fold_02,Спорт и отдых,515396111699,489626304200,0,0.935,1.0,"бассейн надувной квадратный с навесом, intex 57470np 157х157х122см","бассейн надувной детский «домик», 157 х 157 х 122 см, с навесом, 57470np intex","бренд:intex; вид бассейна:надувной; длина, см:157.0; материал:винил; объем бассейна, л:280.0; страна-изготовитель:китай; тип:бассейн; установка бассейна:наземный; форма бассейна:квадрат; цвет товара:белый; целевая аудитория:детская; ширина, см:157.0",в комплекте:навес от солнца; вес в транспортной упаковке:3.72 кг; габариты транспортной упаковки:30.50х10.50х35.50 см; глубина:122 см; длина:157 см; конструкция:надувной; объём:280 л; тип:детский бассейн; форма:квадратный; ширина:157 см
confident_contradiction,0,fold_02,Спорт и отдых,532576020778,111669213490,0,0.953,0.933,"now foods / глицин now, 1000мг, 100 вег.капсул",now глицин glycine 1000 mg 100 капсул. повышает работоспособность. улучшает сон. снижает тревожность.,"валюта:rub; количество капсул/таблеток:100 шт.; противопоказания:периоды беременности и лактации; детский возраст; свидетельство о регистрации сгр:ru.77.99.11.003.r.001249.04.22; состав:глицин, оболочка капсулы (гипромеллоза); гидроксипропилцеллюлоза (е463, наполнитель),; оболочка капсулы (гипромелл","бренд:now; вес, г:160; вид продукта:бад; вкусовой акцент (вкус):нейтральный; единиц в одном товаре:1; количество порций:100; количество упаковок, шт:1; не содержит:без гмо; пол:мальчики; преимущества:проявляет косвенное антигипоксическое действие, снижает оксидативный стресс и уменьшает его поврежда"
confident_contradiction,0,fold_04,Бытовая техника,206158447706,747324352556,0,0.934,0.943,анод магниевый 230d22+10m5,"итатэн анод ""итатэн"" 230d22+10m5, магниевый, d=22 мм, l=230 мм","бренд:нет бренда; вид запчасти:магниевый анод; комплектация:анод магниевый 230d22+10m5; размеры, мм:230; страна-изготовитель:россия; тип:запчасть для водонагревателя",вес:0.165 кг; диаметр:22 мм; длина:230 мм; материал:магний
confident_contradiction,0,fold_02,Хобби и творчество,472446527374,201,0,0.926,0.926,"школа талантов набор для творчества: гравюра и раскраска объёмная из пластика ""милый мишка""","набор для творчества: гравюра и раскраска объёмная из пластика ""милый мишка"",",в комплекте:без комплектующих; коллекция:животные и птицы; основа:цветная; размеры:дхш 25х19 cм; с голографическим эффектом:да; тип:гравюра,бренд:нет бренда; тип:набор для создания гравюры
confident_contradiction,0,fold_04,Аптека,188978593521,532576087791,0,0.912,0.973,"индапамид+периндоприл, таблетки, 0,625 мг + 2 мг, 30 шт.","периндоприл плюс индапамид таблетки п/о плен. 0,625мг+2мг 30шт","бренд:озон фармацевтика; взаимодействие с другими препаратами:при одновременном применении гкс, тетракозактида для системного применения уменьшается гипотензивный эффект вследствие задержки воды и ионов натрия под влиянием гкс.<br> при одновременном применении с ингибиторами апф повышается риск разв","дата регистрации:04.06.2014; действующее вещество (мнн):индапамид+периндоприл; побочные действия:классификация частоты развития побочных эффектов (воз): очень часто (более 1/10). часто (от более 1/100 до менее 1/10), нечасто (от более 1/1000 до менее 1/100), редко (от более 1/10 000 до менее 1/1000)"
confident_contradiction,0,fold_03,Электроника,171798790150,438086724939,1,0.095,0.009,mcover / чехол на realme gt master edition с принтом абстракция,"силиконовый чехол mcover для galaxy s20 fe (галакси с20фе), гравюра 2",валюта:rub; вес товара с упаковкой (г):50 г; высота предмета:16.05 см; высота упаковки:25 см; декоративные элементы:с рисунком; длина упаковки:2 см; комплектация:чехол - 1 шт; материал изделия:силикон; особенности чехла:силиконовый; противоударный; однотонный; совместимость:realme gt master edition;,"бренд:mcover; вес товара, г:25; вид чехла:накладка; внешние размеры, мм:161,8x76,5; застежка:без застежки; код продавца:200045-002r615; комплектация:чехол для смартфона galaxy s20 fe - 1 шт; макс. диагональ экрана, дюймы:6.5; материал:силикон; мин. диагональ, дюймы:6.5; название цвета:гравюра 2; осо"
confident_contradiction,0,fold_02,Бытовая химия,240518216325,764504191644,0,0.946,0.958,"пятновыводитель dr.beckmann ржавчина и дезодорант, 50 мл",dr.beckmann / др.бекманн эксперт пятновыводитель ржавчина дезодорант 50мл,"артикул:658623; бренд:dr.beckmann; вес товара, г:150; объем, мл:50; страна-изготовитель:германия; тип:пятновыводитель",валюта:rub; высота упаковки:13 см; длина упаковки:5 см; комплектация:др.бекманн эксперт пятновыводитель от ржавчина и дезодорант 50мл; страна производства:германия; ширина упаковки:2 см; эффект средства:удаление пятен; деликатное очищение; отбеливание
confident_contradiction,0,fold_03,Бытовая химия,790274093111,532576042338,0,0.91,0.986,"pigeon corporation / кондиционер для белья 200 мл, flower festival","кондиционер-антистатик для белья pigeon ""spray flower festival"", 200 мл","валюта:rub; высота упаковки:10 см; длина упаковки:20 см; комплектация:кондиционер для белья 200 мл, flower festival, spray; объем товара:200 мл; состав:methyl triethanolamine ammonium methyl sulfate dialkyl ester, dodecan-1-ol, ethoxylated, glycerine,; secret information, water; страна производства:","аромат:фруктовый; артикул:kr-20742-1-partonekr110; бренд:pigeon corporation; единиц в одном товаре:1; комплектация:кондиционер-антистатик для белья, 200 мл, 1 штука.; название аромата:flower festival; назначение средства для стирки:для белых тканей; объем, мл:200; особенности применения:антистатичес"
confident_contradiction,0,fold_03,Бытовая техника,790274120386,257698108779,1,0.214,0.002,микроволновая печь beko mgf23330w white,ctv / монитор видеодомофона белый ctv-m1701s,"бренд:beko; вес, кг:8; внутреннее покрытие микроволновой печи:эмалевое; высота, см:29.2; гарантийный срок:12 месяцев; глубина, см:41; диаметр поворотного стола, см:27; комплектация:микроволновая печь; макс. мощность гриля, вт:1000; макс. мощность свч, вт:800; направление открывания дверцы:навесная с","валюта:rub; вес с упаковкой (кг):0.4 кг; высота предмета:11.7 см; гарантийный срок:1 год; глубина предмета:1.8 см; диагональ экрана:7""; комплектация:монитор видеодомофона ctv-m1701s; инструкция на русском языке; гарантийный талон; модель:ctv-m1701s w; питание:от сети; разрешение экрана:800х480; стра"
confident_contradiction,0,fold_01,Музыкальные инструменты,17179982736,197568637248,1,0.151,0.173,скрипка студенческая strunal 29wa-3/4,hans klein va-20 - альт струнный 16,бренд:strunal; вид струнного инструмента:скрипка; тип:струнный инструмент; цвет товара:темно-коричневый,бренд:hans klein; код товара:100042431983
confident_contradiction,0,fold_02,Канцелярские товары,257698149137,266288049996,0,0.921,0.958,"штамп самонаборный trodat ideal 4911/db 38x14мм, 3 строки","4911/db typo ideal самонаборный,3 строки, 38х14мм, 1 касса, черный, синий",артикул производителя:255628; бренд:trodat; код товара:100058744669,бренд:trodat; вид датера/штампа:самонаборный; вид оснастки:автоматическая; материал:пластик; название цвета:черный; особенности штемпельной продукции:автоматическое окрашивание; страна-изготовитель:китай; тип:штамп; цвет товара:черный
confident_contradiction,0,fold_01,Товары для животных,326417650801,833223788938,0,0.914,0.924,"не определен ошейник кошачий с пряжкой в форме кошки, ширина 1 см, розовый","ошейник кошачий с пряжкой в форме кошки, ширина 1 см, розовый",бренд:россия; тип:ошейник,бренд:пижон; предназначено для:для кошек; тип:ошейник
confident_contradiction,0,fold_01,Красота и гигиена,25769957206,300647828572,0,0.911,0.932,"schwarzkopf professional bonacure moisture kick кондиционер смываемый для сухих, нормальных и вьющихся волос, 200 мл",schwarzkopf professional / кондиционер moisture kick bonacure 200мл,"бренд:schwarzkopf professional; вес, г:200; единиц в одном товаре:1; объем, мл:200; пол:женский; состав:aqua (water, eau), pvp, dimethicone, glycerin, dicaprylyl carbonate, phenyl trimethicone, octyldodecyl stearate, phenoxyethanol, sodium acrylate/sodium acryloyldimethyl taurate copolymer, peg-40 h",валюта:rub; страна производства:германия
confident_contradiction,0,fold_01,Продукты питания,17179873294,627065311359,0,0.943,0.959,"компот фрутоняня из яблок, изюма и кураги, c 6 месяцев, 0.2 л, 18 уп.","компот фрутоняня из яблок, кураги и изюма с 6 месяцев 0,2 л 18 шт","вкус:изюм, сухофрукты, яблоко; дополнительная информация:объемная доля сока — не менее 70%; компоненты:фруктовый; минимальный возраст:6 месяцев; не содержит:сахар; объем упаковки:0.2 л; состав:сок из яблок, экстракт из изюма и кураги, вода питьевая специально подготовленная; срок годности:365 дн.; т","бренд:фрутоняня; вкус (соки, нектары и морсы):изюм; единиц в одном товаре:18; максимальная температура:25; минимальная температура:0; не содержит:искусственные добавки; особенности напитков, продуктов питания:натуральный продукт; содержит:натуральные ингредиенты; состав:фрукты: экстаркт изюма, экста"
confident_contradiction,0,fold_04,Спорт и отдых,850403533398,139627,0,0.926,0.975,"воблер tsuyoki adept 110 sp 11см. 13,3гр. hu",воблер tsuyoki adept 110sp hu,вес:13.3 г; вид:минноу; длина:110 мм; особенности:с лопастью; плавучесть:суспендер; тип:воблер; цвет товара:hu,"бренд:tsuyoki; вес, г:13.3; длина, см:11; единиц в одном товаре:1; кол-во в комплекте, шт:1; количество упаковок, шт:1; комплектация:с крючками; макс. заглубление, м:0.6; мин. заглубление, м:0.3; название цвета:hu; плавучесть:нейтральный (suspending); тип:воблер"
confident_contradiction,0,fold_02,Продукты питания,592705574110,25769897529,1,0.233,0.299,"добропаровъ набор из трав и специй для приготовления настойки ""кофейный ликёр"", добропаровъ, 20 гр","набор из трав и специй для приготовления настойки ""черешневая"", добропаровъ, 20 гр","бренд:добропаровъ; вес:20 г; вид специи / пряности:бадьян, ванилин, гвоздика, корица; набор:да; назначение:для выпечки, для настоек; тип:специи; упаковка:пакет","бренд:добропаровъ; вес товара, г:85; единиц в одном товаре:1; максимальная температура:25; минимальная температура:15; не содержит:без гмо; состав:см. на упаковке; срок годности в днях:365; страна-изготовитель:россия; тип:набор для приготовления настойки; условия хранения:в сухом и прохладном месте"
confident_contradiction,0,fold_03,Детские товары,369367316287,463856505052,0,0.967,0.958,"набор бамбуковой посуды единорог , тарелка, миска, стакан, приборы, 5 предметов","крошка я набор бамбуковой посуды ""единорог"", тарелка, миска, стакан, приборы, 5 предметов",бренд:нет бренда; пол:девочки; пол ребенка:девочка; страна-изготовитель:китай; тип:набор детской посуды; цвет товара:розовый,материал:бамбуковое волокно; минимальный возраст:5 мес.; особенности:можно мыть в посудомоечной машине; тип:комплект посуды; цвет товара:розовый
confident_contradiction,0,fold_01,Строительство и ремонт,601295562323,146029049108,1,0.184,0.291,"iek / трансформатор тока тти-60 600/5а 10ва класс 0,5s и (10шт)","трансформатор тока тти-60 1000/5а 10ва 0,5s iek",валюта:rub,"бренд:iek; выходное напряжение:220в; гарантия:5 лет; единиц в одном товаре:1; класс защиты:ip20; комплектация:трансформатор тока - 1 шт.; партномер:itt40-3-10-1000; рабочее напряжение, в:660; страна-изготовитель:китай; тип:трансформатор; цвет товара:серый"
confident_contradiction,0,fold_04,Хобби и творчество,111669155267,609885379206,0,0.986,0.952,"palma.store творчество / набор для опытов ""попрыгунчики"", 2 формы, 4 цвета","набор для опытов ""попрыгунчики"", 2 формы, 4 цвета",валюта:rub; возрастные ограничения:от 3 лет; высота упаковки:10 см; длина упаковки:10 см; тренируемые навыки:воображение; внимание; мышление; ширина упаковки:4 см,бренд:нет бренда; возраст ребенка:от 3 лет; возрастные ограничения:от 3 лет; минимальный возраст ребенка:от 3 лет; тип:набор для опытов; цвет товара:разноцветный
confident_contradiction,0,fold_03,Детские товары,730144539112,68719479974,0,0.975,0.997,"автоград джип радиоуправляемый «бигфут», 1:20, работает от аккумулятора, цвет чёрно-красный","джип радиоуправляемый бигфут, 1:20, работает от аккумулятора, цвет чёрно-красный","возраст:от 4 лет; время зарядки:80 мин.; время работы:30 мин.; дальность управления:30 м; максимальная скорость:10 км/ч; масштаб:1:20; материал:металл, пластик; особенности:пульт ду в комплекте; тип:внедорожник; тип питания:от аккумулятора; тип питания пульта управления:батарейки; цвет товара:красны","бренд:автоград; вид транспорта:наборы машинок; время работы, мин:30; количество батареек:2; максимальная скорость, км/ч:10; максимальный возраст ребенка:до 18 лет; масштаб радиоуправляемой игрушки:1/20; минимальный возраст ребенка:от 4 лет; питание пульта:сменная батарея; питание радиоуправляемой мо"
confident_contradiction,0,fold_01,Товары для животных,326417559688,309237748230,0,0.963,0.922,"monge dog bwild grain free беззерновой корм из лосося для взрослых собак всех пород, 12 кг",monge / monge dog bwild grain free для взрослых собак из лосося 12кг,"артикул:70012119; бренд:monge; вес товара, г:12000; вкус корма для животных:лосось; возраст животного:для взрослых; единиц в одном товаре:1; комплектация:корм 12кг; основной ингредиент:рыба; особенности:без гмо; особые потребности:уход за кожей и шерстью; порода собаки:для любой породы; предназначен",валюта:rub; вес товара без упаковки (г):12000 г; вес товара с упаковкой (г):12000 г; вид вкуса корма:лосось; вид животного:для собак; возраст животного:взрослые; пожилые; высота упаковки:50 см; длина упаковки:35 см; класс корма:холистик; премиум; супер-премиум; количество предметов в упаковке:1 шт; 
confident_contradiction,0,fold_04,Строительство и ремонт,240518315928,833223775725,0,0.927,0.964,"arlight светильник mag-flat-45-l1005-30w warm3000 (wh, 100 deg, 24v) (arlight, ip20 металл, 3 года)",трековый светодиодный светильник для магнитного шинопровода arlight mag-flat-45-l1005-30w warm3000 026962,вес в транспортной упаковке:1.18 кг; габариты транспортной упаковки:101х5х4.20 см; мощность:30 ватт; напряжение:24 в; степень пылевлагозащиты:ip20; тип:светильник; форма:прямоугольная; цвет свечения:теплый белый,"бренд:arlight; вид ламп:светодиодная; высота, мм:43; гарантия:3 года; длина, мм:1004; единиц в одном товаре:1; макс. мощность ламп, вт:30; световой поток, лм:2631; степень защиты:ip20; страна-изготовитель:китай; температура света, к:3000; тип:трековый светильник; ширина, мм:35"
confident_contradiction,0,fold_03,Детские товары,678604915359,781684118229,0,0.98,0.947,"конструктор магнитный ""магический магнит"", 55 деталей","nobrand конструктор магнитный «магический магнит», 55 деталей",бренд:нет бренда; максимальный возраст ребенка:до 18 лет; минимальный возраст ребенка:от 3 лет; пол ребенка:унисекс; срок годности в днях:365; страна-изготовитель:китай; тип:конструктор магнитный,артикул производителя:4378624; бренд:nobrand; код товара:100045833088
confident_contradiction,0,fold_01,Красота и гигиена,558345863571,223338350485,0,0.915,0.908,svr topialyse гель очищающий для лица и тела 200 мл,svr топиализ гель очищающий 200 мл,валюта:rub; вес товара без упаковки (г):200 г; высота упаковки:18 см; действие:для очищения и защиты кожи; длина упаковки:6 см; комплектация:1; объем товара:200 мл; срок годности:36 месяцев; страна производства:франция; тип кожи:для сухой и чувствительной; для всех типов кожи; ширина упаковки:5 см,"бренд:svr; вес, г:200; возрастной диапазон:для любого возраста; область использования:лицо; объем, мл:200; пол:женский; состав:aqua/water/eau, sodium c14-16 olefin sulfonate, coco-glucoside, coco-betaine, glycerin, parfum (fragrance), citric acid, sodium benzoate, potassium sorbate, sodium phytate.;"
confident_contradiction,0,fold_02,Спорт и отдых,764504323947,592705557277,0,0.931,0.957,tsuyoki / воблер tsuyoki hard 90sp 259,воблер tsuyoki hard 90sp 259,валюта:rub; длина предмета:9 см; плавучесть:суспендеры (suspending),"бренд:tsuyoki; вес, г:10.5; вид воблера:минноу (minnow); вид ловли воблером:спиннинг; длина, см:9; единиц в одном товаре:1; кол-во в комплекте, шт:1; количество упаковок, шт:1; комплектация:воблер - 1 шт.; макс. заглубление, м:1; мин. заглубление, м:0; название цвета:259; страна-изготовитель:китай; "
confident_contradiction,0,fold_02,Бытовая техника,274878031674,386547201486,0,0.985,0.983,"akel / мини-печь akel af-730, 1300 вт, 36 л, черная","akel мини-печь 4680009640542, черный",валюта:rub; вес с упаковкой (кг):8.56 кг; высота предмета:32.5 см; гарантийный срок:12 месяцев; глубина предмета:45 см; дверца:откидная; количество режимов работы:3; комплектация:мини-печь - 1 шт; противень - 2 шт; решётка - 1 шт; упаковка - 1 шт; модель:af-730; мощность устройства:1300 вт; направле,"бренд:akel; внутреннее покрытие:металл; гарантийный срок:1 год; количество режимов работы:3; комплектация:мини-печь;решетка;прямоугольный противень;круглый противень;документация; макс. температура, °с:320; объем духовки, л:36; партномер:af-730; потребляемая мощность, вт:1300; размеры, мм:390х580х46"
confident_contradiction,0,fold_04,Музыкальные инструменты,798864003315,146028978741,1,0.233,0.184,скрипка ars music 024a размер 1/2,скрипка hora skr100-1/4 студенческая в футляре с смычком,бренд:akord kvint; вид струнного инструмента:скрипка; страна-изготовитель:чехия; тип:струнный инструмент,"инструмент:скрипка; комплектация:кейс, смычок; размер:1/4; тип:музыкальный инструмент"
confident_contradiction,0,fold_01,Детские товары,146028935746,609885470285,0,0.921,0.944,"электронный обучающий плакат zabiaka ""умная азбука"", работает от батареек, для детей","zabiaka / обучающий плакат умная азбука, работает от батареек","бренд:zabiaka; вид детской игры:обучающий плакат; возрастной диапазон:от 3 до 5 лет; количество элементов, шт:1; максимальное число игроков:1; максимальный возраст ребенка:до 6 лет; материал:пластик; минимальное число игроков:1; минимальный возраст ребенка:от 3 лет; пол ребенка:унисекс; развитие нав",валюта:rub; возрастные ограничения:от 3 лет; комплектация:товар в фабричной упаковке; особенности игрушки:звуковые эффекты; питание:от батареек; страна производства:китай; типоразмер элемента питания:aaa (lr03); тренируемые навыки:слуховое восприятие; память; мышление; эффекты:звуковые эффекты
confident_contradiction,0,fold_02,Бытовая техника,592705529322,377957194300,0,0.951,0.965,электрическая плитка злата-214т,настольная электрическая плитка злата 214т,бренд:злата; тип:настольная плита,"бренд:злата; вес, в кг:3,2; возможность установки как встроенной варочной поверхности:нет; высота, в см:8; глубина, в см:30; диаметр конфорок:145 мм; дисплей:нет; длина сетевого шнура, в метрах:1; дополнительные функции:отсутствуют; индикация:включения; код товара:100000569824; количество индукционн"
confident_contradiction,0,fold_03,Красота и гигиена,197568617812,188978584760,0,0.959,0.959,"пилка-наждак, абразивность 180/240, 18 см, цвет серый","без бренда пилка-наждак, абразивность 180/240, 18 см, цвет серый","бренд:нет бренда; зернистость, грит:180/240; основной материал:целлюлоза; страна-изготовитель:китай; тип:пилка для маникюра; упаковка:пакет; цвет товара:серый","длина:18 см; степень абразивности:180 грит, 240 грит; тип:пилка; тип ногтей:любые; цвет товара:серый"
confident_contradiction,0,fold_01,Бытовая техника,85899426027,17179943977,0,0.932,0.942,"oursson ek1732w, электрочайник, темная вишня",электрочайник oursson ek1732w/dc красный,"бренд:oursson; вес товара, г:1180; гарантийный срок:12; конструкция чайника:вращение подставки на 360°; материал корпуса:пластик/стекло; мощность, вт:2200; настройка температуры:нет; объем, л:1.7; партномер:ek1732w/dc; подсветка:нет; размеры, мм:153x245x222; системы защиты:автоотключение; страна-изг",гарантия продавца / производителя:12 мес.; модель:oursson ek1732w/dc; страна-производитель:китай; тип:электрочайник
confident_contradiction,0,fold_02,Хобби и творчество,541165915511,738734518339,0,0.923,0.937,"остров сокровищ наклейки из eva ""ферма"" (набор 12 шт) ассорти",1 набор наклейки из eva  ферма  (набор 12 шт) ассорти,материал:eva,бренд:bigmarket; возраст ребенка:от 2 лет; минимальный возраст ребенка:от 2 лет; пол ребенка:унисекс; тип:набор наклеек
confident_contradiction,0,fold_03,Товары для животных,77309413102,541165950745,1,0.083,0.196,sirius / сухой корм для стерилизованных кошек курица и индейка 10 кг,"sirius полнорационный сухой premium корм для котят, с мясом индейки, 1.5 кг",валюта:rub; вес товара без упаковки (г):10000 г; вес товара с упаковкой (г):10150 г; вид вкуса корма:птица; вид животного:для кошек; возраст животного:взрослые; пожилые; высота упаковки:20 см; длина упаковки:40 см; класс корма:премиум; количество предметов в упаковке:1 шт.; комплектация:1 пакет 10кг,"артикул:индейкакурицастерил1,5; бренд:sirius; вес товара, г:1500; вкус корма для животных:индейка; возраст животного:для взрослых; единиц в одном товаре:1; класс корма:премиум; комплектация:упаковка 1,5кг; минеральные вещества:витамин а - 18000 ме, витамин д3 - 1000 ме, витамин е – 300 ме, витамины "
confident_contradiction,0,fold_01,Детские товары,68719560844,489626285027,0,0.912,0.947,"кукла интерактивная алёна поёт, танцует, на пульте управления","happy valley / кукла интерактивная «алёна» поёт, танцует, на пульте управле","бренд:happy valley; высота игрушки, см:40; максимальный возраст ребенка:до 15 лет; материал:пластик; минимальный возраст ребенка:от 3 лет; название цвета:розовый; пол ребенка:девочка; страна-изготовитель:китай; тип:интерактивная игрушка; цвет товара:розовый",валюта:rub; комплектация:уточни у продавца; страна производства:китай
confident_contradiction,0,fold_01,Товары для животных,386547176663,68719562869,0,0.921,0.979,little one фруктовая смесь - лакомство для всех видов грызунов 200г,little one snack fruit mix лакомство для грызунов “фруктовая смесь” (200 гр),"бренд:little one; вес товара, г:200; вид грызуна:для любых грызунов; возраст животного:для взрослых; предназначено для:для грызунов; содержание мяса, субпродуктов, %:21; срок годности в днях:720; страна-изготовитель:россия; тип:лакомство",срок годности:24 мес.; форма лакомства:смесь
confident_contradiction,0,fold_03,Красота и гигиена,214748366827,695784703234,0,0.907,0.988,туалетная бумага zewa natural comfort 3 слоя 12шт.,"бумага туалетная zewa natural comfort 3-х слойная, 12 шт в упаковке, 1 уп","бренд:zewa; вес:0.858 ""кг""; состав:переработанное волокно """"; страна производства:россия","аромат:без отдушки; бренд:zewa; длина, м:14; единиц в одном товаре:1; количество в упаковке, шт:12; количество слоев:3 слоя; название аромата:без отдушки; страна-изготовитель:россия; тип:туалетная бумага; упаковка:пластиковый пакет; цвет товара:белый"
confident_contradiction,0,fold_02,Хобби и творчество,738734397344,240518266297,1,0.114,0.185,"рама багетная 30x45 для картин на холсте, пластиковая, без стекла и задника, всеподрамники","рама багетная 30x35 для картин на холсте, пластиковая, без стекла и задника, всеподрамники","длина:30; материал:пластик; размер окна:30x45; состав комплекта:рама, фурнитура, прижимы для подрамника; тип:багет; тип крепежа:подвеска; толщина профиля:50 мм; цвет товара:синий; ширина:45","бренд:всеподрамники; материал:пластик; минимальный возраст ребенка:0 месяцев; размеры, мм:300x350; страна-изготовитель:россия; тип:багетная рама; цвет товара:синий"
confident_contradiction,0,fold_04,Бытовая химия,678604952691,240518172834,0,0.916,0.996,grass / средство для ванны и туалета универсальное dos-gel 750мл,"чистящее средство для туалета и ванной grass ""dos-gel"", 750 мл",валюта:rub; вес товара с упаковкой (г):850 г; высота упаковки:16 см; длина упаковки:18 см; комплектация:чистящий гель - 1шт; назначение средства:ванна; туалет; унитаз; объем (л):0.75 л; состав:состав можно найти в описании товара или на упаковке; страна производства:россия; ширина упаковки:28 см; эф,"артикул:dg555-12; бренд:grass; объем, мл:750; тип:средство чистящее для ванной и туалета"
confident_contradiction,0,fold_02,Бытовая химия,197568553964,747324428311,0,0.922,0.933,grass / средство с полирующим эффектом для пола arena 1л,"grass средство для мытья пола с полирующим эффектом водная лилия arena, 1л",валюта:rub; высота упаковки:10 см; длина упаковки:30 см; ширина упаковки:10 см,"бренд:grass; единиц в одном товаре:1; комплектация:средство для мытья пола - 1шт; название аромата:водная лилия; назначение моющего, чистящего средства:для пола/ламината; объем, мл:1000; особенности применения:концентрат; с дозатором:нет; состав:>30% вода; <5%: неионогенные пав, соль эдта, воск, аро"
confident_contradiction,0,fold_04,Товары для животных,214748383643,60129603880,0,0.916,0.955,"сухой корм farmina для кошек farmina vet life struvite 0,4 кг фармина корм при мочекаменной болезни мкб, для растворения струвитных уролитов, курица","farmina / vet life feline struvite management для кошек 0,4 кг","артикул:f-185995; бренд:farmina; вес товара, г:400; ветеринарная диета:заболевания почек; вкус корма для животных:курица; возраст животного:для взрослых; единиц в одном товаре:1; комплектация:1 пакет корма; минеральные вещества:питательные вещества: сырой белок - 9,70%; сырые жиры и масла - 4,60%; с",валюта:rub; вес товара без упаковки (г):400 г; вес товара с упаковкой (г):400 г; вид вкуса корма:птица-злаки; вид животного:для кошек; возраст животного:взрослые; высота упаковки:17 см; длина упаковки:26 см; класс корма:холистик; количество предметов в упаковке:1 шт; комплектация:мешок сухого корма 
confident_contradiction,0,fold_02,Бытовая техника,618475368883,8589969458,0,0.941,0.924,пылесос samsung sc18m3120vu голубой,"samsung бытовой пылесос vc3100, синий","артикул производителя:vc18m3120vu/ev; бренд:samsung; вес, в кг:4.8; высота, в см:40.7; гарантия:зависит от условий продавца; глубина, в см:23.4; длина сетевого шнура, в метрах:6; код товара:100001803644; материал корпуса:пластик; материал трубы:сталь; модель:sc18m3120vu; мощность всасывания, в вт:38","бренд:samsung; вес товара, г:4800; вид насадки пылесоса:для мебели; вид питания:от сети 220в; вид пылесборника:контейнер; гарантийный срок:12 месяцев; длина шнура, м:6; комплектация:пылесос, гибкий шланг, документация, комплект насадок, телескопическая трубка, документация, упаковка; макс. уровень ш"
confident_contradiction,0,fold_03,Канцелярские товары,446676655272,730144527569,0,0.986,0.975,"пенал-футляр стамм, 204 х 83 х 25 мм, пластиковый, красный металлик","стамм пенал-футляр стамм, 204 х 83 х 25 мм, пластиковый, красный металлик","бренд:стамм; возраст учащегося:без ограничения; гарантийный срок:6 месяцев; количество заводских упаковок:1; комплектация:товар в упаковке; материал:пластик; минимальный возраст ребенка:от 3 лет; страна-изготовитель:россия; тип:счетный материал; число предметов, шт:1","количество отделений:1; материал:пластик; пол:унисекс, универсальный; форма:овал; цвет товара:красный"
confident_contradiction,0,fold_03,Строительство и ремонт,120259125366,592705607410,0,0.943,0.96,настенный светильник escada 10240/1 led*7w white 10240/1led,"escada настенный светильник , led, 7 вт","вес нетто:0.25 кг; вес, кг:0,33; встроенный выключатель:нет; высота:12 см; высота, мм:120; длина:10 см; длина ножки:нет; длина, мм:100; для детской:нет; для подсветки зеркал/картин:нет; единица товара:штука; защита от пыли и влаги:ip20; количество плафонов:1 шт; количество рожков:1 шт; лампа в компл","бренд:escada; вес товара, г:330; вид ламп:светодиодная; вид питания:от сети 220в; высота, мм:120; гарантия:1 год; длина, мм:100; единиц в одном товаре:1; защищенность:без защиты; количество ламп, шт:1; комната:гостиная; комплектация:светильник, комплект крепежа, инструкция; комплектация лампочками:д"
confident_contradiction,0,fold_01,Детские товары,601295550953,395137007286,0,0.928,0.947,noname швейная машинка «рукодельница» 3 катушки,"швейная машинка рукодельница , 3 катушки, 1 шт.","минимальный возраст:3 лет; особенности:делает стежки, свет; тематика:шитье; тип:швейная машина; эффекты:свет",бренд:нет бренда; вид сюжетно-ролевой игрушки:бытовая техника; максимальный возраст ребенка:до 10 лет; минимальный возраст ребенка:от 3 лет; пол ребенка:девочка; страна-изготовитель:китай; тип:сюжетно-ролевые игрушки; типоразмер батареек:aa; цвет товара:разноцветный
confident_contradiction,0,fold_04,Товары для животных,352187371840,747324347592,0,0.962,0.953,grandorf / грандорф ягненок с индейкой для домашних 2кг,cухой корм для взрослых домашних кошек всех пород ягненок и индейка grandorf adult indoor lamb & turkey 2 кг,валюта:rub; вес товара без упаковки (г):2000 г; вес товара с упаковкой (г):2100 г; вид вкуса корма:мясо; птица; вид животного:для кошек; возраст животного:взрослые; высота упаковки:25 см; длина упаковки:20 см; класс корма:холистик; количество предметов в упаковке:1 шт.; комплектация:grandorf cat lam,"артикул:ут-00008270; бренд:grandorf; вес товара, г:2000; вкус корма для животных:ягнёнок; возраст животного:для взрослых; единиц в одном товаре:1; класс корма:холистик; комплектация:комплект состоит из
cухой корм для взрослых домашних кошек всех пород ягненок и индейка grandorf adult indoor lamb & t"
confident_contradiction,0,fold_01,Мебель,532575961025,8590074387,1,0.102,0.076,"канц письменный стол, 150х24х120 см","канц стол приставной угловой канц, 600х600х750 мм, без опоры, цвет бук невский, пк34.10","артикул:ом640068; бренд:канц; вид выпуска товара:фабричное производство; высота, см:120; глубина, см:24; материал столешницы:массив дерева; страна-изготовитель:россия; тип:письменный стол; форма поставки:в разобранном виде; ширина, см:150","артикул производителя:пк34.10; бренд:канц; в комплекте, шт.:1; высота максимальная, см:75; высота минимальная, см:75; глубина, см:60; декор:нет; код товара:100036845412; материал:лдсп; назначение:в гостиную; в офис; на кухню; покрытие:матовое; полки, шт.:нет; размеры (шxгxв), см:60x60x75; регулировк"
confident_contradiction,0,fold_02,Спорт и отдых,17179931779,816043841589,0,0.936,0.965,stinger / блесна phantom 75/28 #sbr,блесна для рыбалки колеблющаяся (колебалка) stinger phantom 75/28 #sbr,валюта:rub,"бренд:stinger; вес, г:28; вид блесны:колеблющаяся; вид крючка:тройной; длина, см:7.5; количество в упаковке, шт:1; количество упаковок, шт:1; комплектация:1 штука в комплекте; название цвета:#sbr; сезон снасти:лето; тип:блесна; упаковка:блистер"
confident_contradiction,0,fold_04,Бытовая техника,816043816980,678604980647,0,0.954,0.999,увлажнитель воздуха stadler form oskar o-021,традиционный увлажнитель stadler form oskar black o-021,"ароматизация воздуха:да; бренд:stadler form; вид увлажнителя:традиционный; гарантийный срок:12 мес.; комплектация:антибактериальный картридж, документация; макс. площадь помещения, кв.м:50; макс. уровень шума, дб:39; мощность, вт:18; объем, мл:3500; производительность, л/ч:0.37; страна-изготовитель:","вес нетто:3.1 кг; вес, кг:3,73; высота, мм:342; габариты без упаковки:246x290x246 мм; датчик влажности:да; детский:нет; длина, мм:292; единица товара:штука; ионизация:нет; мощность:18 вт; напряжение:220 в; ночник:нет; объем воды в секции:3.5 л; озонатор :нет; пульт ду:нет; расход воды:370 г/ч; реком"
confident_contradiction,0,fold_04,Продукты питания,712964658563,8590060555,1,0.176,0.109,bliz&ko / зеленый чай клубника со сливками 100 г,"настоящий листовой китайский чай улун черная смородина рассыпной, 100 грамм",валюта:rub; вид чая:листовой; высота упаковки:15 см; длина упаковки:15 см; страна производства:россия; форма выпуска напитка:рассыпной; ширина упаковки:15 см,"бренд:чайный компас; вес товара, г:100; вид чая:улун; вкус/добавки:календула; единиц в одном товаре:1; максимальная температура:25; минимальная температура:5; не содержит:без гмо; особенности напитков, продуктов питания:вегетарианский продукт; размер чайного листа:среднелистовой; свойства чая:укрепл"
confident_contradiction,0,fold_01,Аптека,8590010950,34359776709,1,0.034,0.271,"1-day acuvue moist multifocal / мультифокальные линзы 1-day acuvue moist multifocal, r 8.4, -3.50, high, 30 линз",moist multifocal мультифокальные линзы +4.50 / low(слабая аддидация) / 8.4 / 14.3 / 30 штук (линз) однодневные контактные линзы. acuvue 1-day moist multifocal (акувью 1 день мойст мультифокальные),аддидация линзы:high; валюта:rub; влагосодержание:58 %; диаметр мкл:14.3 мм; количество пар в упаковке:15 шт.; количество предметов в упаковке:30 шт.; комплектация:контактные линзы; коэффициент пропускания кислорода:25 dk/t; оптическая сила:-3.5; радиус кривизны:8.4; режим замены:1 день; режим ношен,"аддидация:low (до +1); бренд:acuvue; влагосодержание, %:58; диаметр, мм:14.3; дней до замены:1 день; кислородопропускание, dk/t:26; количество в упаковке:30; материал контактных линз:этафилкон а; оптическая сила:+4.50; особенности контактных линз:гидрогель; радиус кривизны:8.4; режим ношения:дневной"
confident_contradiction,0,fold_02,Товары для животных,156183,515396197646,0,0.931,0.999,"triol / удочка-дразнилка монстрик, 60/500 мм","удочка-дразнилка для кошек ""монстрик"", 60/500мм, triol",валюта:rub; вид животного:для кошек; вид игрушки для животных:удочка-дразнилка; комплектация:игрушка; назначение игрушки для животных:для борьбы со стрессом; для здоровья зубов; для отвлечения во время отсутствия хозяина; страна производства:китай,бренд:triol; единиц в одном товаре:1; предназначено для:для кошек; тип:игрушка для животных
confident_contradiction,0,fold_04,Бытовая химия,730144585135,51539679583,0,0.912,0.953,"dr.beckmann / средство для чистки стеклокерамики, 250 мл","чистящее средство ""dr. beckmann"" для очистки стеклокерамики, 250 мл.",валюта:rub; вес товара с упаковкой (г):270 г; высота упаковки:7 см; длина упаковки:20 см; комплектация:жидкость; объем (л):0.25 л; состав:комплекс активных ингредиентов; ширина упаковки:8 см,"аромат:лимон; артикул:30642; бренд:dr.beckmann; назначение моющего, чистящего средства:для стеклокерамики; размер упаковки (длина х ширина х высота), см:11 x 5 x 25; состав:<5% неионогенные пав, анионные пав, 0,1-<1% лимонная кислота, эмульгатор, <0,1% ароматизирующие добавки, краситель,консервант; "
confident_contradiction,0,fold_03,Строительство и ремонт,463856624438,360777360838,1,0.153,0.068,"винт с потайной головой и внутренним шестигранником din 7991 нержавеющий а2 ( aisi 304 ) м5х16, 10 шт","без бренда винт с потайной головой и внутренним шестигранником din 7991 нержавеющий а2 ( aisi 304 ) м3х35, 10 шт","бренд:bolttop; гарантия:ограниченная пожизненная; головка:потайная; длина, мм:16; класс прочности крепежа:a2; комплектация:комплектация (размер и количество) указаны в наименовании крепёжного изделия; материал:нержавеющая сталь; назначение:универсальный; покрытие крепежа:без покрытия; резьба:m5; ста",головка:потайная; диаметр резьбы:3 мм; длина изделия:35 мм; изделий в упаковке:10 шт.; материал:нержавеющая сталь; покрытие:без покрытия; профиль резьбы:треугольная; тип:винт; шлиц:внутренний шестигранник
confident_contradiction,0,fold_01,Дом и сад,747324441538,343597443634,0,0.933,0.991,садовый насос metabo p 3300 g 600963000,насос садовый metabo p 3300 g (600963000),"вес в транспортной упаковке:11.92 кг; габариты транспортной упаковки:26х43х33.70 см; качество воды:чистая; механизм насоса:центробежный; напряжение сети:220; подробная комплектация:насос, уплотнительная для резьбы упаковка.; тип:false","артикул:600963000; бренд:metabo; вид выпуска товара:фабричное производство; вид питания:от сети 220в; гарантийный срок:3 года; гарантия:3 года; двигатель для садовой техники:электродвигатель; диаметр соединения:1""; защита от сухого хода:нет; макс. напор, м:45; максимальное давление, атм (кг/см2):4.5"
confident_contradiction,0,fold_01,Красота и гигиена,60129676696,481036443120,0,0.913,0.911,"крем для лица с гиалуроновой кислотой it s skin hyaluronic увлажняющий, 50 мл","it's skin крем для лица увлажняющий с гиалуроновой кислотой, 50 мл it's skin acid moisture cream","бренд:it's skin; бьюти-ингредиент:гиалуроновая кислота; возрастной диапазон:от 25 лет; единиц в одном товаре:1; область использования:лицо; объем, мл:50; пол:женский; применение:дневной уход; состав:вода, глицерин, глицерет-26, диметикон, бис-пэг-18 метил эфир диметил силан, гидроксиэтил акрилат/нат","азиатская косметика:да; активный ингредиент:гиалуроновая кислота, глицерин; возраст:от 25 лет; время нанесения:дневное; масла и экстракты:экстракт гибискуса, экстракт черники; область нанесения:лицо; объем:50 мл; состав:состав (ingredients) указан на упаковке; средство:крем; срок годности:365 дн.; с"
confident_contradiction,0,fold_01,Строительство и ремонт,223338374481,137439035571,1,0.297,0.221,трансформатор тока тти-а 20/5а кл. точн. 0.5s 5в. а iek itt10-3-05-0020,"iek трансформатор тока тти-а 60/5а 5ва класс 0,5","гарантийный срок:6 мес., мес; срок службы:24 мес., мес; тип:трансформатор",бренд:iek; гарантия:1 год; единиц в одном товаре:5; партномер:itt10-2-05-0060; страна-изготовитель:китай; тип:трансформатор
confident_contradiction,0,fold_02,Товары для животных,816043859174,661425007232,0,0.915,0.925,"homepet пакеты для выгула собак, с держателем, 2х20 шт",без бренда homepet пакеты для выгула собак с держателем 2х20шт,"артикул:63666; биоразлагаемость:нет; бренд:homepet; количество пакетов в одном рулоне, шт:20; материал:полипропилен; предназначено для:для собак; страна-изготовитель:россия; тип:пакет гигиенический для животных",материал:полипропилен; тип:пакеты для выгула
confident_contradiction,0,fold_01,Товары для животных,816043929669,163208837136,1,0.295,0.086,"куртка для собак с утяжкой. размер 18 (дс 40 см, ог 50 см, ош 38 см), золото-красная","не определен куртка для собак с утяжкой размер 10 (дс 25, ог 34, ош 24), золото-красная","артикул:sl-7980744-1-sl359p1-309; бренд:noname; вес товара, г:96; вид одежды:куртка; длина спины, см:40; единиц в одном товаре:1; комплектация:куртка для собак с утяжкой. размер 18, 1 штука; материал:текстиль; обхват груди животного, см:50; обхват шеи, см:38; предназначено для:для собак; размер одеж","бренд:; вид животного:собаки; длина спины:25 см; застежка:кнопки; обхват груди:34 см; обхват шеи:24 см; особенности:непромокаемый; размер одежды:10; размер породы:малый, средний; сезон:зима; тип:куртка; цвет товара:золотистый, красный"
confident_contradiction,0,fold_01,Товары для животных,214748401167,609885506184,1,0.275,0.28,crockex / crockex adu 300г корм д/кошек ягн/рис,"crockex naturals cat adult chicken rice / сухой низкозерновой корм крокекс для взрослых кошек курица с рисом, 300 г",валюта:rub; вес товара без упаковки (г):300 г; вид вкуса корма:ягненок c рисом; вид животного:для кошек; высота упаковки:20 см; длина упаковки:6 см; класс корма:суперпремиум; назначение корма:для кошек; основной вкус корма:ягненок; состав:ягнёнок; рис; срок годности:18 месяцев; страна производства:и,"артикул:43079; бренд:crockex; вес товара, г:300; вкус корма для животных:курица; возраст животного:для взрослых; единиц в одном товаре:1; комплектация:пакет с кормом; предназначено для:для кошек; состав:дегидрированные белки куриного мяса (22%), рис (18%), свежaя печень (15%), кукуруза, мука из рыбы"
confident_contradiction,0,fold_03,Электроника,326417630628,790274096206,0,0.974,0.98,"батарейка литиевая , cr2032-2bl, 3в, блистер, 2 шт.","kodak батарейка литиевая cr2032-2bl, 3в, блистер, 2 шт.",бренд:нет бренда; тип:батарейка,вид упаковки:блистер; количество в упаковке:2 шт.; рабочее напряжение:3 в; технология:lithium; тип:батарейка
confident_contradiction,0,fold_04,Музыкальные инструменты,781684180676,738734394066,0,0.921,0.956,amc / дм1 чехол для домры малой,чехол для домры малой амс дм1,валюта:rub; вес товара без упаковки (г):250 г; вид застежки:молния; высота упаковки:30 см; длина упаковки:18 см; материал изделия:полиэстер; особенности чехла:водонепроницаемый; страна производства:россия; цвет:черный; ширина упаковки:7 см,бренд:amc; тип:аксессуар для струнных
confident_contradiction,0,fold_04,Канцелярские товары,412316972772,515396203261,0,0.906,0.941,"attache / ежедневник недатированный economy, бумвинил, синий, а5","ежедневник недатированный attache economy,бумвинил,синий,а5,128х200мм,160л",валюта:rub; комплектация:ежедневник недатированный - 1 шт; страна производства:россия; тип ежедневника:недатированный; формат листов:а5,бренд:attache; тип:ежедневник
confident_contradiction,0,fold_01,Дом и сад,85899493289,369367201708,0,0.948,0.953,"диффузор ароматический с цветком хлопка нежный, 50 мл, ваниль,","не определен диффузор ароматический с цветком хлопка ""нежный"", 50 мл, ваниль,","аромат:ваниль; артикул:at3664b938at; бренд:россия; вид выпуска товара:фабричное производство; объем, мл:50; тип:ароматический диффузор","аромат:ваниль, цветочный; количество упаковок:1 шт.; назначение:интерьерный (для комнат и гостиной); объем:50 мл; принцип работы:ручной; режим работы:постоянный; тип:ароматический диффузор; форма выпуска:жидкость"
confident_contradiction,0,fold_01,Спорт и отдых,429496807706,137439008689,0,0.939,0.984,"блесна колеблющаяся lucky john juna 30мм 02,5г 029","lucky john / блесна колеб. lucky john juna длин.30мм02,5г 029",бренд:lucky john; страна-изготовитель:россия; тип:блесна,"валюта:rub; длина приманки (мм):30 мм; комплектация:блесна колеб. lucky john juna длин.30мм02,5г 029; тип блесны:колеблющаяся"
confident_contradiction,0,fold_01,Бытовая химия,764504335498,223338404341,0,0.922,0.953,"средство для чистки cillit bang анти-жир+сияние, 750мл","cillit bang средство чистящее против жира - антижир + сияние, 750 мл","бренд:cillit; вид упаковки:пластиковая бутылка; ингредиенты:менее 5%: анионные пав, ароматизатор, линалоол.; линейка/коллекция/серия/суббренд:bang анти-жир+сияние; меры предосторожности:использовать защитные перчатки и защиту глаз. тщательно вымыть руки после использования. при попадании в глаза ост","артикул:42061; бренд:cillit; вес товара, г:800; назначение моющего, чистящего средства:для ухода за плитой и свч; объем, мл:750; состав:менее 5% анионные пав, ароматизатор, линалоол.; тип:средство для кухни"
confident_contradiction,0,fold_04,Бытовая техника,489626356312,17179925664,0,0.991,0.964,"russell hobbs погружной блендер 24690-56 красный, красный",блендер russell hobbs 24690-56 красный,"бренд:russell hobbs; вес товара, г:900; гарантийный срок:2 года; количество скоростей:2; макс. скорость работы, об/мин:14000; материал корпуса:пластик; мощность, вт:500; объем чаши, л:0.7; страна-изготовитель:китай; тип:блендер; тип блендера/комбайна:погружной; цвет товара:красный",гарантия продавца / производителя:12 мес.; модель:russell hobbs 24690-56; страна-производитель:китай; тип:блендер погружной
confident_contradiction,0,fold_01,Хобби и творчество,120259113600,635655235334,0,0.931,0.948,"набор королева бусинка bondibon, в банке 17х6 см.",bondibon. / набор королева бусинка bondibon. в банке 17х6 см.,бренд:нет бренда; минимальный возраст ребенка:от 1 года; тип:набор для создания украшений,валюта:rub; высота упаковки:7 см; длина упаковки:20 см; комплектация:1шт; материал игрушки:пвх; страна производства:россия; ширина упаковки:18 см
confident_contradiction,0,fold_01,Продукты питания,17179874371,532576037826,0,0.986,0.961,"жокей / кофе жокей молотый классический,250г","кофе молотый жокей классический, 250 г",валюта:rub; вес товара с упаковкой (г):276 г; высота упаковки:12 см; длина упаковки:7 см; комплектация:кофе молотый 1шт; срок годности:18; степень обжарки кофе:средняя; страна производства:россия; ширина упаковки:10 см,"без кофеина:нет; бренд:жокей; вес товара, г:250; единиц в одном товаре:1; интенсивность вкуса:средний; максимальная температура:20; минимальная температура:5; название вкуса:кофе молотый жокей классический, 250 г; не содержит:без гмо; особенности напитков, продуктов питания:натуральный продукт; соде"
confident_contradiction,0,fold_04,Бытовая техника,352187392635,670014984265,0,0.933,0.907,"тэн 1600w для lg, samsung с отверстием, l171мм (htr007lg), b3406050","без бренда тэн стиральной машины 1600w lg с/о 171*135мм backer, htr007lg",бренд:backer; тип:запчасть для стиральной машины,"вес в транспортной упаковке:0.25 кг; габариты транспортной упаковки:15х20х5 см; производитель совместимого устройства:aeg, lg, samsung; тип:запчасть для стиральной машины"
confident_contradiction,0,fold_02,Электроника,180388754516,644245126737,1,0.209,0.081,"микросхема sp483een-l/tr so8, enhanced low emi half-duplex rs-485 transceiver, adm483","без бренда микросхема aoz1033ai so8, 3а dc-dc преобразователь",бренд:analog devices; вид активного компонента:микросхемы; тип:активные компоненты; тип корпуса для электрокомпонентов:стандартный,тип:микросхема
confident_contradiction,0,fold_04,Бытовая химия,738734405196,403727053063,0,0.903,0.981,"средство для сантехники hg чистящее средство для акриловых ванн 0,5л",hg / чистящее средство для акриловых ванн 500 мл,"артикул:k-1479449-1-bitheem3kom37; бренд:hg; единиц в одном товаре:1; комплектация:средство для сантехники для акриловых ванн 0,5л 1 штука; назначение чистящего средства для ванной и туалета:для акриловых поверхностей; объем, мл:500; особенности применения:антибактериальный эффект; состав:анионные п",валюта:rub; вес товара с упаковкой (г):550 г; высота упаковки:25 см; длина упаковки:9 см; комплектация:чистящее средство для акриловых ванн 500 мл - 1 шт; назначение средства:ванная; для акриловых поверхностей; моющее средство для акриловых ванн; объем (л):0.5 л; страна производства:нидерланды; шири
confident_contradiction,0,fold_02,Бытовая техника,420906902459,154618872621,0,0.951,0.98,"нож для мясорубки bosch №5 для mfw15... champion, philips hr7752, siemens, zelmer - 00020468 (420306564080)","bosch нож для мясорубки bosch, siemens, philips, №5, 1-сторонний, 00020468, 00620949, 420306564080","бренд:нет бренда; вес товара, г:20; вид запчасти:нож; количество в упаковке, шт:1; комплектация:нож; материал:металл; партномер:00020468; размеры, мм:48х48х5; список совместимых устройств:bosch champion mfw15… mfw1501/01 mfw1501/06 vt3603 muz4fw1 mfw1501 mfw1550 mfw1545/01 muz4fw3  muz4fw3 mum4655 m","комплектация:нож для мясорубки 1 шт.; материал:металл; производитель устройства:bosch, philips, siemens; тип:нож, корпус шнека для мясорубки; тип устройства:мясорубка; цвет товара:серебристый"
confident_contradiction,0,fold_04,Дом и сад,627065252361,180388752945,0,0.923,0.906,"barantsev фотоальбомы / фотоальбом fotografia на 200 фото, 10x15 см., ""пейзаж""","фотоальбом fotografia на 200 фото ""пейзаж"" 10x15 см","валюта:rub; комплектация:фотоальбом fotografia на 200 фото, 10x15 см., ""пейзаж""; страна производства:китай","артикул:sl-4452832-1-sl218p1-109; бренд:fotografia; вид альбома:с кармашками; вид выпуска товара:фабричное производство; количество фото, шт:200; комплектация:фотоальбом fotografia на 200 фото ""пейзаж"" 10x15 см - 1 штука; обложка:картон; размер фотографии:10x15 см; страна-изготовитель:китай; тема фо"
confident_contradiction,0,fold_03,Продукты питания,163208892318,781684056381,0,0.969,0.952,"кофе в капсулах nespresso vertuo stormio, 10 шт.","кофе в капсулах nespresso vertuo stormio, 10 капсул, 230мл","аромат:без добавок; бренд:nespresso; вес капсулы, в граммах:10; вес упаковки, в граммах:125; вид кофе:в капсулах; вид упаковки:картонная коробка; код товара:100043098082; количество капсул:10; количество порций:10; напиток:кофе; подходит к кофемашинам:nespresso vertuo; состав:натуральный жареный коф","бренд:nespresso; вес товара, г:125; единиц в одном товаре:1; интенсивность вкуса:крепкий; количество капсул в упаковке:10; максимальная температура:25; минимальная температура:5; не содержит:без гмо; оригинальность капсул:оригинальные; рецепт кофе:американо; совместимость с кофемашинами:nespresso ve"
confident_contradiction,0,fold_01,Красота и гигиена,111669220712,446676705016,0,0.943,0.906,"/ матирующий тональный крем ""спокойное сияние"", 30 мл","матирующий тональный крем ""спокойное сияние"", 30 мл",валюта:rub; действие:увлажнение; смягчение; матирование; комплектация:тональный крем для лица 30 мл; объем товара:30 мл; состав:косметическая основа; срок годности:3 года; страна производства:польша; текстура:жидкая; цвет:бежевый,"бренд:avon; единиц в одном товаре:1; название цвета:
песочно-бежевый/almondсветлый/nudeрозовая слоновая кость/ivory pinkрозовая слоновая кость/ivory pink1402341
; объем, мл:30; состав:aqua, cyclopentasiloxane, phenyl trimethicone, dimethicone, calcium sodium borosilicate, titanium dioxide (nano), bu"
confident_contradiction,0,fold_01,Канцелярские товары,695784709885,377957243809,0,0.913,0.979,подушка штемпельная настольная colop micro 2 неокрашенная 110x70 мм,"colop / подушка штемпельная, настольная, micro 2",бренд:colop; материал:латунь; страна-изготовитель:чехия; тип:штемпельная подушка,валюта:rub; страна производства:чехия
confident_contradiction,0,fold_03,Мебель,455266537804,326417528144,0,0.904,0.915,прямой диван аккордеон лига диванов сенатор 100 бежевый (рогожка)/коричневый (экокожа),"прямой диван аккордеон сенатор 100, рогожка, экокожа, модель 100719","высота общая:93 см; глубина общая:110 см; механизм трансформации:аккордеон; обивка:текстиль; особенности:с подлокотниками, ящик для белья; тип:диван прямой; число мест:1; ширина общая:132 см","артикул:100719; бренд:лига диванов; вес товара, г:80000; вид выпуска товара:фабричное производство; вид раскладывания:аккордеон; высота сиденья, см:41; высота, см:93; гарантийный срок:18 мес; глубина сиденья, см:57; глубина, см:110; длина спального места в разложенном виде, см:190; материал корпуса:"
confident_contradiction,0,fold_04,Продукты питания,377957145302,549755865554,1,0.215,0.048,"самарский здоровяк каша ""самарский здоровяк” №72 пшенично-рисовая с пробиотиком, 250 г. х 3 пакета","каша ""самарский здоровяк"" №70 пшеничная с арахисом и грецким орехом, 250 г. х 3 пакета",вес:250 г; количество упаковок:3 шт.; срок годности:547 дн.; тип:,"бренд:самарский здоровяк; вес товара, г:250; единиц в одном товаре:3; максимальная температура:21; минимальная температура:-10; не содержит:без ароматизаторов; особенности напитков, продуктов питания:вегетарианский продукт; содержит:натуральные ингредиенты; состав:пшеница, лен (шрот), расторопша (шр"
confident_contradiction,0,fold_01,Бытовая химия,644245182180,635655262234,0,0.91,0.911,"гель ваше хозяйство от муравьев ""великий воин"", 45г",ваше хозяйство / гель шприц средство от тараканов и муравьев великий воин 45г,"бренд:ваше хозяйство; вес товара, г:45; вид вредителя:муравей; единиц в одном товаре:1; назначение средства от насекомых/грызунов:уничтожение насекомых; состав:диазинон — 0,2%, хлорпирифос — 0,3%, стабилизатор, консервант, гелеобразователь, битрекс и пищевые наполнители — до 100%.; страна-изготовите",валюта:rub; количество предметов в упаковке:1 шт.; комплектация:гель-шприц средство от тараканов и муравьев великий воин; страна производства:россия; тип ловушки:приманка; гель; гель-шприц
confident_contradiction,0,fold_04,Красота и гигиена,438086733421,661424980860,0,0.911,0.981,дезинфектор для зубных щёток oclean s1,"ультрафиолетовый держатель-стерилизатор для зубных щеток oclean s1, серый","бренд:oclean; код товара:100063913345; количество изделий в комплекте:1; модель:s1; назначение:для зубной щетки; наименование модели:s1; размер, в см:16x11x8; совместимость:для всех зубных щеток; состав:пластик; страна-производитель:китай; тип изделия:стерилизатор","бренд:oclean; количество в упаковке, шт:1; название цвета:dusty grey; страна-изготовитель:китай; тип:набор для ухода за полостью рта; цвет товара:серый; целевая аудитория:взрослая"
confident_contradiction,0,fold_01,Детские товары,17179960815,25769878840,0,0.918,0.95,"коляска-трансформер  фантазия малин.,45х38х54см","mary poppins / коляска-трансформер фантазия, малиновая, 45х38х54 см 67321",бренд:mary poppins; вид транспорта для кукол:коляска для куклы; максимальный возраст ребенка:до 18 лет; минимальный возраст ребенка:от 3 лет; пол ребенка:унисекс; тип:транспорт для куклы,валюта:rub; высота куклы:40 см; количество колес коляски:4 шт; комплектация:коляска-трансформер 1 шт; материал изделия:текстиль; пластик; металл; страна производства:китай; тип коляски для кукол:коляска-трансформер
confident_contradiction,0,fold_01,Строительство и ремонт,206158504790,266288012635,0,0.978,0.939,фреза угловая левая 0014j hss,фреза угловая левая 0014j hss для станка 100g2,валюта:rub; вид фрезы:насадная; высота упаковки:3 см; длина упаковки:15 см; количество предметов в упаковке:1 шт.; комплектация:фреза 1шт; набор:нет; страна производства:китай; ширина упаковки:13 см,"бренд:нет бренда; вид фрезы:насадная; количество в упаковке, шт.:1; страна-изготовитель:китай; тип:фреза; тип фрезы:угловая"
confident_contradiction,0,fold_02,Детские товары,833223817342,60129710507,0,0.907,0.901,"робот ""полицейский"", трансформируется, световые и звуковые эффекты, работает от батареек","не определен робот «полицейский», трансформируется, световые и звуковые эффекты, работает от батареек",бренд:нет бренда; максимальный возраст ребенка:до 15 лет; минимальный возраст ребенка:от 3 лет; пол ребенка:мальчик; тип:трансформер,минимальный возраст:от 3 лет; питание:от батареек
confident_contradiction,0,fold_03,Музыкальные инструменты,60129637391,103079263782,0,0.956,0.914,"feg/feg-kg-21-grey электрогитара, серая, foix",электрогитара foix feg/feg-kg-21-grey,"количество ладов:24; количество струн:6; материал корпуса:липа; мензура:25.5118""; схема звукоснимателей:h-s-h; тип:электрогитара; тип крепления грифа:болченый; цвет товара:серый","бренд:foix; вес товара, г:8000; гарантийный срок:12 месяцев; количество струн:6; комплектация:гитара 1 шт; партномер:1; страна-изготовитель:китай; тип:электрогитара"
confident_contradiction,0,fold_02,Продукты питания,781684181377,343597512602,0,0.994,0.913,"увелка / булгур в сливочно-чесночном соусе по-итальянски, 260 г",булгур увелка в сливочно-чесночном соусе по-итальянски 260г,валюта:rub; вес товара с упаковкой (г):260 г; высота упаковки:15 см; длина упаковки:15 см; комплектация:упаковка; особенности продукта:набор для приготовления блюда; срок годности:304; страна производства:россия; ширина упаковки:10 см,"бренд:увелка; вес товара, г:260; единиц в одном товаре:1; максимальная температура:20; минимальная температура:0; состав:крупа с натуральными ингредиентами: крупа пшеничная булгур, шампиньоны, лук репчатый, чеснок, смесь пряностей “итальянские травы”, перец черный молотый. соус: вода питьевая, масло"
confident_contradiction,0,fold_02,Красота и гигиена,257698128357,214748450769,1,0.274,0.263,"зеркало настольное, зеркальная поверхность 11,5 x 14,5 см, цвет серебристый","без бренда зеркало настольное, зеркальная поверхность 15 × 17,5 см, цвет серебристый",бренд:нет бренда; тип:зеркало косметическое; цвет товара:серебристый,вид зеркала:настольное
confident_contradiction,0,fold_01,Мебель,695784765511,781684087610,0,0.944,0.917,зеркало-шкаф aquanet латина 100 белый,зеркальный шкаф aquanet латина 100 белый,"артикул:00179636; бренд:aquanet; вид выпуска товара:фабричное производство; высота зеркала, см:75; высота, см:75; гарантийный срок:2 года; глубина, см:16.5; исполнение:деревянное; количество полок:6; конструкция:прямой; материал корпуса:лдсп; материал фасада:мдф; название цвета:белый зеркальный; наз","высота:75 см; назначение:для ванной; особенности:зеркало-шкаф, зеркальное панно; размещение:настенное; цвет рамы:белый; ширина:100 см"
confident_contradiction,0,fold_01,Канцелярские товары,730144531692,695784765092,0,0.915,0.929,"бумага цветная а4, 50 листов ""неон"", жёлтая, 80 г/м ","calligrata бумага цветная а4, 50 листов, неон жёлтая, плотность 80г/м2",бренд:нет бренда; тип:бумага для принтера,плотность:80 г/м2; тип:форматная цветная; формат:a4; цвет товара:желтый
confident_contradiction,0,fold_01,Продукты питания,523986120829,197568557266,1,0.294,0.164,чай зеленый ahmad tea green tea классический в пакетиках 2 г х 100 шт,чай зеленый ahmad tea jasmine green tea с жасмином в пакетиках 2 г х 100 шт,бренд:ahmad tea; единиц в одном товаре:1; максимальная температура:25; минимальная температура:0; состав:чай зеленый листовой мелкий китайский.; срок годности в днях:1095; страна-изготовитель:китай; тип:чай в пакетиках; условия хранения:при температуре 0°с до +25°с и относительной влажности воздуха ,белки:0.46 г; вес:200.0 г; вес единицы:2.0 г; вид упаковки:картонная коробка; вкус/добавки:жасмин; жиры:0.09 г; калорийность:8.38 ккал; количество в упаковке:100 пак; особенности состава:без гмо; производитель:ahmad tea ltd; размер:200 г; размер листа:мелколистовой; состав:чай зеленый байховый китай
confident_contradiction,0,fold_02,Музыкальные инструменты,34359838000,8590097396,0,0.956,0.914,губная гармоника диатоническая easttop pro60 d,"easttop pro60 d диатоническая губная гармошка, d",бренд:easttop; гарантийный срок:12 месяцев; партномер:dnt-72515; страна-изготовитель:китай; тип:губная гармошка; тональность:d; цвет товара:хром,вид гармоники:диатоническая; количество отверстий:10; количество язычков:20; материал корпуса:пластик; материал крышки:сталь; материал пластин:медь; материал язычков:фосфорная бронза; тип:губная гармошка; тональность:d
confident_contradiction,0,fold_02,Аптека,566935848501,146029035386,0,0.953,0.921,линзы air optix aqua 6 шт -5.25 радиус кривизны 8.6,"alcon / air optix aqua, 6 шт. r: 8.6, d: -5.25","бренд:alcon; вес товара, г:80; влагосодержание, %:33; диаметр, мм:14.2; дней до замены:1 месяц; кислородопропускание, dk/t:138; количество в упаковке:6; материал контактных линз:лотрафилкон б; оптическая сила:-5.25; особенности контактных линз:уф-фильтр; радиус кривизны:8.6; режим ношения:24 часа; с","валюта:rub; влагосодержание:33 %; диаметр мкл:14.2 мм; коэффициент пропускания кислорода:138 dk/t; оптическая сила:-5.25; радиус кривизны:8.6; режим замены:1 месяц; режим ношения:дневной, пролонгированный (7 дней); состав:лотрафилкон б; страна производства:малайзия; тип линз:прозрачные; цвет:прозрач"
confident_contradiction,0,fold_04,Хобби и творчество,68719529981,798864027260,0,0.966,0.941,пазл castorland улицы парижа 500 деталей,"пазл 500 эл. castorlаnd ""париж""","гарантийный срок:1 г., гарантия на аккумулятор — 6 месяцев; срок службы:12 мес., использовать при температуре не ниже -10 градусов; тип:пазл","бренд:castorland; количество элементов, шт:500; страна-изготовитель:польша; тип:пазл"
confident_contradiction,0,fold_02,Бытовая техника,609885470748,541165959355,0,0.946,0.989,отпариватель bbk egs-1204,bbk / ручной отпариватель egs-1204,"бренд:bbk; вертикальное отпаривание:да; вес товара, г:1060; длина шнура, м:1.8; комплектация:щетка-насадка для чистки одежды, чехол, насадка для отпаривания стрелок на брюках, мерный стакан; мощность, вт:1500; объем резервуара для воды, мл:250; размеры, мм:95х200х150; свойства подошвы:антипригарное;",валюта:rub; вес с упаковкой (кг):1.15 кг; вес товара с упаковкой (г):1150 г; вместимость резервуара:0.25 л; время нагрева:30 сек; высота предмета:15 см; высота упаковки:24 см; гарантийный срок:1 год; длина кабеля:180 см; длина упаковки:26 см; доп. опции отпаривателя:вертикальное отпаривание; защита 
confident_contradiction,0,fold_04,Хобби и творчество,635655235552,257698126577,0,0.918,0.94,"буква-ленд раскраска ""рисуем пальчиками. транспорт"", 16 стр.","раскраска ""рисуем пальчиками. транспорт"", 16 стр.",в комплекте:без комплектующих; тематика:машины и техника; тип:раскраска,бренд:нет бренда; тип:раскраска
confident_contradiction,0,fold_04,Мебель,231928398831,231928386867,0,0.927,0.924,стул sht-st29/s130 hd,стул sheffilton sht-st29/s130 hd,"артикул:a-194017; бренд:sheffilton; вид выпуска товара:фабричное производство; высота, см:81; глубина, см:55; материал корпуса:металл; регулируемая спинка:нет; с подлокотниками:нет; тип:стул; ширина, см:54",вес в транспортной упаковке:4.56 кг; габариты транспортной упаковки:65х52х46 см; цвет товара:мятный/черный муар
confident_contradiction,0,fold_03,Красота и гигиена,455266535333,360777295401,0,0.95,0.94,"esthetic house / шампунь для волос протеиновый cp-1 bc intense nourishing shampoo version 2.0, 500 мл","esthetic house женский корейский шампунь для ежедневного использования, бессульфатный, протеиновый cp-1 bc intense nourishing version 2.0, 500 мл",валюта:rub; действие:восстановление; очищение; питание; комплектация:шампунь; объем товара:500 мл; состав:эластан; вода; глицерин; коллаген; лимонная кислота; дипропиленгликоль; кератин; кокосовое масло; натрия хлорид; жожоба масло; каприлилгликоль; пантенол; кокамидопропил бетаин; динатрия эдта; на,"бренд:нет бренда; единиц в одном товаре:1; объем, мл:500; пол:женский; тип:шампунь для волос; эффект:питание"
confident_contradiction,0,fold_01,Хобби и творчество,807453975955,850403659560,1,0.095,0.157,спицы носочные 20104 2.75mm-15 cm symfonie  wood  knitpro,"20111 knit pro спицы чулочные symfonie 5мм/20см, дерево, многоцветный, 5шт","бренд:knitpro; вид спиц:прямые; диаметр спиц, мм:2.75; длина, см:15; материал:дерево; страна-изготовитель:индия; тип:спицы для вязания",материал спиц:дерево; тип:спицы; тип спиц:чулочные
confident_contradiction,0,fold_01,Детские товары,60129630962,695784792078,0,0.918,0.954,"не определен электронный конструктор световой тоннель, 8 элементов","электронный конструктор ""световой тоннель"", 8 элементов",питание:от батареек; рекомендуемый возраст:от 8 лет,"артикул:4833042; бренд:in mother’s hands; количество элементов, шт:8; максимальный возраст ребенка:до 15 лет; минимальный возраст ребенка:от 8 лет; тип:конструктор электронный; цвет товара:разноцветный"
confident_contradiction,0,fold_03,Спорт и отдых,300647726759,309237721305,1,0.216,0.212,раттлин tsuyoki agudo 80s soft al013,tsuyoki / воблер strateg 90s #z024 28 гр,"бренд:tsuyoki; вес, г:15.5; вид воблера:раттлин (rattlin); длина, см:8; единиц в одном товаре:1; кол-во в комплекте, шт:1; количество упаковок, шт:1; название цвета:al013; плавучесть:тонущий (sinking); тип:воблер",валюта:rub; длина предмета:9 см; комплектация:тройник - 2 шт; воблер - 1 шт; плавучесть:тонущие (sinking); страна производства:китай
confident_contradiction,0,fold_01,Красота и гигиена,816043885204,274877928205,0,0.915,0.96,"шампунь pantene защита от потери волос, 400 мл",pantene / шампунь защита от потери волос 400 мл,"бренд:pantene; объем, мл:400; тип:шампунь для волос; тип волос:для всех типов волос; эффект:очищение","валюта:rub; действие:от выпадения волос; укрепление волос; очищение волос; комплектация:pantene pro-v шампунь ""защита от потери волос"" 400 мл; объем товара:400 мл; срок годности:36 мес; страна производства:румыния; тип волос:для ломких волос; для ослабленных волос; для слабых волос"
confident_contradiction,0,fold_02,Автотовары,146182,42949822229,0,0.971,0.961,подшипник 6202 2rs (180202) - 2 шт. 15х35х11 мм,"апп-групп подшипник универсальный, диаметр 15 мм, 2 шт., арт. 180202",артикул производителя:180202; валюта:rub; вес товара без упаковки (г):90 г; вес товара с упаковкой (г):110 г; высота предмета:1.1 см; высота упаковки:12 см; длина упаковки:20 см; комплектация:подшипник 2 шт; страна производства:россия; ширина предмета:1.1 см; ширина упаковки:15 см,"артикул:180202-2; бренд:апп-групп; вид подшипников:шариковый; внешний диаметр, мм:35; внутренний диаметр, мм:15; количество, штук:2; партномер (артикул производителя):180202; страна-изготовитель:россия; тип:подшипник универсальный; цвет товара:черный; ширина, мм:11"
confident_contradiction,0,fold_01,Бытовая химия,592705600436,506806167512,0,0.9,0.938,"чистящий крем cif ultra white, 450мл","универсальное чистящее средство cif ultra white, 450мл","бренд:cif; назначение:для свч, для акриловых ванн, для кухонных плит, для пластика, для стеклокерамики, для эмалированных поверхностей; объем:450 мл; особенности:антибактериальное, универсальное средство; содержит:хлор; состав набора:крем; срок годности:548 дн.; упаковка:бутылка; эффект:антибактериа",артикул:68124319; бренд:cif; состав:1; тип:универсальное чистящее средство
confident_contradiction,0,fold_04,Детские товары,738734526527,807453973603,0,0.95,0.945,dc accessories / полесье кран 61355 №2 на колёсиках в/п,башенный кран №2 на колесиках (79х22х65см) в/п 61355 (полесье),валюта:rub,бренд:нет бренда; тип:машинка
confident_contradiction,0,fold_04,Канцелярские товары,412316978500,77309485994,0,0.952,0.994,конверт белый с4 стрип security 229х324 100г фин 500шт уп,"bong конверты белый с4, стрип security 229х324 100г 500шт/ уп",бренд:bong; страна-изготовитель:россия; тип:конверт,количество в упаковке:500 шт.; материал:офсетная бумага; особенности:защита от вскрытия; плотность бумаги:100 г/см²; тип:конверт; тип заклеивания:стрип; форма клапана:прямая; формат:c4 (229 х 324 мм); цвет товара:белый
confident_contradiction,0,fold_04,Музыкальные инструменты,661425021794,103079254989,0,0.969,0.932,струны для акустической гитары ernie ball 2151,струны ernie ball 2151 (10/52),инструмент:акустическая гитара; калибр:10; количество струн в упаковке:6 шт.; материал оплетки:фосфористая бронза; натяжение:-,бренд:ernie ball; вид музыкального аксессуара:струны; калибр струн:10; материал муз. инструмента/аксессуара:бронза; назначение муз. аксессуара:для акустической гитары; тип:аксессуар для струнных; цвет товара:желтый
