category,fold,slice,alternative,channel_type,n,positives,baseline_ap,alternative_ap,blend_ap,blend_delta,status
Обувь,fold_01,all,zs_llm_blend,independent,4482,446,0.5788291810730476,0.2734738933898072,0.5712736903263463,-0.007555490746701254,checked
Обувь,fold_01,all,knrm_name_v2,independent,4482,446,0.5788291810730476,0.2380166884561997,0.5546127745445611,-0.024216406528486445,checked
Обувь,fold_01,all,ce_priodistill,diagnostic_non_independent,4482,446,0.5788291810730476,0.5762124962447391,0.5817432959000387,0.00291411482699111,checked
Обувь,fold_01,all,ce_fashion_specialist,diagnostic_non_independent,4482,446,0.5788291810730476,0.5658503130286366,0.5819813627097269,0.0031521816366792965,checked
Обувь,fold_01,name_exact,zs_llm_blend,independent,240,21,0.43652757423365907,0.2448228777599684,0.4241305991404576,-0.012396975093201479,checked
Обувь,fold_01,name_exact,knrm_name_v2,independent,240,21,0.43652757423365907,0.11301705630008568,0.43490444613218815,-0.0016231281014709165,checked
Обувь,fold_01,name_exact,ce_priodistill,diagnostic_non_independent,240,21,0.43652757423365907,0.45734042806342556,0.44931118099357265,0.01278360675991358,checked
Обувь,fold_01,name_exact,ce_fashion_specialist,diagnostic_non_independent,240,21,0.43652757423365907,0.5238619015915901,0.4497105046863853,0.013182930452726227,checked
Обувь,fold_01,name_near,zs_llm_blend,independent,54,5,0.6248366013071895,0.35980552155582757,0.6240858505564388,-0.0007507507507507061,checked
Обувь,fold_01,name_near,knrm_name_v2,independent,54,5,0.6248366013071895,0.4025462962962963,0.5833333333333333,-0.041503267973856284,checked
Обувь,fold_01,name_near,ce_priodistill,diagnostic_non_independent,54,5,0.6248366013071895,0.6989247311827957,0.6756302521008404,0.050793650793650835,checked
Обувь,fold_01,name_near,ce_fashion_specialist,diagnostic_non_independent,54,5,0.6248366013071895,0.7222222222222221,0.6756302521008404,0.050793650793650835,checked
Обувь,fold_01,name_other,zs_llm_blend,independent,4188,420,0.5862473570066025,0.2765084253503454,0.5775907379444779,-0.00865661906212456,checked
Обувь,fold_01,name_other,knrm_name_v2,independent,4188,420,0.5862473570066025,0.2542206724963201,0.5643153577320443,-0.021931999274558134,checked
Обувь,fold_01,name_other,ce_priodistill,diagnostic_non_independent,4188,420,0.5862473570066025,0.5824774186928134,0.5890088966827661,0.00276153967616366,checked
Обувь,fold_01,name_other,ce_fashion_specialist,diagnostic_non_independent,4188,420,0.5862473570066025,0.5709726322076112,0.5892263017981116,0.002978944791509175,checked
Обувь,fold_01,attrs_present,zs_llm_blend,independent,4482,446,0.5788291810730476,0.2734738933898072,0.5712736903263463,-0.007555490746701254,checked
Обувь,fold_01,attrs_present,knrm_name_v2,independent,4482,446,0.5788291810730476,0.2380166884561997,0.5546127745445611,-0.024216406528486445,checked
Обувь,fold_01,attrs_present,ce_priodistill,diagnostic_non_independent,4482,446,0.5788291810730476,0.5762124962447391,0.5817432959000387,0.00291411482699111,checked
Обувь,fold_01,attrs_present,ce_fashion_specialist,diagnostic_non_independent,4482,446,0.5788291810730476,0.5658503130286366,0.5819813627097269,0.0031521816366792965,checked
Обувь,fold_01,brand_agree,zs_llm_blend,independent,538,146,0.6794075190749295,0.43277675453171005,0.6600414898188671,-0.019366029256062345,checked
Обувь,fold_01,brand_agree,knrm_name_v2,independent,538,146,0.6794075190749295,0.4145719094098421,0.6375984424670916,-0.041809076607837836,checked
Обувь,fold_01,brand_agree,ce_priodistill,diagnostic_non_independent,538,146,0.6794075190749295,0.6798557496202072,0.6843028786120998,0.004895359537170352,checked
Обувь,fold_01,brand_agree,ce_fashion_specialist,diagnostic_non_independent,538,146,0.6794075190749295,0.6653214046700855,0.683428635861194,0.004021116786264489,checked
Обувь,fold_01,brand_conflict,zs_llm_blend,independent,475,32,0.645580791398237,0.5424546724526479,0.6693065561587747,0.02372576476053767,checked
Обувь,fold_01,brand_conflict,knrm_name_v2,independent,475,32,0.645580791398237,0.2475721218294386,0.6253075414403462,-0.020273249957890815,checked
Обувь,fold_01,brand_conflict,ce_priodistill,diagnostic_non_independent,475,32,0.645580791398237,0.6786439493864342,0.6478475067602585,0.0022667153620214986,checked
Обувь,fold_01,brand_conflict,ce_fashion_specialist,diagnostic_non_independent,475,32,0.645580791398237,0.6502026267816057,0.6482127565368121,0.0026319651385751097,checked
Обувь,fold_01,brand_one_missing,zs_llm_blend,independent,3469,268,0.5117979628160205,0.2261408866394648,0.5047965939628777,-0.007001368853142842,checked
Обувь,fold_01,brand_one_missing,knrm_name_v2,independent,3469,268,0.5117979628160205,0.18953033601447755,0.4983700453132439,-0.01342791750277661,checked
Обувь,fold_01,brand_one_missing,ce_priodistill,diagnostic_non_independent,3469,268,0.5117979628160205,0.5016520144040969,0.5143634056729223,0.002565442856901745,checked
Обувь,fold_01,brand_one_missing,ce_fashion_specialist,diagnostic_non_independent,3469,268,0.5117979628160205,0.49705352996679275,0.5141544553858801,0.0023564925698595918,checked
Обувь,fold_01,model_agree,zs_llm_blend,independent,59,5,0.8083333333333333,0.5777235772357723,0.7783333333333333,-0.030000000000000027,checked
Обувь,fold_01,model_agree,knrm_name_v2,independent,59,5,0.8083333333333333,0.5136953242835596,0.8761904761904762,0.06785714285714284,checked
Обувь,fold_01,model_agree,ce_priodistill,diagnostic_non_independent,59,5,0.8083333333333333,0.925,0.8083333333333333,0.0,checked
Обувь,fold_01,model_agree,ce_fashion_specialist,diagnostic_non_independent,59,5,0.8083333333333333,0.9428571428571428,0.8083333333333333,0.0,checked
Обувь,fold_01,model_conflict,zs_llm_blend,independent,1218,171,0.6536103724180397,0.41287600265288327,0.6354103643980461,-0.018200008019993552,checked
Обувь,fold_01,model_conflict,knrm_name_v2,independent,1218,171,0.6536103724180397,0.406598877713696,0.6258138787781178,-0.02779649363992187,checked
Обувь,fold_01,model_conflict,ce_priodistill,diagnostic_non_independent,1218,171,0.6536103724180397,0.6615022435920065,0.6591939246492037,0.005583552231164024,checked
Обувь,fold_01,model_conflict,ce_fashion_specialist,diagnostic_non_independent,1218,171,0.6536103724180397,0.6484205621160387,0.6608763397582571,0.00726596734021745,checked
Обувь,fold_01,model_one_missing,zs_llm_blend,independent,3205,270,0.5267407068723505,0.21633647602068667,0.5234999600268879,-0.0032407468454626054,checked
Обувь,fold_01,model_one_missing,knrm_name_v2,independent,3205,270,0.5267407068723505,0.1808204664723757,0.5025961815556728,-0.024144525316677767,checked
Обувь,fold_01,model_one_missing,ce_priodistill,diagnostic_non_independent,3205,270,0.5267407068723505,0.5143310620318085,0.5281817976931201,0.0014410908207695972,checked
Обувь,fold_01,model_one_missing,ce_fashion_specialist,diagnostic_non_independent,3205,270,0.5267407068723505,0.5041362296678367,0.5274345344419269,0.0006938275695763663,checked
Обувь,fold_01,article_both_missing,zs_llm_blend,independent,3369,292,0.5275995673853298,0.23246918269357297,0.5203897155314743,-0.007209851853855476,checked
Обувь,fold_01,article_both_missing,knrm_name_v2,independent,3369,292,0.5275995673853298,0.20519765740494847,0.5152945911677963,-0.012304976217533459,checked
Обувь,fold_01,article_both_missing,ce_priodistill,diagnostic_non_independent,3369,292,0.5275995673853298,0.523105515823162,0.5311193862767444,0.0035198188914146167,checked
Обувь,fold_01,article_both_missing,ce_fashion_specialist,diagnostic_non_independent,3369,292,0.5275995673853298,0.5181521265984964,0.5315431619820683,0.003943594596738542,checked
Обувь,fold_01,article_one_missing,zs_llm_blend,independent,1113,154,0.6819098324197721,0.42554169212877635,0.6591458470646853,-0.022763985355086835,checked
Обувь,fold_01,article_one_missing,knrm_name_v2,independent,1113,154,0.6819098324197721,0.33658871607318297,0.6355505993041782,-0.04635923311559387,checked
Обувь,fold_01,article_one_missing,ce_priodistill,diagnostic_non_independent,1113,154,0.6819098324197721,0.677582814431865,0.685499757548418,0.0035899251286458655,checked
Обувь,fold_01,article_one_missing,ce_fashion_specialist,diagnostic_non_independent,1113,154,0.6819098324197721,0.6563805381570348,0.6847215572843558,0.002811724864583698,checked
Обувь,fold_01,size_comparable_agree,zs_llm_blend,independent,396,60,0.5976941087777419,0.40490405645189853,0.6081679480753196,0.010473839297577725,checked
Обувь,fold_01,size_comparable_agree,knrm_name_v2,independent,396,60,0.5976941087777419,0.28925056605175153,0.5638744694348521,-0.033819639342889785,checked
Обувь,fold_01,size_comparable_agree,ce_priodistill,diagnostic_non_independent,396,60,0.5976941087777419,0.5655445574869035,0.6040549540710853,0.0063608452933434645,checked
Обувь,fold_01,size_comparable_agree,ce_fashion_specialist,diagnostic_non_independent,396,60,0.5976941087777419,0.5691646182964618,0.6027096817308553,0.00501557295311339,checked
Обувь,fold_01,size_comparable_mismatch,zs_llm_blend,independent,3062,296,0.5969430765044376,0.29466031828304046,0.5913531252894614,-0.005589951214976185,checked
Обувь,fold_01,size_comparable_mismatch,knrm_name_v2,independent,3062,296,0.5969430765044376,0.24512219420854517,0.575672929374115,-0.021270147130322603,checked
Обувь,fold_01,size_comparable_mismatch,ce_priodistill,diagnostic_non_independent,3062,296,0.5969430765044376,0.5987880282418288,0.5989291497174727,0.001986073213035122,checked
Обувь,fold_01,size_comparable_mismatch,ce_fashion_specialist,diagnostic_non_independent,3062,296,0.5969430765044376,0.5880316447307185,0.5984997090695392,0.0015566325651016344,checked
Обувь,fold_01,size_not_comparable,zs_llm_blend,independent,1024,90,0.5327777588585539,0.21837270024834707,0.5202794300156289,-0.01249832884292501,checked
Обувь,fold_01,size_not_comparable,knrm_name_v2,independent,1024,90,0.5327777588585539,0.2018978402074718,0.48785391078328005,-0.04492384807527389,checked
Обувь,fold_01,size_not_comparable,ce_priodistill,diagnostic_non_independent,1024,90,0.5327777588585539,0.5203239751441344,0.5349955066187277,0.002217747760173805,checked
Обувь,fold_01,size_not_comparable,ce_fashion_specialist,diagnostic_non_independent,1024,90,0.5327777588585539,0.5116268947318816,0.5351321193084687,0.002354360449914772,checked
Обувь,fold_01,numeric_conflict,zs_llm_blend,independent,59,8,0.705026455026455,0.5451216820460241,0.6607711038961039,-0.04425535113035106,checked
Обувь,fold_01,numeric_conflict,knrm_name_v2,independent,59,8,0.705026455026455,0.4295124415814071,0.6940179918121094,-0.011008463214345565,checked
Обувь,fold_01,numeric_conflict,ce_priodistill,diagnostic_non_independent,59,8,0.705026455026455,0.7693681318681318,0.7532407407407408,0.048214285714285765,checked
Обувь,fold_01,numeric_conflict,ce_fashion_specialist,diagnostic_non_independent,59,8,0.705026455026455,0.7764699381078691,0.7449074074074074,0.03988095238095235,checked
Обувь,fold_01,numeric_missing,zs_llm_blend,independent,4286,419,0.5679053187212214,0.2692553188849089,0.5604882454818805,-0.007417073239340932,checked
Обувь,fold_01,numeric_missing,knrm_name_v2,independent,4286,419,0.5679053187212214,0.23081996735935295,0.5419650695611145,-0.025940249160106954,checked
Обувь,fold_01,numeric_missing,ce_priodistill,diagnostic_non_independent,4286,419,0.5679053187212214,0.5592315360845237,0.5699917280429388,0.0020864093217174418,checked
Обувь,fold_01,numeric_missing,ce_fashion_specialist,diagnostic_non_independent,4286,419,0.5679053187212214,0.5458749706180596,0.5703139200051061,0.0024086012838846482,checked
Обувь,fold_01,numeric_overlap,zs_llm_blend,independent,137,19,0.7244578408941824,0.38123717976574256,0.728126911485085,0.003669070590902601,checked
Обувь,fold_01,numeric_overlap,knrm_name_v2,independent,137,19,0.7244578408941824,0.4065342284442154,0.7178061215310404,-0.006651719363142017,checked
Обувь,fold_01,numeric_overlap,ce_priodistill,diagnostic_non_independent,137,19,0.7244578408941824,0.7800748305817691,0.730917352830615,0.0064595119364325715,checked
Обувь,fold_01,numeric_overlap,ce_fashion_specialist,diagnostic_non_independent,137,19,0.7244578408941824,0.8115336545560206,0.733060869517068,0.008603028622885533,checked
Обувь,fold_01,text_long,zs_llm_blend,independent,1203,123,0.5730469614088027,0.2591790799323686,0.5634272413693842,-0.009619720039418578,checked
Обувь,fold_01,text_long,knrm_name_v2,independent,1203,123,0.5730469614088027,0.25148658236976995,0.5398616545129663,-0.03318530689583643,checked
Обувь,fold_01,text_long,ce_priodistill,diagnostic_non_independent,1203,123,0.5730469614088027,0.6005178010818571,0.5830582586616374,0.010011297252834672,checked
Обувь,fold_01,text_long,ce_fashion_specialist,diagnostic_non_independent,1203,123,0.5730469614088027,0.5945804761799633,0.5843518451140194,0.01130488370521665,checked
Обувь,fold_01,text_medium,zs_llm_blend,independent,3258,322,0.5820874902366312,0.28895311199553947,0.575500153608708,-0.006587336627923213,checked
Обувь,fold_01,text_medium,knrm_name_v2,independent,3258,322,0.5820874902366312,0.238218721849867,0.5632450579543596,-0.01884243228227156,checked
Обувь,fold_01,text_medium,ce_priodistill,diagnostic_non_independent,3258,322,0.5820874902366312,0.5718917186164902,0.5829352993533402,0.0008478091167090085,checked
Обувь,fold_01,text_medium,ce_fashion_specialist,diagnostic_non_independent,3258,322,0.5820874902366312,0.5602827793284296,0.582550774808313,0.00046328457168176573,checked
Обувь,fold_01,text_very_long,zs_llm_blend,independent,21,1,1.0,0.05555555555555555,0.5,-0.5,checked
Обувь,fold_01,text_very_long,knrm_name_v2,independent,21,1,1.0,0.14285714285714285,0.5,-0.5,checked
Обувь,fold_01,text_very_long,ce_priodistill,diagnostic_non_independent,21,1,1.0,1.0,1.0,0.0,checked
Обувь,fold_01,text_very_long,ce_fashion_specialist,diagnostic_non_independent,21,1,1.0,1.0,1.0,0.0,checked
Обувь,fold_01,score_01_05,zs_llm_blend,independent,148,0,,,,,undefined_one_class
Обувь,fold_01,score_01_05,knrm_name_v2,independent,148,0,,,,,undefined_one_class
Обувь,fold_01,score_01_05,ce_priodistill,diagnostic_non_independent,148,0,,,,,undefined_one_class
Обувь,fold_01,score_01_05,ce_fashion_specialist,diagnostic_non_independent,148,0,,,,,undefined_one_class
Обувь,fold_01,score_05_20,zs_llm_blend,independent,1732,9,0.06251428570032297,0.015629206497330333,0.04314742697391886,-0.01936685872640411,checked
Обувь,fold_01,score_05_20,knrm_name_v2,independent,1732,9,0.06251428570032297,0.030768274690310595,0.09846334653837495,0.03594906083805198,checked
Обувь,fold_01,score_05_20,ce_priodistill,diagnostic_non_independent,1732,9,0.06251428570032297,0.06237252857332549,0.12088978603386792,0.05837550033354495,checked
Обувь,fold_01,score_05_20,ce_fashion_specialist,diagnostic_non_independent,1732,9,0.06251428570032297,0.11602363920760148,0.15447032605329816,0.0919560403529752,checked
Обувь,fold_01,score_20_50,zs_llm_blend,independent,1403,48,0.07149965951385605,0.053812361627933056,0.047538927684057763,-0.023960731829798285,checked
Обувь,fold_01,score_20_50,knrm_name_v2,independent,1403,48,0.07149965951385605,0.04064824086238366,0.0537398139321042,-0.01775984558175185,checked
Обувь,fold_01,score_20_50,ce_priodistill,diagnostic_non_independent,1403,48,0.07149965951385605,0.08430491212002014,0.06085986881101632,-0.010639790702839727,checked
Обувь,fold_01,score_20_50,ce_fashion_specialist,diagnostic_non_independent,1403,48,0.07149965951385605,0.09064230281848802,0.06427797357301662,-0.007221685940839426,checked
Обувь,fold_01,score_50_80,zs_llm_blend,independent,1066,289,0.4789350193903164,0.2945851843891382,0.45813740926583324,-0.020797610124483168,checked
Обувь,fold_01,score_50_80,knrm_name_v2,independent,1066,289,0.4789350193903164,0.33052926039690084,0.46758812114748144,-0.011346898242834969,checked
Обувь,fold_01,score_50_80,ce_priodistill,diagnostic_non_independent,1066,289,0.4789350193903164,0.5121160387637198,0.49005561876847364,0.011120599378157237,checked
Обувь,fold_01,score_50_80,ce_fashion_specialist,diagnostic_non_independent,1066,289,0.4789350193903164,0.500955545823138,0.4899702162998779,0.011035196909561507,checked
Обувь,fold_01,score_80_95,zs_llm_blend,independent,133,100,0.8429100068801838,0.8179322353601057,0.8438568736737687,0.0009468667935849107,checked
Обувь,fold_01,score_80_95,knrm_name_v2,independent,133,100,0.8429100068801838,0.7902519526747134,0.7951187909352982,-0.04779121594488556,checked
Обувь,fold_01,score_80_95,ce_priodistill,diagnostic_non_independent,133,100,0.8429100068801838,0.8099331606870384,0.8434227769675144,0.0005127700873306384,checked
Обувь,fold_01,score_80_95,ce_fashion_specialist,diagnostic_non_independent,133,100,0.8429100068801838,0.7845854249439648,0.8442135120991026,0.0013035052189187546,checked
Обувь,fold_01,text_asymmetric,zs_llm_blend,independent,589,55,0.38967808334877085,0.1750680609477254,0.368514873107623,-0.021163210241147867,checked
Обувь,fold_01,text_asymmetric,knrm_name_v2,independent,589,55,0.38967808334877085,0.1871396178863594,0.38793896498769403,-0.001739118361076819,checked
Обувь,fold_01,text_asymmetric,ce_priodistill,diagnostic_non_independent,589,55,0.38967808334877085,0.43493365113604293,0.39558636989727436,0.005908286548503505,checked
Обувь,fold_01,text_asymmetric,ce_fashion_specialist,diagnostic_non_independent,589,55,0.38967808334877085,0.4489135375651786,0.39736882589824263,0.007690742549471774,checked
Обувь,fold_02,all,zs_llm_blend,independent,4622,443,0.5802672270769795,0.2681015065754496,0.5649516372156176,-0.015315589861361945,checked
Обувь,fold_02,all,knrm_name_v2,independent,4622,443,0.5802672270769795,0.18606878840671723,0.547541946316815,-0.032725280760164566,checked
Обувь,fold_02,all,ce_priodistill,diagnostic_non_independent,4622,443,0.5802672270769795,0.5785568100882136,0.5836647679005652,0.0033975408235856763,checked
Обувь,fold_02,all,ce_fashion_specialist,diagnostic_non_independent,4622,443,0.5802672270769795,0.5555957920011281,0.5813499520631233,0.0010827249861438126,checked
Обувь,fold_02,name_exact,zs_llm_blend,independent,263,12,0.41506175823890845,0.14640203560043868,0.4137955481929267,-0.0012662100459817638,checked
Обувь,fold_02,name_exact,knrm_name_v2,independent,263,12,0.41506175823890845,0.07984835646881484,0.3741911031893212,-0.04087065504958726,checked
Обувь,fold_02,name_exact,ce_priodistill,diagnostic_non_independent,263,12,0.41506175823890845,0.42425066845316406,0.4141240759331168,-0.000937682305791665,checked
Обувь,fold_02,name_exact,ce_fashion_specialist,diagnostic_non_independent,263,12,0.41506175823890845,0.4326143376668409,0.41386513054705276,-0.0011966276918556895,checked
Обувь,fold_02,name_near,zs_llm_blend,independent,47,3,0.8055555555555556,0.41239316239316237,0.7555555555555555,-0.050000000000000044,checked
Обувь,fold_02,name_near,knrm_name_v2,independent,47,3,0.8055555555555556,0.6879432624113475,0.7555555555555555,-0.050000000000000044,checked
Обувь,fold_02,name_near,ce_priodistill,diagnostic_non_independent,47,3,0.8055555555555556,0.8055555555555556,0.8055555555555556,0.0,checked
Обувь,fold_02,name_near,ce_fashion_specialist,diagnostic_non_independent,47,3,0.8055555555555556,0.8055555555555556,0.8055555555555556,0.0,checked
Обувь,fold_02,name_other,zs_llm_blend,independent,4312,428,0.586972649465948,0.27702229247691734,0.5742534790712792,-0.012719170394668744,checked
Обувь,fold_02,name_other,knrm_name_v2,independent,4312,428,0.586972649465948,0.19688132196966657,0.5536844655298808,-0.03328818393606714,checked
Обувь,fold_02,name_other,ce_priodistill,diagnostic_non_independent,4312,428,0.586972649465948,0.5828765016184697,0.5907360882404438,0.0037634387744958087,checked
Обувь,fold_02,name_other,ce_fashion_specialist,diagnostic_non_independent,4312,428,0.586972649465948,0.5574296807106294,0.5882230489015551,0.001250399435607119,checked
Обувь,fold_02,attrs_present,zs_llm_blend,independent,4622,443,0.5802672270769795,0.2681015065754496,0.5649516372156176,-0.015315589861361945,checked
Обувь,fold_02,attrs_present,knrm_name_v2,independent,4622,443,0.5802672270769795,0.18606878840671723,0.547541946316815,-0.032725280760164566,checked
Обувь,fold_02,attrs_present,ce_priodistill,diagnostic_non_independent,4622,443,0.5802672270769795,0.5785568100882136,0.5836647679005652,0.0033975408235856763,checked
Обувь,fold_02,attrs_present,ce_fashion_specialist,diagnostic_non_independent,4622,443,0.5802672270769795,0.5555957920011281,0.5813499520631233,0.0010827249861438126,checked
Обувь,fold_02,brand_agree,zs_llm_blend,independent,531,150,0.6829112685942126,0.46008876585377667,0.6880078961761493,0.005096627581936741,checked
Обувь,fold_02,brand_agree,knrm_name_v2,independent,531,150,0.6829112685942126,0.44542722861434497,0.654177348467258,-0.028733920126954637,checked
Обувь,fold_02,brand_agree,ce_priodistill,diagnostic_non_independent,531,150,0.6829112685942126,0.6586238556977055,0.6852650399622341,0.0023537713680215067,checked
Обувь,fold_02,brand_agree,ce_fashion_specialist,diagnostic_non_independent,531,150,0.6829112685942126,0.6339974126234725,0.6832741070716164,0.00036283847740381514,checked
Обувь,fold_02,brand_conflict,zs_llm_blend,independent,462,22,0.6837486620032249,0.37120667719215866,0.5884408030896447,-0.09530785891358018,checked
Обувь,fold_02,brand_conflict,knrm_name_v2,independent,462,22,0.6837486620032249,0.24256138795868593,0.6513511216842103,-0.03239754031901465,checked
Обувь,fold_02,brand_conflict,ce_priodistill,diagnostic_non_independent,462,22,0.6837486620032249,0.6958172383172382,0.6865303262485848,0.0027816642453598606,checked
Обувь,fold_02,brand_conflict,ce_fashion_specialist,diagnostic_non_independent,462,22,0.6837486620032249,0.6623274503326573,0.6748170814649709,-0.008931580538254047,checked
Обувь,fold_02,brand_one_missing,zs_llm_blend,independent,3629,271,0.5022798151381801,0.229001021582601,0.4893522093167715,-0.012927605821408616,checked
Обувь,fold_02,brand_one_missing,knrm_name_v2,independent,3629,271,0.5022798151381801,0.14070613989461334,0.47014795958566635,-0.032131855552513744,checked
Обувь,fold_02,brand_one_missing,ce_priodistill,diagnostic_non_independent,3629,271,0.5022798151381801,0.5181570427325022,0.50620599070806,0.003926175569879953,checked
Обувь,fold_02,brand_one_missing,ce_fashion_specialist,diagnostic_non_independent,3629,271,0.5022798151381801,0.500026652724178,0.5055318804181902,0.003252065280010097,checked
Обувь,fold_02,model_agree,zs_llm_blend,independent,68,2,0.75,1.0,0.75,0.0,checked
Обувь,fold_02,model_agree,knrm_name_v2,independent,68,2,0.75,0.5714285714285714,0.75,0.0,checked
Обувь,fold_02,model_agree,ce_priodistill,diagnostic_non_independent,68,2,0.75,0.7,0.75,0.0,checked
Обувь,fold_02,model_agree,ce_fashion_specialist,diagnostic_non_independent,68,2,0.75,0.7,0.75,0.0,checked
Обувь,fold_02,model_conflict,zs_llm_blend,independent,1266,174,0.7073453175531487,0.40907487232760464,0.6937466131139307,-0.013598704439217957,checked
Обувь,fold_02,model_conflict,knrm_name_v2,independent,1266,174,0.7073453175531487,0.3387532076195168,0.670849349075751,-0.03649596847739767,checked
Обувь,fold_02,model_conflict,ce_priodistill,diagnostic_non_independent,1266,174,0.7073453175531487,0.6847077880626575,0.7092860638829979,0.0019407463298491967,checked
Обувь,fold_02,model_conflict,ce_fashion_specialist,diagnostic_non_independent,1266,174,0.7073453175531487,0.6587881654596695,0.7035734460242128,-0.0037718715289358773,checked
Обувь,fold_02,model_one_missing,zs_llm_blend,independent,3288,267,0.4823175219627904,0.23154288988413063,0.4740490266640886,-0.008268495298701772,checked
Обувь,fold_02,model_one_missing,knrm_name_v2,independent,3288,267,0.4823175219627904,0.14166797225886538,0.44865133796783213,-0.03366618399495824,checked
Обувь,fold_02,model_one_missing,ce_priodistill,diagnostic_non_independent,3288,267,0.4823175219627904,0.49629452900114235,0.48667205445035217,0.004354532487561791,checked
Обувь,fold_02,model_one_missing,ce_fashion_specialist,diagnostic_non_independent,3288,267,0.4823175219627904,0.4778926538738909,0.48488443587799557,0.0025669139152051934,checked
Обувь,fold_02,article_both_missing,zs_llm_blend,independent,3453,288,0.5096883509831329,0.2283565052208192,0.49402044241952003,-0.015667908563612887,checked
Обувь,fold_02,article_both_missing,knrm_name_v2,independent,3453,288,0.5096883509831329,0.1490127231881404,0.47606266959954174,-0.03362568138359118,checked
Обувь,fold_02,article_both_missing,ce_priodistill,diagnostic_non_independent,3453,288,0.5096883509831329,0.5297406057887245,0.5157406425897462,0.006052291606613247,checked
Обувь,fold_02,article_both_missing,ce_fashion_specialist,diagnostic_non_independent,3453,288,0.5096883509831329,0.5130728581719411,0.5147158743812597,0.005027523398126732,checked
Обувь,fold_02,article_one_missing,zs_llm_blend,independent,1169,155,0.6889689190301285,0.43360988804994127,0.6840025895330791,-0.004966329497049338,checked
Обувь,fold_02,article_one_missing,knrm_name_v2,independent,1169,155,0.6889689190301285,0.3289085907997056,0.6574023645655046,-0.031566554464623864,checked
Обувь,fold_02,article_one_missing,ce_priodistill,diagnostic_non_independent,1169,155,0.6889689190301285,0.6635186740962288,0.6883725004834137,-0.000596418546714772,checked
Обувь,fold_02,article_one_missing,ce_fashion_specialist,diagnostic_non_independent,1169,155,0.6889689190301285,0.6316379075513495,0.684180718227516,-0.004788200802612441,checked
Обувь,fold_02,size_comparable_agree,zs_llm_blend,independent,409,63,0.674478899937434,0.37968393611993584,0.6744537933382071,-2.5106599226942805e-05,checked
Обувь,fold_02,size_comparable_agree,knrm_name_v2,independent,409,63,0.674478899937434,0.3264352121338764,0.6601662894212067,-0.014312610516227342,checked
Обувь,fold_02,size_comparable_agree,ce_priodistill,diagnostic_non_independent,409,63,0.674478899937434,0.6519048842769848,0.6750996710717772,0.0006207711343431122,checked
Обувь,fold_02,size_comparable_agree,ce_fashion_specialist,diagnostic_non_independent,409,63,0.674478899937434,0.6305298779334623,0.6748337191565897,0.0003548192191556998,checked
Обувь,fold_02,size_comparable_mismatch,zs_llm_blend,independent,3140,285,0.5766769139777784,0.2568776126669723,0.5601449122308395,-0.016532001746938918,checked
Обувь,fold_02,size_comparable_mismatch,knrm_name_v2,independent,3140,285,0.5766769139777784,0.18362277161069956,0.5446105571352085,-0.032066356842569976,checked
Обувь,fold_02,size_comparable_mismatch,ce_priodistill,diagnostic_non_independent,3140,285,0.5766769139777784,0.5754119889997745,0.580363398874197,0.0036864848964185404,checked
Обувь,fold_02,size_comparable_mismatch,ce_fashion_specialist,diagnostic_non_independent,3140,285,0.5766769139777784,0.5600462511740316,0.5779793565639315,0.0013024425861530853,checked
Обувь,fold_02,size_not_comparable,zs_llm_blend,independent,1073,95,0.5284997782527692,0.2635815583485159,0.5085037432199812,-0.019996035032788018,checked
Обувь,fold_02,size_not_comparable,knrm_name_v2,independent,1073,95,0.5284997782527692,0.14211921125541324,0.47339991271099957,-0.0550998655417696,checked
Обувь,fold_02,size_not_comparable,ce_priodistill,diagnostic_non_independent,1073,95,0.5284997782527692,0.5477902803158521,0.5336675410984645,0.005167762845695312,checked
Обувь,fold_02,size_not_comparable,ce_fashion_specialist,diagnostic_non_independent,1073,95,0.5284997782527692,0.5072201857627948,0.529513335799461,0.0010135575466918567,checked
Обувь,fold_02,numeric_conflict,zs_llm_blend,independent,71,11,0.4103927473492691,0.3430216841981548,0.43753290921696286,0.027140161867693746,checked
Обувь,fold_02,numeric_conflict,knrm_name_v2,independent,71,11,0.4103927473492691,0.23602660387604515,0.4169597763347763,0.006567028985507206,checked
Обувь,fold_02,numeric_conflict,ce_priodistill,diagnostic_non_independent,71,11,0.4103927473492691,0.4351343101343102,0.41843247476698686,0.008039727417717746,checked
Обувь,fold_02,numeric_conflict,ce_fashion_specialist,diagnostic_non_independent,71,11,0.4103927473492691,0.41446225638190665,0.4143002433620282,0.003907496012759082,checked
Обувь,fold_02,numeric_missing,zs_llm_blend,independent,4447,415,0.5873880047439672,0.26798447730838315,0.5688806835448059,-0.01850732119916132,checked
Обувь,fold_02,numeric_missing,knrm_name_v2,independent,4447,415,0.5873880047439672,0.1800543151296426,0.5512347302299637,-0.03615327451400352,checked
Обувь,fold_02,numeric_missing,ce_priodistill,diagnostic_non_independent,4447,415,0.5873880047439672,0.5835278943849573,0.5910341790745645,0.0036461743305972183,checked
Обувь,fold_02,numeric_missing,ce_fashion_specialist,diagnostic_non_independent,4447,415,0.5873880047439672,0.5615485593411689,0.5891141441918243,0.0017261394478570447,checked
Обувь,fold_02,numeric_overlap,zs_llm_blend,independent,104,17,0.6534562007882811,0.2868459240657558,0.6316826781866867,-0.021773522601594486,checked
Обувь,fold_02,numeric_overlap,knrm_name_v2,independent,104,17,0.6534562007882811,0.4184156320926106,0.6413162543780545,-0.012139946410226643,checked
Обувь,fold_02,numeric_overlap,ce_priodistill,diagnostic_non_independent,104,17,0.6534562007882811,0.6692904562143838,0.6607517397162823,0.007295538928001166,checked
Обувь,fold_02,numeric_overlap,ce_fashion_specialist,diagnostic_non_independent,104,17,0.6534562007882811,0.6236379074581958,0.6402742842935886,-0.01318191649469258,checked
Обувь,fold_02,text_long,zs_llm_blend,independent,1137,101,0.5307588449880613,0.19437401612203759,0.5220810942535196,-0.00867775073454169,checked
Обувь,fold_02,text_long,knrm_name_v2,independent,1137,101,0.5307588449880613,0.17213780368961829,0.4767754380577117,-0.05398340693034953,checked
Обувь,fold_02,text_long,ce_priodistill,diagnostic_non_independent,1137,101,0.5307588449880613,0.5198072561405969,0.5371677064068272,0.006408861418765954,checked
Обувь,fold_02,text_long,ce_fashion_specialist,diagnostic_non_independent,1137,101,0.5307588449880613,0.508733448503221,0.5330882817570551,0.0023294367689938866,checked
Обувь,fold_02,text_medium,zs_llm_blend,independent,3457,341,0.5983061675056919,0.3000134354229867,0.5829831154039681,-0.0153230521017238,checked
Обувь,fold_02,text_medium,knrm_name_v2,independent,3457,341,0.5983061675056919,0.19273836909115027,0.570080986864002,-0.028225180641689884,checked
Обувь,fold_02,text_medium,ce_priodistill,diagnostic_non_independent,3457,341,0.5983061675056919,0.5998876984683261,0.6013717892769608,0.0030656217712689005,checked
Обувь,fold_02,text_medium,ce_fashion_specialist,diagnostic_non_independent,3457,341,0.5983061675056919,0.5729117858044459,0.5982585639569776,-4.760354871424788e-05,checked
Обувь,fold_02,text_very_long,zs_llm_blend,independent,28,1,0.5,0.1111111111111111,0.3333333333333333,-0.16666666666666669,checked
Обувь,fold_02,text_very_long,knrm_name_v2,independent,28,1,0.5,0.1,0.25,-0.25,checked
Обувь,fold_02,text_very_long,ce_priodistill,diagnostic_non_independent,28,1,0.5,0.3333333333333333,0.3333333333333333,-0.16666666666666669,checked
Обувь,fold_02,text_very_long,ce_fashion_specialist,diagnostic_non_independent,28,1,0.5,0.25,0.25,-0.25,checked
Обувь,fold_02,score_01_05,zs_llm_blend,independent,98,0,,,,,undefined_one_class
Обувь,fold_02,score_01_05,knrm_name_v2,independent,98,0,,,,,undefined_one_class
Обувь,fold_02,score_01_05,ce_priodistill,diagnostic_non_independent,98,0,,,,,undefined_one_class
Обувь,fold_02,score_01_05,ce_fashion_specialist,diagnostic_non_independent,98,0,,,,,undefined_one_class
Обувь,fold_02,score_05_20,zs_llm_blend,independent,1665,7,0.008138440011307788,0.003457757834961346,0.006573650129808909,-0.0015647898814988796,checked
Обувь,fold_02,score_05_20,knrm_name_v2,independent,1665,7,0.008138440011307788,0.0074430037450958775,0.007770230061246844,-0.0003682099500609444,checked
Обувь,fold_02,score_05_20,ce_priodistill,diagnostic_non_independent,1665,7,0.008138440011307788,0.043821633443147996,0.012118518782097567,0.003980078770789779,checked
Обувь,fold_02,score_05_20,ce_fashion_specialist,diagnostic_non_independent,1665,7,0.008138440011307788,0.03863795670075138,0.012168566583004341,0.004030126571696553,checked
Обувь,fold_02,score_20_50,zs_llm_blend,independent,1739,54,0.08482889917540434,0.0773007880501802,0.09689278743736023,0.012063888261955882,checked
Обувь,fold_02,score_20_50,knrm_name_v2,independent,1739,54,0.08482889917540434,0.04191938452218276,0.09161448738601835,0.0067855882106140075,checked
Обувь,fold_02,score_20_50,ce_priodistill,diagnostic_non_independent,1739,54,0.08482889917540434,0.09209298593470888,0.08556198145720094,0.000733082281796596,checked
Обувь,fold_02,score_20_50,ce_fashion_specialist,diagnostic_non_independent,1739,54,0.08482889917540434,0.08473215406536568,0.0810985602417613,-0.0037303389336430376,checked
Обувь,fold_02,score_50_80,zs_llm_blend,independent,1030,312,0.5331306123009065,0.30203372202550394,0.48581245950607815,-0.04731815279482837,checked
Обувь,fold_02,score_50_80,knrm_name_v2,independent,1030,312,0.5331306123009065,0.35286626092920603,0.5069687914755576,-0.026161820825348903,checked
Обувь,fold_02,score_50_80,ce_priodistill,diagnostic_non_independent,1030,312,0.5331306123009065,0.5424660118882304,0.5431712627233924,0.01004065042248592,checked
Обувь,fold_02,score_50_80,ce_fashion_specialist,diagnostic_non_independent,1030,312,0.5331306123009065,0.5212755456323783,0.5391831231113602,0.00605251081045366,checked
Обувь,fold_02,score_80_95,zs_llm_blend,independent,89,69,0.8769897032011119,0.8807143613701863,0.8870156926326889,0.010025989431576954,checked
Обувь,fold_02,score_80_95,knrm_name_v2,independent,89,69,0.8769897032011119,0.74609769478691,0.7615684633230928,-0.11542123987801911,checked
Обувь,fold_02,score_80_95,ce_priodistill,diagnostic_non_independent,89,69,0.8769897032011119,0.8271317351534173,0.8683739070140274,-0.008615796187084523,checked
Обувь,fold_02,score_80_95,ce_fashion_specialist,diagnostic_non_independent,89,69,0.8769897032011119,0.7950296312008529,0.859184483744478,-0.017805219456633936,checked
Обувь,fold_02,score_95_99,zs_llm_blend,independent,1,1,,,,,undefined_one_class
Обувь,fold_02,score_95_99,knrm_name_v2,independent,1,1,,,,,undefined_one_class
Обувь,fold_02,score_95_99,ce_priodistill,diagnostic_non_independent,1,1,,,,,undefined_one_class
Обувь,fold_02,score_95_99,ce_fashion_specialist,diagnostic_non_independent,1,1,,,,,undefined_one_class
Обувь,fold_02,text_asymmetric,zs_llm_blend,independent,556,47,0.3947547879807009,0.1940685338873893,0.3804356550007965,-0.014319132979904392,checked
Обувь,fold_02,text_asymmetric,knrm_name_v2,independent,556,47,0.3947547879807009,0.14215094034492456,0.3500332664651417,-0.04472152151555919,checked
Обувь,fold_02,text_asymmetric,ce_priodistill,diagnostic_non_independent,556,47,0.3947547879807009,0.36679824800661714,0.3934774661670328,-0.0012773218136681308,checked
Обувь,fold_02,text_asymmetric,ce_fashion_specialist,diagnostic_non_independent,556,47,0.3947547879807009,0.3649954804205447,0.3885534828647878,-0.006201305115913103,checked
Обувь,fold_03,all,zs_llm_blend,independent,4616,436,0.5896732952561569,0.2792144252345795,0.5817268875175705,-0.007946407738586347,checked
Обувь,fold_03,all,knrm_name_v2,independent,4616,436,0.5896732952561569,0.21359611005019405,0.5622010401375968,-0.027472255118560107,checked
Обувь,fold_03,all,ce_priodistill,diagnostic_non_independent,4616,436,0.5896732952561569,0.5850713733411885,0.5918859090481293,0.002212613791972462,checked
Обувь,fold_03,all,ce_fashion_specialist,diagnostic_non_independent,4616,436,0.5896732952561569,0.576314278233785,0.5928553363253354,0.0031820410691785206,checked
Обувь,fold_03,name_exact,zs_llm_blend,independent,232,19,0.5732665047138732,0.3303536793576932,0.589878635013177,0.016612130299303862,checked
Обувь,fold_03,name_exact,knrm_name_v2,independent,232,19,0.5732665047138732,0.20814840919636646,0.6095319568377684,0.0362654521238952,checked
Обувь,fold_03,name_exact,ce_priodistill,diagnostic_non_independent,232,19,0.5732665047138732,0.5927491745036286,0.5730723005983158,-0.0001942041155573726,checked
Обувь,fold_03,name_exact,ce_fashion_specialist,diagnostic_non_independent,232,19,0.5732665047138732,0.584654052163835,0.57061928977738,-0.002647214936493225,checked
Обувь,fold_03,name_near,zs_llm_blend,independent,53,4,1.0,0.08747246905141642,1.0,0.0,checked
Обувь,fold_03,name_near,knrm_name_v2,independent,53,4,1.0,0.5595238095238095,1.0,0.0,checked
Обувь,fold_03,name_near,ce_priodistill,diagnostic_non_independent,53,4,1.0,1.0,1.0,0.0,checked
Обувь,fold_03,name_near,ce_fashion_specialist,diagnostic_non_independent,53,4,1.0,1.0,1.0,0.0,checked
Обувь,fold_03,name_other,zs_llm_blend,independent,4331,413,0.5894322216443147,0.2862412111213983,0.5796768490463039,-0.009755372598010847,checked
Обувь,fold_03,name_other,knrm_name_v2,independent,4331,413,0.5894322216443147,0.2149141583880712,0.5576288130357328,-0.031803408608581996,checked
Обувь,fold_03,name_other,ce_priodistill,diagnostic_non_independent,4331,413,0.5894322216443147,0.5830881758701871,0.5912967190834868,0.0018644974391720526,checked
Обувь,fold_03,name_other,ce_fashion_specialist,diagnostic_non_independent,4331,413,0.5894322216443147,0.5741632355423715,0.5925266736547704,0.0030944520104556617,checked
Обувь,fold_03,attrs_present,zs_llm_blend,independent,4616,436,0.5896732952561569,0.2792144252345795,0.5817268875175705,-0.007946407738586347,checked
Обувь,fold_03,attrs_present,knrm_name_v2,independent,4616,436,0.5896732952561569,0.21359611005019405,0.5622010401375968,-0.027472255118560107,checked
Обувь,fold_03,attrs_present,ce_priodistill,diagnostic_non_independent,4616,436,0.5896732952561569,0.5850713733411885,0.5918859090481293,0.002212613791972462,checked
Обувь,fold_03,attrs_present,ce_fashion_specialist,diagnostic_non_independent,4616,436,0.5896732952561569,0.576314278233785,0.5928553363253354,0.0031820410691785206,checked
Обувь,fold_03,brand_agree,zs_llm_blend,independent,566,158,0.6477476127457524,0.43982784208861847,0.6436523150800567,-0.0040952976656957185,checked
Обувь,fold_03,brand_agree,knrm_name_v2,independent,566,158,0.6477476127457524,0.3915266993965872,0.6199921745771815,-0.027755438168570956,checked
Обувь,fold_03,brand_agree,ce_priodistill,diagnostic_non_independent,566,158,0.6477476127457524,0.6217966962307846,0.6496438749382836,0.0018962621925311396,checked
Обувь,fold_03,brand_agree,ce_fashion_specialist,diagnostic_non_independent,566,158,0.6477476127457524,0.604903476801144,0.6484828301890566,0.0007352174433041814,checked
Обувь,fold_03,brand_conflict,zs_llm_blend,independent,473,37,0.7054271767596669,0.41564474807849977,0.6645856303945152,-0.04084154636515169,checked
Обувь,fold_03,brand_conflict,knrm_name_v2,independent,473,37,0.7054271767596669,0.22562583560914554,0.6893511482573356,-0.016076028502331363,checked
Обувь,fold_03,brand_conflict,ce_priodistill,diagnostic_non_independent,473,37,0.7054271767596669,0.7337067371092305,0.7150139248742715,0.009586748114604582,checked
Обувь,fold_03,brand_conflict,ce_fashion_specialist,diagnostic_non_independent,473,37,0.7054271767596669,0.7318501014785572,0.7157742394329802,0.010347062673313312,checked
Обувь,fold_03,brand_one_missing,zs_llm_blend,independent,3577,241,0.5295311436576812,0.2471807465572183,0.5348654671345637,0.005334323476882563,checked
Обувь,fold_03,brand_one_missing,knrm_name_v2,independent,3577,241,0.5295311436576812,0.15882712758992482,0.5033400111171273,-0.02619113254055383,checked
Обувь,fold_03,brand_one_missing,ce_priodistill,diagnostic_non_independent,3577,241,0.5295311436576812,0.5255077019803611,0.5323587234734307,0.002827579815749548,checked
Обувь,fold_03,brand_one_missing,ce_fashion_specialist,diagnostic_non_independent,3577,241,0.5295311436576812,0.5209640079428395,0.5329864435679605,0.0034552999102793747,checked
Обувь,fold_03,model_agree,zs_llm_blend,independent,73,4,0.7928571428571429,0.2790334665334665,0.6845238095238095,-0.10833333333333339,checked
Обувь,fold_03,model_agree,knrm_name_v2,independent,73,4,0.7928571428571429,0.46874999999999994,0.8875,0.09464285714285703,checked
Обувь,fold_03,model_agree,ce_priodistill,diagnostic_non_independent,73,4,0.7928571428571429,0.7321428571428572,0.7678571428571428,-0.025000000000000133,checked
Обувь,fold_03,model_agree,ce_fashion_specialist,diagnostic_non_independent,73,4,0.7928571428571429,0.7182539682539683,0.7678571428571428,-0.025000000000000133,checked
Обувь,fold_03,model_conflict,zs_llm_blend,independent,1248,184,0.6585563346487405,0.43597131485131574,0.6488778168299111,-0.009678517818829446,checked
Обувь,fold_03,model_conflict,knrm_name_v2,independent,1248,184,0.6585563346487405,0.3629846533726582,0.6339169525176477,-0.024639382131092846,checked
Обувь,fold_03,model_conflict,ce_priodistill,diagnostic_non_independent,1248,184,0.6585563346487405,0.6366670797525961,0.6608465173110438,0.0022901826623032973,checked
Обувь,fold_03,model_conflict,ce_fashion_specialist,diagnostic_non_independent,1248,184,0.6585563346487405,0.6209672294933576,0.6597292996192823,0.0011729649705417566,checked
Обувь,fold_03,model_one_missing,zs_llm_blend,independent,3295,248,0.5331548818596848,0.24139603440282908,0.5300394233812038,-0.003115458478481048,checked
Обувь,fold_03,model_one_missing,knrm_name_v2,independent,3295,248,0.5331548818596848,0.15167466801471605,0.5006398184238543,-0.03251506343583055,checked
Обувь,fold_03,model_one_missing,ce_priodistill,diagnostic_non_independent,3295,248,0.5331548818596848,0.5459198384484062,0.5366525401266878,0.00349765826700299,checked
Обувь,fold_03,model_one_missing,ce_fashion_specialist,diagnostic_non_independent,3295,248,0.5331548818596848,0.5417709628856004,0.5392684552101654,0.006113573350480572,checked
Обувь,fold_03,article_both_missing,zs_llm_blend,independent,3428,275,0.5275591804708328,0.2399325568838853,0.5258539597162122,-0.001705220754620651,checked
Обувь,fold_03,article_both_missing,knrm_name_v2,independent,3428,275,0.5275591804708328,0.1758878929772536,0.5040228253862223,-0.023536355084610494,checked
Обувь,fold_03,article_both_missing,ce_priodistill,diagnostic_non_independent,3428,275,0.5275591804708328,0.5380256173266085,0.5317096999431206,0.004150519472287728,checked
Обувь,fold_03,article_both_missing,ce_fashion_specialist,diagnostic_non_independent,3428,275,0.5275591804708328,0.5303478217019625,0.5330376639923576,0.005478483521524802,checked
Обувь,fold_03,article_one_missing,zs_llm_blend,independent,1188,161,0.6834495418534015,0.4405942034606696,0.6735840549641218,-0.009865486889279684,checked
Обувь,fold_03,article_one_missing,knrm_name_v2,independent,1188,161,0.6834495418534015,0.3199562680193949,0.6576645144304092,-0.025785027422992268,checked
Обувь,fold_03,article_one_missing,ce_priodistill,diagnostic_non_independent,1188,161,0.6834495418534015,0.6548912133365722,0.6868190577665186,0.0033695159131171826,checked
Обувь,fold_03,article_one_missing,ce_fashion_specialist,diagnostic_non_independent,1188,161,0.6834495418534015,0.6430435581250696,0.6856769916369894,0.0022274497835879092,checked
Обувь,fold_03,size_comparable_agree,zs_llm_blend,independent,429,76,0.6789288967688418,0.3973249301650881,0.6693170260849436,-0.009611870683898238,checked
Обувь,fold_03,size_comparable_agree,knrm_name_v2,independent,429,76,0.6789288967688418,0.29243047683516565,0.6415735034470759,-0.03735539332176596,checked
Обувь,fold_03,size_comparable_agree,ce_priodistill,diagnostic_non_independent,429,76,0.6789288967688418,0.674546353769999,0.6838729282496439,0.004944031480802025,checked
Обувь,fold_03,size_comparable_agree,ce_fashion_specialist,diagnostic_non_independent,429,76,0.6789288967688418,0.6691850657200744,0.684505920960631,0.005577024191789182,checked
Обувь,fold_03,size_comparable_mismatch,zs_llm_blend,independent,3081,282,0.5804721337477622,0.2585695659678039,0.5803195186387495,-0.00015261510901265485,checked
Обувь,fold_03,size_comparable_mismatch,knrm_name_v2,independent,3081,282,0.5804721337477622,0.20986187737810397,0.5590450757931288,-0.0214270579546334,checked
Обувь,fold_03,size_comparable_mismatch,ce_priodistill,diagnostic_non_independent,3081,282,0.5804721337477622,0.5697353479693236,0.5814217699077118,0.0009496361599495851,checked
Обувь,fold_03,size_comparable_mismatch,ce_fashion_specialist,diagnostic_non_independent,3081,282,0.5804721337477622,0.5608245637388104,0.5816912794882874,0.0012191457405251738,checked
Обувь,fold_03,size_not_comparable,zs_llm_blend,independent,1106,78,0.54589147199378,0.22913689116976776,0.5402318968890866,-0.005659575104693393,checked
Обувь,fold_03,size_not_comparable,knrm_name_v2,independent,1106,78,0.54589147199378,0.210059664344956,0.5199632622113667,-0.02592820978241328,checked
Обувь,fold_03,size_not_comparable,ce_priodistill,diagnostic_non_independent,1106,78,0.54589147199378,0.5744043451098456,0.5529585783114193,0.007067106317639293,checked
Обувь,fold_03,size_not_comparable,ce_fashion_specialist,diagnostic_non_independent,1106,78,0.54589147199378,0.5681919896497365,0.5526775936780726,0.006786121684292601,checked
Обувь,fold_03,numeric_conflict,zs_llm_blend,independent,71,11,0.7663947163947163,0.583836174458184,0.8357571721208086,0.06936245572609223,checked
Обувь,fold_03,numeric_conflict,knrm_name_v2,independent,71,11,0.7663947163947163,0.3857994946230241,0.8160829069919979,0.04968819059728158,checked
Обувь,fold_03,numeric_conflict,ce_priodistill,diagnostic_non_independent,71,11,0.7663947163947163,0.6541193654830018,0.7663947163947163,0.0,checked
Обувь,fold_03,numeric_conflict,ce_fashion_specialist,diagnostic_non_independent,71,11,0.7663947163947163,0.6601799715436079,0.7663947163947163,0.0,checked
Обувь,fold_03,numeric_missing,zs_llm_blend,independent,4386,399,0.57283287358976,0.2811606717907638,0.5626603320303766,-0.010172541559383408,checked
Обувь,fold_03,numeric_missing,knrm_name_v2,independent,4386,399,0.57283287358976,0.20322615832496949,0.5408369899650821,-0.03199588362467787,checked
Обувь,fold_03,numeric_missing,ce_priodistill,diagnostic_non_independent,4386,399,0.57283287358976,0.5746711325412924,0.5748452693968991,0.002012395807139078,checked
Обувь,fold_03,numeric_missing,ce_fashion_specialist,diagnostic_non_independent,4386,399,0.57283287358976,0.5621768070069306,0.5756965628530839,0.002863689263323921,checked
Обувь,fold_03,numeric_overlap,zs_llm_blend,independent,159,26,0.7951529446975231,0.2246062958449372,0.7858044316386434,-0.009348513058879626,checked
Обувь,fold_03,numeric_overlap,knrm_name_v2,independent,159,26,0.7951529446975231,0.42329977358369586,0.7847620449523341,-0.01039089974518892,checked
Обувь,fold_03,numeric_overlap,ce_priodistill,diagnostic_non_independent,159,26,0.7951529446975231,0.7507175723753549,0.7985503959498221,0.0033974512522990663,checked
Обувь,fold_03,numeric_overlap,ce_fashion_specialist,diagnostic_non_independent,159,26,0.7951529446975231,0.7504495675236803,0.7957075892176934,0.0005546445201702888,checked
Обувь,fold_03,text_long,zs_llm_blend,independent,1211,124,0.5188173772989406,0.2895714203445452,0.5153397267136878,-0.003477650585252845,checked
Обувь,fold_03,text_long,knrm_name_v2,independent,1211,124,0.5188173772989406,0.2136138188538886,0.5013600184767049,-0.017457358822235758,checked
Обувь,fold_03,text_long,ce_priodistill,diagnostic_non_independent,1211,124,0.5188173772989406,0.47770207627911304,0.5188217098899857,4.332591045042022e-06,checked
Обувь,fold_03,text_long,ce_fashion_specialist,diagnostic_non_independent,1211,124,0.5188173772989406,0.48081395542142247,0.5175831875756202,-0.0012341897233204557,checked
Обувь,fold_03,text_medium,zs_llm_blend,independent,3373,312,0.6166910888670117,0.2886821906569714,0.607266476229656,-0.009424612637355723,checked
Обувь,fold_03,text_medium,knrm_name_v2,independent,3373,312,0.6166910888670117,0.21619870633325725,0.5860857182232405,-0.030605370643771224,checked
Обувь,fold_03,text_medium,ce_priodistill,diagnostic_non_independent,3373,312,0.6166910888670117,0.6291657963629219,0.6210973108577968,0.004406221990785109,checked
Обувь,fold_03,text_medium,ce_fashion_specialist,diagnostic_non_independent,3373,312,0.6166910888670117,0.6144303951680254,0.621736879588457,0.005045790721445287,checked
Обувь,fold_03,text_very_long,zs_llm_blend,independent,32,0,,,,,undefined_one_class
Обувь,fold_03,text_very_long,knrm_name_v2,independent,32,0,,,,,undefined_one_class
Обувь,fold_03,text_very_long,ce_priodistill,diagnostic_non_independent,32,0,,,,,undefined_one_class
Обувь,fold_03,text_very_long,ce_fashion_specialist,diagnostic_non_independent,32,0,,,,,undefined_one_class
Обувь,fold_03,score_01_05,zs_llm_blend,independent,127,0,,,,,undefined_one_class
Обувь,fold_03,score_01_05,knrm_name_v2,independent,127,0,,,,,undefined_one_class
Обувь,fold_03,score_01_05,ce_priodistill,diagnostic_non_independent,127,0,,,,,undefined_one_class
Обувь,fold_03,score_01_05,ce_fashion_specialist,diagnostic_non_independent,127,0,,,,,undefined_one_class
Обувь,fold_03,score_05_20,zs_llm_blend,independent,1721,1,0.0013869625520110957,0.0032679738562091504,0.0016286644951140066,0.00024170194310291085,checked
Обувь,fold_03,score_05_20,knrm_name_v2,independent,1721,1,0.0013869625520110957,0.0034129692832764505,0.001697792869269949,0.0003108303172588533,checked
Обувь,fold_03,score_05_20,ce_priodistill,diagnostic_non_independent,1721,1,0.0013869625520110957,0.012195121951219513,0.0016366612111292963,0.0002496986591182006,checked
Обувь,fold_03,score_05_20,ce_fashion_specialist,diagnostic_non_independent,1721,1,0.0013869625520110957,0.0038022813688212928,0.001519756838905775,0.00013279428689467934,checked
Обувь,fold_03,score_20_50,zs_llm_blend,independent,1525,44,0.04662163819666347,0.04170527634017983,0.0502588662852189,0.003637228088555433,checked
Обувь,fold_03,score_20_50,knrm_name_v2,independent,1525,44,0.04662163819666347,0.032499016282258764,0.049143906640385204,0.002522268443721734,checked
Обувь,fold_03,score_20_50,ce_priodistill,diagnostic_non_independent,1525,44,0.04662163819666347,0.08323928197824455,0.05785042963003878,0.01122879143337531,checked
Обувь,fold_03,score_20_50,ce_fashion_specialist,diagnostic_non_independent,1525,44,0.04662163819666347,0.08682241015416212,0.05625968322409533,0.00963804502743186,checked
Обувь,fold_03,score_50_80,zs_llm_blend,independent,1147,322,0.5367519056261256,0.3372128213298239,0.5264380857031228,-0.010313819923002843,checked
Обувь,fold_03,score_50_80,knrm_name_v2,independent,1147,322,0.5367519056261256,0.3506972685441224,0.5233632863862469,-0.013388619239878774,checked
Обувь,fold_03,score_50_80,ce_priodistill,diagnostic_non_independent,1147,322,0.5367519056261256,0.5401435445586725,0.5356494702204991,-0.0011024354056264896,checked
Обувь,fold_03,score_50_80,ce_fashion_specialist,diagnostic_non_independent,1147,322,0.5367519056261256,0.5216447068399201,0.5367362422730508,-1.566335307479072e-05,checked
Обувь,fold_03,score_80_95,zs_llm_blend,independent,96,69,0.8759919798750859,0.7581928915998523,0.8421867169006098,-0.03380526297447617,checked
Обувь,fold_03,score_80_95,knrm_name_v2,independent,96,69,0.8759919798750859,0.6460083010085675,0.7652378857521891,-0.11075409412289683,checked
Обувь,fold_03,score_80_95,ce_priodistill,diagnostic_non_independent,96,69,0.8759919798750859,0.8423841889041925,0.8629591866492414,-0.013032793225844497,checked
Обувь,fold_03,score_80_95,ce_fashion_specialist,diagnostic_non_independent,96,69,0.8759919798750859,0.8542641628882812,0.8714969002761207,-0.004495079598965224,checked
Обувь,fold_03,text_asymmetric,zs_llm_blend,independent,568,35,0.35155252895930555,0.12847582606209942,0.3545452860551805,0.0029927570958749317,checked
Обувь,fold_03,text_asymmetric,knrm_name_v2,independent,568,35,0.35155252895930555,0.15934697471465936,0.35403155506192635,0.002479026102620796,checked
Обувь,fold_03,text_asymmetric,ce_priodistill,diagnostic_non_independent,568,35,0.35155252895930555,0.35434054682872307,0.3513211016916282,-0.00023142726767733102,checked
Обувь,fold_03,text_asymmetric,ce_fashion_specialist,diagnostic_non_independent,568,35,0.35155252895930555,0.3519287954059362,0.3527360447426217,0.001183515783316158,checked
Обувь,fold_04,all,zs_llm_blend,independent,4642,488,0.5677430507557529,0.2766532250445418,0.5550280165858856,-0.0127150341698673,checked
Обувь,fold_04,all,knrm_name_v2,independent,4642,488,0.5677430507557529,0.25929997948219885,0.5530769548445569,-0.014666095911196053,checked
Обувь,fold_04,all,ce_priodistill,diagnostic_non_independent,4642,488,0.5677430507557529,0.5720027410164575,0.5718343955512227,0.004091344795469798,checked
Обувь,fold_04,all,ce_fashion_specialist,diagnostic_non_independent,4642,488,0.5677430507557529,0.5665163811337754,0.5714752693116695,0.0037322185559165444,checked
Обувь,fold_04,name_exact,zs_llm_blend,independent,254,17,0.4349061874299151,0.5086899578403027,0.44195600038809196,0.00704981295817686,checked
Обувь,fold_04,name_exact,knrm_name_v2,independent,254,17,0.4349061874299151,0.20715636375534108,0.4425383745527783,0.007632187122863177,checked
Обувь,fold_04,name_exact,ce_priodistill,diagnostic_non_independent,254,17,0.4349061874299151,0.4530828594557248,0.4384491554322511,0.003542968002336,checked
Обувь,fold_04,name_exact,ce_fashion_specialist,diagnostic_non_independent,254,17,0.4349061874299151,0.44659521769968896,0.4420271481801235,0.007120960750208405,checked
Обувь,fold_04,name_near,zs_llm_blend,independent,46,2,1.0,0.1111111111111111,1.0,0.0,checked
Обувь,fold_04,name_near,knrm_name_v2,independent,46,2,1.0,0.14583333333333331,1.0,0.0,checked
Обувь,fold_04,name_near,ce_priodistill,diagnostic_non_independent,46,2,1.0,1.0,1.0,0.0,checked
Обувь,fold_04,name_near,ce_fashion_specialist,diagnostic_non_independent,46,2,1.0,0.8333333333333333,1.0,0.0,checked
Обувь,fold_04,name_other,zs_llm_blend,independent,4342,469,0.5690163546407934,0.2799292790660483,0.555853465510836,-0.013162889129957334,checked
Обувь,fold_04,name_other,knrm_name_v2,independent,4342,469,0.5690163546407934,0.2693274527999333,0.553567927937709,-0.015448426703084328,checked
Обувь,fold_04,name_other,ce_priodistill,diagnostic_non_independent,4342,469,0.5690163546407934,0.5735607290874345,0.5731317276549234,0.004115373014130008,checked
Обувь,fold_04,name_other,ce_fashion_specialist,diagnostic_non_independent,4342,469,0.5690163546407934,0.567813532992067,0.5728332616036679,0.003816906962874511,checked
Обувь,fold_04,attrs_present,zs_llm_blend,independent,4642,488,0.5677430507557529,0.2766532250445418,0.5550280165858856,-0.0127150341698673,checked
Обувь,fold_04,attrs_present,knrm_name_v2,independent,4642,488,0.5677430507557529,0.25929997948219885,0.5530769548445569,-0.014666095911196053,checked
Обувь,fold_04,attrs_present,ce_priodistill,diagnostic_non_independent,4642,488,0.5677430507557529,0.5720027410164575,0.5718343955512227,0.004091344795469798,checked
Обувь,fold_04,attrs_present,ce_fashion_specialist,diagnostic_non_independent,4642,488,0.5677430507557529,0.5665163811337754,0.5714752693116695,0.0037322185559165444,checked
Обувь,fold_04,brand_agree,zs_llm_blend,independent,572,173,0.6630257213873673,0.39411903693823364,0.6420146353326974,-0.021011086054669836,checked
Обувь,fold_04,brand_agree,knrm_name_v2,independent,572,173,0.6630257213873673,0.4602325524077254,0.6608748160299118,-0.002150905357455435,checked
Обувь,fold_04,brand_agree,ce_priodistill,diagnostic_non_independent,572,173,0.6630257213873673,0.6471968053187628,0.6706259599601981,0.007600238572830875,checked
Обувь,fold_04,brand_agree,ce_fashion_specialist,diagnostic_non_independent,572,173,0.6630257213873673,0.642405280586585,0.6740270148434714,0.011001293456104122,checked
Обувь,fold_04,brand_conflict,zs_llm_blend,independent,457,40,0.7331906700899474,0.4527241153175261,0.7217980481188478,-0.011392621971099581,checked
Обувь,fold_04,brand_conflict,knrm_name_v2,independent,457,40,0.7331906700899474,0.30983193310459994,0.7292200101060246,-0.003970659983922875,checked
Обувь,fold_04,brand_conflict,ce_priodistill,diagnostic_non_independent,457,40,0.7331906700899474,0.785320270426022,0.74627936339907,0.013088693309122545,checked
Обувь,fold_04,brand_conflict,ce_fashion_specialist,diagnostic_non_independent,457,40,0.7331906700899474,0.788430686629817,0.7449676279447383,0.011776957854790826,checked
Обувь,fold_04,brand_one_missing,zs_llm_blend,independent,3613,275,0.48754153733151134,0.2503094430053891,0.48299445766675964,-0.0045470796647517076,checked
Обувь,fold_04,brand_one_missing,knrm_name_v2,independent,3613,275,0.48754153733151134,0.17298557265355005,0.46957038768492765,-0.017971149646583695,checked
Обувь,fold_04,brand_one_missing,ce_priodistill,diagnostic_non_independent,3613,275,0.48754153733151134,0.49697425159576747,0.4910798855806282,0.0035383482491168627,checked
Обувь,fold_04,brand_one_missing,ce_fashion_specialist,diagnostic_non_independent,3613,275,0.48754153733151134,0.49481683777578855,0.4903284749352739,0.0027869376037625293,checked
Обувь,fold_04,model_agree,zs_llm_blend,independent,78,7,0.9999999999999998,0.828141783029001,0.9999999999999998,0.0,checked
Обувь,fold_04,model_agree,knrm_name_v2,independent,78,7,0.9999999999999998,0.5461582068724926,0.9999999999999998,0.0,checked
Обувь,fold_04,model_agree,ce_priodistill,diagnostic_non_independent,78,7,0.9999999999999998,0.982142857142857,0.9999999999999998,0.0,checked
Обувь,fold_04,model_agree,ce_fashion_specialist,diagnostic_non_independent,78,7,0.9999999999999998,0.982142857142857,0.9999999999999998,0.0,checked
Обувь,fold_04,model_conflict,zs_llm_blend,independent,1243,210,0.6983925353972497,0.3883459884491098,0.6718029382197518,-0.02658959717749787,checked
Обувь,fold_04,model_conflict,knrm_name_v2,independent,1243,210,0.6983925353972497,0.4397182134964175,0.6961309427265577,-0.0022615926706919254,checked
Обувь,fold_04,model_conflict,ce_priodistill,diagnostic_non_independent,1243,210,0.6983925353972497,0.696025949951149,0.7063977406495809,0.008005205252331282,checked
Обувь,fold_04,model_conflict,ce_fashion_specialist,diagnostic_non_independent,1243,210,0.6983925353972497,0.6824544448340795,0.7077948031876604,0.009402267790410757,checked
Обувь,fold_04,model_one_missing,zs_llm_blend,independent,3321,271,0.44827889010116234,0.2418606710919743,0.4448030402896826,-0.0034758498114797476,checked
Обувь,fold_04,model_one_missing,knrm_name_v2,independent,3321,271,0.44827889010116234,0.15390995097462018,0.42667094556088736,-0.02160794454027498,checked
Обувь,fold_04,model_one_missing,ce_priodistill,diagnostic_non_independent,3321,271,0.44827889010116234,0.46127843478006914,0.452117383667699,0.0038384935665366493,checked
Обувь,fold_04,model_one_missing,ce_fashion_specialist,diagnostic_non_independent,3321,271,0.44827889010116234,0.46146230312919134,0.45127769119232963,0.0029988010911672913,checked
Обувь,fold_04,article_both_missing,zs_llm_blend,independent,3475,298,0.4890498237842777,0.24471045041667383,0.47893601894221727,-0.010113804842060425,checked
Обувь,fold_04,article_both_missing,knrm_name_v2,independent,3475,298,0.4890498237842777,0.18960028553494795,0.4699290668569953,-0.01912075692728238,checked
Обувь,fold_04,article_both_missing,ce_priodistill,diagnostic_non_independent,3475,298,0.4890498237842777,0.5005073940062469,0.49330925309350715,0.004259429309229457,checked
Обувь,fold_04,article_both_missing,ce_fashion_specialist,diagnostic_non_independent,3475,298,0.4890498237842777,0.49650926227372005,0.4926931919292084,0.0036433681449307143,checked
Обувь,fold_04,article_one_missing,zs_llm_blend,independent,1167,190,0.6695330355272813,0.40536596423982424,0.6569982448988578,-0.012534790628423442,checked
Обувь,fold_04,article_one_missing,knrm_name_v2,independent,1167,190,0.6695330355272813,0.4123022111087039,0.6658826441368412,-0.0036503913904400997,checked
Обувь,fold_04,article_one_missing,ce_priodistill,diagnostic_non_independent,1167,190,0.6695330355272813,0.6648670237510502,0.6758399623405461,0.006306926813264835,checked
Обувь,fold_04,article_one_missing,ce_fashion_specialist,diagnostic_non_independent,1167,190,0.6695330355272813,0.6603005628354217,0.6767382234859374,0.007205187958656101,checked
Обувь,fold_04,size_comparable_agree,zs_llm_blend,independent,414,58,0.50026794056844,0.3267989064748877,0.5061039919253383,0.005836051356898242,checked
Обувь,fold_04,size_comparable_agree,knrm_name_v2,independent,414,58,0.50026794056844,0.29522446576197997,0.49633046051070157,-0.003937480057738474,checked
Обувь,fold_04,size_comparable_agree,ce_priodistill,diagnostic_non_independent,414,58,0.50026794056844,0.49896386668677717,0.5065591523173423,0.006291211748902237,checked
Обувь,fold_04,size_comparable_agree,ce_fashion_specialist,diagnostic_non_independent,414,58,0.50026794056844,0.4892167483837983,0.5108568000983211,0.01058885952988109,checked
Обувь,fold_04,size_comparable_mismatch,zs_llm_blend,independent,3086,330,0.5987712140201953,0.3224156855546214,0.5989938284221604,0.0002226144019651377,checked
Обувь,fold_04,size_comparable_mismatch,knrm_name_v2,independent,3086,330,0.5987712140201953,0.2784767339505035,0.580885464952848,-0.0178857490673473,checked
Обувь,fold_04,size_comparable_mismatch,ce_priodistill,diagnostic_non_independent,3086,330,0.5987712140201953,0.5966686956226788,0.6013624892004473,0.0025912751802520395,checked
Обувь,fold_04,size_comparable_mismatch,ce_fashion_specialist,diagnostic_non_independent,3086,330,0.5987712140201953,0.6006987197888825,0.6020711341563814,0.003299920136186074,checked
Обувь,fold_04,size_not_comparable,zs_llm_blend,independent,1142,100,0.538633675497984,0.22533904160594156,0.5186058398600192,-0.02002783563796484,checked
Обувь,fold_04,size_not_comparable,knrm_name_v2,independent,1142,100,0.538633675497984,0.19648027302096133,0.5135985516705716,-0.025035123827412464,checked
Обувь,fold_04,size_not_comparable,ce_priodistill,diagnostic_non_independent,1142,100,0.538633675497984,0.5357740131385071,0.5381814712085567,-0.00045220428942727153,checked
Обувь,fold_04,size_not_comparable,ce_fashion_specialist,diagnostic_non_independent,1142,100,0.538633675497984,0.5073768212619529,0.5311940219896211,-0.007439653508362953,checked
Обувь,fold_04,numeric_conflict,zs_llm_blend,independent,66,6,0.7568713450292397,0.29805148555148553,0.6458333333333333,-0.11103801169590644,checked
Обувь,fold_04,numeric_conflict,knrm_name_v2,independent,66,6,0.7568713450292397,0.47574428495481125,0.7035714285714286,-0.05329991645781107,checked
Обувь,fold_04,numeric_conflict,ce_priodistill,diagnostic_non_independent,66,6,0.7568713450292397,0.7342948717948717,0.7575825825825826,0.0007112375533429027,checked
Обувь,fold_04,numeric_conflict,ce_fashion_specialist,diagnostic_non_independent,66,6,0.7568713450292397,0.7686202686202686,0.7575825825825826,0.0007112375533429027,checked
Обувь,fold_04,numeric_missing,zs_llm_blend,independent,4438,458,0.5705601895852926,0.2849718201565006,0.5625088806296014,-0.008051308955691283,checked
Обувь,fold_04,numeric_missing,knrm_name_v2,independent,4438,458,0.5705601895852926,0.24943392396264796,0.5600232849943381,-0.010536904590954577,checked
Обувь,fold_04,numeric_missing,ce_priodistill,diagnostic_non_independent,4438,458,0.5705601895852926,0.567121444921777,0.5745847790137417,0.004024589428449077,checked
Обувь,fold_04,numeric_missing,ce_fashion_specialist,diagnostic_non_independent,4438,458,0.5705601895852926,0.5688128077569552,0.5754327133792174,0.004872523793924777,checked
Обувь,fold_04,numeric_overlap,zs_llm_blend,independent,138,24,0.5759286061401758,0.2080572359929072,0.5146568205357619,-0.06127178560441393,checked
Обувь,fold_04,numeric_overlap,knrm_name_v2,independent,138,24,0.5759286061401758,0.43637561360175375,0.5593630622399554,-0.01656554390022047,checked
Обувь,fold_04,numeric_overlap,ce_priodistill,diagnostic_non_independent,138,24,0.5759286061401758,0.633974441506008,0.5743665188016022,-0.0015620873385736589,checked
Обувь,fold_04,numeric_overlap,ce_fashion_specialist,diagnostic_non_independent,138,24,0.5759286061401758,0.5985598374023998,0.573107943192556,-0.0028206629476198453,checked
Обувь,fold_04,text_long,zs_llm_blend,independent,1221,138,0.6293196628349425,0.252380499624113,0.6019055579424951,-0.027414104892447333,checked
Обувь,fold_04,text_long,knrm_name_v2,independent,1221,138,0.6293196628349425,0.28310762036696313,0.6102555164735274,-0.01906414636141507,checked
Обувь,fold_04,text_long,ce_priodistill,diagnostic_non_independent,1221,138,0.6293196628349425,0.6317677550807377,0.6389967786314442,0.009677115796501767,checked
Обувь,fold_04,text_long,ce_fashion_specialist,diagnostic_non_independent,1221,138,0.6293196628349425,0.6430509145412943,0.6395982810212345,0.010278618186292054,checked
Обувь,fold_04,text_medium,zs_llm_blend,independent,3396,350,0.5540389347325917,0.29427839957133006,0.5437741207844241,-0.010264813948167584,checked
Обувь,fold_04,text_medium,knrm_name_v2,independent,3396,350,0.5540389347325917,0.25258177388310704,0.538343193668915,-0.01569574106367666,checked
Обувь,fold_04,text_medium,ce_priodistill,diagnostic_non_independent,3396,350,0.5540389347325917,0.5558236101447054,0.5570471789095587,0.00300824417696699,checked
Обувь,fold_04,text_medium,ce_fashion_specialist,diagnostic_non_independent,3396,350,0.5540389347325917,0.5465709657807559,0.5559588648774397,0.0019199301448480366,checked
Обувь,fold_04,text_very_long,zs_llm_blend,independent,25,0,,,,,undefined_one_class
Обувь,fold_04,text_very_long,knrm_name_v2,independent,25,0,,,,,undefined_one_class
Обувь,fold_04,text_very_long,ce_priodistill,diagnostic_non_independent,25,0,,,,,undefined_one_class
Обувь,fold_04,text_very_long,ce_fashion_specialist,diagnostic_non_independent,25,0,,,,,undefined_one_class
Обувь,fold_04,score_01_05,zs_llm_blend,independent,233,0,,,,,undefined_one_class
Обувь,fold_04,score_01_05,knrm_name_v2,independent,233,0,,,,,undefined_one_class
Обувь,fold_04,score_01_05,ce_priodistill,diagnostic_non_independent,233,0,,,,,undefined_one_class
Обувь,fold_04,score_01_05,ce_fashion_specialist,diagnostic_non_independent,233,0,,,,,undefined_one_class
Обувь,fold_04,score_05_20,zs_llm_blend,independent,1833,9,0.04120902919702594,0.01170643800952749,0.017159777485840157,-0.02404925171118578,checked
Обувь,fold_04,score_05_20,knrm_name_v2,independent,1833,9,0.04120902919702594,0.013694062349234395,0.06514974279767623,0.02394071360065029,checked
Обувь,fold_04,score_05_20,ce_priodistill,diagnostic_non_independent,1833,9,0.04120902919702594,0.0519581946579308,0.12065584642068254,0.0794468172236566,checked
Обувь,fold_04,score_05_20,ce_fashion_specialist,diagnostic_non_independent,1833,9,0.04120902919702594,0.03919662243233325,0.07109990729457472,0.029890878097548777,checked
Обувь,fold_04,score_20_50,zs_llm_blend,independent,1408,66,0.09649790992187698,0.08461613116505458,0.1381666451756612,0.04166873525378423,checked
Обувь,fold_04,score_20_50,knrm_name_v2,independent,1408,66,0.09649790992187698,0.06959980851220202,0.09465115131563134,-0.001846758606245641,checked
Обувь,fold_04,score_20_50,ce_priodistill,diagnostic_non_independent,1408,66,0.09649790992187698,0.13502280591335467,0.10515594135610713,0.008658031434230148,checked
Обувь,fold_04,score_20_50,ce_fashion_specialist,diagnostic_non_independent,1408,66,0.09649790992187698,0.12556190909636233,0.1052812845817519,0.008783374659874915,checked
Обувь,fold_04,score_50_80,zs_llm_blend,independent,1065,336,0.5315368582990851,0.33999917239858357,0.5178527915933331,-0.013684066705752063,checked
Обувь,fold_04,score_50_80,knrm_name_v2,independent,1065,336,0.5315368582990851,0.40972516225854694,0.5296176283819766,-0.001919229917108578,checked
Обувь,fold_04,score_50_80,ce_priodistill,diagnostic_non_independent,1065,336,0.5315368582990851,0.5370121272714481,0.5323936764442705,0.0008568181451853452,checked
Обувь,fold_04,score_50_80,ce_fashion_specialist,diagnostic_non_independent,1065,336,0.5315368582990851,0.5340349340174052,0.5322092474608318,0.0006723891617466116,checked
Обувь,fold_04,score_80_95,zs_llm_blend,independent,103,77,0.7692236886750012,0.7228923378251263,0.7509691117547803,-0.018254576920220922,checked
Обувь,fold_04,score_80_95,knrm_name_v2,independent,103,77,0.7692236886750012,0.7462959740790197,0.7300457993282358,-0.03917788934676547,checked
Обувь,fold_04,score_80_95,ce_priodistill,diagnostic_non_independent,103,77,0.7692236886750012,0.8077601437582488,0.7796855359970716,0.010461847322070339,checked
Обувь,fold_04,score_80_95,ce_fashion_specialist,diagnostic_non_independent,103,77,0.7692236886750012,0.8005621637897394,0.7798365842089287,0.010612895533927413,checked
Обувь,fold_04,text_asymmetric,zs_llm_blend,independent,647,57,0.3885549764669811,0.187648733774673,0.3657241291598166,-0.022830847307164504,checked
Обувь,fold_04,text_asymmetric,knrm_name_v2,independent,647,57,0.3885549764669811,0.14275175811623905,0.35880487198602457,-0.029750104480956552,checked
Обувь,fold_04,text_asymmetric,ce_priodistill,diagnostic_non_independent,647,57,0.3885549764669811,0.414987440329812,0.39092216808832625,0.0023671916213451327,checked
Обувь,fold_04,text_asymmetric,ce_fashion_specialist,diagnostic_non_independent,647,57,0.3885549764669811,0.4320434711766367,0.3944482891816392,0.005893312714658094,checked
Одежда,fold_01,all,zs_llm_blend,independent,5946,691,0.6027141252324629,0.36980865542154734,0.5876728402453429,-0.015041284987119985,checked
Одежда,fold_01,all,knrm_name_v2,independent,5946,691,0.6027141252324629,0.21717059438558853,0.6029903809199056,0.0002762556874427169,checked
Одежда,fold_01,all,ce_priodistill,diagnostic_non_independent,5946,691,0.6027141252324629,0.5924955960446339,0.6052100878215967,0.00249596258913376,checked
Одежда,fold_01,all,ce_fashion_specialist,diagnostic_non_independent,5946,691,0.6027141252324629,0.5914556057165032,0.6054916870426643,0.00277756181020139,checked
Одежда,fold_01,name_exact,zs_llm_blend,independent,183,18,0.6255254945242482,0.49709967161902735,0.6234067058794401,-0.0021187886448080784,checked
Одежда,fold_01,name_exact,knrm_name_v2,independent,183,18,0.6255254945242482,0.17130823369110565,0.6022410924156595,-0.02328440210858873,checked
Одежда,fold_01,name_exact,ce_priodistill,diagnostic_non_independent,183,18,0.6255254945242482,0.6187697344508489,0.6312463865125416,0.005720891988293397,checked
Одежда,fold_01,name_exact,ce_fashion_specialist,diagnostic_non_independent,183,18,0.6255254945242482,0.5949214651297665,0.6276981208771575,0.002172626352909268,checked
Одежда,fold_01,name_near,zs_llm_blend,independent,44,11,0.7666583416583417,0.49589405169056167,0.7544446149461824,-0.012213726712159256,checked
Одежда,fold_01,name_near,knrm_name_v2,independent,44,11,0.7666583416583417,0.6573543314922625,0.8308358308358308,0.06417748917748911,checked
Одежда,fold_01,name_near,ce_priodistill,diagnostic_non_independent,44,11,0.7666583416583417,0.824084249084249,0.8088901838901839,0.042231842231842176,checked
Одежда,fold_01,name_near,ce_fashion_specialist,diagnostic_non_independent,44,11,0.7666583416583417,0.8015242333424151,0.8088901838901839,0.042231842231842176,checked
Одежда,fold_01,name_other,zs_llm_blend,independent,5719,662,0.5993921882138163,0.3670125455476529,0.5857531532844906,-0.013639034929325722,checked
Одежда,fold_01,name_other,knrm_name_v2,independent,5719,662,0.5993921882138163,0.21918345949862267,0.5985841104873727,-0.0008080777264436456,checked
Одежда,fold_01,name_other,ce_priodistill,diagnostic_non_independent,5719,662,0.5993921882138163,0.5887046073858131,0.6016920223844247,0.002299834170608306,checked
Одежда,fold_01,name_other,ce_fashion_specialist,diagnostic_non_independent,5719,662,0.5993921882138163,0.5878812285324426,0.6021732923543044,0.0027811041404880443,checked
Одежда,fold_01,attrs_one_missing,zs_llm_blend,independent,1,0,,,,,undefined_one_class
Одежда,fold_01,attrs_one_missing,knrm_name_v2,independent,1,0,,,,,undefined_one_class
Одежда,fold_01,attrs_one_missing,ce_priodistill,diagnostic_non_independent,1,0,,,,,undefined_one_class
Одежда,fold_01,attrs_one_missing,ce_fashion_specialist,diagnostic_non_independent,1,0,,,,,undefined_one_class
Одежда,fold_01,attrs_present,zs_llm_blend,independent,5945,691,0.60274950821638,0.3699705864938267,0.5877183604604493,-0.015031147755930618,checked
Одежда,fold_01,attrs_present,knrm_name_v2,independent,5945,691,0.60274950821638,0.21718945187733432,0.6030247318266746,0.00027522361029463926,checked
Одежда,fold_01,attrs_present,ce_priodistill,diagnostic_non_independent,5945,691,0.60274950821638,0.5925148569577597,0.6052434754427001,0.002493967226320115,checked
Одежда,fold_01,attrs_present,ce_fashion_specialist,diagnostic_non_independent,5945,691,0.60274950821638,0.5914890570259544,0.60552601272689,0.002776504510510036,checked
Одежда,fold_01,brand_agree,zs_llm_blend,independent,149,70,0.7038100475222311,0.5998982760652087,0.6672851107240076,-0.03652493679822344,checked
Одежда,fold_01,brand_agree,knrm_name_v2,independent,149,70,0.7038100475222311,0.6026403488565204,0.7125009095462977,0.008690862024066659,checked
Одежда,fold_01,brand_agree,ce_priodistill,diagnostic_non_independent,149,70,0.7038100475222311,0.7172826791232036,0.7157187761068065,0.011908728584575368,checked
Одежда,fold_01,brand_agree,ce_fashion_specialist,diagnostic_non_independent,149,70,0.7038100475222311,0.6844980466024363,0.7121154506076441,0.008305403085413054,checked
Одежда,fold_01,brand_conflict,zs_llm_blend,independent,222,17,0.5351076364239782,0.41910953867365364,0.49529032049377875,-0.03981731593019944,checked
Одежда,fold_01,brand_conflict,knrm_name_v2,independent,222,17,0.5351076364239782,0.28837552334003996,0.5587179863930877,0.02361034996910949,checked
Одежда,fold_01,brand_conflict,ce_priodistill,diagnostic_non_independent,222,17,0.5351076364239782,0.5056267183881968,0.536501063732301,0.0013934273083228144,checked
Одежда,fold_01,brand_conflict,ce_fashion_specialist,diagnostic_non_independent,222,17,0.5351076364239782,0.5199873572814836,0.5383778133241874,0.003270176900209254,checked
Одежда,fold_01,brand_one_missing,zs_llm_blend,independent,5575,604,0.5952384074172964,0.3655121383736821,0.5819406770797296,-0.01329773033756676,checked
Одежда,fold_01,brand_one_missing,knrm_name_v2,independent,5575,604,0.5952384074172964,0.19925961907209713,0.591827950128646,-0.0034104572886504148,checked
Одежда,fold_01,brand_one_missing,ce_priodistill,diagnostic_non_independent,5575,604,0.5952384074172964,0.5817988648386966,0.5975930290406589,0.0023546216233625294,checked
Одежда,fold_01,brand_one_missing,ce_fashion_specialist,diagnostic_non_independent,5575,604,0.5952384074172964,0.5848027677718132,0.5981441136372964,0.0029057062199999706,checked
Одежда,fold_01,model_agree,zs_llm_blend,independent,106,14,0.6644775733339854,0.35116432936811093,0.6413405339798909,-0.023137039354094502,checked
Одежда,fold_01,model_agree,knrm_name_v2,independent,106,14,0.6644775733339854,0.31007599905222316,0.6635623195953368,-0.000915253738648536,checked
Одежда,fold_01,model_agree,ce_priodistill,diagnostic_non_independent,106,14,0.6644775733339854,0.6670200345584458,0.6586952604088153,-0.005782312925170063,checked
Одежда,fold_01,model_agree,ce_fashion_specialist,diagnostic_non_independent,106,14,0.6644775733339854,0.6023225529528051,0.6625913643049193,-0.0018862090290661104,checked
Одежда,fold_01,model_both_missing,zs_llm_blend,independent,46,9,0.6263468013468014,0.41907109829918626,0.5254208754208755,-0.10092592592592597,checked
Одежда,fold_01,model_both_missing,knrm_name_v2,independent,46,9,0.6263468013468014,0.4284724647300713,0.6583573833573835,0.032010582010582045,checked
Одежда,fold_01,model_both_missing,ce_priodistill,diagnostic_non_independent,46,9,0.6263468013468014,0.5605721610881569,0.618980093980094,-0.0073667073667074146,checked
Одежда,fold_01,model_both_missing,ce_fashion_specialist,diagnostic_non_independent,46,9,0.6263468013468014,0.5527278821396469,0.6263468013468014,0.0,checked
Одежда,fold_01,model_conflict,zs_llm_blend,independent,1058,158,0.6811485597980854,0.4476621859838738,0.6587890455517421,-0.022359514246343304,checked
Одежда,fold_01,model_conflict,knrm_name_v2,independent,1058,158,0.6811485597980854,0.3097959510023582,0.6991693691701134,0.01802080937202799,checked
Одежда,fold_01,model_conflict,ce_priodistill,diagnostic_non_independent,1058,158,0.6811485597980854,0.6932022091180478,0.68653468039394,0.005386120595854638,checked
Одежда,fold_01,model_conflict,ce_fashion_specialist,diagnostic_non_independent,1058,158,0.6811485597980854,0.6999657031386176,0.6876816212748106,0.006533061476725166,checked
Одежда,fold_01,model_one_missing,zs_llm_blend,independent,4736,510,0.576475573177873,0.36954818978665893,0.5670097748499191,-0.009465798327953912,checked
Одежда,fold_01,model_one_missing,knrm_name_v2,independent,4736,510,0.576475573177873,0.19666065992049572,0.5710592619893124,-0.005416311188560563,checked
Одежда,fold_01,model_one_missing,ce_priodistill,diagnostic_non_independent,4736,510,0.576475573177873,0.561438685091397,0.5792321704583872,0.002756597280514139,checked
Одежда,fold_01,model_one_missing,ce_fashion_specialist,diagnostic_non_independent,4736,510,0.576475573177873,0.5594070952406038,0.5787850142677408,0.0023094410898677475,checked
Одежда,fold_01,article_both_missing,zs_llm_blend,independent,5236,604,0.5852877919519341,0.37087581168932204,0.5739785886834927,-0.011309203268441426,checked
Одежда,fold_01,article_both_missing,knrm_name_v2,independent,5236,604,0.5852877919519341,0.20648527952030893,0.5842820214173391,-0.0010057705345950518,checked
Одежда,fold_01,article_both_missing,ce_priodistill,diagnostic_non_independent,5236,604,0.5852877919519341,0.5718214246641573,0.587561980569942,0.0022741886180078774,checked
Одежда,fold_01,article_both_missing,ce_fashion_specialist,diagnostic_non_independent,5236,604,0.5852877919519341,0.5729586100942782,0.5879691826601543,0.002681390708220155,checked
Одежда,fold_01,article_one_missing,zs_llm_blend,independent,710,87,0.7148843549130278,0.443936283106166,0.685654258931753,-0.029230095981274795,checked
Одежда,fold_01,article_one_missing,knrm_name_v2,independent,710,87,0.7148843549130278,0.3666578174630186,0.7248523025564333,0.009967947643405473,checked
Одежда,fold_01,article_one_missing,ce_priodistill,diagnostic_non_independent,710,87,0.7148843549130278,0.7394174442316067,0.7264010918097823,0.011516736896754476,checked
Одежда,fold_01,article_one_missing,ce_fashion_specialist,diagnostic_non_independent,710,87,0.7148843549130278,0.7206687587318426,0.7250419384368736,0.01015758352384577,checked
Одежда,fold_01,size_comparable_agree,zs_llm_blend,independent,1209,187,0.6549578964834868,0.45265715536342765,0.6397873309843354,-0.015170565499151412,checked
Одежда,fold_01,size_comparable_agree,knrm_name_v2,independent,1209,187,0.6549578964834868,0.2598238778491331,0.6735213828647233,0.018563486381236505,checked
Одежда,fold_01,size_comparable_agree,ce_priodistill,diagnostic_non_independent,1209,187,0.6549578964834868,0.6629319109969984,0.6593936615808279,0.004435765097341116,checked
Одежда,fold_01,size_comparable_agree,ce_fashion_specialist,diagnostic_non_independent,1209,187,0.6549578964834868,0.6630310240944016,0.6591365809775643,0.004178684494077545,checked
Одежда,fold_01,size_comparable_mismatch,zs_llm_blend,independent,3667,369,0.5899451629199043,0.3499084700844305,0.5801938969074427,-0.009751266012461568,checked
Одежда,fold_01,size_comparable_mismatch,knrm_name_v2,independent,3667,369,0.5899451629199043,0.18967641663053497,0.5804529767240998,-0.009492186195804497,checked
Одежда,fold_01,size_comparable_mismatch,ce_priodistill,diagnostic_non_independent,3667,369,0.5899451629199043,0.5699333614093967,0.5927254496404839,0.0027802867205796167,checked
Одежда,fold_01,size_comparable_mismatch,ce_fashion_specialist,diagnostic_non_independent,3667,369,0.5899451629199043,0.5755021699090954,0.5931247621688092,0.003179599248904874,checked
Одежда,fold_01,size_not_comparable,zs_llm_blend,independent,1070,135,0.5883643454131456,0.3475178874091569,0.5693234149828751,-0.019040930430270553,checked
Одежда,fold_01,size_not_comparable,knrm_name_v2,independent,1070,135,0.5883643454131456,0.2546154740563837,0.5949167725031111,0.006552427089965507,checked
Одежда,fold_01,size_not_comparable,ce_priodistill,diagnostic_non_independent,1070,135,0.5883643454131456,0.581154870076344,0.5886756280553523,0.00031128264220670054,checked
Одежда,fold_01,size_not_comparable,ce_fashion_specialist,diagnostic_non_independent,1070,135,0.5883643454131456,0.57056628332554,0.5915358186571493,0.0031714732440036864,checked
Одежда,fold_01,numeric_conflict,zs_llm_blend,independent,204,47,0.7262475910261046,0.5706388329348827,0.7033253622224878,-0.02292222880361683,checked
Одежда,fold_01,numeric_conflict,knrm_name_v2,independent,204,47,0.7262475910261046,0.4467705990460933,0.746875675511844,0.020628084485739384,checked
Одежда,fold_01,numeric_conflict,ce_priodistill,diagnostic_non_independent,204,47,0.7262475910261046,0.7252167011689038,0.724177280806123,-0.002070310219981608,checked
Одежда,fold_01,numeric_conflict,ce_fashion_specialist,diagnostic_non_independent,204,47,0.7262475910261046,0.7527110880505413,0.7241567535577536,-0.0020908374683510367,checked
Одежда,fold_01,numeric_missing,zs_llm_blend,independent,5540,596,0.5829621644167358,0.34554147503029947,0.5670732836495753,-0.01588888076716044,checked
Одежда,fold_01,numeric_missing,knrm_name_v2,independent,5540,596,0.5829621644167358,0.19970745475174279,0.5806728766335149,-0.0022892877832209058,checked
Одежда,fold_01,numeric_missing,ce_priodistill,diagnostic_non_independent,5540,596,0.5829621644167358,0.5746498399113622,0.5854304450874304,0.0024682806706946003,checked
Одежда,fold_01,numeric_missing,ce_fashion_specialist,diagnostic_non_independent,5540,596,0.5829621644167358,0.5718746492703206,0.5851261907564913,0.0021640263397555426,checked
Одежда,fold_01,numeric_overlap,zs_llm_blend,independent,202,48,0.7191252306533825,0.5820406614795691,0.7151062687547264,-0.004018961898656137,checked
Одежда,fold_01,numeric_overlap,knrm_name_v2,independent,202,48,0.7191252306533825,0.3819056190721236,0.7212416320546846,0.0021164014013020926,checked
Одежда,fold_01,numeric_overlap,ce_priodistill,diagnostic_non_independent,202,48,0.7191252306533825,0.7018499587444277,0.7227048819864922,0.003579651333109668,checked
Одежда,fold_01,numeric_overlap,ce_fashion_specialist,diagnostic_non_independent,202,48,0.7191252306533825,0.6950530775046613,0.7311261477316302,0.012000917078247686,checked
Одежда,fold_01,text_long,zs_llm_blend,independent,1316,148,0.649011987138265,0.42486088216464823,0.6397226923989769,-0.009289294739288079,checked
Одежда,fold_01,text_long,knrm_name_v2,independent,1316,148,0.649011987138265,0.20803314014904162,0.6554584488450591,0.006446461706794082,checked
Одежда,fold_01,text_long,ce_priodistill,diagnostic_non_independent,1316,148,0.649011987138265,0.6458104426348272,0.6501865855092924,0.0011745983710274022,checked
Одежда,fold_01,text_long,ce_fashion_specialist,diagnostic_non_independent,1316,148,0.649011987138265,0.6314372175097402,0.6492987736277456,0.0002867864894805505,checked
Одежда,fold_01,text_medium,zs_llm_blend,independent,4622,542,0.5940841862146887,0.3612515985691239,0.5770782041988378,-0.017005982015850907,checked
Одежда,fold_01,text_medium,knrm_name_v2,independent,4622,542,0.5940841862146887,0.22063559839629154,0.5933626501843327,-0.0007215360303560736,checked
Одежда,fold_01,text_medium,ce_priodistill,diagnostic_non_independent,4622,542,0.5940841862146887,0.5824781572037886,0.5968226690748896,0.0027384828602008415,checked
Одежда,fold_01,text_medium,ce_fashion_specialist,diagnostic_non_independent,4622,542,0.5940841862146887,0.5848279169879405,0.5973984310016403,0.0033142447869515257,checked
Одежда,fold_01,text_short_both,zs_llm_blend,independent,1,0,,,,,undefined_one_class
Одежда,fold_01,text_short_both,knrm_name_v2,independent,1,0,,,,,undefined_one_class
Одежда,fold_01,text_short_both,ce_priodistill,diagnostic_non_independent,1,0,,,,,undefined_one_class
Одежда,fold_01,text_short_both,ce_fashion_specialist,diagnostic_non_independent,1,0,,,,,undefined_one_class
Одежда,fold_01,text_very_long,zs_llm_blend,independent,7,1,0.5,0.3333333333333333,0.5,0.0,checked
Одежда,fold_01,text_very_long,knrm_name_v2,independent,7,1,0.5,0.3333333333333333,0.5,0.0,checked
Одежда,fold_01,text_very_long,ce_priodistill,diagnostic_non_independent,7,1,0.5,0.5,0.5,0.0,checked
Одежда,fold_01,text_very_long,ce_fashion_specialist,diagnostic_non_independent,7,1,0.5,0.5,0.5,0.0,checked
Одежда,fold_01,score_01_05,zs_llm_blend,independent,238,0,,,,,undefined_one_class
Одежда,fold_01,score_01_05,knrm_name_v2,independent,238,0,,,,,undefined_one_class
Одежда,fold_01,score_01_05,ce_priodistill,diagnostic_non_independent,238,0,,,,,undefined_one_class
Одежда,fold_01,score_01_05,ce_fashion_specialist,diagnostic_non_independent,238,0,,,,,undefined_one_class
Одежда,fold_01,score_05_20,zs_llm_blend,independent,1960,6,0.006294817033471869,0.004716339962811456,0.005957810075425103,-0.000337006958046766,checked
Одежда,fold_01,score_05_20,knrm_name_v2,independent,1960,6,0.006294817033471869,0.003093791040453233,0.004653834040001525,-0.0016409829934703442,checked
Одежда,fold_01,score_05_20,ce_priodistill,diagnostic_non_independent,1960,6,0.006294817033471869,0.0033111543594807748,0.004826092638183666,-0.0014687243952882026,checked
Одежда,fold_01,score_05_20,ce_fashion_specialist,diagnostic_non_independent,1960,6,0.006294817033471869,0.003462461350048584,0.005523194773821761,-0.0007716222596501074,checked
Одежда,fold_01,score_20_50,zs_llm_blend,independent,1832,59,0.06227094238378499,0.04160930630064165,0.05350094803560631,-0.008769994348178684,checked
Одежда,fold_01,score_20_50,knrm_name_v2,independent,1832,59,0.06227094238378499,0.0338121660596328,0.05543419533087178,-0.006836747052913213,checked
Одежда,fold_01,score_20_50,ce_priodistill,diagnostic_non_independent,1832,59,0.06227094238378499,0.06568578010102044,0.07045468145383618,0.00818373907005119,checked
Одежда,fold_01,score_20_50,ce_fashion_specialist,diagnostic_non_independent,1832,59,0.06227094238378499,0.06756072036607327,0.07538022795585284,0.013109285572067843,checked
Одежда,fold_01,score_50_80,zs_llm_blend,independent,1663,442,0.49608341356964114,0.3545316398176852,0.4936907448645601,-0.002392668705081036,checked
Одежда,fold_01,score_50_80,knrm_name_v2,independent,1663,442,0.49608341356964114,0.29460168327605146,0.4981148435537718,0.0020314299841306394,checked
Одежда,fold_01,score_50_80,ce_priodistill,diagnostic_non_independent,1663,442,0.49608341356964114,0.490742809015156,0.4979347220051404,0.0018513084354992437,checked
Одежда,fold_01,score_50_80,ce_fashion_specialist,diagnostic_non_independent,1663,442,0.49608341356964114,0.49371573122966467,0.49931340126464197,0.0032299876950008244,checked
Одежда,fold_01,score_80_95,zs_llm_blend,independent,253,184,0.8064681854296866,0.7164187462152378,0.7716039994210733,-0.034864186008613296,checked
Одежда,fold_01,score_80_95,knrm_name_v2,independent,253,184,0.8064681854296866,0.7916707660903863,0.8074639380792396,0.0009957526495529834,checked
Одежда,fold_01,score_80_95,ce_priodistill,diagnostic_non_independent,253,184,0.8064681854296866,0.7984369049660982,0.8068039140933282,0.00033572866364162124,checked
Одежда,fold_01,score_80_95,ce_fashion_specialist,diagnostic_non_independent,253,184,0.8064681854296866,0.7958003493546505,0.8056492689928219,-0.0008189164368647139,checked
Одежда,fold_01,text_asymmetric,zs_llm_blend,independent,1096,126,0.554125980449574,0.4080906681456695,0.5544082363266822,0.0002822558771082839,checked
Одежда,fold_01,text_asymmetric,knrm_name_v2,independent,1096,126,0.554125980449574,0.1883695738716074,0.5504107086199227,-0.0037152718296512566,checked
Одежда,fold_01,text_asymmetric,ce_priodistill,diagnostic_non_independent,1096,126,0.554125980449574,0.5482547401407492,0.5550903857974282,0.0009644053478542469,checked
Одежда,fold_01,text_asymmetric,ce_fashion_specialist,diagnostic_non_independent,1096,126,0.554125980449574,0.5555664638922608,0.5603905380127001,0.006264557563126161,checked
Одежда,fold_02,all,zs_llm_blend,independent,5777,664,0.5915063221796568,0.36204088201530066,0.5819716993920494,-0.009534622787607416,checked
Одежда,fold_02,all,knrm_name_v2,independent,5777,664,0.5915063221796568,0.22643521590714996,0.5886494008625768,-0.002856921317080041,checked
Одежда,fold_02,all,ce_priodistill,diagnostic_non_independent,5777,664,0.5915063221796568,0.5776655852802027,0.5931599956776361,0.001653673497979291,checked
Одежда,fold_02,all,ce_fashion_specialist,diagnostic_non_independent,5777,664,0.5915063221796568,0.5699991930434314,0.5926894193469291,0.0011830971672722734,checked
Одежда,fold_02,name_exact,zs_llm_blend,independent,218,33,0.4358175950938088,0.44423919306733944,0.44494844989408866,0.009130854800279864,checked
Одежда,fold_02,name_exact,knrm_name_v2,independent,218,33,0.4358175950938088,0.26553248254956185,0.44918468364624553,0.013367088552436734,checked
Одежда,fold_02,name_exact,ce_priodistill,diagnostic_non_independent,218,33,0.4358175950938088,0.45174951277560527,0.43571339743261095,-0.00010419766119784679,checked
Одежда,fold_02,name_exact,ce_fashion_specialist,diagnostic_non_independent,218,33,0.4358175950938088,0.3994688132885986,0.44461429424237786,0.008796699148569065,checked
Одежда,fold_02,name_near,zs_llm_blend,independent,31,4,0.49166666666666664,0.39210654936461387,0.47916666666666663,-0.012500000000000011,checked
Одежда,fold_02,name_near,knrm_name_v2,independent,31,4,0.49166666666666664,0.42763157894736836,0.5083333333333333,0.016666666666666663,checked
Одежда,fold_02,name_near,ce_priodistill,diagnostic_non_independent,31,4,0.49166666666666664,0.47916666666666663,0.49166666666666664,0.0,checked
Одежда,fold_02,name_near,ce_fashion_specialist,diagnostic_non_independent,31,4,0.49166666666666664,0.3066849816849817,0.49166666666666664,0.0,checked
Одежда,fold_02,name_other,zs_llm_blend,independent,5528,627,0.599585600315026,0.35964912751129624,0.590917789727502,-0.008667810587523972,checked
Одежда,fold_02,name_other,knrm_name_v2,independent,5528,627,0.599585600315026,0.2243626691423411,0.5985307897557133,-0.0010548105593126689,checked
Одежда,fold_02,name_other,ce_priodistill,diagnostic_non_independent,5528,627,0.599585600315026,0.5878098509491531,0.6015326442286625,0.001947043913636537,checked
Одежда,fold_02,name_other,ce_fashion_specialist,diagnostic_non_independent,5528,627,0.599585600315026,0.5820359136716076,0.6020565406049863,0.0024709402899603106,checked
Одежда,fold_02,attrs_present,zs_llm_blend,independent,5777,664,0.5915063221796568,0.36204088201530066,0.5819716993920494,-0.009534622787607416,checked
Одежда,fold_02,attrs_present,knrm_name_v2,independent,5777,664,0.5915063221796568,0.22643521590714996,0.5886494008625768,-0.002856921317080041,checked
Одежда,fold_02,attrs_present,ce_priodistill,diagnostic_non_independent,5777,664,0.5915063221796568,0.5776655852802027,0.5931599956776361,0.001653673497979291,checked
Одежда,fold_02,attrs_present,ce_fashion_specialist,diagnostic_non_independent,5777,664,0.5915063221796568,0.5699991930434314,0.5926894193469291,0.0011830971672722734,checked
Одежда,fold_02,brand_agree,zs_llm_blend,independent,152,63,0.7476398293738012,0.6863113357114297,0.7472017349013642,-0.0004380944724370339,checked
Одежда,fold_02,brand_agree,knrm_name_v2,independent,152,63,0.7476398293738012,0.6873949210730226,0.7586205344661243,0.010980705092323073,checked
Одежда,fold_02,brand_agree,ce_priodistill,diagnostic_non_independent,152,63,0.7476398293738012,0.7005565794282015,0.7442627389040555,-0.0033770904697457693,checked
Одежда,fold_02,brand_agree,ce_fashion_specialist,diagnostic_non_independent,152,63,0.7476398293738012,0.702991525847996,0.7482698096864858,0.0006299803126845749,checked
Одежда,fold_02,brand_conflict,zs_llm_blend,independent,203,23,0.6554404872222837,0.37388924061349105,0.6401528909954719,-0.01528759622681175,checked
Одежда,fold_02,brand_conflict,knrm_name_v2,independent,203,23,0.6554404872222837,0.30825565669944516,0.7178340073435165,0.06239352012123289,checked
Одежда,fold_02,brand_conflict,ce_priodistill,diagnostic_non_independent,203,23,0.6554404872222837,0.6908301622086622,0.6588353902712224,0.0033949030489387466,checked
Одежда,fold_02,brand_conflict,ce_fashion_specialist,diagnostic_non_independent,203,23,0.6554404872222837,0.7335446899672138,0.6638954670704297,0.008454979848146027,checked
Одежда,fold_02,brand_one_missing,zs_llm_blend,independent,5422,578,0.5710487311608395,0.3472482962801956,0.5622454860982103,-0.008803245062629195,checked
Одежда,fold_02,brand_one_missing,knrm_name_v2,independent,5422,578,0.5710487311608395,0.21178025751165547,0.5661995254798311,-0.004849205681008439,checked
Одежда,fold_02,brand_one_missing,ce_priodistill,diagnostic_non_independent,5422,578,0.5710487311608395,0.5576244446696632,0.5727652469767597,0.0017165158159201388,checked
Одежда,fold_02,brand_one_missing,ce_fashion_specialist,diagnostic_non_independent,5422,578,0.5710487311608395,0.5461350671382056,0.5719871251463206,0.0009383939854810119,checked
Одежда,fold_02,model_agree,zs_llm_blend,independent,108,21,0.7567157384826559,0.7327866590554764,0.8259367048254711,0.06922096634281516,checked
Одежда,fold_02,model_agree,knrm_name_v2,independent,108,21,0.7567157384826559,0.43657995792106646,0.7357979466343407,-0.020917791848315215,checked
Одежда,fold_02,model_agree,ce_priodistill,diagnostic_non_independent,108,21,0.7567157384826559,0.6508314654181073,0.7349295129402726,-0.021786225542383297,checked
Одежда,fold_02,model_agree,ce_fashion_specialist,diagnostic_non_independent,108,21,0.7567157384826559,0.6231932732978704,0.7302564898848967,-0.026459248597759277,checked
Одежда,fold_02,model_both_missing,zs_llm_blend,independent,51,12,0.3449659327207093,0.24074809198631264,0.31865602155038386,-0.02630991117032544,checked
Одежда,fold_02,model_both_missing,knrm_name_v2,independent,51,12,0.3449659327207093,0.33264612852461145,0.351421802319867,0.006455869599157726,checked
Одежда,fold_02,model_both_missing,ce_priodistill,diagnostic_non_independent,51,12,0.3449659327207093,0.4773268398268399,0.34830817871001407,0.0033422459893047707,checked
Одежда,fold_02,model_both_missing,ce_fashion_specialist,diagnostic_non_independent,51,12,0.3449659327207093,0.5292205668362103,0.3536254445052211,0.008659511784511797,checked
Одежда,fold_02,model_conflict,zs_llm_blend,independent,1028,157,0.6743318516955379,0.4429259787950835,0.6585449637471085,-0.015786887948429418,checked
Одежда,fold_02,model_conflict,knrm_name_v2,independent,1028,157,0.6743318516955379,0.2959081857433535,0.6875485146799365,0.013216662984398608,checked
Одежда,fold_02,model_conflict,ce_priodistill,diagnostic_non_independent,1028,157,0.6743318516955379,0.6657347322186327,0.6711862217269345,-0.0031456299686033473,checked
Одежда,fold_02,model_conflict,ce_fashion_specialist,diagnostic_non_independent,1028,157,0.6743318516955379,0.6678744579805478,0.6750214174746495,0.0006895657791116117,checked
Одежда,fold_02,model_one_missing,zs_llm_blend,independent,4590,474,0.5662332039370869,0.35338658651134097,0.5616077158984328,-0.004625488038654035,checked
Одежда,fold_02,model_one_missing,knrm_name_v2,independent,4590,474,0.5662332039370869,0.20803553813839407,0.5591473296536489,-0.007085874283437987,checked
Одежда,fold_02,model_one_missing,ce_priodistill,diagnostic_non_independent,4590,474,0.5662332039370869,0.5496676873512634,0.5679338780963405,0.001700674159253679,checked
Одежда,fold_02,model_one_missing,ce_fashion_specialist,diagnostic_non_independent,4590,474,0.5662332039370869,0.5390492154329133,0.5669602445143987,0.0007270405773118771,checked
Одежда,fold_02,article_both_missing,zs_llm_blend,independent,5038,581,0.5743334255721575,0.3541112151910729,0.5651134683195791,-0.009219957252578403,checked
Одежда,fold_02,article_both_missing,knrm_name_v2,independent,5038,581,0.5743334255721575,0.21992453956311248,0.5726995945437633,-0.001633831028394206,checked
Одежда,fold_02,article_both_missing,ce_priodistill,diagnostic_non_independent,5038,581,0.5743334255721575,0.5637827377735034,0.5762591939922046,0.0019257684200471026,checked
Одежда,fold_02,article_both_missing,ce_fashion_specialist,diagnostic_non_independent,5038,581,0.5743334255721575,0.5525658315241119,0.5755996405687273,0.0012662149965697589,checked
Одежда,fold_02,article_one_missing,zs_llm_blend,independent,739,83,0.7107483449124237,0.5128753564846564,0.7095649720202605,-0.0011833728921631925,checked
Одежда,fold_02,article_one_missing,knrm_name_v2,independent,739,83,0.7107483449124237,0.332100861460098,0.704577469261644,-0.0061708756507796725,checked
Одежда,fold_02,article_one_missing,ce_priodistill,diagnostic_non_independent,739,83,0.7107483449124237,0.6588968546591374,0.7058246529327218,-0.004923691979701883,checked
Одежда,fold_02,article_one_missing,ce_fashion_specialist,diagnostic_non_independent,739,83,0.7107483449124237,0.6707124636374131,0.7106166198793221,-0.00013172503310154848,checked
Одежда,fold_02,size_comparable_agree,zs_llm_blend,independent,1173,172,0.6330677200907422,0.4346057492508888,0.6258305969005393,-0.007237123190202865,checked
Одежда,fold_02,size_comparable_agree,knrm_name_v2,independent,1173,172,0.6330677200907422,0.23775703007978827,0.6442360870411683,0.011168366950426112,checked
Одежда,fold_02,size_comparable_agree,ce_priodistill,diagnostic_non_independent,1173,172,0.6330677200907422,0.6319246605228568,0.6352335109650002,0.0021657908742580556,checked
Одежда,fold_02,size_comparable_agree,ce_fashion_specialist,diagnostic_non_independent,1173,172,0.6330677200907422,0.6208005166069012,0.632466446730258,-0.0006012733604842113,checked
Одежда,fold_02,size_comparable_mismatch,zs_llm_blend,independent,3537,344,0.5470518734003555,0.299611025869918,0.5363446441888738,-0.010707229211481706,checked
Одежда,fold_02,size_comparable_mismatch,knrm_name_v2,independent,3537,344,0.5470518734003555,0.1979343747940739,0.5446181420350674,-0.0024337313652881276,checked
Одежда,fold_02,size_comparable_mismatch,ce_priodistill,diagnostic_non_independent,3537,344,0.5470518734003555,0.5301144844861653,0.5483932483140119,0.001341374913656379,checked
Одежда,fold_02,size_comparable_mismatch,ce_fashion_specialist,diagnostic_non_independent,3537,344,0.5470518734003555,0.5294757714286092,0.5503589340733503,0.0033070606729947993,checked
Одежда,fold_02,size_not_comparable,zs_llm_blend,independent,1067,148,0.6444309873539994,0.42918476710536607,0.6432613793912569,-0.0011696079627424583,checked
Одежда,fold_02,size_not_comparable,knrm_name_v2,independent,1067,148,0.6444309873539994,0.3072723407743968,0.6264424184403365,-0.01798856891366285,checked
Одежда,fold_02,size_not_comparable,ce_priodistill,diagnostic_non_independent,1067,148,0.6444309873539994,0.6390853728198927,0.6457223280742431,0.0012913407202437277,checked
Одежда,fold_02,size_not_comparable,ce_fashion_specialist,diagnostic_non_independent,1067,148,0.6444309873539994,0.6143768989128564,0.6465305726855571,0.0020995853315577406,checked
Одежда,fold_02,numeric_conflict,zs_llm_blend,independent,165,41,0.7809223472848781,0.539839731628386,0.759224730728969,-0.02169761655590907,checked
Одежда,fold_02,numeric_conflict,knrm_name_v2,independent,165,41,0.7809223472848781,0.3920681874871483,0.7668479711534237,-0.014074376131454347,checked
Одежда,fold_02,numeric_conflict,ce_priodistill,diagnostic_non_independent,165,41,0.7809223472848781,0.7089705264543487,0.7760484145598493,-0.0048739327250287845,checked
Одежда,fold_02,numeric_conflict,ce_fashion_specialist,diagnostic_non_independent,165,41,0.7809223472848781,0.7059497492515592,0.7735567208317018,-0.007365626453176288,checked
Одежда,fold_02,numeric_missing,zs_llm_blend,independent,5397,571,0.5643318381402795,0.34068590039098817,0.5565703814897435,-0.007761456650536069,checked
Одежда,fold_02,numeric_missing,knrm_name_v2,independent,5397,571,0.5643318381402795,0.21689319638745858,0.5659607441084605,0.0016289059681809936,checked
Одежда,fold_02,numeric_missing,ce_priodistill,diagnostic_non_independent,5397,571,0.5643318381402795,0.5589867212911976,0.5663576689819829,0.00202583084170338,checked
Одежда,fold_02,numeric_missing,ce_fashion_specialist,diagnostic_non_independent,5397,571,0.5643318381402795,0.554727214953097,0.5669348355397216,0.002602997399442031,checked
Одежда,fold_02,numeric_overlap,zs_llm_blend,independent,215,52,0.7394365314603637,0.5265043334843001,0.7492581672971731,0.009821635836809395,checked
Одежда,fold_02,numeric_overlap,knrm_name_v2,independent,215,52,0.7394365314603637,0.2773780925456269,0.7249589559635641,-0.014477575496799622,checked
Одежда,fold_02,numeric_overlap,ce_priodistill,diagnostic_non_independent,215,52,0.7394365314603637,0.684555914877696,0.7353001102222909,-0.004136421238072785,checked
Одежда,fold_02,numeric_overlap,ce_fashion_specialist,diagnostic_non_independent,215,52,0.7394365314603637,0.6447974461210111,0.7396042825723266,0.00016775111196287718,checked
Одежда,fold_02,text_long,zs_llm_blend,independent,1343,151,0.6240514419327498,0.4449128253026793,0.6171864797384091,-0.006864962194340629,checked
Одежда,fold_02,text_long,knrm_name_v2,independent,1343,151,0.6240514419327498,0.27222345301602013,0.6379830571644148,0.013931615231665084,checked
Одежда,fold_02,text_long,ce_priodistill,diagnostic_non_independent,1343,151,0.6240514419327498,0.630606655493883,0.6274856144469727,0.003434172514222955,checked
Одежда,fold_02,text_long,ce_fashion_specialist,diagnostic_non_independent,1343,151,0.6240514419327498,0.6277652449898511,0.6307834507435811,0.006732008810831358,checked
Одежда,fold_02,text_medium,zs_llm_blend,independent,4425,512,0.584015690780351,0.3405283317164103,0.5724146462144515,-0.011601044565899499,checked
Одежда,fold_02,text_medium,knrm_name_v2,independent,4425,512,0.584015690780351,0.21859636916121866,0.5775827981693744,-0.0064328926109765705,checked
Одежда,fold_02,text_medium,ce_priodistill,diagnostic_non_independent,4425,512,0.584015690780351,0.5637695792596383,0.5842188761240076,0.0002031853436565978,checked
Одежда,fold_02,text_medium,ce_fashion_specialist,diagnostic_non_independent,4425,512,0.584015690780351,0.5543263180401364,0.5831405754802137,-0.0008751153001372858,checked
Одежда,fold_02,text_very_long,zs_llm_blend,independent,9,1,0.3333333333333333,0.25,0.3333333333333333,0.0,checked
Одежда,fold_02,text_very_long,knrm_name_v2,independent,9,1,0.3333333333333333,1.0,0.5,0.16666666666666669,checked
Одежда,fold_02,text_very_long,ce_priodistill,diagnostic_non_independent,9,1,0.3333333333333333,0.3333333333333333,0.3333333333333333,0.0,checked
Одежда,fold_02,text_very_long,ce_fashion_specialist,diagnostic_non_independent,9,1,0.3333333333333333,0.3333333333333333,0.3333333333333333,0.0,checked
Одежда,fold_02,score_01_05,zs_llm_blend,independent,137,0,,,,,undefined_one_class
Одежда,fold_02,score_01_05,knrm_name_v2,independent,137,0,,,,,undefined_one_class
Одежда,fold_02,score_01_05,ce_priodistill,diagnostic_non_independent,137,0,,,,,undefined_one_class
Одежда,fold_02,score_01_05,ce_fashion_specialist,diagnostic_non_independent,137,0,,,,,undefined_one_class
Одежда,fold_02,score_05_20,zs_llm_blend,independent,1822,5,0.006492911857454698,0.006947851303584548,0.006365434821092183,-0.0001274770363625154,checked
Одежда,fold_02,score_05_20,knrm_name_v2,independent,1822,5,0.006492911857454698,0.003400495488348478,0.006094859471210337,-0.00039805238624436145,checked
Одежда,fold_02,score_05_20,ce_priodistill,diagnostic_non_independent,1822,5,0.006492911857454698,0.07154555618045948,0.01009235160857175,0.0035994397511170517,checked
Одежда,fold_02,score_05_20,ce_fashion_specialist,diagnostic_non_independent,1822,5,0.006492911857454698,0.0578149045012632,0.009797723933280296,0.0033048120758255983,checked
Одежда,fold_02,score_20_50,zs_llm_blend,independent,1969,51,0.06116610747929782,0.06262525036091851,0.056975873884831926,-0.004190233594465895,checked
Одежда,fold_02,score_20_50,knrm_name_v2,independent,1969,51,0.06116610747929782,0.04067077551735836,0.05950160971218871,-0.0016644977671091132,checked
Одежда,fold_02,score_20_50,ce_priodistill,diagnostic_non_independent,1969,51,0.06116610747929782,0.05606203245168213,0.055027797239116286,-0.006138310240181535,checked
Одежда,fold_02,score_20_50,ce_fashion_specialist,diagnostic_non_independent,1969,51,0.06116610747929782,0.05841558482428906,0.05528236972327023,-0.005883737756027588,checked
Одежда,fold_02,score_50_80,zs_llm_blend,independent,1647,457,0.4833165319514925,0.34391788507362836,0.48079417576908534,-0.0025223561824071483,checked
Одежда,fold_02,score_50_80,knrm_name_v2,independent,1647,457,0.4833165319514925,0.33802899995529845,0.49372607425492476,0.010409542303432273,checked
Одежда,fold_02,score_50_80,ce_priodistill,diagnostic_non_independent,1647,457,0.4833165319514925,0.4745721310952389,0.48425265881301655,0.0009361268615240559,checked
Одежда,fold_02,score_50_80,ce_fashion_specialist,diagnostic_non_independent,1647,457,0.4833165319514925,0.4592880482792644,0.47983531667808843,-0.003481215273404059,checked
Одежда,fold_02,score_80_95,zs_llm_blend,independent,202,151,0.7996310064842427,0.7645821168705138,0.7823353775719732,-0.017295628912269434,checked
Одежда,fold_02,score_80_95,knrm_name_v2,independent,202,151,0.7996310064842427,0.7639692260005603,0.7861995600644418,-0.013431446419800874,checked
Одежда,fold_02,score_80_95,ce_priodistill,diagnostic_non_independent,202,151,0.7996310064842427,0.7847653047379441,0.8025606411989525,0.002929634714709861,checked
Одежда,fold_02,score_80_95,ce_fashion_specialist,diagnostic_non_independent,202,151,0.7996310064842427,0.7975978184668526,0.8029301908716173,0.003299184387374643,checked
Одежда,fold_02,text_asymmetric,zs_llm_blend,independent,1040,123,0.5436369377086975,0.3916303947261115,0.5438186962430567,0.00018175853435919986,checked
Одежда,fold_02,text_asymmetric,knrm_name_v2,independent,1040,123,0.5436369377086975,0.23474407156549476,0.5670281301189599,0.02339119241026244,checked
Одежда,fold_02,text_asymmetric,ce_priodistill,diagnostic_non_independent,1040,123,0.5436369377086975,0.5240116814409939,0.5468921838569684,0.003255246148270885,checked
Одежда,fold_02,text_asymmetric,ce_fashion_specialist,diagnostic_non_independent,1040,123,0.5436369377086975,0.5023902891271853,0.5489694726698156,0.005332534961118074,checked
Одежда,fold_03,all,zs_llm_blend,independent,5837,675,0.5846048518693114,0.34453373832396134,0.5756843116016453,-0.008920540267666088,checked
Одежда,fold_03,all,knrm_name_v2,independent,5837,675,0.5846048518693114,0.22975113963675003,0.5753824454811474,-0.009222406388164073,checked
Одежда,fold_03,all,ce_priodistill,diagnostic_non_independent,5837,675,0.5846048518693114,0.5625375394415999,0.5853385213760225,0.0007336695067110544,checked
Одежда,fold_03,all,ce_fashion_specialist,diagnostic_non_independent,5837,675,0.5846048518693114,0.5486969626458609,0.5838125022179173,-0.0007923496513941863,checked
Одежда,fold_03,name_exact,zs_llm_blend,independent,229,26,0.47203128671626765,0.3235878827278389,0.4598909397030633,-0.012140347013204378,checked
Одежда,fold_03,name_exact,knrm_name_v2,independent,229,26,0.47203128671626765,0.13821238440065894,0.4260047043923995,-0.04602658232386814,checked
Одежда,fold_03,name_exact,ce_priodistill,diagnostic_non_independent,229,26,0.47203128671626765,0.47744910337762664,0.4655986630064904,-0.006432623709777263,checked
Одежда,fold_03,name_exact,ce_fashion_specialist,diagnostic_non_independent,229,26,0.47203128671626765,0.43552470185574105,0.4618116647928008,-0.01021962192346687,checked
Одежда,fold_03,name_near,zs_llm_blend,independent,34,6,0.577020202020202,0.3788690476190476,0.479004329004329,-0.098015873015873,checked
Одежда,fold_03,name_near,knrm_name_v2,independent,34,6,0.577020202020202,0.3527157540315435,0.552020202020202,-0.025000000000000022,checked
Одежда,fold_03,name_near,ce_priodistill,diagnostic_non_independent,34,6,0.577020202020202,0.6833333333333332,0.577020202020202,0.0,checked
Одежда,fold_03,name_near,ce_fashion_specialist,diagnostic_non_independent,34,6,0.577020202020202,0.7035714285714285,0.577020202020202,0.0,checked
Одежда,fold_03,name_other,zs_llm_blend,independent,5574,643,0.589935598974789,0.3468953079352962,0.5811792839944128,-0.008756314980376212,checked
Одежда,fold_03,name_other,knrm_name_v2,independent,5574,643,0.589935598974789,0.24331890567124237,0.5845634173911912,-0.005372181583597757,checked
Одежда,fold_03,name_other,ce_priodistill,diagnostic_non_independent,5574,643,0.589935598974789,0.5660592653197152,0.5909016154030836,0.000966016428294636,checked
Одежда,fold_03,name_other,ce_fashion_specialist,diagnostic_non_independent,5574,643,0.589935598974789,0.552897333044872,0.5892777732465168,-0.0006578257282722211,checked
Одежда,fold_03,attrs_present,zs_llm_blend,independent,5837,675,0.5846048518693114,0.34453373832396134,0.5756843116016453,-0.008920540267666088,checked
Одежда,fold_03,attrs_present,knrm_name_v2,independent,5837,675,0.5846048518693114,0.22975113963675003,0.5753824454811474,-0.009222406388164073,checked
Одежда,fold_03,attrs_present,ce_priodistill,diagnostic_non_independent,5837,675,0.5846048518693114,0.5625375394415999,0.5853385213760225,0.0007336695067110544,checked
Одежда,fold_03,attrs_present,ce_fashion_specialist,diagnostic_non_independent,5837,675,0.5846048518693114,0.5486969626458609,0.5838125022179173,-0.0007923496513941863,checked
Одежда,fold_03,brand_agree,zs_llm_blend,independent,132,49,0.6720067250944853,0.4723649428108075,0.6386011113732339,-0.03340561372125139,checked
Одежда,fold_03,brand_agree,knrm_name_v2,independent,132,49,0.6720067250944853,0.48774054953232104,0.7236210407893676,0.051614315694882285,checked
Одежда,fold_03,brand_agree,ce_priodistill,diagnostic_non_independent,132,49,0.6720067250944853,0.64677468008004,0.6780466924805396,0.006039967386054279,checked
Одежда,fold_03,brand_agree,ce_fashion_specialist,diagnostic_non_independent,132,49,0.6720067250944853,0.6270760548131966,0.6833942515245788,0.011387526430093442,checked
Одежда,fold_03,brand_conflict,zs_llm_blend,independent,248,27,0.549689415815113,0.4016812241676745,0.5222118869918553,-0.027477528823257713,checked
Одежда,fold_03,brand_conflict,knrm_name_v2,independent,248,27,0.549689415815113,0.26390506255871593,0.51607903014197,-0.033610385673143006,checked
Одежда,fold_03,brand_conflict,ce_priodistill,diagnostic_non_independent,248,27,0.549689415815113,0.46838129103318665,0.5495798197282663,-0.00010959608684668609,checked
Одежда,fold_03,brand_conflict,ce_fashion_specialist,diagnostic_non_independent,248,27,0.549689415815113,0.4624808794242155,0.5419778083272027,-0.0077116074879103325,checked
Одежда,fold_03,brand_one_missing,zs_llm_blend,independent,5457,599,0.5793879591767015,0.34424775118676654,0.5738508452212261,-0.005537113955475403,checked
Одежда,fold_03,brand_one_missing,knrm_name_v2,independent,5457,599,0.5793879591767015,0.22035911825329219,0.5675072718206321,-0.011880687356069397,checked
Одежда,fold_03,brand_one_missing,ce_priodistill,diagnostic_non_independent,5457,599,0.5793879591767015,0.5612073055960893,0.579927722985561,0.0005397638088594503,checked
Одежда,fold_03,brand_one_missing,ce_fashion_specialist,diagnostic_non_independent,5457,599,0.5793879591767015,0.546239381960371,0.5780173868325587,-0.0013705723441428397,checked
Одежда,fold_03,model_agree,zs_llm_blend,independent,100,14,0.6452857841380332,0.404232468663673,0.6336337937424893,-0.011651990395543876,checked
Одежда,fold_03,model_agree,knrm_name_v2,independent,100,14,0.6452857841380332,0.43306508762281015,0.6344654536850427,-0.010820330452990468,checked
Одежда,fold_03,model_agree,ce_priodistill,diagnostic_non_independent,100,14,0.6452857841380332,0.6489472515788305,0.6479742996823742,0.002688515544341019,checked
Одежда,fold_03,model_agree,ce_fashion_specialist,diagnostic_non_independent,100,14,0.6452857841380332,0.6589851068632582,0.6501404897316551,0.004854705593621889,checked
Одежда,fold_03,model_both_missing,zs_llm_blend,independent,53,14,0.45786203770667555,0.29830327505131626,0.43709643417555155,-0.020765603531124,checked
Одежда,fold_03,model_both_missing,knrm_name_v2,independent,53,14,0.45786203770667555,0.6259794124074411,0.4815236962200634,0.023661658513387862,checked
Одежда,fold_03,model_both_missing,ce_priodistill,diagnostic_non_independent,53,14,0.45786203770667555,0.5795286801589322,0.45458125404933913,-0.003280783657336417,checked
Одежда,fold_03,model_both_missing,ce_fashion_specialist,diagnostic_non_independent,53,14,0.45786203770667555,0.44499414441514173,0.4491753917956508,-0.008686645911024748,checked
Одежда,fold_03,model_conflict,zs_llm_blend,independent,981,128,0.6275126160243963,0.38742893830616965,0.6085272463902903,-0.01898536963410602,checked
Одежда,fold_03,model_conflict,knrm_name_v2,independent,981,128,0.6275126160243963,0.2976136533256014,0.6312097738767106,0.003697157852314281,checked
Одежда,fold_03,model_conflict,ce_priodistill,diagnostic_non_independent,981,128,0.6275126160243963,0.5811297883270732,0.6277767249266432,0.00026410890224681793,checked
Одежда,fold_03,model_conflict,ce_fashion_specialist,diagnostic_non_independent,981,128,0.6275126160243963,0.5569241937064192,0.6238928569412169,-0.0036197590831794635,checked
Одежда,fold_03,model_one_missing,zs_llm_blend,independent,4703,519,0.5795266579011384,0.3458909957680519,0.5724962870704754,-0.007030370830663046,checked
Одежда,fold_03,model_one_missing,knrm_name_v2,independent,4703,519,0.5795266579011384,0.2111174652188872,0.563836425101435,-0.015690232799703496,checked
Одежда,fold_03,model_one_missing,ce_priodistill,diagnostic_non_independent,4703,519,0.5795266579011384,0.5604524303572007,0.5798980578211655,0.00037139992002710454,checked
Одежда,fold_03,model_one_missing,ce_fashion_specialist,diagnostic_non_independent,4703,519,0.5795266579011384,0.549806385127642,0.5786183043822758,-0.0009083535188626479,checked
Одежда,fold_03,article_both_missing,zs_llm_blend,independent,5138,602,0.5806940180050993,0.3465975959612658,0.5726867363756671,-0.008007281629432206,checked
Одежда,fold_03,article_both_missing,knrm_name_v2,independent,5138,602,0.5806940180050993,0.224312124900666,0.5715876990642701,-0.00910631894082925,checked
Одежда,fold_03,article_both_missing,ce_priodistill,diagnostic_non_independent,5138,602,0.5806940180050993,0.5614848632564807,0.5810714582248043,0.0003774402197049831,checked
Одежда,fold_03,article_both_missing,ce_fashion_specialist,diagnostic_non_independent,5138,602,0.5806940180050993,0.547986023922556,0.5793928011121903,-0.001301216892909074,checked
Одежда,fold_03,article_one_missing,zs_llm_blend,independent,699,73,0.6379090153679762,0.3737491895437017,0.6060453898180275,-0.031863625549948704,checked
Одежда,fold_03,article_one_missing,knrm_name_v2,independent,699,73,0.6379090153679762,0.29819431947046116,0.6182233467055513,-0.019685668662424827,checked
Одежда,fold_03,article_one_missing,ce_priodistill,diagnostic_non_independent,699,73,0.6379090153679762,0.5941435755965062,0.6391318639584253,0.0012228485904490771,checked
Одежда,fold_03,article_one_missing,ce_fashion_specialist,diagnostic_non_independent,699,73,0.6379090153679762,0.5662815465337369,0.6385187126485452,0.0006096972805690326,checked
Одежда,fold_03,size_comparable_agree,zs_llm_blend,independent,1217,185,0.6484367724568467,0.38830215911747273,0.6412325172762023,-0.007204255180644381,checked
Одежда,fold_03,size_comparable_agree,knrm_name_v2,independent,1217,185,0.6484367724568467,0.2554175536893197,0.6291846002198649,-0.019252172236981835,checked
Одежда,fold_03,size_comparable_agree,ce_priodistill,diagnostic_non_independent,1217,185,0.6484367724568467,0.6549508690536598,0.6548227850598605,0.0063860126030137465,checked
Одежда,fold_03,size_comparable_agree,ce_fashion_specialist,diagnostic_non_independent,1217,185,0.6484367724568467,0.6336523663231678,0.6541249903423705,0.005688217885523761,checked
Одежда,fold_03,size_comparable_mismatch,zs_llm_blend,independent,3628,347,0.5402132191360444,0.29496991242168913,0.5333435467158039,-0.006869672420240502,checked
Одежда,fold_03,size_comparable_mismatch,knrm_name_v2,independent,3628,347,0.5402132191360444,0.21646224651153026,0.5430364342569558,0.0028232151209114376,checked
Одежда,fold_03,size_comparable_mismatch,ce_priodistill,diagnostic_non_independent,3628,347,0.5402132191360444,0.5073073537642552,0.5399438784723681,-0.0002693406636762319,checked
Одежда,fold_03,size_comparable_mismatch,ce_fashion_specialist,diagnostic_non_independent,3628,347,0.5402132191360444,0.5075921116875808,0.5410718372500929,0.0008586181140485261,checked
Одежда,fold_03,size_not_comparable,zs_llm_blend,independent,992,143,0.6042024607947668,0.41140688242277684,0.5887941856999095,-0.015408275094857316,checked
Одежда,fold_03,size_not_comparable,knrm_name_v2,independent,992,143,0.6042024607947668,0.256951163453445,0.5999162824358149,-0.004286178358951953,checked
Одежда,fold_03,size_not_comparable,ce_priodistill,diagnostic_non_independent,992,143,0.6042024607947668,0.5852490674509627,0.6005263887071942,-0.0036760720875725905,checked
Одежда,fold_03,size_not_comparable,ce_fashion_specialist,diagnostic_non_independent,992,143,0.6042024607947668,0.5551475694615714,0.6002282999111723,-0.00397416088359448,checked
Одежда,fold_03,numeric_conflict,zs_llm_blend,independent,193,43,0.8000772417503149,0.5697310230047481,0.8049805506553204,0.004903308905005455,checked
Одежда,fold_03,numeric_conflict,knrm_name_v2,independent,193,43,0.8000772417503149,0.3295946826030434,0.7870012471835288,-0.013075994566786098,checked
Одежда,fold_03,numeric_conflict,ce_priodistill,diagnostic_non_independent,193,43,0.8000772417503149,0.775364137281382,0.8047281007087321,0.004650858958417214,checked
Одежда,fold_03,numeric_conflict,ce_fashion_specialist,diagnostic_non_independent,193,43,0.8000772417503149,0.7172730669088113,0.8038240988637242,0.0037468571134092743,checked
Одежда,fold_03,numeric_missing,zs_llm_blend,independent,5447,587,0.5816364414404553,0.33659857271824273,0.5707484152528374,-0.010888026187617972,checked
Одежда,fold_03,numeric_missing,knrm_name_v2,independent,5447,587,0.5816364414404553,0.22155983263615878,0.5698581696209725,-0.011778271819482877,checked
Одежда,fold_03,numeric_missing,ce_priodistill,diagnostic_non_independent,5447,587,0.5816364414404553,0.5602062907862614,0.5826522135945282,0.0010157721540728915,checked
Одежда,fold_03,numeric_missing,ce_fashion_specialist,diagnostic_non_independent,5447,587,0.5816364414404553,0.5443417305668069,0.5809020258621265,-0.000734415578328873,checked
Одежда,fold_03,numeric_overlap,zs_llm_blend,independent,197,45,0.4970341486382511,0.394310318437023,0.5174888581623039,0.020454709524052817,checked
Одежда,fold_03,numeric_overlap,knrm_name_v2,independent,197,45,0.4970341486382511,0.2889515514555201,0.5068804631973001,0.009846314559048941,checked
Одежда,fold_03,numeric_overlap,ce_priodistill,diagnostic_non_independent,197,45,0.4970341486382511,0.4970243976012681,0.49759532985970306,0.000561181221451934,checked
Одежда,fold_03,numeric_overlap,ce_fashion_specialist,diagnostic_non_independent,197,45,0.4970341486382511,0.5199789353976372,0.5010202085969677,0.003986059958716592,checked
Одежда,fold_03,text_long,zs_llm_blend,independent,1319,157,0.6045731291331252,0.4024726118104424,0.6083560426320473,0.0037829134989221247,checked
Одежда,fold_03,text_long,knrm_name_v2,independent,1319,157,0.6045731291331252,0.23239889047444667,0.5778933990587303,-0.026679730074394947,checked
Одежда,fold_03,text_long,ce_priodistill,diagnostic_non_independent,1319,157,0.6045731291331252,0.5961743336837293,0.607217081609861,0.002643952476735767,checked
Одежда,fold_03,text_long,ce_fashion_specialist,diagnostic_non_independent,1319,157,0.6045731291331252,0.5814125378243914,0.6073841723558725,0.002811043222747278,checked
Одежда,fold_03,text_medium,zs_llm_blend,independent,4508,517,0.5848309548207525,0.33600303310636637,0.5711042979064668,-0.013726656914285762,checked
Одежда,fold_03,text_medium,knrm_name_v2,independent,4508,517,0.5848309548207525,0.23128839800123732,0.5804292931495763,-0.004401661671176282,checked
Одежда,fold_03,text_medium,ce_priodistill,diagnostic_non_independent,4508,517,0.5848309548207525,0.5550094992951303,0.5844867145926111,-0.0003442402281413903,checked
Одежда,fold_03,text_medium,ce_fashion_specialist,diagnostic_non_independent,4508,517,0.5848309548207525,0.5402127234909253,0.5826700952567992,-0.002160859563953288,checked
Одежда,fold_03,text_short_both,zs_llm_blend,independent,1,0,,,,,undefined_one_class
Одежда,fold_03,text_short_both,knrm_name_v2,independent,1,0,,,,,undefined_one_class
Одежда,fold_03,text_short_both,ce_priodistill,diagnostic_non_independent,1,0,,,,,undefined_one_class
Одежда,fold_03,text_short_both,ce_fashion_specialist,diagnostic_non_independent,1,0,,,,,undefined_one_class
Одежда,fold_03,text_very_long,zs_llm_blend,independent,9,1,0.25,0.3333333333333333,0.25,0.0,checked
Одежда,fold_03,text_very_long,knrm_name_v2,independent,9,1,0.25,1.0,0.3333333333333333,0.08333333333333331,checked
Одежда,fold_03,text_very_long,ce_priodistill,diagnostic_non_independent,9,1,0.25,0.25,0.25,0.0,checked
Одежда,fold_03,text_very_long,ce_fashion_specialist,diagnostic_non_independent,9,1,0.25,0.3333333333333333,0.3333333333333333,0.08333333333333331,checked
Одежда,fold_03,score_01_05,zs_llm_blend,independent,202,0,,,,,undefined_one_class
Одежда,fold_03,score_01_05,knrm_name_v2,independent,202,0,,,,,undefined_one_class
Одежда,fold_03,score_01_05,ce_priodistill,diagnostic_non_independent,202,0,,,,,undefined_one_class
Одежда,fold_03,score_01_05,ce_fashion_specialist,diagnostic_non_independent,202,0,,,,,undefined_one_class
Одежда,fold_03,score_05_20,zs_llm_blend,independent,1951,9,0.06904837066363369,0.03242531864201029,0.07587380574842854,0.006825435084794856,checked
Одежда,fold_03,score_05_20,knrm_name_v2,independent,1951,9,0.06904837066363369,0.005696552483078345,0.029325422942807253,-0.039722947720826435,checked
Одежда,fold_03,score_05_20,ce_priodistill,diagnostic_non_independent,1951,9,0.06904837066363369,0.026143028883966763,0.044575348422773844,-0.024473022240859843,checked
Одежда,fold_03,score_05_20,ce_fashion_specialist,diagnostic_non_independent,1951,9,0.06904837066363369,0.027046674689591918,0.04811090115187337,-0.020937469511760315,checked
Одежда,fold_03,score_20_50,zs_llm_blend,independent,1793,63,0.06849646541160169,0.08205717964846271,0.10119608132112334,0.032699615909521654,checked
Одежда,fold_03,score_20_50,knrm_name_v2,independent,1793,63,0.06849646541160169,0.04860892937641406,0.06597871756608814,-0.002517747845513549,checked
Одежда,fold_03,score_20_50,ce_priodistill,diagnostic_non_independent,1793,63,0.06849646541160169,0.07013722380633905,0.07416904357616134,0.005672578164559655,checked
Одежда,fold_03,score_20_50,ce_fashion_specialist,diagnostic_non_independent,1793,63,0.06849646541160169,0.07144654213122778,0.07926341499873207,0.010766949587130384,checked
Одежда,fold_03,score_50_80,zs_llm_blend,independent,1721,470,0.47616525258366016,0.34239813499202737,0.48318016881428694,0.007014916230626778,checked
Одежда,fold_03,score_50_80,knrm_name_v2,independent,1721,470,0.47616525258366016,0.3008411213215574,0.47622604504616317,6.079246250301207e-05,checked
Одежда,fold_03,score_50_80,ce_priodistill,diagnostic_non_independent,1721,470,0.47616525258366016,0.47128900244368366,0.47744455710340467,0.0012793045197445063,checked
Одежда,fold_03,score_50_80,ce_fashion_specialist,diagnostic_non_independent,1721,470,0.47616525258366016,0.4549859639037825,0.47501824523173214,-0.00114700735192802,checked
Одежда,fold_03,score_80_95,zs_llm_blend,independent,170,133,0.83495110395992,0.7662349528888746,0.8048043010593664,-0.030146802900553604,checked
Одежда,fold_03,score_80_95,knrm_name_v2,independent,170,133,0.83495110395992,0.8262580692094366,0.8430136420786907,0.008062538118770668,checked
Одежда,fold_03,score_80_95,ce_priodistill,diagnostic_non_independent,170,133,0.83495110395992,0.8108203178372554,0.8313255345832145,-0.003625569376705551,checked
Одежда,fold_03,score_80_95,ce_fashion_specialist,diagnostic_non_independent,170,133,0.83495110395992,0.8131521476293235,0.8301244936101181,-0.004826610349801919,checked
Одежда,fold_03,text_asymmetric,zs_llm_blend,independent,1069,128,0.5774471596013689,0.35533979321148323,0.56698401837084,-0.010463141230528938,checked
Одежда,fold_03,text_asymmetric,knrm_name_v2,independent,1069,128,0.5774471596013689,0.21702525270829165,0.5469658858627361,-0.030481273738632852,checked
Одежда,fold_03,text_asymmetric,ce_priodistill,diagnostic_non_independent,1069,128,0.5774471596013689,0.547713234978165,0.5747122438445009,-0.002734915756868017,checked
Одежда,fold_03,text_asymmetric,ce_fashion_specialist,diagnostic_non_independent,1069,128,0.5774471596013689,0.5280513934989944,0.5720698435106731,-0.005377316090695805,checked
Одежда,fold_04,all,zs_llm_blend,independent,5797,721,0.6083261187793046,0.36159497700975535,0.6008257396102525,-0.007500379169052107,checked
Одежда,fold_04,all,knrm_name_v2,independent,5797,721,0.6083261187793046,0.27860064984668437,0.6004356666006377,-0.007890452178666907,checked
Одежда,fold_04,all,ce_priodistill,diagnostic_non_independent,5797,721,0.6083261187793046,0.6018887309624495,0.6103873448763578,0.0020612260970531704,checked
Одежда,fold_04,all,ce_fashion_specialist,diagnostic_non_independent,5797,721,0.6083261187793046,0.5843953060537356,0.6096273967065625,0.0013012779272578712,checked
Одежда,fold_04,name_exact,zs_llm_blend,independent,242,28,0.6343885798431874,0.48900088828104765,0.6653707741971333,0.03098219435394589,checked
Одежда,fold_04,name_exact,knrm_name_v2,independent,242,28,0.6343885798431874,0.14963015299270305,0.6183136429155327,-0.016074936927654715,checked
Одежда,fold_04,name_exact,ce_priodistill,diagnostic_non_independent,242,28,0.6343885798431874,0.6451446596943566,0.6402785044512671,0.0058899246080796885,checked
Одежда,fold_04,name_exact,ce_fashion_specialist,diagnostic_non_independent,242,28,0.6343885798431874,0.5997953064219271,0.6422411468832552,0.00785256704006776,checked
Одежда,fold_04,name_near,zs_llm_blend,independent,41,7,0.7407029478458049,0.3197864091873308,0.7142857142857143,-0.026417233560090625,checked
Одежда,fold_04,name_near,knrm_name_v2,independent,41,7,0.7407029478458049,0.38702420767638157,0.7253968253968254,-0.015306122448979553,checked
Одежда,fold_04,name_near,ce_priodistill,diagnostic_non_independent,41,7,0.7407029478458049,0.6932900432900433,0.7295918367346939,-0.011111111111111072,checked
Одежда,fold_04,name_near,ce_fashion_specialist,diagnostic_non_independent,41,7,0.7407029478458049,0.6837662337662338,0.7295918367346939,-0.011111111111111072,checked
Одежда,fold_04,name_other,zs_llm_blend,independent,5514,686,0.6081965849940258,0.3585552471796464,0.5991916624145628,-0.00900492257946306,checked
Одежда,fold_04,name_other,knrm_name_v2,independent,5514,686,0.6081965849940258,0.28775318051564347,0.6010275789379985,-0.007169006056027327,checked
Одежда,fold_04,name_other,ce_priodistill,diagnostic_non_independent,5514,686,0.6081965849940258,0.6018541171254754,0.610235715705824,0.002039130711798176,checked
Одежда,fold_04,name_other,ce_fashion_specialist,diagnostic_non_independent,5514,686,0.6081965849940258,0.58506566256919,0.6095257117289434,0.001329126734917585,checked
Одежда,fold_04,attrs_present,zs_llm_blend,independent,5797,721,0.6083261187793046,0.36159497700975535,0.6008257396102525,-0.007500379169052107,checked
Одежда,fold_04,attrs_present,knrm_name_v2,independent,5797,721,0.6083261187793046,0.27860064984668437,0.6004356666006377,-0.007890452178666907,checked
Одежда,fold_04,attrs_present,ce_priodistill,diagnostic_non_independent,5797,721,0.6083261187793046,0.6018887309624495,0.6103873448763578,0.0020612260970531704,checked
Одежда,fold_04,attrs_present,ce_fashion_specialist,diagnostic_non_independent,5797,721,0.6083261187793046,0.5843953060537356,0.6096273967065625,0.0013012779272578712,checked
Одежда,fold_04,brand_agree,zs_llm_blend,independent,136,59,0.7495857677282138,0.6109024343095684,0.7333611225813061,-0.01622464514690769,checked
Одежда,fold_04,brand_agree,knrm_name_v2,independent,136,59,0.7495857677282138,0.4459075027667266,0.6875301713415334,-0.062055596386680456,checked
Одежда,fold_04,brand_agree,ce_priodistill,diagnostic_non_independent,136,59,0.7495857677282138,0.7674839082956307,0.7509136886843345,0.001327920956120665,checked
Одежда,fold_04,brand_agree,ce_fashion_specialist,diagnostic_non_independent,136,59,0.7495857677282138,0.756767076500797,0.7492737851730374,-0.0003119825551763933,checked
Одежда,fold_04,brand_conflict,zs_llm_blend,independent,215,29,0.6898664459873884,0.5805621644400976,0.6674520449091368,-0.022414401078251656,checked
Одежда,fold_04,brand_conflict,knrm_name_v2,independent,215,29,0.6898664459873884,0.39712552277282265,0.6660410372371628,-0.023825408750225652,checked
Одежда,fold_04,brand_conflict,ce_priodistill,diagnostic_non_independent,215,29,0.6898664459873884,0.6348057945771548,0.685039368844292,-0.004827077143096492,checked
Одежда,fold_04,brand_conflict,ce_fashion_specialist,diagnostic_non_independent,215,29,0.6898664459873884,0.6107212010250035,0.6768240667277912,-0.013042379259597281,checked
Одежда,fold_04,brand_one_missing,zs_llm_blend,independent,5446,633,0.5903528516546084,0.3476803453728661,0.5849372413599951,-0.005415610294613238,checked
Одежда,fold_04,brand_one_missing,knrm_name_v2,independent,5446,633,0.5903528516546084,0.27627562608829864,0.5878107419691921,-0.0025421096854162384,checked
Одежда,fold_04,brand_one_missing,ce_priodistill,diagnostic_non_independent,5446,633,0.5903528516546084,0.5846487073005497,0.593026109658988,0.002673258004379675,checked
Одежда,fold_04,brand_one_missing,ce_fashion_specialist,diagnostic_non_independent,5446,633,0.5903528516546084,0.5673088107457559,0.5915770462513646,0.0012241945967562673,checked
Одежда,fold_04,model_agree,zs_llm_blend,independent,103,20,0.8408225641379117,0.808083370343954,0.8419891703060705,0.0011666061681587792,checked
Одежда,fold_04,model_agree,knrm_name_v2,independent,103,20,0.8408225641379117,0.49321744005069923,0.8476751276966186,0.006852563558706892,checked
Одежда,fold_04,model_agree,ce_priodistill,diagnostic_non_independent,103,20,0.8408225641379117,0.8669955880649616,0.846407090931085,0.005584526793173339,checked
Одежда,fold_04,model_agree,ce_fashion_specialist,diagnostic_non_independent,103,20,0.8408225641379117,0.8624636948030915,0.8461048407403908,0.005282276602479152,checked
Одежда,fold_04,model_both_missing,zs_llm_blend,independent,51,12,0.4487399667929807,0.5285862920373791,0.44963798384851017,0.0008980170555294431,checked
Одежда,fold_04,model_both_missing,knrm_name_v2,independent,51,12,0.4487399667929807,0.3317561540022319,0.43508269558632534,-0.013657271206655386,checked
Одежда,fold_04,model_both_missing,ce_priodistill,diagnostic_non_independent,51,12,0.4487399667929807,0.4358161217294344,0.4574396004926144,0.008699633699633669,checked
Одежда,fold_04,model_both_missing,ce_fashion_specialist,diagnostic_non_independent,51,12,0.4487399667929807,0.44842233586751135,0.4574396004926144,0.008699633699633669,checked
Одежда,fold_04,model_conflict,zs_llm_blend,independent,996,161,0.6886886442834933,0.4995094769286703,0.6824369174021215,-0.006251726881371766,checked
Одежда,fold_04,model_conflict,knrm_name_v2,independent,996,161,0.6886886442834933,0.3856179572849079,0.6832543839104764,-0.005434260373016864,checked
Одежда,fold_04,model_conflict,ce_priodistill,diagnostic_non_independent,996,161,0.6886886442834933,0.6891242082394813,0.6892457294711619,0.0005570851876686156,checked
Одежда,fold_04,model_conflict,ce_fashion_specialist,diagnostic_non_independent,996,161,0.6886886442834933,0.6762743664925887,0.6887728253949688,8.418111147545648e-05,checked
Одежда,fold_04,model_one_missing,zs_llm_blend,independent,4647,528,0.5760959107367876,0.3296325684740748,0.569606047112874,-0.006489863623913572,checked
Одежда,fold_04,model_one_missing,knrm_name_v2,independent,4647,528,0.5760959107367876,0.2528384468101588,0.5696193079403125,-0.006476602796475106,checked
Одежда,fold_04,model_one_missing,ce_priodistill,diagnostic_non_independent,4647,528,0.5760959107367876,0.5672430441490471,0.5786200449814116,0.0025241342446240544,checked
Одежда,fold_04,model_one_missing,ce_fashion_specialist,diagnostic_non_independent,4647,528,0.5760959107367876,0.5476878046485049,0.5768394566387814,0.0007435459019938806,checked
Одежда,fold_04,article_both_missing,zs_llm_blend,independent,5089,625,0.5873250706335419,0.3467946161190437,0.5818735441116811,-0.005451526521860761,checked
Одежда,fold_04,article_both_missing,knrm_name_v2,independent,5089,625,0.5873250706335419,0.2721276458395493,0.5827080632992854,-0.004617007334256518,checked
Одежда,fold_04,article_both_missing,ce_priodistill,diagnostic_non_independent,5089,625,0.5873250706335419,0.5817738979500826,0.5894689506236783,0.0021438799901364325,checked
Одежда,fold_04,article_both_missing,ce_fashion_specialist,diagnostic_non_independent,5089,625,0.5873250706335419,0.5649420654627213,0.5886152559715868,0.0012901853380449246,checked
Одежда,fold_04,article_one_missing,zs_llm_blend,independent,708,96,0.7366972094730297,0.5589754908935095,0.7256272839986726,-0.011069925474357145,checked
Одежда,fold_04,article_one_missing,knrm_name_v2,independent,708,96,0.7366972094730297,0.37984146440931527,0.7097209718676059,-0.02697623760542389,checked
Одежда,fold_04,article_one_missing,ce_priodistill,diagnostic_non_independent,708,96,0.7366972094730297,0.7312801067364454,0.7367239938933909,2.6784420361192218e-05,checked
Одежда,fold_04,article_one_missing,ce_fashion_specialist,diagnostic_non_independent,708,96,0.7366972094730297,0.7174515531763279,0.7361940108286014,-0.000503198644428382,checked
Одежда,fold_04,size_comparable_agree,zs_llm_blend,independent,1131,186,0.711267093328113,0.4379999353798407,0.7099188028023266,-0.0013482905257864441,checked
Одежда,fold_04,size_comparable_agree,knrm_name_v2,independent,1131,186,0.711267093328113,0.32201969218895027,0.7113606824423017,9.358911418866356e-05,checked
Одежда,fold_04,size_comparable_agree,ce_priodistill,diagnostic_non_independent,1131,186,0.711267093328113,0.7042585294264543,0.7166074423428639,0.005340349014750889,checked
Одежда,fold_04,size_comparable_agree,ce_fashion_specialist,diagnostic_non_independent,1131,186,0.711267093328113,0.6891980811063997,0.7161811561657002,0.004914062837587219,checked
Одежда,fold_04,size_comparable_mismatch,zs_llm_blend,independent,3701,394,0.5905610631739705,0.3191357614622298,0.5787141666060928,-0.01184689656787774,checked
Одежда,fold_04,size_comparable_mismatch,knrm_name_v2,independent,3701,394,0.5905610631739705,0.2475761260949095,0.5810467710802752,-0.009514292093695254,checked
Одежда,fold_04,size_comparable_mismatch,ce_priodistill,diagnostic_non_independent,3701,394,0.5905610631739705,0.5817615539183099,0.5907680246583156,0.00020696148434506956,checked
Одежда,fold_04,size_comparable_mismatch,ce_fashion_specialist,diagnostic_non_independent,3701,394,0.5905610631739705,0.5675459488512203,0.590043329714328,-0.0005177334596424554,checked
Одежда,fold_04,size_not_comparable,zs_llm_blend,independent,965,141,0.5271350909964378,0.38188069858387197,0.5183563882908834,-0.008778702705554475,checked
Одежда,fold_04,size_not_comparable,knrm_name_v2,independent,965,141,0.5271350909964378,0.3388420227135171,0.5332684295902813,0.006133338593843463,checked
Одежда,fold_04,size_not_comparable,ce_priodistill,diagnostic_non_independent,965,141,0.5271350909964378,0.5510174469008391,0.5314669028849967,0.004331811888558801,checked
Одежда,fold_04,size_not_comparable,ce_fashion_specialist,diagnostic_non_independent,965,141,0.5271350909964378,0.5310597978867899,0.5288673597347616,0.0017322687383237723,checked
Одежда,fold_04,numeric_conflict,zs_llm_blend,independent,164,43,0.7758017596918554,0.5092516674641164,0.7449392653535245,-0.03086249433833088,checked
Одежда,fold_04,numeric_conflict,knrm_name_v2,independent,164,43,0.7758017596918554,0.46244243604782564,0.7868243017341335,0.01102254204227815,checked
Одежда,fold_04,numeric_conflict,ce_priodistill,diagnostic_non_independent,164,43,0.7758017596918554,0.7924858830309629,0.7783476749213029,0.0025459152294474707,checked
Одежда,fold_04,numeric_conflict,ce_fashion_specialist,diagnostic_non_independent,164,43,0.7758017596918554,0.7491390577636414,0.7743329560503927,-0.0014688036414627348,checked
Одежда,fold_04,numeric_missing,zs_llm_blend,independent,5411,615,0.6050103687804772,0.3523158691907735,0.5994426099458633,-0.005567758834613912,checked
Одежда,fold_04,numeric_missing,knrm_name_v2,independent,5411,615,0.6050103687804772,0.2590071814246846,0.5948074332955327,-0.010202935484944553,checked
Одежда,fold_04,numeric_missing,ce_priodistill,diagnostic_non_independent,5411,615,0.6050103687804772,0.594250060341948,0.6063904920793364,0.0013801232988591705,checked
Одежда,fold_04,numeric_missing,ce_fashion_specialist,diagnostic_non_independent,5411,615,0.6050103687804772,0.5798115365050578,0.6066427357055388,0.0016323669250616346,checked
Одежда,fold_04,numeric_overlap,zs_llm_blend,independent,222,63,0.5642032495019386,0.4202811789683173,0.5523556282813524,-0.011847621220586135,checked
Одежда,fold_04,numeric_overlap,knrm_name_v2,independent,222,63,0.5642032495019386,0.43569428211014405,0.5549179689008809,-0.00928528060105771,checked
Одежда,fold_04,numeric_overlap,ce_priodistill,diagnostic_non_independent,222,63,0.5642032495019386,0.5649205326379696,0.5682719269752474,0.004068677473308857,checked
Одежда,fold_04,numeric_overlap,ce_fashion_specialist,diagnostic_non_independent,222,63,0.5642032495019386,0.5519302349831615,0.568070009256826,0.0038667597548874832,checked
Одежда,fold_04,text_long,zs_llm_blend,independent,1290,158,0.6724934161568296,0.41906554088475934,0.668957430976463,-0.0035359851803665743,checked
Одежда,fold_04,text_long,knrm_name_v2,independent,1290,158,0.6724934161568296,0.26318548369650174,0.6442870756273805,-0.028206340529449037,checked
Одежда,fold_04,text_long,ce_priodistill,diagnostic_non_independent,1290,158,0.6724934161568296,0.6653258211319499,0.6778047515384682,0.005311335381638638,checked
Одежда,fold_04,text_long,ce_fashion_specialist,diagnostic_non_independent,1290,158,0.6724934161568296,0.6458703777880733,0.6773490573556422,0.004855641198812655,checked
Одежда,fold_04,text_medium,zs_llm_blend,independent,4501,563,0.5917256314452575,0.35129077778698964,0.5829392425194645,-0.008786388925792976,checked
Одежда,fold_04,text_medium,knrm_name_v2,independent,4501,563,0.5917256314452575,0.28535691105565325,0.5909994442175367,-0.0007261872277207759,checked
Одежда,fold_04,text_medium,ce_priodistill,diagnostic_non_independent,4501,563,0.5917256314452575,0.5853084737646385,0.5918878192509579,0.00016218780570043112,checked
Одежда,fold_04,text_medium,ce_fashion_specialist,diagnostic_non_independent,4501,563,0.5917256314452575,0.5684055383287302,0.5919926788909846,0.0002670474457271421,checked
Одежда,fold_04,text_very_long,zs_llm_blend,independent,6,0,,,,,undefined_one_class
Одежда,fold_04,text_very_long,knrm_name_v2,independent,6,0,,,,,undefined_one_class
Одежда,fold_04,text_very_long,ce_priodistill,diagnostic_non_independent,6,0,,,,,undefined_one_class
Одежда,fold_04,text_very_long,ce_fashion_specialist,diagnostic_non_independent,6,0,,,,,undefined_one_class
Одежда,fold_04,score_01_05,zs_llm_blend,independent,208,0,,,,,undefined_one_class
Одежда,fold_04,score_01_05,knrm_name_v2,independent,208,0,,,,,undefined_one_class
Одежда,fold_04,score_01_05,ce_priodistill,diagnostic_non_independent,208,0,,,,,undefined_one_class
Одежда,fold_04,score_01_05,ce_fashion_specialist,diagnostic_non_independent,208,0,,,,,undefined_one_class
Одежда,fold_04,score_05_20,zs_llm_blend,independent,1937,4,0.014910457293488222,0.02296071308871652,0.02938088246050433,0.014470425167016108,checked
Одежда,fold_04,score_05_20,knrm_name_v2,independent,1937,4,0.014910457293488222,0.002686255613517741,0.013923115532338437,-0.0009873417611497848,checked
Одежда,fold_04,score_05_20,ce_priodistill,diagnostic_non_independent,1937,4,0.014910457293488222,0.06747872634254384,0.038603104262039105,0.023692646968550883,checked
Одежда,fold_04,score_05_20,ce_fashion_specialist,diagnostic_non_independent,1937,4,0.014910457293488222,0.014967183869107423,0.025416885441164775,0.010506428147676553,checked
Одежда,fold_04,score_20_50,zs_llm_blend,independent,1834,71,0.06520098539291504,0.07088319970715354,0.06187317562526679,-0.0033278097676482446,checked
Одежда,fold_04,score_20_50,knrm_name_v2,independent,1834,71,0.06520098539291504,0.05825602845086063,0.08172458001323628,0.01652359462032124,checked
Одежда,fold_04,score_20_50,ce_priodistill,diagnostic_non_independent,1834,71,0.06520098539291504,0.08088410296495965,0.08609933217772953,0.02089834678481449,checked
Одежда,fold_04,score_20_50,ce_fashion_specialist,diagnostic_non_independent,1834,71,0.06520098539291504,0.06910064220026552,0.06937825604604944,0.0041772706531344045,checked
Одежда,fold_04,score_50_80,zs_llm_blend,independent,1608,489,0.5317415176326595,0.34822998932710575,0.5208202249858827,-0.010921292646776881,checked
Одежда,fold_04,score_50_80,knrm_name_v2,independent,1608,489,0.5317415176326595,0.3701326754499178,0.5238164113059128,-0.0079251063267467,checked
Одежда,fold_04,score_50_80,ce_priodistill,diagnostic_non_independent,1608,489,0.5317415176326595,0.5418852182388803,0.5427835209467988,0.011042003314139293,checked
Одежда,fold_04,score_50_80,ce_fashion_specialist,diagnostic_non_independent,1608,489,0.5317415176326595,0.516745704818328,0.5371558774079157,0.005414359775256172,checked
Одежда,fold_04,score_80_95,zs_llm_blend,independent,210,157,0.7998783779020859,0.7664960505791716,0.7923410184805205,-0.007537359421565415,checked
Одежда,fold_04,score_80_95,knrm_name_v2,independent,210,157,0.7998783779020859,0.7843908425649551,0.7823504213316077,-0.01752795657047823,checked
Одежда,fold_04,score_80_95,ce_priodistill,diagnostic_non_independent,210,157,0.7998783779020859,0.787460524584918,0.8009795138695739,0.001101135967487954,checked
Одежда,fold_04,score_80_95,ce_fashion_specialist,diagnostic_non_independent,210,157,0.7998783779020859,0.7683221742260553,0.8010772845623373,0.0011989066602513532,checked
Одежда,fold_04,text_asymmetric,zs_llm_blend,independent,1064,133,0.5995613025600321,0.38733466924380816,0.5963615589242695,-0.0031997436357626974,checked
Одежда,fold_04,text_asymmetric,knrm_name_v2,independent,1064,133,0.5995613025600321,0.2889174431905848,0.5975992995994398,-0.001962002960592346,checked
Одежда,fold_04,text_asymmetric,ce_priodistill,diagnostic_non_independent,1064,133,0.5995613025600321,0.5947181033984323,0.6029966225826037,0.0034353200225715197,checked
Одежда,fold_04,text_asymmetric,ce_fashion_specialist,diagnostic_non_independent,1064,133,0.5995613025600321,0.5724770612341386,0.6019714505677904,0.002410148007758295,checked
Галантерея и аксессуары,fold_01,all,zs_llm_blend,independent,4428,715,0.7361477362250285,0.40610869320596243,0.7284194126831868,-0.0077283235418417195,checked
Галантерея и аксессуары,fold_01,all,knrm_name_v2,independent,4428,715,0.7361477362250285,0.3765508571757907,0.7333544784610508,-0.0027932577639776524,checked
Галантерея и аксессуары,fold_01,all,ce_priodistill,diagnostic_non_independent,4428,715,0.7361477362250285,0.7315303438485091,0.737349732105113,0.0012019958800845165,checked
Галантерея и аксессуары,fold_01,all,ce_fashion_specialist,diagnostic_non_independent,4428,715,0.7361477362250285,0.7162130864196972,0.7372022801196739,0.0010545438946454322,checked
Галантерея и аксессуары,fold_01,name_exact,zs_llm_blend,independent,177,13,0.7734560771891088,0.5811357030047082,0.7745453323300533,0.0010892551409444895,checked
Галантерея и аксессуары,fold_01,name_exact,knrm_name_v2,independent,177,13,0.7734560771891088,0.21120103350552658,0.7781155471128167,0.004659469923707915,checked
Галантерея и аксессуары,fold_01,name_exact,ce_priodistill,diagnostic_non_independent,177,13,0.7734560771891088,0.8055253663843309,0.775038498454788,0.0015824212656792014,checked
Галантерея и аксессуары,fold_01,name_exact,ce_fashion_specialist,diagnostic_non_independent,177,13,0.7734560771891088,0.7612025579462554,0.7780118030118031,0.0045557258226942565,checked
Галантерея и аксессуары,fold_01,name_near,zs_llm_blend,independent,218,65,0.9496729076583734,0.8084619268309039,0.9484319960912662,-0.0012409115671072612,checked
Галантерея и аксессуары,fold_01,name_near,knrm_name_v2,independent,218,65,0.9496729076583734,0.8008118679865885,0.9488581599115997,-0.000814747746773703,checked
Галантерея и аксессуары,fold_01,name_near,ce_priodistill,diagnostic_non_independent,218,65,0.9496729076583734,0.9481971457913401,0.9495734491447108,-9.945851366266467e-05,checked
Галантерея и аксессуары,fold_01,name_near,ce_fashion_specialist,diagnostic_non_independent,218,65,0.9496729076583734,0.94105333937484,0.9491951879367189,-0.000477719721654557,checked
Галантерея и аксессуары,fold_01,name_other,zs_llm_blend,independent,4033,637,0.7008187342306538,0.36302890672090393,0.6911898469166218,-0.009628887314031997,checked
Галантерея и аксессуары,fold_01,name_other,knrm_name_v2,independent,4033,637,0.7008187342306538,0.3476371036024909,0.6970796505130458,-0.003739083717608005,checked
Галантерея и аксессуары,fold_01,name_other,ce_priodistill,diagnostic_non_independent,4033,637,0.7008187342306538,0.6975854515468527,0.7023127806145566,0.001494046383902825,checked
Галантерея и аксессуары,fold_01,name_other,ce_fashion_specialist,diagnostic_non_independent,4033,637,0.7008187342306538,0.6802864383963992,0.7019245136408477,0.0011057794101939633,checked
Галантерея и аксессуары,fold_01,attrs_one_missing,zs_llm_blend,independent,1,0,,,,,undefined_one_class
Галантерея и аксессуары,fold_01,attrs_one_missing,knrm_name_v2,independent,1,0,,,,,undefined_one_class
Галантерея и аксессуары,fold_01,attrs_one_missing,ce_priodistill,diagnostic_non_independent,1,0,,,,,undefined_one_class
Галантерея и аксессуары,fold_01,attrs_one_missing,ce_fashion_specialist,diagnostic_non_independent,1,0,,,,,undefined_one_class
Галантерея и аксессуары,fold_01,attrs_present,zs_llm_blend,independent,4427,715,0.7361481342806103,0.40614740833828866,0.7284199094104635,-0.007728224870146794,checked
Галантерея и аксессуары,fold_01,attrs_present,knrm_name_v2,independent,4427,715,0.7361481342806103,0.37660834998586884,0.7333550425235269,-0.0027930917570834213,checked
Галантерея и аксессуары,fold_01,attrs_present,ce_priodistill,diagnostic_non_independent,4427,715,0.7361481342806103,0.7315303438485091,0.737350130663196,0.0012019963825856683,checked
Галантерея и аксессуары,fold_01,attrs_present,ce_fashion_specialist,diagnostic_non_independent,4427,715,0.7361481342806103,0.7162133972532484,0.73720268041346,0.0010545461328497208,checked
Галантерея и аксессуары,fold_01,brand_agree,zs_llm_blend,independent,137,15,0.8909348254085097,0.6205134521361702,0.8916715528480235,0.0007367274395138068,checked
Галантерея и аксессуары,fold_01,brand_agree,knrm_name_v2,independent,137,15,0.8909348254085097,0.30622985971880773,0.8741102905808787,-0.01682453482763091,checked
Галантерея и аксессуары,fold_01,brand_agree,ce_priodistill,diagnostic_non_independent,137,15,0.8909348254085097,0.8552986486138661,0.8909348254085097,0.0,checked
Галантерея и аксессуары,fold_01,brand_agree,ce_fashion_specialist,diagnostic_non_independent,137,15,0.8909348254085097,0.8380756302521007,0.8864319014319013,-0.004502923976608342,checked
Галантерея и аксессуары,fold_01,brand_conflict,zs_llm_blend,independent,394,53,0.6364365438675297,0.42538672986470966,0.6561631631997348,0.019726619332205098,checked
Галантерея и аксессуары,fold_01,brand_conflict,knrm_name_v2,independent,394,53,0.6364365438675297,0.3864689546494306,0.613805157581762,-0.022631386285767663,checked
Галантерея и аксессуары,fold_01,brand_conflict,ce_priodistill,diagnostic_non_independent,394,53,0.6364365438675297,0.6619216821023428,0.6410960435629147,0.004659499695385039,checked
Галантерея и аксессуары,fold_01,brand_conflict,ce_fashion_specialist,diagnostic_non_independent,394,53,0.6364365438675297,0.645758961547978,0.6380022099089869,0.0015656660414572476,checked
Галантерея и аксессуары,fold_01,brand_one_missing,zs_llm_blend,independent,3897,647,0.7400899071423794,0.40149993963456626,0.7319207399726936,-0.008169167169685854,checked
Галантерея и аксессуары,fold_01,brand_one_missing,knrm_name_v2,independent,3897,647,0.7400899071423794,0.3806930099429857,0.7393386472524517,-0.0007512598899277467,checked
Галантерея и аксессуары,fold_01,brand_one_missing,ce_priodistill,diagnostic_non_independent,3897,647,0.7400899071423794,0.7343825097618585,0.7413362361087309,0.001246328966351462,checked
Галантерея и аксессуары,fold_01,brand_one_missing,ce_fashion_specialist,diagnostic_non_independent,3897,647,0.7400899071423794,0.719177214999149,0.7411189673036798,0.0010290601613003325,checked
Галантерея и аксессуары,fold_01,model_agree,zs_llm_blend,independent,90,16,0.49027235764843524,0.42006064022028694,0.4692915421840771,-0.02098081546435815,checked
Галантерея и аксессуары,fold_01,model_agree,knrm_name_v2,independent,90,16,0.49027235764843524,0.2669036312482251,0.49900899052274267,0.008736632874307426,checked
Галантерея и аксессуары,fold_01,model_agree,ce_priodistill,diagnostic_non_independent,90,16,0.49027235764843524,0.4461070145458294,0.484321751881653,-0.0059506057667822465,checked
Галантерея и аксессуары,fold_01,model_agree,ce_fashion_specialist,diagnostic_non_independent,90,16,0.49027235764843524,0.4069510259572134,0.46679180121216746,-0.023480556436267785,checked
Галантерея и аксессуары,fold_01,model_conflict,zs_llm_blend,independent,578,50,0.6568179091747229,0.4072272956001344,0.6613243993793042,0.0045064902045812705,checked
Галантерея и аксессуары,fold_01,model_conflict,knrm_name_v2,independent,578,50,0.6568179091747229,0.16516002354847714,0.619463278292619,-0.03735463088210389,checked
Галантерея и аксессуары,fold_01,model_conflict,ce_priodistill,diagnostic_non_independent,578,50,0.6568179091747229,0.680214028145749,0.6637405166889045,0.006922607514181611,checked
Галантерея и аксессуары,fold_01,model_conflict,ce_fashion_specialist,diagnostic_non_independent,578,50,0.6568179091747229,0.6424122023494067,0.6606907277924642,0.003872818617741247,checked
Галантерея и аксессуары,fold_01,model_one_missing,zs_llm_blend,independent,3760,649,0.7492646113306182,0.4078365521435303,0.74136238081881,-0.007902230511808161,checked
Галантерея и аксессуары,fold_01,model_one_missing,knrm_name_v2,independent,3760,649,0.7492646113306182,0.4041336206562738,0.7474286176729042,-0.001835993657713919,checked
Галантерея и аксессуары,fold_01,model_one_missing,ce_priodistill,diagnostic_non_independent,3760,649,0.7492646113306182,0.7427586305213367,0.7502458992182542,0.000981287887636073,checked
Галантерея и аксессуары,fold_01,model_one_missing,ce_fashion_specialist,diagnostic_non_independent,3760,649,0.7492646113306182,0.7307726816479191,0.7506018939983251,0.0013372826677069405,checked
Галантерея и аксессуары,fold_01,article_agree,zs_llm_blend,independent,1,1,,,,,undefined_one_class
Галантерея и аксессуары,fold_01,article_agree,knrm_name_v2,independent,1,1,,,,,undefined_one_class
Галантерея и аксессуары,fold_01,article_agree,ce_priodistill,diagnostic_non_independent,1,1,,,,,undefined_one_class
Галантерея и аксессуары,fold_01,article_agree,ce_fashion_specialist,diagnostic_non_independent,1,1,,,,,undefined_one_class
Галантерея и аксессуары,fold_01,article_both_missing,zs_llm_blend,independent,3595,663,0.7416506518516072,0.41592846875677586,0.73391691428588,-0.00773373756572715,checked
Галантерея и аксессуары,fold_01,article_both_missing,knrm_name_v2,independent,3595,663,0.7416506518516072,0.39374394388187783,0.7401384791823505,-0.0015121726692566284,checked
Галантерея и аксессуары,fold_01,article_both_missing,ce_priodistill,diagnostic_non_independent,3595,663,0.7416506518516072,0.7345796818745323,0.7426733891154931,0.001022737263885909,checked
Галантерея и аксессуары,fold_01,article_both_missing,ce_fashion_specialist,diagnostic_non_independent,3595,663,0.7416506518516072,0.7197577674835296,0.7425458982298541,0.0008952463782468945,checked
Галантерея и аксессуары,fold_01,article_conflict,zs_llm_blend,independent,69,3,0.8095238095238095,0.4366013071895425,0.8095238095238095,0.0,checked
Галантерея и аксессуары,fold_01,article_conflict,knrm_name_v2,independent,69,3,0.8095238095238095,0.0738562091503268,0.8095238095238095,0.0,checked
Галантерея и аксессуары,fold_01,article_conflict,ce_priodistill,diagnostic_non_independent,69,3,0.8095238095238095,0.7777777777777777,0.8095238095238095,0.0,checked
Галантерея и аксессуары,fold_01,article_conflict,ce_fashion_specialist,diagnostic_non_independent,69,3,0.8095238095238095,0.7666666666666666,0.8095238095238095,0.0,checked
Галантерея и аксессуары,fold_01,article_one_missing,zs_llm_blend,independent,763,48,0.6812536740325679,0.3269736704409897,0.6802099719421074,-0.0010437020904604521,checked
Галантерея и аксессуары,fold_01,article_one_missing,knrm_name_v2,independent,763,48,0.6812536740325679,0.20067741986519702,0.6585479703232691,-0.022705703709298808,checked
Галантерея и аксессуары,fold_01,article_one_missing,ce_priodistill,diagnostic_non_independent,763,48,0.6812536740325679,0.7046345393144392,0.6855146749685274,0.004261000935959491,checked
Галантерея и аксессуары,fold_01,article_one_missing,ce_fashion_specialist,diagnostic_non_independent,763,48,0.6812536740325679,0.6825256676863843,0.681239625134828,-1.4048897739815658e-05,checked
Галантерея и аксессуары,fold_01,size_comparable_agree,zs_llm_blend,independent,47,4,0.7048611111111112,0.3972222222222222,0.75,0.04513888888888884,checked
Галантерея и аксессуары,fold_01,size_comparable_agree,knrm_name_v2,independent,47,4,0.7048611111111112,0.20897435897435895,0.7269230769230769,0.022061965811965734,checked
Галантерея и аксессуары,fold_01,size_comparable_agree,ce_priodistill,diagnostic_non_independent,47,4,0.7048611111111112,0.6348484848484848,0.6846590909090909,-0.02020202020202022,checked
Галантерея и аксессуары,fold_01,size_comparable_agree,ce_fashion_specialist,diagnostic_non_independent,47,4,0.7048611111111112,0.6833333333333333,0.7048611111111112,0.0,checked
Галантерея и аксессуары,fold_01,size_comparable_mismatch,zs_llm_blend,independent,150,25,0.5861112842410792,0.3403937085221147,0.5665316259903955,-0.01957965825068364,checked
Галантерея и аксессуары,fold_01,size_comparable_mismatch,knrm_name_v2,independent,150,25,0.5861112842410792,0.2932076594144835,0.5736523768512397,-0.012458907389839458,checked
Галантерея и аксессуары,fold_01,size_comparable_mismatch,ce_priodistill,diagnostic_non_independent,150,25,0.5861112842410792,0.5462986625489767,0.5770231330643936,-0.0090881511766856,checked
Галантерея и аксессуары,fold_01,size_comparable_mismatch,ce_fashion_specialist,diagnostic_non_independent,150,25,0.5861112842410792,0.52858249553641,0.5784052397738837,-0.007706044467195472,checked
Галантерея и аксессуары,fold_01,size_not_comparable,zs_llm_blend,independent,4231,686,0.7418922586446056,0.40847743248203183,0.7341776580843158,-0.00771460056028983,checked
Галантерея и аксессуары,fold_01,size_not_comparable,knrm_name_v2,independent,4231,686,0.7418922586446056,0.3816686865752197,0.7390403314222489,-0.0028519272223567205,checked
Галантерея и аксессуары,fold_01,size_not_comparable,ce_priodistill,diagnostic_non_independent,4231,686,0.7418922586446056,0.7384028274397378,0.7431830903669748,0.0012908317223692123,checked
Галантерея и аксессуары,fold_01,size_not_comparable,ce_fashion_specialist,diagnostic_non_independent,4231,686,0.7418922586446056,0.7234521273382453,0.7430458214677276,0.0011535628231219563,checked
Галантерея и аксессуары,fold_01,numeric_conflict,zs_llm_blend,independent,288,35,0.6288358714241387,0.38623354609223576,0.6132466551188097,-0.015589216305328946,checked
Галантерея и аксессуары,fold_01,numeric_conflict,knrm_name_v2,independent,288,35,0.6288358714241387,0.36084867594768366,0.6306358766928423,0.0018000052687036083,checked
Галантерея и аксессуары,fold_01,numeric_conflict,ce_priodistill,diagnostic_non_independent,288,35,0.6288358714241387,0.6061043687540891,0.6258073465231997,-0.003028524900938967,checked
Галантерея и аксессуары,fold_01,numeric_conflict,ce_fashion_specialist,diagnostic_non_independent,288,35,0.6288358714241387,0.5817310756314786,0.6291692341299504,0.0003333627058117461,checked
Галантерея и аксессуары,fold_01,numeric_missing,zs_llm_blend,independent,3728,545,0.6778472904900462,0.29609731667918293,0.666223229058564,-0.011624061431482202,checked
Галантерея и аксессуары,fold_01,numeric_missing,knrm_name_v2,independent,3728,545,0.6778472904900462,0.328589069900246,0.6762672686461111,-0.001580021843935131,checked
Галантерея и аксессуары,fold_01,numeric_missing,ce_priodistill,diagnostic_non_independent,3728,545,0.6778472904900462,0.6767761497517303,0.680271455210765,0.0024241647207188244,checked
Галантерея и аксессуары,fold_01,numeric_missing,ce_fashion_specialist,diagnostic_non_independent,3728,545,0.6778472904900462,0.6570306091832392,0.6797108413847908,0.0018635508947445478,checked
Галантерея и аксессуары,fold_01,numeric_overlap,zs_llm_blend,independent,412,135,0.9267765870907783,0.7911659032817135,0.9245413145853009,-0.0022352725054773925,checked
Галантерея и аксессуары,fold_01,numeric_overlap,knrm_name_v2,independent,412,135,0.9267765870907783,0.608131958848015,0.9201256162639653,-0.006650970826812985,checked
Галантерея и аксессуары,fold_01,numeric_overlap,ce_priodistill,diagnostic_non_independent,412,135,0.9267765870907783,0.9205997039760259,0.9267489116031288,-2.7675487649481134e-05,checked
Галантерея и аксессуары,fold_01,numeric_overlap,ce_fashion_specialist,diagnostic_non_independent,412,135,0.9267765870907783,0.9120296868019369,0.9271214252020524,0.0003448381112741705,checked
Галантерея и аксессуары,fold_01,text_long,zs_llm_blend,independent,567,45,0.6957416542904322,0.3490078937672735,0.6889238525302878,-0.00681780176014446,checked
Галантерея и аксессуары,fold_01,text_long,knrm_name_v2,independent,567,45,0.6957416542904322,0.1783288971425673,0.6819809786708934,-0.013760675619538865,checked
Галантерея и аксессуары,fold_01,text_long,ce_priodistill,diagnostic_non_independent,567,45,0.6957416542904322,0.6973629847895121,0.6998238478091865,0.0040821935187542735,checked
Галантерея и аксессуары,fold_01,text_long,ce_fashion_specialist,diagnostic_non_independent,567,45,0.6957416542904322,0.7126093377266064,0.7022395088164713,0.006497854526039126,checked
Галантерея и аксессуары,fold_01,text_medium,zs_llm_blend,independent,3766,637,0.7373211052694331,0.40670821477686564,0.7270073641902728,-0.010313741079160277,checked
Галантерея и аксессуары,fold_01,text_medium,knrm_name_v2,independent,3766,637,0.7373211052694331,0.3834112663929081,0.7360831479138127,-0.0012379573556203782,checked
Галантерея и аксессуары,fold_01,text_medium,ce_priodistill,diagnostic_non_independent,3766,637,0.7373211052694331,0.729799973779833,0.7382526238532369,0.0009315185838038031,checked
Галантерея и аксессуары,fold_01,text_medium,ce_fashion_specialist,diagnostic_non_independent,3766,637,0.7373211052694331,0.7126454662342846,0.7378559573953424,0.0005348521259093131,checked
Галантерея и аксессуары,fold_01,text_short_both,zs_llm_blend,independent,91,33,0.7695871977018092,0.5753013579264664,0.8155872083230126,0.0460000106212034,checked
Галантерея и аксессуары,fold_01,text_short_both,knrm_name_v2,independent,91,33,0.7695871977018092,0.638685389761646,0.7677661752644772,-0.001821022437331954,checked
Галантерея и аксессуары,fold_01,text_short_both,ce_priodistill,diagnostic_non_independent,91,33,0.7695871977018092,0.8129040380562587,0.7774619857625209,0.007874788060711735,checked
Галантерея и аксессуары,fold_01,text_short_both,ce_fashion_specialist,diagnostic_non_independent,91,33,0.7695871977018092,0.8129558648619056,0.7767821504969092,0.007194952795100074,checked
Галантерея и аксессуары,fold_01,text_very_long,zs_llm_blend,independent,4,0,,,,,undefined_one_class
Галантерея и аксессуары,fold_01,text_very_long,knrm_name_v2,independent,4,0,,,,,undefined_one_class
Галантерея и аксессуары,fold_01,text_very_long,ce_priodistill,diagnostic_non_independent,4,0,,,,,undefined_one_class
Галантерея и аксессуары,fold_01,text_very_long,ce_fashion_specialist,diagnostic_non_independent,4,0,,,,,undefined_one_class
Галантерея и аксессуары,fold_01,score_01_05,zs_llm_blend,independent,26,0,,,,,undefined_one_class
Галантерея и аксессуары,fold_01,score_01_05,knrm_name_v2,independent,26,0,,,,,undefined_one_class
Галантерея и аксессуары,fold_01,score_01_05,ce_priodistill,diagnostic_non_independent,26,0,,,,,undefined_one_class
Галантерея и аксессуары,fold_01,score_01_05,ce_fashion_specialist,diagnostic_non_independent,26,0,,,,,undefined_one_class
Галантерея и аксессуары,fold_01,score_05_20,zs_llm_blend,independent,1042,5,0.01807353567918379,0.013613372939364208,0.025480771617224476,0.007407235938040685,checked
Галантерея и аксессуары,fold_01,score_05_20,knrm_name_v2,independent,1042,5,0.01807353567918379,0.004632312336510567,0.011483529750890214,-0.006590005928293577,checked
Галантерея и аксессуары,fold_01,score_05_20,ce_priodistill,diagnostic_non_independent,1042,5,0.01807353567918379,0.011985967830798893,0.018625153741200252,0.0005516180620164617,checked
Галантерея и аксессуары,fold_01,score_05_20,ce_fashion_specialist,diagnostic_non_independent,1042,5,0.01807353567918379,0.015391180429483549,0.02080193218235894,0.0027283965031751484,checked
Галантерея и аксессуары,fold_01,score_20_50,zs_llm_blend,independent,1646,45,0.05910819040193047,0.04435015563374571,0.0789981904520394,0.01989000005010893,checked
Галантерея и аксессуары,fold_01,score_20_50,knrm_name_v2,independent,1646,45,0.05910819040193047,0.033769681438438025,0.06781138364504935,0.008703193243118877,checked
Галантерея и аксессуары,fold_01,score_20_50,ce_priodistill,diagnostic_non_independent,1646,45,0.05910819040193047,0.07388613719997024,0.08170906566199714,0.022600875260066662,checked
Галантерея и аксессуары,fold_01,score_20_50,ce_fashion_specialist,diagnostic_non_independent,1646,45,0.05910819040193047,0.058360453376206614,0.08591425942577897,0.0268060690238485,checked
Галантерея и аксессуары,fold_01,score_50_80,zs_llm_blend,independent,1313,349,0.47426322124603804,0.31634161138820716,0.48423216371917344,0.0099689424731354,checked
Галантерея и аксессуары,fold_01,score_50_80,knrm_name_v2,independent,1313,349,0.47426322124603804,0.313544536553487,0.4865547562767487,0.012291535030710676,checked
Галантерея и аксессуары,fold_01,score_50_80,ce_priodistill,diagnostic_non_independent,1313,349,0.47426322124603804,0.4987687262237468,0.47900367592331616,0.0047404546772781275,checked
Галантерея и аксессуары,fold_01,score_50_80,ce_fashion_specialist,diagnostic_non_independent,1313,349,0.47426322124603804,0.4840906818348086,0.4837198425408836,0.00945662129484559,checked
Галантерея и аксессуары,fold_01,score_80_95,zs_llm_blend,independent,366,282,0.8933241454854413,0.8120950762610226,0.8756183840056012,-0.017705761479840043,checked
Галантерея и аксессуары,fold_01,score_80_95,knrm_name_v2,independent,366,282,0.8933241454854413,0.846336379561794,0.8896993331086307,-0.00362481237681056,checked
Галантерея и аксессуары,fold_01,score_80_95,ce_priodistill,diagnostic_non_independent,366,282,0.8933241454854413,0.8832880093041425,0.8941955782086204,0.000871432723179133,checked
Галантерея и аксессуары,fold_01,score_80_95,ce_fashion_specialist,diagnostic_non_independent,366,282,0.8933241454854413,0.8716829130679831,0.8932320740871551,-9.207139828615318e-05,checked
Галантерея и аксессуары,fold_01,score_95_99,zs_llm_blend,independent,32,31,0.9881392920897017,0.9604432591092882,0.9800925458518429,-0.008046746237858837,checked
Галантерея и аксессуары,fold_01,score_95_99,knrm_name_v2,independent,32,31,0.9881392920897017,0.9881392920897017,0.9851369181195859,-0.0030023739701158236,checked
Галантерея и аксессуары,fold_01,score_95_99,ce_priodistill,diagnostic_non_independent,32,31,0.9881392920897017,0.998991935483871,0.9908859026553865,0.002746610565684704,checked
Галантерея и аксессуары,fold_01,score_95_99,ce_fashion_specialist,diagnostic_non_independent,32,31,0.9881392920897017,0.9934539982601895,0.9895418166338813,0.0014025245441795509,checked
Галантерея и аксессуары,fold_01,score_99_100,zs_llm_blend,independent,3,3,,,,,undefined_one_class
Галантерея и аксессуары,fold_01,score_99_100,knrm_name_v2,independent,3,3,,,,,undefined_one_class
Галантерея и аксессуары,fold_01,score_99_100,ce_priodistill,diagnostic_non_independent,3,3,,,,,undefined_one_class
Галантерея и аксессуары,fold_01,score_99_100,ce_fashion_specialist,diagnostic_non_independent,3,3,,,,,undefined_one_class
Галантерея и аксессуары,fold_01,text_asymmetric,zs_llm_blend,independent,624,108,0.6747636374157594,0.3442134486497627,0.6634413628400168,-0.011322274575742641,checked
Галантерея и аксессуары,fold_01,text_asymmetric,knrm_name_v2,independent,624,108,0.6747636374157594,0.3285483943453622,0.6712052180296618,-0.0035584193860975777,checked
Галантерея и аксессуары,fold_01,text_asymmetric,ce_priodistill,diagnostic_non_independent,624,108,0.6747636374157594,0.6708892274020665,0.6780685245306126,0.0033048871148532166,checked
Галантерея и аксессуары,fold_01,text_asymmetric,ce_fashion_specialist,diagnostic_non_independent,624,108,0.6747636374157594,0.6342797420205561,0.676214988881306,0.0014513514655466464,checked
Галантерея и аксессуары,fold_02,all,zs_llm_blend,independent,4507,770,0.7513778845996302,0.4001298952024941,0.7468576935093962,-0.004520191090233938,checked
Галантерея и аксессуары,fold_02,all,knrm_name_v2,independent,4507,770,0.7513778845996302,0.3726630982814762,0.743169756684385,-0.008208127915245167,checked
Галантерея и аксессуары,fold_02,all,ce_priodistill,diagnostic_non_independent,4507,770,0.7513778845996302,0.7446750922735595,0.7523148602465586,0.0009369756469284063,checked
Галантерея и аксессуары,fold_02,all,ce_fashion_specialist,diagnostic_non_independent,4507,770,0.7513778845996302,0.7278665180845485,0.7516344656480695,0.0002565810484392861,checked
Галантерея и аксессуары,fold_02,name_exact,zs_llm_blend,independent,165,7,0.5321768726190803,0.3538699395842253,0.5542361145084993,0.02205924188941899,checked
Галантерея и аксессуары,fold_02,name_exact,knrm_name_v2,independent,165,7,0.5321768726190803,0.24450380108274844,0.5293905440964264,-0.0027863285226539247,checked
Галантерея и аксессуары,fold_02,name_exact,ce_priodistill,diagnostic_non_independent,165,7,0.5321768726190803,0.4751700680272109,0.5296160130718954,-0.0025608595471848794,checked
Галантерея и аксессуары,fold_02,name_exact,ce_fashion_specialist,diagnostic_non_independent,165,7,0.5321768726190803,0.515900765900766,0.5391053160394592,0.006928443420378905,checked
Галантерея и аксессуары,fold_02,name_near,zs_llm_blend,independent,224,64,0.9417195310199508,0.6174580137977993,0.9351277543604215,-0.006591776659529258,checked
Галантерея и аксессуары,fold_02,name_near,knrm_name_v2,independent,224,64,0.9417195310199508,0.6949889472053652,0.9410274357220012,-0.0006920952979495576,checked
Галантерея и аксессуары,fold_02,name_near,ce_priodistill,diagnostic_non_independent,224,64,0.9417195310199508,0.9500178728376565,0.942650307743351,0.0009307767234002506,checked
Галантерея и аксессуары,fold_02,name_near,ce_fashion_specialist,diagnostic_non_independent,224,64,0.9417195310199508,0.9174049812393855,0.9391377751952574,-0.0025817558246933325,checked
Галантерея и аксессуары,fold_02,name_other,zs_llm_blend,independent,4118,699,0.7296990760847084,0.38264378540797805,0.7267507258286763,-0.0029483502560321284,checked
Галантерея и аксессуары,fold_02,name_other,knrm_name_v2,independent,4118,699,0.7296990760847084,0.34608341580262975,0.7200859025224067,-0.009613173562301736,checked
Галантерея и аксессуары,fold_02,name_other,ce_priodistill,diagnostic_non_independent,4118,699,0.7296990760847084,0.7197004097963824,0.7303310192277288,0.000631943143020397,checked
Галантерея и аксессуары,fold_02,name_other,ce_fashion_specialist,diagnostic_non_independent,4118,699,0.7296990760847084,0.7066254891365839,0.7301181897077316,0.0004191136230231596,checked
Галантерея и аксессуары,fold_02,attrs_present,zs_llm_blend,independent,4507,770,0.7513778845996302,0.4001298952024941,0.7468576935093962,-0.004520191090233938,checked
Галантерея и аксессуары,fold_02,attrs_present,knrm_name_v2,independent,4507,770,0.7513778845996302,0.3726630982814762,0.743169756684385,-0.008208127915245167,checked
Галантерея и аксессуары,fold_02,attrs_present,ce_priodistill,diagnostic_non_independent,4507,770,0.7513778845996302,0.7446750922735595,0.7523148602465586,0.0009369756469284063,checked
Галантерея и аксессуары,fold_02,attrs_present,ce_fashion_specialist,diagnostic_non_independent,4507,770,0.7513778845996302,0.7278665180845485,0.7516344656480695,0.0002565810484392861,checked
Галантерея и аксессуары,fold_02,brand_agree,zs_llm_blend,independent,177,23,0.7433893745692216,0.5635424160685861,0.7582106499874897,0.014821275418268054,checked
Галантерея и аксессуары,fold_02,brand_agree,knrm_name_v2,independent,177,23,0.7433893745692216,0.3636425893158414,0.7507113691898611,0.007321994620639538,checked
Галантерея и аксессуары,fold_02,brand_agree,ce_priodistill,diagnostic_non_independent,177,23,0.7433893745692216,0.673726254392253,0.7397048906001764,-0.0036844839690451936,checked
Галантерея и аксессуары,fold_02,brand_agree,ce_fashion_specialist,diagnostic_non_independent,177,23,0.7433893745692216,0.6878279315202263,0.7404570992570252,-0.0029322753121964196,checked
Галантерея и аксессуары,fold_02,brand_conflict,zs_llm_blend,independent,451,50,0.6867276094302937,0.31230377532442516,0.6480359386542646,-0.038691670776029086,checked
Галантерея и аксессуары,fold_02,brand_conflict,knrm_name_v2,independent,451,50,0.6867276094302937,0.4082542532411975,0.6969638079723438,0.010236198542050157,checked
Галантерея и аксессуары,fold_02,brand_conflict,ce_priodistill,diagnostic_non_independent,451,50,0.6867276094302937,0.7250377646201674,0.6922515661820147,0.005523956751721015,checked
Галантерея и аксессуары,fold_02,brand_conflict,ce_fashion_specialist,diagnostic_non_independent,451,50,0.6867276094302937,0.6897158695777678,0.6887433836491696,0.0020157742188759986,checked
Галантерея и аксессуары,fold_02,brand_one_missing,zs_llm_blend,independent,3879,697,0.7570662821046488,0.40460728070732166,0.7552850919422147,-0.0017811901624340543,checked
Галантерея и аксессуары,fold_02,brand_one_missing,knrm_name_v2,independent,3879,697,0.7570662821046488,0.3742565705268137,0.7471541043037615,-0.009912177800887267,checked
Галантерея и аксессуары,fold_02,brand_one_missing,ce_priodistill,diagnostic_non_independent,3879,697,0.7570662821046488,0.7484866928594245,0.7578640879944045,0.0007978058897557538,checked
Галантерея и аксессуары,fold_02,brand_one_missing,ce_fashion_specialist,diagnostic_non_independent,3879,697,0.7570662821046488,0.7325169268740391,0.7569688335137462,-9.744859090254909e-05,checked
Галантерея и аксессуары,fold_02,model_agree,zs_llm_blend,independent,90,20,0.8226864163490897,0.3604708129367776,0.8037427183813068,-0.018943697967782835,checked
Галантерея и аксессуары,fold_02,model_agree,knrm_name_v2,independent,90,20,0.8226864163490897,0.3880164674194177,0.8157162229635961,-0.006970193385493539,checked
Галантерея и аксессуары,fold_02,model_agree,ce_priodistill,diagnostic_non_independent,90,20,0.8226864163490897,0.8394592239915428,0.8269851434261837,0.004298727077094,checked
Галантерея и аксессуары,fold_02,model_agree,ce_fashion_specialist,diagnostic_non_independent,90,20,0.8226864163490897,0.8133214532407317,0.8250659309140808,0.002379514564991081,checked
Галантерея и аксессуары,fold_02,model_conflict,zs_llm_blend,independent,585,73,0.7251443195882584,0.44926536584001486,0.713160599794222,-0.011983719794036451,checked
Галантерея и аксессуары,fold_02,model_conflict,knrm_name_v2,independent,585,73,0.7251443195882584,0.24274875293150094,0.7047501951573298,-0.020394124430928584,checked
Галантерея и аксессуары,fold_02,model_conflict,ce_priodistill,diagnostic_non_independent,585,73,0.7251443195882584,0.6901818820268989,0.726391107304706,0.001246787716447595,checked
Галантерея и аксессуары,fold_02,model_conflict,ce_fashion_specialist,diagnostic_non_independent,585,73,0.7251443195882584,0.673368987567146,0.7261644387376855,0.0010201191494271233,checked
Галантерея и аксессуары,fold_02,model_one_missing,zs_llm_blend,independent,3832,677,0.7540655613022268,0.39946921104194977,0.7500821205205873,-0.00398344078163948,checked
Галантерея и аксессуары,fold_02,model_one_missing,knrm_name_v2,independent,3832,677,0.7540655613022268,0.38980500061612744,0.7463672257667556,-0.007698335535471168,checked
Галантерея и аксессуары,fold_02,model_one_missing,ce_priodistill,diagnostic_non_independent,3832,677,0.7540655613022268,0.7495546462922532,0.7551396567099253,0.0010740954076985387,checked
Галантерея и аксессуары,fold_02,model_one_missing,ce_fashion_specialist,diagnostic_non_independent,3832,677,0.7540655613022268,0.7321949721978944,0.7543561071724169,0.00029054587019006206,checked
Галантерея и аксессуары,fold_02,article_agree,zs_llm_blend,independent,1,0,,,,,undefined_one_class
Галантерея и аксессуары,fold_02,article_agree,knrm_name_v2,independent,1,0,,,,,undefined_one_class
Галантерея и аксессуары,fold_02,article_agree,ce_priodistill,diagnostic_non_independent,1,0,,,,,undefined_one_class
Галантерея и аксессуары,fold_02,article_agree,ce_fashion_specialist,diagnostic_non_independent,1,0,,,,,undefined_one_class
Галантерея и аксессуары,fold_02,article_both_missing,zs_llm_blend,independent,3671,715,0.7523090220733649,0.40144954619135803,0.748186149353263,-0.004122872720101922,checked
Галантерея и аксессуары,fold_02,article_both_missing,knrm_name_v2,independent,3671,715,0.7523090220733649,0.38547823965981376,0.7454155384069169,-0.0068934836664480414,checked
Галантерея и аксессуары,fold_02,article_both_missing,ce_priodistill,diagnostic_non_independent,3671,715,0.7523090220733649,0.7471751605147277,0.753516187697466,0.0012071656241010587,checked
Галантерея и аксессуары,fold_02,article_both_missing,ce_fashion_specialist,diagnostic_non_independent,3671,715,0.7523090220733649,0.7304071403208884,0.752696228519328,0.0003872064459631286,checked
Галантерея и аксессуары,fold_02,article_conflict,zs_llm_blend,independent,66,2,0.5666666666666667,0.5227272727272727,0.5625,-0.004166666666666652,checked
Галантерея и аксессуары,fold_02,article_conflict,knrm_name_v2,independent,66,2,0.5666666666666667,0.10101010101010101,0.5714285714285714,0.004761904761904745,checked
Галантерея и аксессуары,fold_02,article_conflict,ce_priodistill,diagnostic_non_independent,66,2,0.5666666666666667,0.22916666666666666,0.5714285714285714,0.004761904761904745,checked
Галантерея и аксессуары,fold_02,article_conflict,ce_fashion_specialist,diagnostic_non_independent,66,2,0.5666666666666667,0.22916666666666666,0.5714285714285714,0.004761904761904745,checked
Галантерея и аксессуары,fold_02,article_one_missing,zs_llm_blend,independent,769,53,0.7503566425104923,0.4148593625833371,0.7415108070254085,-0.008845835485083775,checked
Галантерея и аксессуары,fold_02,article_one_missing,knrm_name_v2,independent,769,53,0.7503566425104923,0.28071308884818286,0.7204992451186837,-0.029857397391808593,checked
Галантерея и аксессуары,fold_02,article_one_missing,ce_priodistill,diagnostic_non_independent,769,53,0.7503566425104923,0.7105973741627534,0.7501225806464777,-0.00023406186401453422,checked
Галантерея и аксессуары,fold_02,article_one_missing,ce_fashion_specialist,diagnostic_non_independent,769,53,0.7503566425104923,0.6997748991242795,0.7494337320640022,-0.0009229104464900661,checked
Галантерея и аксессуары,fold_02,size_comparable_agree,zs_llm_blend,independent,52,13,0.831237841106262,0.5497586813376287,0.828517338527271,-0.0027205025789909243,checked
Галантерея и аксессуары,fold_02,size_comparable_agree,knrm_name_v2,independent,52,13,0.831237841106262,0.22778745244224735,0.7664412510566356,-0.06479659004962635,checked
Галантерея и аксессуары,fold_02,size_comparable_agree,ce_priodistill,diagnostic_non_independent,52,13,0.831237841106262,0.7924579366171494,0.8373607879268832,0.0061229468206212,checked
Галантерея и аксессуары,fold_02,size_comparable_agree,ce_fashion_specialist,diagnostic_non_independent,52,13,0.831237841106262,0.7207758053911899,0.832922918104398,0.0016850769981360258,checked
Галантерея и аксессуары,fold_02,size_comparable_mismatch,zs_llm_blend,independent,132,24,0.6212917686670746,0.32386352977665944,0.563553697225063,-0.057738071442011596,checked
Галантерея и аксессуары,fold_02,size_comparable_mismatch,knrm_name_v2,independent,132,24,0.6212917686670746,0.2872906522834653,0.5991420352054677,-0.02214973346160687,checked
Галантерея и аксессуары,fold_02,size_comparable_mismatch,ce_priodistill,diagnostic_non_independent,132,24,0.6212917686670746,0.6438309229025506,0.6300662252071615,0.008774456540086906,checked
Галантерея и аксессуары,fold_02,size_comparable_mismatch,ce_fashion_specialist,diagnostic_non_independent,132,24,0.6212917686670746,0.5996207798913169,0.6251233429687252,0.0038315743016505976,checked
Галантерея и аксессуары,fold_02,size_not_comparable,zs_llm_blend,independent,4323,733,0.756072001692075,0.4027910243856744,0.7523190676819183,-0.00375293401015675,checked
Галантерея и аксессуары,fold_02,size_not_comparable,knrm_name_v2,independent,4323,733,0.756072001692075,0.38034334325176067,0.74837600860574,-0.007695993086334951,checked
Галантерея и аксессуары,fold_02,size_not_comparable,ce_priodistill,diagnostic_non_independent,4323,733,0.756072001692075,0.7501446385019968,0.7571222345890638,0.0010502328969888008,checked
Галантерея и аксессуары,fold_02,size_not_comparable,ce_fashion_specialist,diagnostic_non_independent,4323,733,0.756072001692075,0.7334141924535297,0.7563521898533351,0.0002801881612600754,checked
Галантерея и аксессуары,fold_02,numeric_conflict,zs_llm_blend,independent,316,33,0.7231020372754746,0.5744163716759044,0.714513592608134,-0.008588444667340656,checked
Галантерея и аксессуары,fold_02,numeric_conflict,knrm_name_v2,independent,316,33,0.7231020372754746,0.3177945999282443,0.6791954617135422,-0.04390657556193245,checked
Галантерея и аксессуары,fold_02,numeric_conflict,ce_priodistill,diagnostic_non_independent,316,33,0.7231020372754746,0.7073514374361507,0.7212265338895718,-0.0018755033859028103,checked
Галантерея и аксессуары,fold_02,numeric_conflict,ce_fashion_specialist,diagnostic_non_independent,316,33,0.7231020372754746,0.6797549252411365,0.717906568093478,-0.005195469181996648,checked
Галантерея и аксессуары,fold_02,numeric_missing,zs_llm_blend,independent,3785,620,0.7069556888216421,0.3195454891301983,0.7027475756701338,-0.004208113151508264,checked
Галантерея и аксессуары,fold_02,numeric_missing,knrm_name_v2,independent,3785,620,0.7069556888216421,0.3421013734837385,0.69916631678218,-0.007789372039462061,checked
Галантерея и аксессуары,fold_02,numeric_missing,ce_priodistill,diagnostic_non_independent,3785,620,0.7069556888216421,0.700153142222169,0.7080503474195208,0.0010946585978787171,checked
Галантерея и аксессуары,fold_02,numeric_missing,ce_fashion_specialist,diagnostic_non_independent,3785,620,0.7069556888216421,0.6806583136423474,0.706863479798776,-9.220902286610766e-05,checked
Галантерея и аксессуары,fold_02,numeric_overlap,zs_llm_blend,independent,406,117,0.924591746751402,0.7444606140118374,0.9212974135625627,-0.0032943331888393157,checked
Галантерея и аксессуары,fold_02,numeric_overlap,knrm_name_v2,independent,406,117,0.924591746751402,0.5697797482051533,0.920034584778275,-0.004557161973126944,checked
Галантерея и аксессуары,fold_02,numeric_overlap,ce_priodistill,diagnostic_non_independent,406,117,0.924591746751402,0.9223085760675208,0.9254025849490691,0.0008108381976671408,checked
Галантерея и аксессуары,fold_02,numeric_overlap,ce_fashion_specialist,diagnostic_non_independent,406,117,0.924591746751402,0.912666150758854,0.9257710865442764,0.0011793397928744342,checked
Галантерея и аксессуары,fold_02,text_long,zs_llm_blend,independent,572,55,0.6166796364405455,0.3773569520535289,0.6023617757118899,-0.014317860728655596,checked
Галантерея и аксессуары,fold_02,text_long,knrm_name_v2,independent,572,55,0.6166796364405455,0.15275620573181348,0.6078726351441985,-0.008807001296346928,checked
Галантерея и аксессуары,fold_02,text_long,ce_priodistill,diagnostic_non_independent,572,55,0.6166796364405455,0.6372495802181224,0.623899284079156,0.0072196476386104935,checked
Галантерея и аксессуары,fold_02,text_long,ce_fashion_specialist,diagnostic_non_independent,572,55,0.6166796364405455,0.6479625709881408,0.6252100146458196,0.008530378205274136,checked
Галантерея и аксессуары,fold_02,text_medium,zs_llm_blend,independent,3843,677,0.7623558159540257,0.40992490207482435,0.7597577714193531,-0.0025980445346726055,checked
Галантерея и аксессуары,fold_02,text_medium,knrm_name_v2,independent,3843,677,0.7623558159540257,0.38969582452127277,0.7555315150234947,-0.006824300930530991,checked
Галантерея и аксессуары,fold_02,text_medium,ce_priodistill,diagnostic_non_independent,3843,677,0.7623558159540257,0.7514936965166031,0.7627974274796652,0.0004416115256394848,checked
Галантерея и аксессуары,fold_02,text_medium,ce_fashion_specialist,diagnostic_non_independent,3843,677,0.7623558159540257,0.7335747840276663,0.761934119563874,-0.00042169639015166016,checked
Галантерея и аксессуары,fold_02,text_short_both,zs_llm_blend,independent,87,37,0.7273005355599218,0.4113616049439758,0.6799999218326478,-0.04730061372727401,checked
Галантерея и аксессуары,fold_02,text_short_both,knrm_name_v2,independent,87,37,0.7273005355599218,0.45995919767578664,0.7026279580222687,-0.024672577537653062,checked
Галантерея и аксессуары,fold_02,text_short_both,ce_priodistill,diagnostic_non_independent,87,37,0.7273005355599218,0.768064740107171,0.7415070780310973,0.014206542471175476,checked
Галантерея и аксессуары,fold_02,text_short_both,ce_fashion_specialist,diagnostic_non_independent,87,37,0.7273005355599218,0.732193166539573,0.7354590228722573,0.008158487312335483,checked
Галантерея и аксессуары,fold_02,text_very_long,zs_llm_blend,independent,5,1,0.5,0.5,0.5,0.0,checked
Галантерея и аксессуары,fold_02,text_very_long,knrm_name_v2,independent,5,1,0.5,0.2,0.5,0.0,checked
Галантерея и аксессуары,fold_02,text_very_long,ce_priodistill,diagnostic_non_independent,5,1,0.5,0.5,0.5,0.0,checked
Галантерея и аксессуары,fold_02,text_very_long,ce_fashion_specialist,diagnostic_non_independent,5,1,0.5,0.5,0.5,0.0,checked
Галантерея и аксессуары,fold_02,score_01_05,zs_llm_blend,independent,15,0,,,,,undefined_one_class
Галантерея и аксессуары,fold_02,score_01_05,knrm_name_v2,independent,15,0,,,,,undefined_one_class
Галантерея и аксессуары,fold_02,score_01_05,ce_priodistill,diagnostic_non_independent,15,0,,,,,undefined_one_class
Галантерея и аксессуары,fold_02,score_01_05,ce_fashion_specialist,diagnostic_non_independent,15,0,,,,,undefined_one_class
Галантерея и аксессуары,fold_02,score_05_20,zs_llm_blend,independent,1212,11,0.01440641051509761,0.046959215950096965,0.016390550281106763,0.001984139766009153,checked
Галантерея и аксессуары,fold_02,score_05_20,knrm_name_v2,independent,1212,11,0.01440641051509761,0.007987319014877346,0.012584134801191091,-0.001822275713906519,checked
Галантерея и аксессуары,fold_02,score_05_20,ce_priodistill,diagnostic_non_independent,1212,11,0.01440641051509761,0.03238907440585278,0.016012743238621865,0.0016063327235242546,checked
Галантерея и аксессуары,fold_02,score_05_20,ce_fashion_specialist,diagnostic_non_independent,1212,11,0.01440641051509761,0.025248494824407275,0.015498009811589848,0.0010915992964922374,checked
Галантерея и аксессуары,fold_02,score_20_50,zs_llm_blend,independent,1612,57,0.06530080290704667,0.045309299777684046,0.06737669214177587,0.0020758892347292057,checked
Галантерея и аксессуары,fold_02,score_20_50,knrm_name_v2,independent,1612,57,0.06530080290704667,0.03693357743023871,0.06607119133366861,0.000770388426621943,checked
Галантерея и аксессуары,fold_02,score_20_50,ce_priodistill,diagnostic_non_independent,1612,57,0.06530080290704667,0.09062340462526672,0.07779168927392333,0.01249088636687666,checked
Галантерея и аксессуары,fold_02,score_20_50,ce_fashion_specialist,diagnostic_non_independent,1612,57,0.06530080290704667,0.07239756714447318,0.07522009518992483,0.009919292282878162,checked
Галантерея и аксессуары,fold_02,score_50_80,zs_llm_blend,independent,1268,371,0.5301921809307014,0.29016267659971406,0.5033315289569084,-0.02686065197379306,checked
Галантерея и аксессуары,fold_02,score_50_80,knrm_name_v2,independent,1268,371,0.5301921809307014,0.33333071731520036,0.5284014344348357,-0.001790746495865747,checked
Галантерея и аксессуары,fold_02,score_50_80,ce_priodistill,diagnostic_non_independent,1268,371,0.5301921809307014,0.5380615207128076,0.546712283654873,0.016520102724171593,checked
Галантерея и аксессуары,fold_02,score_50_80,ce_fashion_specialist,diagnostic_non_independent,1268,371,0.5301921809307014,0.5067851986422307,0.5435554119330441,0.013363231002342713,checked
Галантерея и аксессуары,fold_02,score_80_95,zs_llm_blend,independent,360,291,0.8916880628738226,0.8716854189312252,0.899379044549746,0.007690981675923414,checked
Галантерея и аксессуары,fold_02,score_80_95,knrm_name_v2,independent,360,291,0.8916880628738226,0.8419439148501113,0.8779266533147684,-0.01376140955905425,checked
Галантерея и аксессуары,fold_02,score_80_95,ce_priodistill,diagnostic_non_independent,360,291,0.8916880628738226,0.8858339044299952,0.8914403704839241,-0.00024769238989852393,checked
Галантерея и аксессуары,fold_02,score_80_95,ce_fashion_specialist,diagnostic_non_independent,360,291,0.8916880628738226,0.877222838755713,0.8907828945046885,-0.0009051683691341239,checked
Галантерея и аксессуары,fold_02,score_95_99,zs_llm_blend,independent,38,38,,,,,undefined_one_class
Галантерея и аксессуары,fold_02,score_95_99,knrm_name_v2,independent,38,38,,,,,undefined_one_class
Галантерея и аксессуары,fold_02,score_95_99,ce_priodistill,diagnostic_non_independent,38,38,,,,,undefined_one_class
Галантерея и аксессуары,fold_02,score_95_99,ce_fashion_specialist,diagnostic_non_independent,38,38,,,,,undefined_one_class
Галантерея и аксессуары,fold_02,score_99_100,zs_llm_blend,independent,2,2,,,,,undefined_one_class
Галантерея и аксессуары,fold_02,score_99_100,knrm_name_v2,independent,2,2,,,,,undefined_one_class
Галантерея и аксессуары,fold_02,score_99_100,ce_priodistill,diagnostic_non_independent,2,2,,,,,undefined_one_class
Галантерея и аксессуары,fold_02,score_99_100,ce_fashion_specialist,diagnostic_non_independent,2,2,,,,,undefined_one_class
Галантерея и аксессуары,fold_02,text_asymmetric,zs_llm_blend,independent,650,141,0.7368899902010532,0.44373726692804355,0.7354490247481851,-0.0014409654528680926,checked
Галантерея и аксессуары,fold_02,text_asymmetric,knrm_name_v2,independent,650,141,0.7368899902010532,0.4020242591329895,0.7406823304839689,0.0037923402829157515,checked
Галантерея и аксессуары,fold_02,text_asymmetric,ce_priodistill,diagnostic_non_independent,650,141,0.7368899902010532,0.7264722133114556,0.737609958228578,0.000719968027524831,checked
Галантерея и аксессуары,fold_02,text_asymmetric,ce_fashion_specialist,diagnostic_non_independent,650,141,0.7368899902010532,0.716613147076619,0.7384133443789139,0.0015233541778607584,checked
Галантерея и аксессуары,fold_03,all,zs_llm_blend,independent,4482,756,0.736946530132057,0.4066291144266257,0.7290993350640446,-0.007847195068012458,checked
Галантерея и аксессуары,fold_03,all,knrm_name_v2,independent,4482,756,0.736946530132057,0.40907404599282965,0.7345092361175114,-0.0024372940145456212,checked
Галантерея и аксессуары,fold_03,all,ce_priodistill,diagnostic_non_independent,4482,756,0.736946530132057,0.7338885413103289,0.7386107310905663,0.0016642009585092765,checked
Галантерея и аксессуары,fold_03,all,ce_fashion_specialist,diagnostic_non_independent,4482,756,0.736946530132057,0.710841668010281,0.7369113936621058,-3.513646995123576e-05,checked
Галантерея и аксессуары,fold_03,name_exact,zs_llm_blend,independent,168,12,0.6191987943826179,0.23030378804528823,0.604010208452313,-0.015188585930304921,checked
Галантерея и аксессуары,fold_03,name_exact,knrm_name_v2,independent,168,12,0.6191987943826179,0.23400577855095922,0.601162263479789,-0.018036530902828973,checked
Галантерея и аксессуары,fold_03,name_exact,ce_priodistill,diagnostic_non_independent,168,12,0.6191987943826179,0.5215074148893984,0.6020318044480416,-0.017166989934576327,checked
Галантерея и аксессуары,fold_03,name_exact,ce_fashion_specialist,diagnostic_non_independent,168,12,0.6191987943826179,0.5033142626718362,0.58187409358462,-0.03732470079799799,checked
Галантерея и аксессуары,fold_03,name_near,zs_llm_blend,independent,209,76,0.8609842311652648,0.7383481176123925,0.8744110004879945,0.013426769322729681,checked
Галантерея и аксессуары,fold_03,name_near,knrm_name_v2,independent,209,76,0.8609842311652648,0.7250015979408857,0.8699287629869,0.008944531821635238,checked
Галантерея и аксессуары,fold_03,name_near,ce_priodistill,diagnostic_non_independent,209,76,0.8609842311652648,0.8453677682330072,0.8599747481554848,-0.0010094830097799878,checked
Галантерея и аксессуары,fold_03,name_near,ce_fashion_specialist,diagnostic_non_independent,209,76,0.8609842311652648,0.8428919273935023,0.8568167037481065,-0.004167527417158312,checked
Галантерея и аксессуары,fold_03,name_other,zs_llm_blend,independent,4105,668,0.7239975656045109,0.37636836799965706,0.713663400148281,-0.010334165456229893,checked
Галантерея и аксессуары,fold_03,name_other,knrm_name_v2,independent,4105,668,0.7239975656045109,0.3874349715937196,0.7203510895515529,-0.003646476052957981,checked
Галантерея и аксессуары,fold_03,name_other,ce_priodistill,diagnostic_non_independent,4105,668,0.7239975656045109,0.7211749975408136,0.7259043530101574,0.0019067874056465373,checked
Галантерея и аксессуары,fold_03,name_other,ce_fashion_specialist,diagnostic_non_independent,4105,668,0.7239975656045109,0.6977332826430828,0.72448471942202,0.0004871538175090784,checked
Галантерея и аксессуары,fold_03,attrs_one_missing,zs_llm_blend,independent,3,2,1.0,0.8333333333333333,1.0,0.0,checked
Галантерея и аксессуары,fold_03,attrs_one_missing,knrm_name_v2,independent,3,2,1.0,0.8333333333333333,1.0,0.0,checked
Галантерея и аксессуары,fold_03,attrs_one_missing,ce_priodistill,diagnostic_non_independent,3,2,1.0,1.0,1.0,0.0,checked
Галантерея и аксессуары,fold_03,attrs_one_missing,ce_fashion_specialist,diagnostic_non_independent,3,2,1.0,1.0,1.0,0.0,checked
Галантерея и аксессуары,fold_03,attrs_present,zs_llm_blend,independent,4479,754,0.7371826369379356,0.40685131261309604,0.729386186250188,-0.007796450687747591,checked
Галантерея и аксессуары,fold_03,attrs_present,knrm_name_v2,independent,4479,754,0.7371826369379356,0.4089059509738979,0.734752751451641,-0.002429885486294636,checked
Галантерея и аксессуары,fold_03,attrs_present,ce_priodistill,diagnostic_non_independent,4479,754,0.7371826369379356,0.7340758608115884,0.7388482155607374,0.001665578622801811,checked
Галантерея и аксессуары,fold_03,attrs_present,ce_fashion_specialist,diagnostic_non_independent,4479,754,0.7371826369379356,0.7108727893415142,0.7371364649039289,-4.617203400669734e-05,checked
Галантерея и аксессуары,fold_03,brand_agree,zs_llm_blend,independent,162,26,0.7058594876254486,0.5459995067722825,0.7035359912375243,-0.0023234963879242843,checked
Галантерея и аксессуары,fold_03,brand_agree,knrm_name_v2,independent,162,26,0.7058594876254486,0.391744320338275,0.7262554808562786,0.020395993230829967,checked
Галантерея и аксессуары,fold_03,brand_agree,ce_priodistill,diagnostic_non_independent,162,26,0.7058594876254486,0.6932224485623268,0.7076467808651067,0.0017872932396580943,checked
Галантерея и аксессуары,fold_03,brand_agree,ce_fashion_specialist,diagnostic_non_independent,162,26,0.7058594876254486,0.6872941152589337,0.7058935725371597,3.40849117110853e-05,checked
Галантерея и аксессуары,fold_03,brand_conflict,zs_llm_blend,independent,377,46,0.7588543983487702,0.4109633404455767,0.7670659816590183,0.008211583310248072,checked
Галантерея и аксессуары,fold_03,brand_conflict,knrm_name_v2,independent,377,46,0.7588543983487702,0.41481388945025044,0.7456630783591985,-0.013191319989571682,checked
Галантерея и аксессуары,fold_03,brand_conflict,ce_priodistill,diagnostic_non_independent,377,46,0.7588543983487702,0.7070880457948122,0.7586779132492683,-0.00017648509950196622,checked
Галантерея и аксессуары,fold_03,brand_conflict,ce_fashion_specialist,diagnostic_non_independent,377,46,0.7588543983487702,0.7306796229338837,0.7602130777210736,0.001358679372303384,checked
Галантерея и аксессуары,fold_03,brand_one_missing,zs_llm_blend,independent,3943,684,0.737758283061365,0.4030321099551651,0.7289924720976579,-0.008765810963707099,checked
Галантерея и аксессуары,fold_03,brand_one_missing,knrm_name_v2,independent,3943,684,0.737758283061365,0.41193852494626976,0.7359840995001983,-0.0017741835611667645,checked
Галантерея и аксессуары,fold_03,brand_one_missing,ce_priodistill,diagnostic_non_independent,3943,684,0.737758283061365,0.7372679907824656,0.7395872507956842,0.0018289677343191757,checked
Галантерея и аксессуары,fold_03,brand_one_missing,ce_fashion_specialist,diagnostic_non_independent,3943,684,0.737758283061365,0.7119725265567755,0.7377554162805867,-2.866780778321143e-06,checked
Галантерея и аксессуары,fold_03,model_agree,zs_llm_blend,independent,77,12,0.6876846020497384,0.28177607957019724,0.6420023674055932,-0.045682234644145114,checked
Галантерея и аксессуары,fold_03,model_agree,knrm_name_v2,independent,77,12,0.6876846020497384,0.2547626961610276,0.7151119149933006,0.027427312943562265,checked
Галантерея и аксессуары,fold_03,model_agree,ce_priodistill,diagnostic_non_independent,77,12,0.6876846020497384,0.6716012920319644,0.6772901073530365,-0.01039449469670184,checked
Галантерея и аксессуары,fold_03,model_agree,ce_fashion_specialist,diagnostic_non_independent,77,12,0.6876846020497384,0.6628350373031224,0.6785590156341399,-0.009125586415598463,checked
Галантерея и аксессуары,fold_03,model_conflict,zs_llm_blend,independent,549,59,0.7325134009319563,0.5130262922464592,0.7258621485405925,-0.006651252391363771,checked
Галантерея и аксессуары,fold_03,model_conflict,knrm_name_v2,independent,549,59,0.7325134009319563,0.36569562163858343,0.7547498517877411,0.02223645085578485,checked
Галантерея и аксессуары,fold_03,model_conflict,ce_priodistill,diagnostic_non_independent,549,59,0.7325134009319563,0.7046930352584299,0.7313239686620919,-0.0011894322698643434,checked
Галантерея и аксессуары,fold_03,model_conflict,ce_fashion_specialist,diagnostic_non_independent,549,59,0.7325134009319563,0.7104979438078992,0.7324481259265043,-6.527500545194798e-05,checked
Галантерея и аксессуары,fold_03,model_one_missing,zs_llm_blend,independent,3856,685,0.7406732331441764,0.4030481962073355,0.7335470400057785,-0.007126193138397907,checked
Галантерея и аксессуары,fold_03,model_one_missing,knrm_name_v2,independent,3856,685,0.7406732331441764,0.4186790294626529,0.7371663844180001,-0.003506848726176348,checked
Галантерея и аксессуары,fold_03,model_one_missing,ce_priodistill,diagnostic_non_independent,3856,685,0.7406732331441764,0.7381112310801234,0.742268635930908,0.0015954027867315368,checked
Галантерея и аксессуары,fold_03,model_one_missing,ce_fashion_specialist,diagnostic_non_independent,3856,685,0.7406732331441764,0.7137325483645934,0.7404832103048988,-0.00019002283927760377,checked
Галантерея и аксессуары,fold_03,article_both_missing,zs_llm_blend,independent,3663,700,0.7403234467968535,0.40895198979114483,0.7317270069059955,-0.00859643989085801,checked
Галантерея и аксессуары,fold_03,article_both_missing,knrm_name_v2,independent,3663,700,0.7403234467968535,0.41694154654357474,0.738132673803158,-0.0021907729936955223,checked
Галантерея и аксессуары,fold_03,article_both_missing,ce_priodistill,diagnostic_non_independent,3663,700,0.7403234467968535,0.7374934376007318,0.7419988271787943,0.0016753803819408164,checked
Галантерея и аксессуары,fold_03,article_both_missing,ce_fashion_specialist,diagnostic_non_independent,3663,700,0.7403234467968535,0.7122227131592909,0.7399863376732702,-0.00033710912358331235,checked
Галантерея и аксессуары,fold_03,article_conflict,zs_llm_blend,independent,73,1,0.09090909090909091,0.018518518518518517,0.09090909090909091,0.0,checked
Галантерея и аксессуары,fold_03,article_conflict,knrm_name_v2,independent,73,1,0.09090909090909091,0.043478260869565216,0.09090909090909091,0.0,checked
Галантерея и аксессуары,fold_03,article_conflict,ce_priodistill,diagnostic_non_independent,73,1,0.09090909090909091,0.09090909090909091,0.09090909090909091,0.0,checked
Галантерея и аксессуары,fold_03,article_conflict,ce_fashion_specialist,diagnostic_non_independent,73,1,0.09090909090909091,0.08333333333333333,0.09090909090909091,0.0,checked
Галантерея и аксессуары,fold_03,article_one_missing,zs_llm_blend,independent,746,55,0.7028314307869649,0.4105581292374292,0.6953946627245299,-0.007436768062434984,checked
Галантерея и аксессуары,fold_03,article_one_missing,knrm_name_v2,independent,746,55,0.7028314307869649,0.322122404330076,0.7161733197259629,0.013341888938998014,checked
Галантерея и аксессуары,fold_03,article_one_missing,ce_priodistill,diagnostic_non_independent,746,55,0.7028314307869649,0.689629028062129,0.7030640829405301,0.00023265215356527147,checked
Галантерея и аксессуары,fold_03,article_one_missing,ce_fashion_specialist,diagnostic_non_independent,746,55,0.7028314307869649,0.699449639143295,0.7066899394569801,0.0038585086700152482,checked
Галантерея и аксессуары,fold_03,size_comparable_agree,zs_llm_blend,independent,40,8,0.5112108479755539,0.5000694198274843,0.5144277597402598,0.003216911764705843,checked
Галантерея и аксессуары,fold_03,size_comparable_agree,knrm_name_v2,independent,40,8,0.5112108479755539,0.3867844627076376,0.5032670454545455,-0.007943802521008458,checked
Галантерея и аксессуары,fold_03,size_comparable_agree,ce_priodistill,diagnostic_non_independent,40,8,0.5112108479755539,0.5281012767425811,0.5083513708513708,-0.0028594771241831074,checked
Галантерея и аксессуары,fold_03,size_comparable_agree,ce_fashion_specialist,diagnostic_non_independent,40,8,0.5112108479755539,0.5346764346764347,0.510515873015873,-0.0006949749596809607,checked
Галантерея и аксессуары,fold_03,size_comparable_mismatch,zs_llm_blend,independent,136,19,0.5468039680835637,0.3823676482355852,0.5376230060952509,-0.009180961988312752,checked
Галантерея и аксессуары,fold_03,size_comparable_mismatch,knrm_name_v2,independent,136,19,0.5468039680835637,0.28483712974786535,0.5302776026490555,-0.01652636543450814,checked
Галантерея и аксессуары,fold_03,size_comparable_mismatch,ce_priodistill,diagnostic_non_independent,136,19,0.5468039680835637,0.6006284574647265,0.5486919789613021,0.0018880108777383775,checked
Галантерея и аксессуары,fold_03,size_comparable_mismatch,ce_fashion_specialist,diagnostic_non_independent,136,19,0.5468039680835637,0.5313312129183075,0.557436319351098,0.010632351267534368,checked
Галантерея и аксессуары,fold_03,size_not_comparable,zs_llm_blend,independent,4306,729,0.7428633186765158,0.40776633270748364,0.7352214940208575,-0.007641824655658325,checked
Галантерея и аксессуары,fold_03,size_not_comparable,knrm_name_v2,independent,4306,729,0.7428633186765158,0.41334353618647934,0.7401683246999107,-0.002694993976605109,checked
Галантерея и аксессуары,fold_03,size_not_comparable,ce_priodistill,diagnostic_non_independent,4306,729,0.7428633186765158,0.740293988564854,0.7445315208341426,0.0016682021576268635,checked
Галантерея и аксессуары,fold_03,size_not_comparable,ce_fashion_specialist,diagnostic_non_independent,4306,729,0.7428633186765158,0.7182896885581184,0.7429480839493673,8.476527285150581e-05,checked
Галантерея и аксессуары,fold_03,numeric_conflict,zs_llm_blend,independent,288,37,0.6986065099017725,0.4154578585119976,0.6637374401071905,-0.03486906979458204,checked
Галантерея и аксессуары,fold_03,numeric_conflict,knrm_name_v2,independent,288,37,0.6986065099017725,0.3668628880992397,0.7134230273780672,0.014816517476294644,checked
Галантерея и аксессуары,fold_03,numeric_conflict,ce_priodistill,diagnostic_non_independent,288,37,0.6986065099017725,0.7276435338111684,0.7101460668923301,0.011539556990557531,checked
Галантерея и аксессуары,fold_03,numeric_conflict,ce_fashion_specialist,diagnostic_non_independent,288,37,0.6986065099017725,0.7013435761329725,0.7063658080437886,0.007759298142016036,checked
Галантерея и аксессуары,fold_03,numeric_missing,zs_llm_blend,independent,3733,571,0.6808294995977924,0.318564447279613,0.6712155401921791,-0.00961395940561327,checked
Галантерея и аксессуары,fold_03,numeric_missing,knrm_name_v2,independent,3733,571,0.6808294995977924,0.383380301596254,0.6829109067641109,0.0020814071663185496,checked
Галантерея и аксессуары,fold_03,numeric_missing,ce_priodistill,diagnostic_non_independent,3733,571,0.6808294995977924,0.6749441116439584,0.6823741826342336,0.0015446830364411746,checked
Галантерея и аксессуары,fold_03,numeric_missing,ce_fashion_specialist,diagnostic_non_independent,3733,571,0.6808294995977924,0.6411801058366484,0.6799546967739333,-0.0008748028238590999,checked
Галантерея и аксессуары,fold_03,numeric_overlap,zs_llm_blend,independent,461,148,0.9003761158963002,0.7302017708369697,0.8955949366168425,-0.004781179279457648,checked
Галантерея и аксессуары,fold_03,numeric_overlap,knrm_name_v2,independent,461,148,0.9003761158963002,0.5550173728490475,0.8928445537649289,-0.007531562131371294,checked
Галантерея и аксессуары,fold_03,numeric_overlap,ce_priodistill,diagnostic_non_independent,461,148,0.9003761158963002,0.9043287427640324,0.9012019077585063,0.0008257918622061045,checked
Галантерея и аксессуары,fold_03,numeric_overlap,ce_fashion_specialist,diagnostic_non_independent,461,148,0.9003761158963002,0.8918069513931377,0.9010396501732136,0.0006635342769134578,checked
Галантерея и аксессуары,fold_03,text_long,zs_llm_blend,independent,548,58,0.6047124417924333,0.47509864172454375,0.6182515130298546,0.013539071237421263,checked
Галантерея и аксессуары,fold_03,text_long,knrm_name_v2,independent,548,58,0.6047124417924333,0.19265893800483092,0.6244742963720555,0.019761854579622207,checked
Галантерея и аксессуары,fold_03,text_long,ce_priodistill,diagnostic_non_independent,548,58,0.6047124417924333,0.5784072895743808,0.6058487759530716,0.001136334160638297,checked
Галантерея и аксессуары,fold_03,text_long,ce_fashion_specialist,diagnostic_non_independent,548,58,0.6047124417924333,0.559264127030918,0.6014176392724346,-0.0032948025199986963,checked
Галантерея и аксессуары,fold_03,text_medium,zs_llm_blend,independent,3840,664,0.7447885688621255,0.4114056248789639,0.7368492553472438,-0.007939313514881752,checked
Галантерея и аксессуары,fold_03,text_medium,knrm_name_v2,independent,3840,664,0.7447885688621255,0.4157134856638607,0.741529717446084,-0.0032588514160415416,checked
Галантерея и аксессуары,fold_03,text_medium,ce_priodistill,diagnostic_non_independent,3840,664,0.7447885688621255,0.7405997822551745,0.7460089606828331,0.0012203918207075448,checked
Галантерея и аксессуары,fold_03,text_medium,ce_fashion_specialist,diagnostic_non_independent,3840,664,0.7447885688621255,0.7197026819605286,0.7447683731422121,-2.0195719913407295e-05,checked
Галантерея и аксессуары,fold_03,text_short_both,zs_llm_blend,independent,89,34,0.8218172442071713,0.39169496188415776,0.7732184837820326,-0.048598760425138665,checked
Галантерея и аксессуары,fold_03,text_short_both,knrm_name_v2,independent,89,34,0.8218172442071713,0.618273945330066,0.8232233649023001,0.0014061206951287986,checked
Галантерея и аксессуары,fold_03,text_short_both,ce_priodistill,diagnostic_non_independent,89,34,0.8218172442071713,0.86013957330106,0.8300561802563732,0.008238936049201895,checked
Галантерея и аксессуары,fold_03,text_short_both,ce_fashion_specialist,diagnostic_non_independent,89,34,0.8218172442071713,0.7796286674090513,0.8204476797623518,-0.0013695644448195043,checked
Галантерея и аксессуары,fold_03,text_very_long,zs_llm_blend,independent,5,0,,,,,undefined_one_class
Галантерея и аксессуары,fold_03,text_very_long,knrm_name_v2,independent,5,0,,,,,undefined_one_class
Галантерея и аксессуары,fold_03,text_very_long,ce_priodistill,diagnostic_non_independent,5,0,,,,,undefined_one_class
Галантерея и аксессуары,fold_03,text_very_long,ce_fashion_specialist,diagnostic_non_independent,5,0,,,,,undefined_one_class
Галантерея и аксессуары,fold_03,score_01_05,zs_llm_blend,independent,44,0,,,,,undefined_one_class
Галантерея и аксессуары,fold_03,score_01_05,knrm_name_v2,independent,44,0,,,,,undefined_one_class
Галантерея и аксессуары,fold_03,score_01_05,ce_priodistill,diagnostic_non_independent,44,0,,,,,undefined_one_class
Галантерея и аксессуары,fold_03,score_01_05,ce_fashion_specialist,diagnostic_non_independent,44,0,,,,,undefined_one_class
Галантерея и аксессуары,fold_03,score_05_20,zs_llm_blend,independent,1071,4,0.004061672179794588,0.022712403907367347,0.006186485526218354,0.002124813346423766,checked
Галантерея и аксессуары,fold_03,score_05_20,knrm_name_v2,independent,1071,4,0.004061672179794588,0.00495690815031748,0.0038775476679044404,-0.00018412451189014738,checked
Галантерея и аксессуары,fold_03,score_05_20,ce_priodistill,diagnostic_non_independent,1071,4,0.004061672179794588,0.029029372526924547,0.004709583689435413,0.0006479115096408253,checked
Галантерея и аксессуары,fold_03,score_05_20,ce_fashion_specialist,diagnostic_non_independent,1071,4,0.004061672179794588,0.015149293566268589,0.004656783138553759,0.0005951109587591713,checked
Галантерея и аксессуары,fold_03,score_20_50,zs_llm_blend,independent,1603,42,0.06652932093601663,0.03226673088344158,0.060238218816034944,-0.006291102119981684,checked
Галантерея и аксессуары,fold_03,score_20_50,knrm_name_v2,independent,1603,42,0.06652932093601663,0.032178892916514254,0.07121771442151419,0.004688393485497558,checked
Галантерея и аксессуары,fold_03,score_20_50,ce_priodistill,diagnostic_non_independent,1603,42,0.06652932093601663,0.057035335496726236,0.07194888782549945,0.005419566889482821,checked
Галантерея и аксессуары,fold_03,score_20_50,ce_fashion_specialist,diagnostic_non_independent,1603,42,0.06652932093601663,0.06124735257112316,0.08068828315977444,0.014158962223757815,checked
Галантерея и аксессуары,fold_03,score_50_80,zs_llm_blend,independent,1289,336,0.44351512423080003,0.30506023575647867,0.43425986888494994,-0.009255255345850089,checked
Галантерея и аксессуары,fold_03,score_50_80,knrm_name_v2,independent,1289,336,0.44351512423080003,0.33248017580647055,0.4593714894825799,0.015856365251779858,checked
Галантерея и аксессуары,fold_03,score_50_80,ce_priodistill,diagnostic_non_independent,1289,336,0.44351512423080003,0.44270135779573183,0.45450910286987056,0.010993978639070534,checked
Галантерея и аксессуары,fold_03,score_50_80,ce_fashion_specialist,diagnostic_non_independent,1289,336,0.44351512423080003,0.43650429021622306,0.45119428627140207,0.007679162040602039,checked
Галантерея и аксессуары,fold_03,score_80_95,zs_llm_blend,independent,425,325,0.8375144606445143,0.7438424826186723,0.814143441191564,-0.02337101945295028,checked
Галантерея и аксессуары,fold_03,score_80_95,knrm_name_v2,independent,425,325,0.8375144606445143,0.7919305804130392,0.8298270563495909,-0.007687404294923428,checked
Галантерея и аксессуары,fold_03,score_80_95,ce_priodistill,diagnostic_non_independent,425,325,0.8375144606445143,0.85250045958922,0.8409762512718228,0.0034617906273085586,checked
Галантерея и аксессуары,fold_03,score_80_95,ce_fashion_specialist,diagnostic_non_independent,425,325,0.8375144606445143,0.8131091649410713,0.8360081077423714,-0.001506352902142849,checked
Галантерея и аксессуары,fold_03,score_95_99,zs_llm_blend,independent,45,44,0.966682275873112,0.9994949494949494,0.997354430076933,0.030672154203821078,checked
Галантерея и аксессуары,fold_03,score_95_99,knrm_name_v2,independent,45,44,0.966682275873112,0.9859320468682313,0.9829638770275319,0.0162816011544199,checked
Галантерея и аксессуары,fold_03,score_95_99,ce_priodistill,diagnostic_non_independent,45,44,0.966682275873112,0.9278823839293041,0.9644507211959051,-0.002231554677206815,checked
Галантерея и аксессуары,fold_03,score_95_99,ce_fashion_specialist,diagnostic_non_independent,45,44,0.966682275873112,0.9673401692085808,0.9618842960751322,-0.004797979797979801,checked
Галантерея и аксессуары,fold_03,score_99_100,zs_llm_blend,independent,5,5,,,,,undefined_one_class
Галантерея и аксессуары,fold_03,score_99_100,knrm_name_v2,independent,5,5,,,,,undefined_one_class
Галантерея и аксессуары,fold_03,score_99_100,ce_priodistill,diagnostic_non_independent,5,5,,,,,undefined_one_class
Галантерея и аксессуары,fold_03,score_99_100,ce_fashion_specialist,diagnostic_non_independent,5,5,,,,,undefined_one_class
Галантерея и аксессуары,fold_03,text_asymmetric,zs_llm_blend,independent,591,112,0.7545754215524265,0.3842119624400908,0.7381792697854361,-0.016396151766990386,checked
Галантерея и аксессуары,fold_03,text_asymmetric,knrm_name_v2,independent,591,112,0.7545754215524265,0.3896436014405457,0.7438198056284818,-0.010755615923944695,checked
Галантерея и аксессуары,fold_03,text_asymmetric,ce_priodistill,diagnostic_non_independent,591,112,0.7545754215524265,0.7519092387118458,0.7562992492135467,0.0017238276611202252,checked
Галантерея и аксессуары,fold_03,text_asymmetric,ce_fashion_specialist,diagnostic_non_independent,591,112,0.7545754215524265,0.7318922340782069,0.7560958569687587,0.0015204354163321776,checked
Галантерея и аксессуары,fold_04,all,zs_llm_blend,independent,4567,774,0.7401005371038498,0.3825497344848355,0.7295002299528626,-0.010600307150987254,checked
Галантерея и аксессуары,fold_04,all,knrm_name_v2,independent,4567,774,0.7401005371038498,0.4322770261621135,0.7383452613045507,-0.0017552757992991275,checked
Галантерея и аксессуары,fold_04,all,ce_priodistill,diagnostic_non_independent,4567,774,0.7401005371038498,0.7268535609011473,0.7403630455990281,0.0002625084951782819,checked
Галантерея и аксессуары,fold_04,all,ce_fashion_specialist,diagnostic_non_independent,4567,774,0.7401005371038498,0.7107820934053057,0.7401909394096552,9.040230580537045e-05,checked
Галантерея и аксессуары,fold_04,name_exact,zs_llm_blend,independent,178,15,0.7540207927225471,0.5624858246539896,0.7555497749700648,0.0015289822475177406,checked
Галантерея и аксессуары,fold_04,name_exact,knrm_name_v2,independent,178,15,0.7540207927225471,0.36647840557114253,0.7586178010221529,0.004597008299605854,checked
Галантерея и аксессуары,fold_04,name_exact,ce_priodistill,diagnostic_non_independent,178,15,0.7540207927225471,0.7429743573673457,0.7517077415761626,-0.0023130511463844705,checked
Галантерея и аксессуары,fold_04,name_exact,ce_fashion_specialist,diagnostic_non_independent,178,15,0.7540207927225471,0.7628870649684911,0.754088693957115,6.790123456790198e-05,checked
Галантерея и аксессуары,fold_04,name_near,zs_llm_blend,independent,220,65,0.9039564263957972,0.6427228276779113,0.8951156016901475,-0.00884082470564973,checked
Галантерея и аксессуары,fold_04,name_near,knrm_name_v2,independent,220,65,0.9039564263957972,0.6484137291038621,0.8974387045460529,-0.006517721849744307,checked
Галантерея и аксессуары,fold_04,name_near,ce_priodistill,diagnostic_non_independent,220,65,0.9039564263957972,0.896388009381879,0.9031423609621942,-0.0008140654336029618,checked
Галантерея и аксессуары,fold_04,name_near,ce_fashion_specialist,diagnostic_non_independent,220,65,0.9039564263957972,0.8809700217238385,0.9019215478612617,-0.0020348785345355447,checked
Галантерея и аксессуары,fold_04,name_other,zs_llm_blend,independent,4169,694,0.7191223401759678,0.3530773531649023,0.7087043390279452,-0.010418001148022604,checked
Галантерея и аксессуары,fold_04,name_other,knrm_name_v2,independent,4169,694,0.7191223401759678,0.4233487908635213,0.7180665070494577,-0.0010558331265100307,checked
Галантерея и аксессуары,fold_04,name_other,ce_priodistill,diagnostic_non_independent,4169,694,0.7191223401759678,0.7047019396606942,0.7193361700470686,0.00021382987110085683,checked
Галантерея и аксессуары,fold_04,name_other,ce_fashion_specialist,diagnostic_non_independent,4169,694,0.7191223401759678,0.6867178140173145,0.7190517303467727,-7.060982919504522e-05,checked
Галантерея и аксессуары,fold_04,attrs_one_missing,zs_llm_blend,independent,1,0,,,,,undefined_one_class
Галантерея и аксессуары,fold_04,attrs_one_missing,knrm_name_v2,independent,1,0,,,,,undefined_one_class
Галантерея и аксессуары,fold_04,attrs_one_missing,ce_priodistill,diagnostic_non_independent,1,0,,,,,undefined_one_class
Галантерея и аксессуары,fold_04,attrs_one_missing,ce_fashion_specialist,diagnostic_non_independent,1,0,,,,,undefined_one_class
Галантерея и аксессуары,fold_04,attrs_present,zs_llm_blend,independent,4566,774,0.7401007441806922,0.3825544386478288,0.729500367931849,-0.010600376248843135,checked
Галантерея и аксессуары,fold_04,attrs_present,knrm_name_v2,independent,4566,774,0.7401007441806922,0.4322846677812489,0.7383454035125099,-0.0017553406681822814,checked
Галантерея и аксессуары,fold_04,attrs_present,ce_priodistill,diagnostic_non_independent,4566,774,0.7401007441806922,0.726853670684659,0.7403631755892472,0.00026243140855508607,checked
Галантерея и аксессуары,fold_04,attrs_present,ce_fashion_specialist,diagnostic_non_independent,4566,774,0.7401007441806922,0.7107820934053057,0.7401910765543128,9.033237362066071e-05,checked
Галантерея и аксессуары,fold_04,brand_agree,zs_llm_blend,independent,166,30,0.7520126082102938,0.5961406143331939,0.7540255612034695,0.0020129529931757206,checked
Галантерея и аксессуары,fold_04,brand_agree,knrm_name_v2,independent,166,30,0.7520126082102938,0.43666753319600426,0.7823260763514817,0.03031346814118785,checked
Галантерея и аксессуары,fold_04,brand_agree,ce_priodistill,diagnostic_non_independent,166,30,0.7520126082102938,0.7646083760033712,0.7545640490656602,0.0025514408553664047,checked
Галантерея и аксессуары,fold_04,brand_agree,ce_fashion_specialist,diagnostic_non_independent,166,30,0.7520126082102938,0.757232403154455,0.7562794020079773,0.004266793797683466,checked
Галантерея и аксессуары,fold_04,brand_conflict,zs_llm_blend,independent,396,55,0.7019305087731617,0.40763219441999243,0.6842043371276695,-0.017726171645492173,checked
Галантерея и аксессуары,fold_04,brand_conflict,knrm_name_v2,independent,396,55,0.7019305087731617,0.44440703127224535,0.6998586902221878,-0.002071818550973825,checked
Галантерея и аксессуары,fold_04,brand_conflict,ce_priodistill,diagnostic_non_independent,396,55,0.7019305087731617,0.6673974412163284,0.6971829469121046,-0.00474756186105707,checked
Галантерея и аксессуары,fold_04,brand_conflict,ce_fashion_specialist,diagnostic_non_independent,396,55,0.7019305087731617,0.6478968287719001,0.6931117181109873,-0.008818790662174392,checked
Галантерея и аксессуары,fold_04,brand_one_missing,zs_llm_blend,independent,4005,689,0.7429859972044667,0.37418211382441513,0.7323589814064602,-0.010627015798006512,checked
Галантерея и аксессуары,fold_04,brand_one_missing,knrm_name_v2,independent,4005,689,0.7429859972044667,0.4359966440303864,0.7421190431311002,-0.0008669540733664549,checked
Галантерея и аксессуары,fold_04,brand_one_missing,ce_priodistill,diagnostic_non_independent,4005,689,0.7429859972044667,0.7296231880157967,0.7433272799689298,0.00034128276446310224,checked
Галантерея и аксессуары,fold_04,brand_one_missing,ce_fashion_specialist,diagnostic_non_independent,4005,689,0.7429859972044667,0.7137628730490725,0.7431385993948101,0.00015260219034340938,checked
Галантерея и аксессуары,fold_04,model_agree,zs_llm_blend,independent,88,21,0.7030974092164892,0.3985504504000637,0.6770615668806412,-0.026035842335847992,checked
Галантерея и аксессуары,fold_04,model_agree,knrm_name_v2,independent,88,21,0.7030974092164892,0.25456506740070495,0.6791631011611109,-0.02393430805537833,checked
Галантерея и аксессуары,fold_04,model_agree,ce_priodistill,diagnostic_non_independent,88,21,0.7030974092164892,0.7153477892663952,0.7194438485336365,0.0163464393171473,checked
Галантерея и аксессуары,fold_04,model_agree,ce_fashion_specialist,diagnostic_non_independent,88,21,0.7030974092164892,0.672339923581337,0.7072284954036567,0.00413108618716751,checked
Галантерея и аксессуары,fold_04,model_conflict,zs_llm_blend,independent,611,76,0.7682365958384614,0.43275479145177875,0.7555008499941958,-0.012735745844265622,checked
Галантерея и аксессуары,fold_04,model_conflict,knrm_name_v2,independent,611,76,0.7682365958384614,0.4053691299374352,0.7812197402152845,0.01298314437682313,checked
Галантерея и аксессуары,fold_04,model_conflict,ce_priodistill,diagnostic_non_independent,611,76,0.7682365958384614,0.7116680065849583,0.7643791375950112,-0.0038574582434501847,checked
Галантерея и аксессуары,fold_04,model_conflict,ce_fashion_specialist,diagnostic_non_independent,611,76,0.7682365958384614,0.6722677345923367,0.7635028530339122,-0.00473374280454919,checked
Галантерея и аксессуары,fold_04,model_one_missing,zs_llm_blend,independent,3868,677,0.7428883189936085,0.38116739367427677,0.7321418783364237,-0.010746440657184775,checked
Галантерея и аксессуары,fold_04,model_one_missing,knrm_name_v2,independent,3868,677,0.7428883189936085,0.44252937510915247,0.7420650393716766,-0.0008232796219319605,checked
Галантерея и аксессуары,fold_04,model_one_missing,ce_priodistill,diagnostic_non_independent,3868,677,0.7428883189936085,0.7318593814568878,0.7433737685702984,0.0004854495766898337,checked
Галантерея и аксессуары,fold_04,model_one_missing,ce_fashion_specialist,diagnostic_non_independent,3868,677,0.7428883189936085,0.7164480555301569,0.7432105452172089,0.0003222262236003415,checked
Галантерея и аксессуары,fold_04,article_agree,zs_llm_blend,independent,1,1,,,,,undefined_one_class
Галантерея и аксессуары,fold_04,article_agree,knrm_name_v2,independent,1,1,,,,,undefined_one_class
Галантерея и аксессуары,fold_04,article_agree,ce_priodistill,diagnostic_non_independent,1,1,,,,,undefined_one_class
Галантерея и аксессуары,fold_04,article_agree,ce_fashion_specialist,diagnostic_non_independent,1,1,,,,,undefined_one_class
Галантерея и аксессуары,fold_04,article_both_missing,zs_llm_blend,independent,3711,719,0.7455996786678565,0.388240808822502,0.7347113447047042,-0.010888333963152252,checked
Галантерея и аксессуары,fold_04,article_both_missing,knrm_name_v2,independent,3711,719,0.7455996786678565,0.45236921211153724,0.745180230607287,-0.0004194480605694828,checked
Галантерея и аксессуары,fold_04,article_both_missing,ce_priodistill,diagnostic_non_independent,3711,719,0.7455996786678565,0.7322134070751309,0.7458666197112088,0.00026694104335234226,checked
Галантерея и аксессуары,fold_04,article_both_missing,ce_fashion_specialist,diagnostic_non_independent,3711,719,0.7455996786678565,0.7149210013409512,0.7455093898098518,-9.028885800466124e-05,checked
Галантерея и аксессуары,fold_04,article_conflict,zs_llm_blend,independent,64,1,0.14285714285714285,0.14285714285714285,0.16666666666666666,0.023809523809523808,checked
Галантерея и аксессуары,fold_04,article_conflict,knrm_name_v2,independent,64,1,0.14285714285714285,0.01694915254237288,0.14285714285714285,0.0,checked
Галантерея и аксессуары,fold_04,article_conflict,ce_priodistill,diagnostic_non_independent,64,1,0.14285714285714285,0.2,0.16666666666666666,0.023809523809523808,checked
Галантерея и аксессуары,fold_04,article_conflict,ce_fashion_specialist,diagnostic_non_independent,64,1,0.14285714285714285,1.0,0.16666666666666666,0.023809523809523808,checked
Галантерея и аксессуары,fold_04,article_one_missing,zs_llm_blend,independent,791,53,0.6491735476393511,0.33843417409062343,0.6449520172256701,-0.004221530413681007,checked
Галантерея и аксессуары,fold_04,article_one_missing,knrm_name_v2,independent,791,53,0.6491735476393511,0.20248550412114422,0.6472845040603021,-0.0018890435790489546,checked
Галантерея и аксессуары,fold_04,article_one_missing,ce_priodistill,diagnostic_non_independent,791,53,0.6491735476393511,0.6453898204563973,0.6495527584321069,0.00037921079275582414,checked
Галантерея и аксессуары,fold_04,article_one_missing,ce_fashion_specialist,diagnostic_non_independent,791,53,0.6491735476393511,0.6372207295563219,0.650093536468243,0.0009199888288918823,checked
Галантерея и аксессуары,fold_04,size_comparable_agree,zs_llm_blend,independent,56,11,0.7436577759158405,0.3907578072551334,0.7338106648451477,-0.009847111070692804,checked
Галантерея и аксессуары,fold_04,size_comparable_agree,knrm_name_v2,independent,56,11,0.7436577759158405,0.41889361210424647,0.7143613950282307,-0.029296380887609774,checked
Галантерея и аксессуары,fold_04,size_comparable_agree,ce_priodistill,diagnostic_non_independent,56,11,0.7436577759158405,0.700716547848029,0.7456800144300144,0.002022238514173935,checked
Галантерея и аксессуары,fold_04,size_comparable_agree,ce_fashion_specialist,diagnostic_non_independent,56,11,0.7436577759158405,0.6917367462713192,0.7479533745981115,0.004295598682271029,checked
Галантерея и аксессуары,fold_04,size_comparable_mismatch,zs_llm_blend,independent,149,19,0.4873044057393012,0.25219542970326714,0.4465954722513469,-0.040708933487954346,checked
Галантерея и аксессуары,fold_04,size_comparable_mismatch,knrm_name_v2,independent,149,19,0.4873044057393012,0.25366947859786576,0.501964542610225,0.014660136870923823,checked
Галантерея и аксессуары,fold_04,size_comparable_mismatch,ce_priodistill,diagnostic_non_independent,149,19,0.4873044057393012,0.518546046268065,0.48949820799919447,0.0021938022598932405,checked
Галантерея и аксессуары,fold_04,size_comparable_mismatch,ce_fashion_specialist,diagnostic_non_independent,149,19,0.4873044057393012,0.5516004923319271,0.4885070785378028,0.0012026727985015584,checked
Галантерея и аксессуары,fold_04,size_not_comparable,zs_llm_blend,independent,4362,744,0.7455975315255206,0.38737040784808735,0.7353601481510337,-0.010237383374486875,checked
Галантерея и аксессуары,fold_04,size_not_comparable,knrm_name_v2,independent,4362,744,0.7455975315255206,0.4371338662384857,0.7431111805055712,-0.0024863510199493177,checked
Галантерея и аксессуары,fold_04,size_not_comparable,ce_priodistill,diagnostic_non_independent,4362,744,0.7455975315255206,0.7327305232837137,0.745879878844618,0.0002823473190974868,checked
Галантерея и аксессуары,fold_04,size_not_comparable,ce_fashion_specialist,diagnostic_non_independent,4362,744,0.7455975315255206,0.7151223417873239,0.7455933496583631,-4.1818671574489485e-06,checked
Галантерея и аксессуары,fold_04,numeric_conflict,zs_llm_blend,independent,288,26,0.6676966861390481,0.44168059965718914,0.7057005641134594,0.03800387797441129,checked
Галантерея и аксессуары,fold_04,numeric_conflict,knrm_name_v2,independent,288,26,0.6676966861390481,0.18308719040132923,0.6375619857339898,-0.03013470040505828,checked
Галантерея и аксессуары,fold_04,numeric_conflict,ce_priodistill,diagnostic_non_independent,288,26,0.6676966861390481,0.6609826220460181,0.670094058673201,0.002397372534152953,checked
Галантерея и аксессуары,fold_04,numeric_conflict,ce_fashion_specialist,diagnostic_non_independent,288,26,0.6676966861390481,0.6442793348544786,0.6726280049107626,0.004931318771714488,checked
Галантерея и аксессуары,fold_04,numeric_missing,zs_llm_blend,independent,3846,620,0.7045239110312018,0.3116007936311292,0.6941193948406081,-0.010404516190593682,checked
Галантерея и аксессуары,fold_04,numeric_missing,knrm_name_v2,independent,3846,620,0.7045239110312018,0.4100827887179477,0.7056275060748877,0.0011035950436858455,checked
Галантерея и аксессуары,fold_04,numeric_missing,ce_priodistill,diagnostic_non_independent,3846,620,0.7045239110312018,0.6877038419422534,0.7046865615646213,0.00016265053341946167,checked
Галантерея и аксессуары,fold_04,numeric_missing,ce_fashion_specialist,diagnostic_non_independent,3846,620,0.7045239110312018,0.6639106677484461,0.70421737875781,-0.0003065322733918352,checked
Галантерея и аксессуары,fold_04,numeric_overlap,zs_llm_blend,independent,433,128,0.8842072389746517,0.6860898436428073,0.8706683475192253,-0.013538891455426416,checked
Галантерея и аксессуары,fold_04,numeric_overlap,knrm_name_v2,independent,433,128,0.8842072389746517,0.5829140655624175,0.878669583839976,-0.005537655134675745,checked
Галантерея и аксессуары,fold_04,numeric_overlap,ce_priodistill,diagnostic_non_independent,433,128,0.8842072389746517,0.8757918611082233,0.8845351847182998,0.0003279457436481392,checked
Галантерея и аксессуары,fold_04,numeric_overlap,ce_fashion_specialist,diagnostic_non_independent,433,128,0.8842072389746517,0.8729311005075061,0.8845008005202147,0.00029356154556303693,checked
Галантерея и аксессуары,fold_04,text_long,zs_llm_blend,independent,581,49,0.6238169559613495,0.41542970350962816,0.626575985311276,0.002759029349926556,checked
Галантерея и аксессуары,fold_04,text_long,knrm_name_v2,independent,581,49,0.6238169559613495,0.282024007313021,0.6267882960043307,0.002971340042981274,checked
Галантерея и аксессуары,fold_04,text_long,ce_priodistill,diagnostic_non_independent,581,49,0.6238169559613495,0.573357870612019,0.6214097104073749,-0.002407245553974535,checked
Галантерея и аксессуары,fold_04,text_long,ce_fashion_specialist,diagnostic_non_independent,581,49,0.6238169559613495,0.5831027232234511,0.6232893179140025,-0.0005276380473469011,checked
Галантерея и аксессуары,fold_04,text_medium,zs_llm_blend,independent,3890,690,0.7446781466469594,0.38880014222096837,0.7347464438908831,-0.009931702756076355,checked
Галантерея и аксессуары,fold_04,text_medium,knrm_name_v2,independent,3890,690,0.7446781466469594,0.4387120550105223,0.7421364959392618,-0.002541650707697629,checked
Галантерея и аксессуары,fold_04,text_medium,ce_priodistill,diagnostic_non_independent,3890,690,0.7446781466469594,0.7342990031203239,0.7448904998149538,0.00021235316799439463,checked
Галантерея и аксессуары,fold_04,text_medium,ce_fashion_specialist,diagnostic_non_independent,3890,690,0.7446781466469594,0.7179232793449979,0.7446370208886828,-4.112575827663889e-05,checked
Галантерея и аксессуары,fold_04,text_short_both,zs_llm_blend,independent,92,33,0.7611601014145383,0.36297083862474055,0.7163495165550163,-0.04481058485952194,checked
Галантерея и аксессуары,fold_04,text_short_both,knrm_name_v2,independent,92,33,0.7611601014145383,0.5579428508165396,0.7493388762591543,-0.011821225155383974,checked
Галантерея и аксессуары,fold_04,text_short_both,ce_priodistill,diagnostic_non_independent,92,33,0.7611601014145383,0.7173610350824743,0.7560393970069185,-0.005120704407619803,checked
Галантерея и аксессуары,fold_04,text_short_both,ce_fashion_specialist,diagnostic_non_independent,92,33,0.7611601014145383,0.6576789835547892,0.7460535343943412,-0.015106567020197081,checked
Галантерея и аксессуары,fold_04,text_very_long,zs_llm_blend,independent,4,2,1.0,0.75,1.0,0.0,checked
Галантерея и аксессуары,fold_04,text_very_long,knrm_name_v2,independent,4,2,1.0,0.5833333333333333,1.0,0.0,checked
Галантерея и аксессуары,fold_04,text_very_long,ce_priodistill,diagnostic_non_independent,4,2,1.0,1.0,1.0,0.0,checked
Галантерея и аксессуары,fold_04,text_very_long,ce_fashion_specialist,diagnostic_non_independent,4,2,1.0,1.0,1.0,0.0,checked
Галантерея и аксессуары,fold_04,score_01_05,zs_llm_blend,independent,20,0,,,,,undefined_one_class
Галантерея и аксессуары,fold_04,score_01_05,knrm_name_v2,independent,20,0,,,,,undefined_one_class
Галантерея и аксессуары,fold_04,score_01_05,ce_priodistill,diagnostic_non_independent,20,0,,,,,undefined_one_class
Галантерея и аксессуары,fold_04,score_01_05,ce_fashion_specialist,diagnostic_non_independent,20,0,,,,,undefined_one_class
Галантерея и аксессуары,fold_04,score_05_20,zs_llm_blend,independent,1073,5,0.03406596704667619,0.014562046361136059,0.036318791881187334,0.0022528248345111412,checked
Галантерея и аксессуары,fold_04,score_05_20,knrm_name_v2,independent,1073,5,0.03406596704667619,0.017262172207592713,0.031917051669467754,-0.0021489153772084393,checked
Галантерея и аксессуары,fold_04,score_05_20,ce_priodistill,diagnostic_non_independent,1073,5,0.03406596704667619,0.009197166238684292,0.021788708608726167,-0.012277258437950026,checked
Галантерея и аксессуары,fold_04,score_05_20,ce_fashion_specialist,diagnostic_non_independent,1073,5,0.03406596704667619,0.040307337425744307,0.01723187990388897,-0.016834087142787224,checked
Галантерея и аксессуары,fold_04,score_20_50,zs_llm_blend,independent,1660,46,0.04975009827781851,0.03144341485026046,0.04908027519496525,-0.0006698230828532589,checked
Галантерея и аксессуары,fold_04,score_20_50,knrm_name_v2,independent,1660,46,0.04975009827781851,0.06528023266614096,0.05515083599539281,0.005400737717574301,checked
Галантерея и аксессуары,fold_04,score_20_50,ce_priodistill,diagnostic_non_independent,1660,46,0.04975009827781851,0.05063344508798166,0.057608843911950876,0.007858745634132365,checked
Галантерея и аксессуары,fold_04,score_20_50,ce_fashion_specialist,diagnostic_non_independent,1660,46,0.04975009827781851,0.04773345986635566,0.05428753942703322,0.004537441149214706,checked
Галантерея и аксессуары,fold_04,score_50_80,zs_llm_blend,independent,1371,367,0.480439527928047,0.2674968686219136,0.4606722088207831,-0.019767319107263925,checked
Галантерея и аксессуары,fold_04,score_50_80,knrm_name_v2,independent,1371,367,0.480439527928047,0.36328365500812604,0.493967887806609,0.01352835987856199,checked
Галантерея и аксессуары,fold_04,score_50_80,ce_priodistill,diagnostic_non_independent,1371,367,0.480439527928047,0.46584146336869814,0.47976402969953846,-0.000675498228508542,checked
Галантерея и аксессуары,fold_04,score_50_80,ce_fashion_specialist,diagnostic_non_independent,1371,367,0.480439527928047,0.46261189997344965,0.48159299146614937,0.0011534635381023617,checked
Галантерея и аксессуары,fold_04,score_80_95,zs_llm_blend,independent,405,318,0.8609850440975545,0.7906859800251069,0.8564399803378785,-0.004545063759676005,checked
Галантерея и аксессуары,fold_04,score_80_95,knrm_name_v2,independent,405,318,0.8609850440975545,0.8163621250838519,0.8653337174041629,0.004348673306608375,checked
Галантерея и аксессуары,fold_04,score_80_95,ce_priodistill,diagnostic_non_independent,405,318,0.8609850440975545,0.8556044604553538,0.8601768572424068,-0.0008081868551477189,checked
Галантерея и аксессуары,fold_04,score_80_95,ce_fashion_specialist,diagnostic_non_independent,405,318,0.8609850440975545,0.8428962857869307,0.8591522202525843,-0.0018328238449701884,checked
Галантерея и аксессуары,fold_04,score_95_99,zs_llm_blend,independent,36,36,,,,,undefined_one_class
Галантерея и аксессуары,fold_04,score_95_99,knrm_name_v2,independent,36,36,,,,,undefined_one_class
Галантерея и аксессуары,fold_04,score_95_99,ce_priodistill,diagnostic_non_independent,36,36,,,,,undefined_one_class
Галантерея и аксессуары,fold_04,score_95_99,ce_fashion_specialist,diagnostic_non_independent,36,36,,,,,undefined_one_class
Галантерея и аксессуары,fold_04,score_99_100,zs_llm_blend,independent,2,2,,,,,undefined_one_class
Галантерея и аксессуары,fold_04,score_99_100,knrm_name_v2,independent,2,2,,,,,undefined_one_class
Галантерея и аксессуары,fold_04,score_99_100,ce_priodistill,diagnostic_non_independent,2,2,,,,,undefined_one_class
Галантерея и аксессуары,fold_04,score_99_100,ce_fashion_specialist,diagnostic_non_independent,2,2,,,,,undefined_one_class
Галантерея и аксессуары,fold_04,text_asymmetric,zs_llm_blend,independent,576,125,0.726585261876537,0.37432406050652123,0.7194796862405224,-0.0071055756360146605,checked
Галантерея и аксессуары,fold_04,text_asymmetric,knrm_name_v2,independent,576,125,0.726585261876537,0.4862458721343105,0.7379484862484651,0.011363224371928049,checked
Галантерея и аксессуары,fold_04,text_asymmetric,ce_priodistill,diagnostic_non_independent,576,125,0.726585261876537,0.7324053687633315,0.7266863796608009,0.00010111778426380447,checked
Галантерея и аксессуары,fold_04,text_asymmetric,ce_fashion_specialist,diagnostic_non_independent,576,125,0.726585261876537,0.6932663780648289,0.7249372389735582,-0.0016480229029788296,checked
Ювелирные изделия,fold_01,all,zs_llm_blend,independent,4540,578,0.6390750489255224,0.3611767173891506,0.6341951172028845,-0.004879931722637898,checked
Ювелирные изделия,fold_01,all,knrm_name_v2,independent,4540,578,0.6390750489255224,0.29539009588554876,0.6214206262069512,-0.017654422718571205,checked
Ювелирные изделия,fold_01,all,ce_priodistill,diagnostic_non_independent,4540,578,0.6390750489255224,0.6173424472084136,0.639293446805854,0.00021839788033162222,checked
Ювелирные изделия,fold_01,all,ce_fashion_specialist,diagnostic_non_independent,4540,578,0.6390750489255224,0.6210954378900913,0.639768104204782,0.0006930552792596689,checked
Ювелирные изделия,fold_01,name_exact,zs_llm_blend,independent,14,0,,,,,undefined_one_class
Ювелирные изделия,fold_01,name_exact,knrm_name_v2,independent,14,0,,,,,undefined_one_class
Ювелирные изделия,fold_01,name_exact,ce_priodistill,diagnostic_non_independent,14,0,,,,,undefined_one_class
Ювелирные изделия,fold_01,name_exact,ce_fashion_specialist,diagnostic_non_independent,14,0,,,,,undefined_one_class
Ювелирные изделия,fold_01,name_near,zs_llm_blend,independent,62,8,0.8872222222222222,0.6843413978494624,0.8888888888888888,0.0016666666666665941,checked
Ювелирные изделия,fold_01,name_near,knrm_name_v2,independent,62,8,0.8872222222222222,0.42751700967161493,0.8581043956043957,-0.02911782661782658,checked
Ювелирные изделия,fold_01,name_near,ce_priodistill,diagnostic_non_independent,62,8,0.8872222222222222,0.8772321428571428,0.8872222222222222,0.0,checked
Ювелирные изделия,fold_01,name_near,ce_fashion_specialist,diagnostic_non_independent,62,8,0.8872222222222222,0.8888888888888888,0.8872222222222222,0.0,checked
Ювелирные изделия,fold_01,name_other,zs_llm_blend,independent,4464,570,0.6335814475246169,0.35834560381392777,0.628654429531932,-0.004927017992684912,checked
Ювелирные изделия,fold_01,name_other,knrm_name_v2,independent,4464,570,0.6335814475246169,0.2918591875263465,0.6171919802576737,-0.016389467266943125,checked
Ювелирные изделия,fold_01,name_other,ce_priodistill,diagnostic_non_independent,4464,570,0.6335814475246169,0.6113985140781999,0.6336752435576484,9.37960330315013e-05,checked
Ювелирные изделия,fold_01,name_other,ce_fashion_specialist,diagnostic_non_independent,4464,570,0.6335814475246169,0.6157915394404238,0.6342528943912749,0.0006714468666579876,checked
Ювелирные изделия,fold_01,attrs_one_missing,zs_llm_blend,independent,1,0,,,,,undefined_one_class
Ювелирные изделия,fold_01,attrs_one_missing,knrm_name_v2,independent,1,0,,,,,undefined_one_class
Ювелирные изделия,fold_01,attrs_one_missing,ce_priodistill,diagnostic_non_independent,1,0,,,,,undefined_one_class
Ювелирные изделия,fold_01,attrs_one_missing,ce_fashion_specialist,diagnostic_non_independent,1,0,,,,,undefined_one_class
Ювелирные изделия,fold_01,attrs_present,zs_llm_blend,independent,4539,578,0.6397550921876723,0.36127969325462367,0.634931488507112,-0.00482360368056034,checked
Ювелирные изделия,fold_01,attrs_present,knrm_name_v2,independent,4539,578,0.6397550921876723,0.2953990239971691,0.6217277884149803,-0.018027303772692016,checked
Ювелирные изделия,fold_01,attrs_present,ce_priodistill,diagnostic_non_independent,4539,578,0.6397550921876723,0.6175769617702639,0.6399165398013502,0.00016144761367786753,checked
Ювелирные изделия,fold_01,attrs_present,ce_fashion_specialist,diagnostic_non_independent,4539,578,0.6397550921876723,0.6223648801942371,0.640531580975719,0.0007764887880467031,checked
Ювелирные изделия,fold_01,brand_agree,zs_llm_blend,independent,490,131,0.7288836624594972,0.5552710357534176,0.7120962205112157,-0.016787441948281523,checked
Ювелирные изделия,fold_01,brand_agree,knrm_name_v2,independent,490,131,0.7288836624594972,0.4898130056477124,0.7156522133343253,-0.013231449125171935,checked
Ювелирные изделия,fold_01,brand_agree,ce_priodistill,diagnostic_non_independent,490,131,0.7288836624594972,0.7288723737241384,0.7303591695868102,0.001475507127313036,checked
Ювелирные изделия,fold_01,brand_agree,ce_fashion_specialist,diagnostic_non_independent,490,131,0.7288836624594972,0.7200814913256199,0.7313546418660732,0.002470979406576035,checked
Ювелирные изделия,fold_01,brand_conflict,zs_llm_blend,independent,427,73,0.690449363527833,0.5829647018759306,0.6855321819813421,-0.004917181546490901,checked
Ювелирные изделия,fold_01,brand_conflict,knrm_name_v2,independent,427,73,0.690449363527833,0.29094146013042127,0.6704826149519398,-0.0199667485758932,checked
Ювелирные изделия,fold_01,brand_conflict,ce_priodistill,diagnostic_non_independent,427,73,0.690449363527833,0.6779229000131101,0.6894279217671087,-0.0010214417607243842,checked
Ювелирные изделия,fold_01,brand_conflict,ce_fashion_specialist,diagnostic_non_independent,427,73,0.690449363527833,0.6881901910228226,0.6919788808348849,0.0015295173070518642,checked
Ювелирные изделия,fold_01,brand_one_missing,zs_llm_blend,independent,3623,374,0.5886794959098681,0.3420692788129782,0.5955081926589139,0.006828696749045737,checked
Ювелирные изделия,fold_01,brand_one_missing,knrm_name_v2,independent,3623,374,0.5886794959098681,0.23557084216726654,0.5678877604178234,-0.020791735492044716,checked
Ювелирные изделия,fold_01,brand_one_missing,ce_priodistill,diagnostic_non_independent,3623,374,0.5886794959098681,0.5569311864288713,0.588160185217264,-0.0005193106926041358,checked
Ювелирные изделия,fold_01,brand_one_missing,ce_fashion_specialist,diagnostic_non_independent,3623,374,0.5886794959098681,0.5590379907712668,0.5882799522434232,-0.00039954366644490147,checked
Ювелирные изделия,fold_01,model_agree,zs_llm_blend,independent,301,63,0.5357948096801202,0.42819437045620895,0.5423819948618698,0.006587185181749611,checked
Ювелирные изделия,fold_01,model_agree,knrm_name_v2,independent,301,63,0.5357948096801202,0.3790356910651006,0.563714208003964,0.027919398323843825,checked
Ювелирные изделия,fold_01,model_agree,ce_priodistill,diagnostic_non_independent,301,63,0.5357948096801202,0.5662031981738863,0.5389298475970452,0.003135037916925043,checked
Ювелирные изделия,fold_01,model_agree,ce_fashion_specialist,diagnostic_non_independent,301,63,0.5357948096801202,0.5484652554516797,0.5367126692288148,0.0009178595486946106,checked
Ювелирные изделия,fold_01,model_both_missing,zs_llm_blend,independent,166,27,0.6893541702714027,0.33361639176231794,0.6978096219833904,0.008455451711987694,checked
Ювелирные изделия,fold_01,model_both_missing,knrm_name_v2,independent,166,27,0.6893541702714027,0.2435970840186091,0.6680337940892542,-0.021320376182148437,checked
Ювелирные изделия,fold_01,model_both_missing,ce_priodistill,diagnostic_non_independent,166,27,0.6893541702714027,0.6964800993531577,0.6914833390871045,0.0021291688157017985,checked
Ювелирные изделия,fold_01,model_both_missing,ce_fashion_specialist,diagnostic_non_independent,166,27,0.6893541702714027,0.6968115204529861,0.6992699417482102,0.009915771476807556,checked
Ювелирные изделия,fold_01,model_conflict,zs_llm_blend,independent,1169,242,0.704015556170623,0.5234980798346504,0.6980293847601841,-0.00598617141043889,checked
Ювелирные изделия,fold_01,model_conflict,knrm_name_v2,independent,1169,242,0.704015556170623,0.38323025238662856,0.6883202623604006,-0.015695293810222388,checked
Ювелирные изделия,fold_01,model_conflict,ce_priodistill,diagnostic_non_independent,1169,242,0.704015556170623,0.6976348577988019,0.7046944755955998,0.0006789194249768871,checked
Ювелирные изделия,fold_01,model_conflict,ce_fashion_specialist,diagnostic_non_independent,1169,242,0.704015556170623,0.6931506645084664,0.7052391936759014,0.0012236375052784298,checked
Ювелирные изделия,fold_01,model_one_missing,zs_llm_blend,independent,2904,246,0.5942167342005296,0.3481158560735259,0.5998198193740648,0.005603085173535249,checked
Ювелирные изделия,fold_01,model_one_missing,knrm_name_v2,independent,2904,246,0.5942167342005296,0.19212340861623872,0.5783892868427959,-0.01582744735773367,checked
Ювелирные изделия,fold_01,model_one_missing,ce_priodistill,diagnostic_non_independent,2904,246,0.5942167342005296,0.5449460855441819,0.5932479716006993,-0.0009687625998302529,checked
Ювелирные изделия,fold_01,model_one_missing,ce_fashion_specialist,diagnostic_non_independent,2904,246,0.5942167342005296,0.5571769836288345,0.5945880996852049,0.0003713654846753123,checked
Ювелирные изделия,fold_01,article_agree,zs_llm_blend,independent,60,37,0.9489217318708294,0.9379363715281319,0.9476327815089527,-0.0012889503618767062,checked
Ювелирные изделия,fold_01,article_agree,knrm_name_v2,independent,60,37,0.9489217318708294,0.7204481617306893,0.8882778214348346,-0.06064391043599482,checked
Ювелирные изделия,fold_01,article_agree,ce_priodistill,diagnostic_non_independent,60,37,0.9489217318708294,0.9528525100098604,0.9491327728713439,0.00021104100051450025,checked
Ювелирные изделия,fold_01,article_agree,ce_fashion_specialist,diagnostic_non_independent,60,37,0.9489217318708294,0.9487086109873704,0.9491327728713439,0.00021104100051450025,checked
Ювелирные изделия,fold_01,article_conflict,zs_llm_blend,independent,1255,225,0.6722900297938553,0.47959170505731463,0.6650882166216104,-0.007201813172244886,checked
Ювелирные изделия,fold_01,article_conflict,knrm_name_v2,independent,1255,225,0.6722900297938553,0.38966348981440774,0.6725718352485036,0.0002818054546482873,checked
Ювелирные изделия,fold_01,article_conflict,ce_priodistill,diagnostic_non_independent,1255,225,0.6722900297938553,0.6679276070351994,0.673185360204185,0.0008953304103296311,checked
Ювелирные изделия,fold_01,article_conflict,ce_fashion_specialist,diagnostic_non_independent,1255,225,0.6722900297938553,0.6635562834008505,0.673622829734806,0.0013327999409507019,checked
Ювелирные изделия,fold_01,article_one_missing,zs_llm_blend,independent,3225,316,0.5528333791359412,0.30161470780128463,0.557199406001667,0.004366026865725736,checked
Ювелирные изделия,fold_01,article_one_missing,knrm_name_v2,independent,3225,316,0.5528333791359412,0.21378049922264958,0.5318682100707379,-0.020965169065203293,checked
Ювелирные изделия,fold_01,article_one_missing,ce_priodistill,diagnostic_non_independent,3225,316,0.5528333791359412,0.5138116736565208,0.5524742720216501,-0.00035910711429110176,checked
Ювелирные изделия,fold_01,article_one_missing,ce_fashion_specialist,diagnostic_non_independent,3225,316,0.5528333791359412,0.5201076393365482,0.5534568138755657,0.0006234347396244511,checked
Ювелирные изделия,fold_01,size_comparable_agree,zs_llm_blend,independent,330,75,0.8795633359570494,0.5418937953464,0.8787417227748271,-0.0008216131822222916,checked
Ювелирные изделия,fold_01,size_comparable_agree,knrm_name_v2,independent,330,75,0.8795633359570494,0.4672240698479927,0.874195188429192,-0.005368147527857414,checked
Ювелирные изделия,fold_01,size_comparable_agree,ce_priodistill,diagnostic_non_independent,330,75,0.8795633359570494,0.8897331239582337,0.8826193259622375,0.0030559900051880806,checked
Ювелирные изделия,fold_01,size_comparable_agree,ce_fashion_specialist,diagnostic_non_independent,330,75,0.8795633359570494,0.8881517255135387,0.8830853255404217,0.0035219895833723536,checked
Ювелирные изделия,fold_01,size_comparable_mismatch,zs_llm_blend,independent,1720,285,0.5465131863860837,0.3491752818671163,0.529993500519723,-0.016519685866360656,checked
Ювелирные изделия,fold_01,size_comparable_mismatch,knrm_name_v2,independent,1720,285,0.5465131863860837,0.3425789437001602,0.5519981525503859,0.005484966164302163,checked
Ювелирные изделия,fold_01,size_comparable_mismatch,ce_priodistill,diagnostic_non_independent,1720,285,0.5465131863860837,0.5390283612360804,0.547526757698476,0.0010135713123923251,checked
Ювелирные изделия,fold_01,size_comparable_mismatch,ce_fashion_specialist,diagnostic_non_independent,1720,285,0.5465131863860837,0.5314576310242262,0.5475413177847777,0.0010281313986939544,checked
Ювелирные изделия,fold_01,size_not_comparable,zs_llm_blend,independent,2490,218,0.6484062255737585,0.39090576178418074,0.6489273860703193,0.000521160496560813,checked
Ювелирные изделия,fold_01,size_not_comparable,knrm_name_v2,independent,2490,218,0.6484062255737585,0.18353522986922477,0.6285459466453285,-0.01986027892843001,checked
Ювелирные изделия,fold_01,size_not_comparable,ce_priodistill,diagnostic_non_independent,2490,218,0.6484062255737585,0.6011604946432444,0.6477326362005273,-0.0006735893732311427,checked
Ювелирные изделия,fold_01,size_not_comparable,ce_fashion_specialist,diagnostic_non_independent,2490,218,0.6484062255737585,0.6183080522754557,0.650024914396128,0.001618688822369485,checked
Ювелирные изделия,fold_01,numeric_conflict,zs_llm_blend,independent,841,161,0.7089184708422124,0.4661916795600427,0.6898424202692505,-0.01907605057296191,checked
Ювелирные изделия,fold_01,numeric_conflict,knrm_name_v2,independent,841,161,0.7089184708422124,0.38417520776831304,0.6945775416174518,-0.014340929224760601,checked
Ювелирные изделия,fold_01,numeric_conflict,ce_priodistill,diagnostic_non_independent,841,161,0.7089184708422124,0.6889892004589829,0.7088453346137431,-7.31362284692727e-05,checked
Ювелирные изделия,fold_01,numeric_conflict,ce_fashion_specialist,diagnostic_non_independent,841,161,0.7089184708422124,0.6742911815208888,0.7090590366790499,0.0001405658368375251,checked
Ювелирные изделия,fold_01,numeric_missing,zs_llm_blend,independent,1382,148,0.6657685042845052,0.38514132791747596,0.6642236789843406,-0.0015448253001645318,checked
Ювелирные изделия,fold_01,numeric_missing,knrm_name_v2,independent,1382,148,0.6657685042845052,0.25441970333145464,0.6363913207067636,-0.02937718357774155,checked
Ювелирные изделия,fold_01,numeric_missing,ce_priodistill,diagnostic_non_independent,1382,148,0.6657685042845052,0.6335824802782527,0.6690229615224323,0.0032544572379271663,checked
Ювелирные изделия,fold_01,numeric_missing,ce_fashion_specialist,diagnostic_non_independent,1382,148,0.6657685042845052,0.6587887389502188,0.6719992972420002,0.006230792957495068,checked
Ювелирные изделия,fold_01,numeric_overlap,zs_llm_blend,independent,2317,269,0.5864591450493553,0.3333781395376346,0.5893650493956173,0.0029059043462620338,checked
Ювелирные изделия,fold_01,numeric_overlap,knrm_name_v2,independent,2317,269,0.5864591450493553,0.26427033564342656,0.570224500106113,-0.016234644943242227,checked
Ювелирные изделия,fold_01,numeric_overlap,ce_priodistill,diagnostic_non_independent,2317,269,0.5864591450493553,0.5655701037755038,0.584975457060823,-0.0014836879885322674,checked
Ювелирные изделия,fold_01,numeric_overlap,ce_fashion_specialist,diagnostic_non_independent,2317,269,0.5864591450493553,0.5658105431641693,0.5854132560109707,-0.0010458890383845398,checked
Ювелирные изделия,fold_01,text_long,zs_llm_blend,independent,2888,357,0.613306370072209,0.37039193930260034,0.6067692586379758,-0.006537111434233189,checked
Ювелирные изделия,fold_01,text_long,knrm_name_v2,independent,2888,357,0.613306370072209,0.2671006200036774,0.6009203837784212,-0.012385986293787843,checked
Ювелирные изделия,fold_01,text_long,ce_priodistill,diagnostic_non_independent,2888,357,0.613306370072209,0.5949646959738505,0.6132963692740749,-1.0000798134068845e-05,checked
Ювелирные изделия,fold_01,text_long,ce_fashion_specialist,diagnostic_non_independent,2888,357,0.613306370072209,0.6001429084012557,0.6132832990579513,-2.3071014257691758e-05,checked
Ювелирные изделия,fold_01,text_medium,zs_llm_blend,independent,1100,152,0.6716298174374068,0.312185733844519,0.6720558366028746,0.0004260191654678058,checked
Ювелирные изделия,fold_01,text_medium,knrm_name_v2,independent,1100,152,0.6716298174374068,0.4234581922404689,0.6656885822150883,-0.005941235222318486,checked
Ювелирные изделия,fold_01,text_medium,ce_priodistill,diagnostic_non_independent,1100,152,0.6716298174374068,0.6429588956291392,0.6726945308210859,0.0010647133836790834,checked
Ювелирные изделия,fold_01,text_medium,ce_fashion_specialist,diagnostic_non_independent,1100,152,0.6716298174374068,0.6508811911824605,0.672730971703935,0.001101154266528237,checked
Ювелирные изделия,fold_01,text_very_long,zs_llm_blend,independent,552,69,0.7117528700876016,0.48781357222902316,0.7257541291569005,0.014001259069298944,checked
Ювелирные изделия,fold_01,text_very_long,knrm_name_v2,independent,552,69,0.7117528700876016,0.2294229751637047,0.6335874490505331,-0.07816542103706847,checked
Ювелирные изделия,fold_01,text_very_long,ce_priodistill,diagnostic_non_independent,552,69,0.7117528700876016,0.6810916126309904,0.7136664014845859,0.0019135313969843581,checked
Ювелирные изделия,fold_01,text_very_long,ce_fashion_specialist,diagnostic_non_independent,552,69,0.7117528700876016,0.6946643019905706,0.7133549287678596,0.0016020586802579784,checked
Ювелирные изделия,fold_01,score_01_05,zs_llm_blend,independent,46,0,,,,,undefined_one_class
Ювелирные изделия,fold_01,score_01_05,knrm_name_v2,independent,46,0,,,,,undefined_one_class
Ювелирные изделия,fold_01,score_01_05,ce_priodistill,diagnostic_non_independent,46,0,,,,,undefined_one_class
Ювелирные изделия,fold_01,score_01_05,ce_fashion_specialist,diagnostic_non_independent,46,0,,,,,undefined_one_class
Ювелирные изделия,fold_01,score_05_20,zs_llm_blend,independent,1132,7,0.028022764760954416,0.009337034038934607,0.02387786891125981,-0.0041448958496946055,checked
Ювелирные изделия,fold_01,score_05_20,knrm_name_v2,independent,1132,7,0.028022764760954416,0.01566635269756505,0.011938903028403615,-0.016083861732550803,checked
Ювелирные изделия,fold_01,score_05_20,ce_priodistill,diagnostic_non_independent,1132,7,0.028022764760954416,0.014492890722056244,0.018601931871871976,-0.00942083288908244,checked
Ювелирные изделия,fold_01,score_05_20,ce_fashion_specialist,diagnostic_non_independent,1132,7,0.028022764760954416,0.011706116672839446,0.015017985959676863,-0.013004778801277553,checked
Ювелирные изделия,fold_01,score_20_50,zs_llm_blend,independent,1783,52,0.04835334401808486,0.03991655558547878,0.04365458851640862,-0.004698755501676241,checked
Ювелирные изделия,fold_01,score_20_50,knrm_name_v2,independent,1783,52,0.04835334401808486,0.0353169026408273,0.05842422929125102,0.010070885273166158,checked
Ювелирные изделия,fold_01,score_20_50,ce_priodistill,diagnostic_non_independent,1783,52,0.04835334401808486,0.07005090665363566,0.05156408209856532,0.0032107380804804603,checked
Ювелирные изделия,fold_01,score_20_50,ce_fashion_specialist,diagnostic_non_independent,1783,52,0.04835334401808486,0.060257509775144394,0.05128502597704905,0.0029316819589641913,checked
Ювелирные изделия,fold_01,score_50_80,zs_llm_blend,independent,1421,392,0.5407866986240087,0.3682702869597564,0.5322214155786825,-0.008565283045326222,checked
Ювелирные изделия,fold_01,score_50_80,knrm_name_v2,independent,1421,392,0.5407866986240087,0.3607604336426499,0.534676705636286,-0.0061099929877227455,checked
Ювелирные изделия,fold_01,score_50_80,ce_priodistill,diagnostic_non_independent,1421,392,0.5407866986240087,0.4927090358349584,0.5397757522035169,-0.0010109464204918206,checked
Ювелирные изделия,fold_01,score_50_80,ce_fashion_specialist,diagnostic_non_independent,1421,392,0.5407866986240087,0.49425919421850334,0.5390837803988715,-0.00170291822513724,checked
Ювелирные изделия,fold_01,score_80_95,zs_llm_blend,independent,139,108,0.9018535947786473,0.875618979071012,0.8808796475625189,-0.02097394721612844,checked
Ювелирные изделия,fold_01,score_80_95,knrm_name_v2,independent,139,108,0.9018535947786473,0.7977651086690569,0.8375920316942865,-0.06426156308436082,checked
Ювелирные изделия,fold_01,score_80_95,ce_priodistill,diagnostic_non_independent,139,108,0.9018535947786473,0.8789092223695852,0.896957420322307,-0.004896174456340385,checked
Ювелирные изделия,fold_01,score_80_95,ce_fashion_specialist,diagnostic_non_independent,139,108,0.9018535947786473,0.8999316815235696,0.901568924054623,-0.00028467072402438287,checked
Ювелирные изделия,fold_01,score_95_99,zs_llm_blend,independent,15,15,,,,,undefined_one_class
Ювелирные изделия,fold_01,score_95_99,knrm_name_v2,independent,15,15,,,,,undefined_one_class
Ювелирные изделия,fold_01,score_95_99,ce_priodistill,diagnostic_non_independent,15,15,,,,,undefined_one_class
Ювелирные изделия,fold_01,score_95_99,ce_fashion_specialist,diagnostic_non_independent,15,15,,,,,undefined_one_class
Ювелирные изделия,fold_01,score_99_100,zs_llm_blend,independent,4,4,,,,,undefined_one_class
Ювелирные изделия,fold_01,score_99_100,knrm_name_v2,independent,4,4,,,,,undefined_one_class
Ювелирные изделия,fold_01,score_99_100,ce_priodistill,diagnostic_non_independent,4,4,,,,,undefined_one_class
Ювелирные изделия,fold_01,score_99_100,ce_fashion_specialist,diagnostic_non_independent,4,4,,,,,undefined_one_class
Ювелирные изделия,fold_01,text_asymmetric,zs_llm_blend,independent,1770,169,0.6033150327739728,0.3358237604234697,0.6006211559612087,-0.0026938768127641177,checked
Ювелирные изделия,fold_01,text_asymmetric,knrm_name_v2,independent,1770,169,0.6033150327739728,0.22797276413042045,0.5898350365215861,-0.013479996252386717,checked
Ювелирные изделия,fold_01,text_asymmetric,ce_priodistill,diagnostic_non_independent,1770,169,0.6033150327739728,0.5818438031974555,0.6044410304262468,0.0011259976522739468,checked
Ювелирные изделия,fold_01,text_asymmetric,ce_fashion_specialist,diagnostic_non_independent,1770,169,0.6033150327739728,0.5901173662146413,0.6058596928730339,0.002544660099061069,checked
Ювелирные изделия,fold_02,all,zs_llm_blend,independent,4824,586,0.587881977930299,0.3093286860659492,0.5774884911160506,-0.010393486814248343,checked
Ювелирные изделия,fold_02,all,knrm_name_v2,independent,4824,586,0.587881977930299,0.27913744364661447,0.5606574733455799,-0.027224504584719034,checked
Ювелирные изделия,fold_02,all,ce_priodistill,diagnostic_non_independent,4824,586,0.587881977930299,0.5718708704341422,0.5878715517502677,-1.0426180031219978e-05,checked
Ювелирные изделия,fold_02,all,ce_fashion_specialist,diagnostic_non_independent,4824,586,0.587881977930299,0.5678678541781069,0.588174087575448,0.00029210964514903015,checked
Ювелирные изделия,fold_02,name_exact,zs_llm_blend,independent,7,0,,,,,undefined_one_class
Ювелирные изделия,fold_02,name_exact,knrm_name_v2,independent,7,0,,,,,undefined_one_class
Ювелирные изделия,fold_02,name_exact,ce_priodistill,diagnostic_non_independent,7,0,,,,,undefined_one_class
Ювелирные изделия,fold_02,name_exact,ce_fashion_specialist,diagnostic_non_independent,7,0,,,,,undefined_one_class
Ювелирные изделия,fold_02,name_near,zs_llm_blend,independent,81,8,0.8250595238095239,0.7075265957446808,0.8429166666666668,0.017857142857142905,checked
Ювелирные изделия,fold_02,name_near,knrm_name_v2,independent,81,8,0.8250595238095239,0.5753766109369558,0.8078787878787879,-0.01718073593073599,checked
Ювелирные изделия,fold_02,name_near,ce_priodistill,diagnostic_non_independent,81,8,0.8250595238095239,0.831375313283208,0.82546768707483,0.00040816326530612734,checked
Ювелирные изделия,fold_02,name_near,ce_fashion_specialist,diagnostic_non_independent,81,8,0.8250595238095239,0.8300595238095239,0.82546768707483,0.00040816326530612734,checked
Ювелирные изделия,fold_02,name_other,zs_llm_blend,independent,4736,578,0.5833551660960048,0.3058716963739487,0.5725800325247752,-0.010775133571229611,checked
Ювелирные изделия,fold_02,name_other,knrm_name_v2,independent,4736,578,0.5833551660960048,0.2765321954391666,0.5551214693767587,-0.028233696719246137,checked
Ювелирные изделия,fold_02,name_other,ce_priodistill,diagnostic_non_independent,4736,578,0.5833551660960048,0.5678321249699869,0.5833713305634682,1.6164467463442023e-05,checked
Ювелирные изделия,fold_02,name_other,ce_fashion_specialist,diagnostic_non_independent,4736,578,0.5833551660960048,0.5627138193133633,0.5835942397266345,0.00023907363062969367,checked
Ювелирные изделия,fold_02,attrs_present,zs_llm_blend,independent,4824,586,0.587881977930299,0.3093286860659492,0.5774884911160506,-0.010393486814248343,checked
Ювелирные изделия,fold_02,attrs_present,knrm_name_v2,independent,4824,586,0.587881977930299,0.27913744364661447,0.5606574733455799,-0.027224504584719034,checked
Ювелирные изделия,fold_02,attrs_present,ce_priodistill,diagnostic_non_independent,4824,586,0.587881977930299,0.5718708704341422,0.5878715517502677,-1.0426180031219978e-05,checked
Ювелирные изделия,fold_02,attrs_present,ce_fashion_specialist,diagnostic_non_independent,4824,586,0.587881977930299,0.5678678541781069,0.588174087575448,0.00029210964514903015,checked
Ювелирные изделия,fold_02,brand_agree,zs_llm_blend,independent,609,157,0.6977487069944532,0.5674960188119668,0.6882935227203941,-0.009455184274059114,checked
Ювелирные изделия,fold_02,brand_agree,knrm_name_v2,independent,609,157,0.6977487069944532,0.40694390345624337,0.6739026759857637,-0.02384603100868954,checked
Ювелирные изделия,fold_02,brand_agree,ce_priodistill,diagnostic_non_independent,609,157,0.6977487069944532,0.7081102646774033,0.700289634572032,0.0025409275775787332,checked
Ювелирные изделия,fold_02,brand_agree,ce_fashion_specialist,diagnostic_non_independent,609,157,0.6977487069944532,0.7022524836858813,0.6999380088559088,0.002189301861455606,checked
Ювелирные изделия,fold_02,brand_conflict,zs_llm_blend,independent,415,55,0.6695131894464699,0.5586635180521968,0.671563493489602,0.002050304043132112,checked
Ювелирные изделия,fold_02,brand_conflict,knrm_name_v2,independent,415,55,0.6695131894464699,0.2511624808126857,0.6185941819412553,-0.05091900750521461,checked
Ювелирные изделия,fold_02,brand_conflict,ce_priodistill,diagnostic_non_independent,415,55,0.6695131894464699,0.6262247107340694,0.6688241897088785,-0.0006889997375914003,checked
Ювелирные изделия,fold_02,brand_conflict,ce_fashion_specialist,diagnostic_non_independent,415,55,0.6695131894464699,0.6196587703198635,0.6678622267556753,-0.0016509626907945663,checked
Ювелирные изделия,fold_02,brand_one_missing,zs_llm_blend,independent,3800,374,0.5222410603005737,0.25323086394012767,0.5120344685527036,-0.010206591747870086,checked
Ювелирные изделия,fold_02,brand_one_missing,knrm_name_v2,independent,3800,374,0.5222410603005737,0.21187996645870327,0.49309927005452364,-0.02914179024605007,checked
Ювелирные изделия,fold_02,brand_one_missing,ce_priodistill,diagnostic_non_independent,3800,374,0.5222410603005737,0.49651175071750286,0.5206993197314834,-0.0015417405690902886,checked
Ювелирные изделия,fold_02,brand_one_missing,ce_fashion_specialist,diagnostic_non_independent,3800,374,0.5222410603005737,0.4920763043377932,0.5212391706410592,-0.0010018896595145321,checked
Ювелирные изделия,fold_02,model_agree,zs_llm_blend,independent,314,62,0.5432543049246009,0.34256953540693025,0.5233922612682212,-0.01986204365637967,checked
Ювелирные изделия,fold_02,model_agree,knrm_name_v2,independent,314,62,0.5432543049246009,0.3044965910152543,0.47476344484537514,-0.06849086007922578,checked
Ювелирные изделия,fold_02,model_agree,ce_priodistill,diagnostic_non_independent,314,62,0.5432543049246009,0.5208259573189604,0.5425620754269452,-0.0006922294976556831,checked
Ювелирные изделия,fold_02,model_agree,ce_fashion_specialist,diagnostic_non_independent,314,62,0.5432543049246009,0.5119372829172018,0.5399672550766009,-0.00328704984799999,checked
Ювелирные изделия,fold_02,model_both_missing,zs_llm_blend,independent,200,21,0.6049769558249828,0.2501404215601824,0.6096104981653357,0.0046335423403529585,checked
Ювелирные изделия,fold_02,model_both_missing,knrm_name_v2,independent,200,21,0.6049769558249828,0.32614865138672483,0.5945842511325696,-0.010392704692413157,checked
Ювелирные изделия,fold_02,model_both_missing,ce_priodistill,diagnostic_non_independent,200,21,0.6049769558249828,0.638426821034819,0.6064624691937792,0.0014855133687964317,checked
Ювелирные изделия,fold_02,model_both_missing,ce_fashion_specialist,diagnostic_non_independent,200,21,0.6049769558249828,0.6296265744178784,0.6124054816458853,0.007428525820902476,checked
Ювелирные изделия,fold_02,model_conflict,zs_llm_blend,independent,1273,239,0.6662007181877432,0.4961914813282636,0.6565197865206738,-0.009680931667069403,checked
Ювелирные изделия,fold_02,model_conflict,knrm_name_v2,independent,1273,239,0.6662007181877432,0.3598117183948265,0.6333248985717443,-0.032875819615998836,checked
Ювелирные изделия,fold_02,model_conflict,ce_priodistill,diagnostic_non_independent,1273,239,0.6662007181877432,0.6694952607335083,0.6678718756942262,0.0016711575064830564,checked
Ювелирные изделия,fold_02,model_conflict,ce_fashion_specialist,diagnostic_non_independent,1273,239,0.6662007181877432,0.6591823341137866,0.6670564224618212,0.0008557042740779952,checked
Ювелирные изделия,fold_02,model_one_missing,zs_llm_blend,independent,3037,264,0.5238364753521283,0.2539191156729168,0.5159001903527548,-0.007936284999373489,checked
Ювелирные изделия,fold_02,model_one_missing,knrm_name_v2,independent,3037,264,0.5238364753521283,0.19000552681027835,0.5143546412008941,-0.009481834151234159,checked
Ювелирные изделия,fold_02,model_one_missing,ce_priodistill,diagnostic_non_independent,3037,264,0.5238364753521283,0.48406671829063286,0.5218917668461132,-0.001944708506015136,checked
Ювелирные изделия,fold_02,model_one_missing,ce_fashion_specialist,diagnostic_non_independent,3037,264,0.5238364753521283,0.4833115089102866,0.5223802903799567,-0.0014561849721715925,checked
Ювелирные изделия,fold_02,article_agree,zs_llm_blend,independent,60,36,0.9635799430964711,0.9322709802414355,0.9599845130839324,-0.003595430012538703,checked
Ювелирные изделия,fold_02,article_agree,knrm_name_v2,independent,60,36,0.9635799430964711,0.6420178612280587,0.9306720224855853,-0.032907920610885766,checked
Ювелирные изделия,fold_02,article_agree,ce_priodistill,diagnostic_non_independent,60,36,0.9635799430964711,0.958944941563526,0.9628074478316386,-0.0007724952648324734,checked
Ювелирные изделия,fold_02,article_agree,ce_fashion_specialist,diagnostic_non_independent,60,36,0.9635799430964711,0.9533149724165081,0.9618838025114416,-0.0016961405850295375,checked
Ювелирные изделия,fold_02,article_conflict,zs_llm_blend,independent,1399,236,0.6131667034338459,0.4261910780446702,0.6103825865560196,-0.002784116877826315,checked
Ювелирные изделия,fold_02,article_conflict,knrm_name_v2,independent,1399,236,0.6131667034338459,0.3381098582023727,0.5837810536934978,-0.029385649740348185,checked
Ювелирные изделия,fold_02,article_conflict,ce_priodistill,diagnostic_non_independent,1399,236,0.6131667034338459,0.6073050558829656,0.6146646471114674,0.0014979436776214605,checked
Ювелирные изделия,fold_02,article_conflict,ce_fashion_specialist,diagnostic_non_independent,1399,236,0.6131667034338459,0.6043870000204326,0.6142472502266646,0.0010805467928186596,checked
Ювелирные изделия,fold_02,article_one_missing,zs_llm_blend,independent,3365,314,0.4897834220394929,0.23763273031007753,0.48091915555536585,-0.008864266484127026,checked
Ювелирные изделия,fold_02,article_one_missing,knrm_name_v2,independent,3365,314,0.4897834220394929,0.21438725125535923,0.4715240844743458,-0.018259337565147082,checked
Ювелирные изделия,fold_02,article_one_missing,ce_priodistill,diagnostic_non_independent,3365,314,0.4897834220394929,0.4584915986018068,0.48809240167070694,-0.0016910203687859338,checked
Ювелирные изделия,fold_02,article_one_missing,ce_fashion_specialist,diagnostic_non_independent,3365,314,0.4897834220394929,0.4538622522926782,0.4882155893460308,-0.0015678326934620568,checked
Ювелирные изделия,fold_02,size_comparable_agree,zs_llm_blend,independent,314,74,0.8436823871200146,0.5965085204103516,0.8365970100161315,-0.007085377103883128,checked
Ювелирные изделия,fold_02,size_comparable_agree,knrm_name_v2,independent,314,74,0.8436823871200146,0.4296499555037093,0.8011621691067706,-0.042520218013244016,checked
Ювелирные изделия,fold_02,size_comparable_agree,ce_priodistill,diagnostic_non_independent,314,74,0.8436823871200146,0.8283693248174353,0.8416938077413341,-0.001988579378680577,checked
Ювелирные изделия,fold_02,size_comparable_agree,ce_fashion_specialist,diagnostic_non_independent,314,74,0.8436823871200146,0.8338786033232112,0.841502557121962,-0.0021798299980526625,checked
Ювелирные изделия,fold_02,size_comparable_mismatch,zs_llm_blend,independent,1817,315,0.5237204077037463,0.33647469731714197,0.5103203325190048,-0.013400075184741511,checked
Ювелирные изделия,fold_02,size_comparable_mismatch,knrm_name_v2,independent,1817,315,0.5237204077037463,0.33562186387110726,0.5153425774220137,-0.008377830281732557,checked
Ювелирные изделия,fold_02,size_comparable_mismatch,ce_priodistill,diagnostic_non_independent,1817,315,0.5237204077037463,0.529987056129782,0.5253041484974117,0.0015837407936654113,checked
Ювелирные изделия,fold_02,size_comparable_mismatch,ce_fashion_specialist,diagnostic_non_independent,1817,315,0.5237204077037463,0.5207028243628722,0.5246480406812446,0.0009276329774983161,checked
Ювелирные изделия,fold_02,size_not_comparable,zs_llm_blend,independent,2693,197,0.5403206479910575,0.2769472086578981,0.5352893735865144,-0.005031274404543096,checked
Ювелирные изделия,fold_02,size_not_comparable,knrm_name_v2,independent,2693,197,0.5403206479910575,0.14621884116403364,0.513066471885092,-0.027254176105965477,checked
Ювелирные изделия,fold_02,size_not_comparable,ce_priodistill,diagnostic_non_independent,2693,197,0.5403206479910575,0.4974026472909069,0.5377147516637396,-0.0026058963273178914,checked
Ювелирные изделия,fold_02,size_not_comparable,ce_fashion_specialist,diagnostic_non_independent,2693,197,0.5403206479910575,0.4950138962294413,0.5388355483989535,-0.0014850995921039667,checked
Ювелирные изделия,fold_02,numeric_conflict,zs_llm_blend,independent,901,179,0.5413141026331887,0.4138805680906301,0.5367994949925492,-0.00451460764063949,checked
Ювелирные изделия,fold_02,numeric_conflict,knrm_name_v2,independent,901,179,0.5413141026331887,0.34926912212656,0.5171009932594771,-0.024213109373711572,checked
Ювелирные изделия,fold_02,numeric_conflict,ce_priodistill,diagnostic_non_independent,901,179,0.5413141026331887,0.5257602833005628,0.5425127792888079,0.0011986766556192352,checked
Ювелирные изделия,fold_02,numeric_conflict,ce_fashion_specialist,diagnostic_non_independent,901,179,0.5413141026331887,0.5157658524856894,0.5415990442311341,0.00028494159794545393,checked
Ювелирные изделия,fold_02,numeric_missing,zs_llm_blend,independent,1497,129,0.5350347405430106,0.26694487901843894,0.5227124319759999,-0.012322308567010665,checked
Ювелирные изделия,fold_02,numeric_missing,knrm_name_v2,independent,1497,129,0.5350347405430106,0.20718039660140594,0.49355889846203593,-0.041475842080974656,checked
Ювелирные изделия,fold_02,numeric_missing,ce_priodistill,diagnostic_non_independent,1497,129,0.5350347405430106,0.503825036764359,0.5317721159334607,-0.003262624609549847,checked
Ювелирные изделия,fold_02,numeric_missing,ce_fashion_specialist,diagnostic_non_independent,1497,129,0.5350347405430106,0.5145645040336593,0.534202823380243,-0.000831917162767537,checked
Ювелирные изделия,fold_02,numeric_overlap,zs_llm_blend,independent,2426,278,0.6346847171233968,0.322409861230251,0.6250210842268747,-0.009663632896522056,checked
Ювелирные изделия,fold_02,numeric_overlap,knrm_name_v2,independent,2426,278,0.6346847171233968,0.26798472855177197,0.6223248302848702,-0.012359886838526624,checked
Ювелирные изделия,fold_02,numeric_overlap,ce_priodistill,diagnostic_non_independent,2426,278,0.6346847171233968,0.6241170442007116,0.6357411067928342,0.0010563896694374408,checked
Ювелирные изделия,fold_02,numeric_overlap,ce_fashion_specialist,diagnostic_non_independent,2426,278,0.6346847171233968,0.6155334825388034,0.6351838480023643,0.0004991308789674687,checked
Ювелирные изделия,fold_02,text_long,zs_llm_blend,independent,3097,356,0.5740714786400619,0.33647238713389693,0.5630985847662997,-0.010972893873762213,checked
Ювелирные изделия,fold_02,text_long,knrm_name_v2,independent,3097,356,0.5740714786400619,0.2579542162547801,0.5349481192560565,-0.03912335938400546,checked
Ювелирные изделия,fold_02,text_long,ce_priodistill,diagnostic_non_independent,3097,356,0.5740714786400619,0.5448638849617958,0.5722626798484692,-0.0018087987915926806,checked
Ювелирные изделия,fold_02,text_long,ce_fashion_specialist,diagnostic_non_independent,3097,356,0.5740714786400619,0.5420346873304014,0.5731224957559409,-0.0009489828841210413,checked
Ювелирные изделия,fold_02,text_medium,zs_llm_blend,independent,1170,162,0.6175978690974752,0.263401921642121,0.6099935455912613,-0.0076043235062138725,checked
Ювелирные изделия,fold_02,text_medium,knrm_name_v2,independent,1170,162,0.6175978690974752,0.35002542325115305,0.6146983715508046,-0.0028994975466705153,checked
Ювелирные изделия,fold_02,text_medium,ce_priodistill,diagnostic_non_independent,1170,162,0.6175978690974752,0.6254772699222704,0.6205130466832074,0.0029151775857322315,checked
Ювелирные изделия,fold_02,text_medium,ce_fashion_specialist,diagnostic_non_independent,1170,162,0.6175978690974752,0.6144275199362764,0.6199272718683914,0.0023294027709162,checked
Ювелирные изделия,fold_02,text_short_both,zs_llm_blend,independent,1,0,,,,,undefined_one_class
Ювелирные изделия,fold_02,text_short_both,knrm_name_v2,independent,1,0,,,,,undefined_one_class
Ювелирные изделия,fold_02,text_short_both,ce_priodistill,diagnostic_non_independent,1,0,,,,,undefined_one_class
Ювелирные изделия,fold_02,text_short_both,ce_fashion_specialist,diagnostic_non_independent,1,0,,,,,undefined_one_class
Ювелирные изделия,fold_02,text_very_long,zs_llm_blend,independent,556,68,0.6126515476879546,0.34067786897025354,0.5940092915070776,-0.018642256180877004,checked
Ювелирные изделия,fold_02,text_very_long,knrm_name_v2,independent,556,68,0.6126515476879546,0.2583387812712705,0.5562225305625266,-0.05642901712542803,checked
Ювелирные изделия,fold_02,text_very_long,ce_priodistill,diagnostic_non_independent,556,68,0.6126515476879546,0.5924301937769854,0.6104213688330985,-0.002230178854856102,checked
Ювелирные изделия,fold_02,text_very_long,ce_fashion_specialist,diagnostic_non_independent,556,68,0.6126515476879546,0.5882792975501234,0.6078335900576997,-0.004817957630254943,checked
Ювелирные изделия,fold_02,score_01_05,zs_llm_blend,independent,34,0,,,,,undefined_one_class
Ювелирные изделия,fold_02,score_01_05,knrm_name_v2,independent,34,0,,,,,undefined_one_class
Ювелирные изделия,fold_02,score_01_05,ce_priodistill,diagnostic_non_independent,34,0,,,,,undefined_one_class
Ювелирные изделия,fold_02,score_01_05,ce_fashion_specialist,diagnostic_non_independent,34,0,,,,,undefined_one_class
Ювелирные изделия,fold_02,score_05_20,zs_llm_blend,independent,1311,8,0.0263830993396702,0.014661219270973056,0.02471385775155197,-0.0016692415881182296,checked
Ювелирные изделия,fold_02,score_05_20,knrm_name_v2,independent,1311,8,0.0263830993396702,0.006935665671046814,0.017207264927488468,-0.00917583441218173,checked
Ювелирные изделия,fold_02,score_05_20,ce_priodistill,diagnostic_non_independent,1311,8,0.0263830993396702,0.013733002799350668,0.01955241956695864,-0.006830679772711557,checked
Ювелирные изделия,fold_02,score_05_20,ce_fashion_specialist,diagnostic_non_independent,1311,8,0.0263830993396702,0.0119301326677048,0.017774359154644093,-0.008608740185026106,checked
Ювелирные изделия,fold_02,score_20_50,zs_llm_blend,independent,1820,54,0.06077769167437838,0.041482447667444314,0.06493022033799228,0.0041525286636139025,checked
Ювелирные изделия,fold_02,score_20_50,knrm_name_v2,independent,1820,54,0.06077769167437838,0.044093203470963085,0.0835218851117372,0.022744193437358826,checked
Ювелирные изделия,fold_02,score_20_50,ce_priodistill,diagnostic_non_independent,1820,54,0.06077769167437838,0.08163423137552939,0.07422443803161616,0.013446746357237777,checked
Ювелирные изделия,fold_02,score_20_50,ce_fashion_specialist,diagnostic_non_independent,1820,54,0.06077769167437838,0.07903924261845628,0.07676631857873215,0.015988626904353764,checked
Ювелирные изделия,fold_02,score_50_80,zs_llm_blend,independent,1469,383,0.43902424223722547,0.2871365656737902,0.41795819109731946,-0.021066051139906006,checked
Ювелирные изделия,fold_02,score_50_80,knrm_name_v2,independent,1469,383,0.43902424223722547,0.3346038066761833,0.4190383070432906,-0.01998593519393488,checked
Ювелирные изделия,fold_02,score_50_80,ce_priodistill,diagnostic_non_independent,1469,383,0.43902424223722547,0.404677520160612,0.4324675154541082,-0.0065567267831172504,checked
Ювелирные изделия,fold_02,score_50_80,ce_fashion_specialist,diagnostic_non_independent,1469,383,0.43902424223722547,0.4139092398250045,0.4364131539617034,-0.0026110882755220888,checked
Ювелирные изделия,fold_02,score_80_95,zs_llm_blend,independent,166,117,0.856765980211625,0.8082805087333995,0.853486733929802,-0.0032792462818229673,checked
Ювелирные изделия,fold_02,score_80_95,knrm_name_v2,independent,166,117,0.856765980211625,0.7183993841475113,0.7882029178095192,-0.06856306240210575,checked
Ювелирные изделия,fold_02,score_80_95,ce_priodistill,diagnostic_non_independent,166,117,0.856765980211625,0.8394061655743412,0.8561707980180646,-0.0005951821935603618,checked
Ювелирные изделия,fold_02,score_80_95,ce_fashion_specialist,diagnostic_non_independent,166,117,0.856765980211625,0.819587408652303,0.8548533545641532,-0.001912625647471744,checked
Ювелирные изделия,fold_02,score_95_99,zs_llm_blend,independent,21,21,,,,,undefined_one_class
Ювелирные изделия,fold_02,score_95_99,knrm_name_v2,independent,21,21,,,,,undefined_one_class
Ювелирные изделия,fold_02,score_95_99,ce_priodistill,diagnostic_non_independent,21,21,,,,,undefined_one_class
Ювелирные изделия,fold_02,score_95_99,ce_fashion_specialist,diagnostic_non_independent,21,21,,,,,undefined_one_class
Ювелирные изделия,fold_02,score_99_100,zs_llm_blend,independent,3,3,,,,,undefined_one_class
Ювелирные изделия,fold_02,score_99_100,knrm_name_v2,independent,3,3,,,,,undefined_one_class
Ювелирные изделия,fold_02,score_99_100,ce_priodistill,diagnostic_non_independent,3,3,,,,,undefined_one_class
Ювелирные изделия,fold_02,score_99_100,ce_fashion_specialist,diagnostic_non_independent,3,3,,,,,undefined_one_class
Ювелирные изделия,fold_02,text_asymmetric,zs_llm_blend,independent,1836,156,0.5148309541092906,0.28052964531566,0.5078269849618176,-0.0070039691474730326,checked
Ювелирные изделия,fold_02,text_asymmetric,knrm_name_v2,independent,1836,156,0.5148309541092906,0.15725953963406628,0.4535901507360467,-0.06124080337324389,checked
Ювелирные изделия,fold_02,text_asymmetric,ce_priodistill,diagnostic_non_independent,1836,156,0.5148309541092906,0.4867140495601509,0.5108145001291345,-0.004016453980156043,checked
Ювелирные изделия,fold_02,text_asymmetric,ce_fashion_specialist,diagnostic_non_independent,1836,156,0.5148309541092906,0.4752933450660999,0.5098465112611382,-0.0049844428481523595,checked
Ювелирные изделия,fold_03,all,zs_llm_blend,independent,4666,586,0.6351403327602787,0.3177131516782072,0.6364190795911363,0.0012787468308576022,checked
Ювелирные изделия,fold_03,all,knrm_name_v2,independent,4666,586,0.6351403327602787,0.30789989321170724,0.6122109970722635,-0.02292933568801525,checked
Ювелирные изделия,fold_03,all,ce_priodistill,diagnostic_non_independent,4666,586,0.6351403327602787,0.6124786573615213,0.634501760560488,-0.0006385721997906879,checked
Ювелирные изделия,fold_03,all,ce_fashion_specialist,diagnostic_non_independent,4666,586,0.6351403327602787,0.6071279293212348,0.6348070876094815,-0.0003332451507972456,checked
Ювелирные изделия,fold_03,name_exact,zs_llm_blend,independent,7,0,,,,,undefined_one_class
Ювелирные изделия,fold_03,name_exact,knrm_name_v2,independent,7,0,,,,,undefined_one_class
Ювелирные изделия,fold_03,name_exact,ce_priodistill,diagnostic_non_independent,7,0,,,,,undefined_one_class
Ювелирные изделия,fold_03,name_exact,ce_fashion_specialist,diagnostic_non_independent,7,0,,,,,undefined_one_class
Ювелирные изделия,fold_03,name_near,zs_llm_blend,independent,93,9,0.6574571262071263,0.39702497937792053,0.6304729992229992,-0.02698412698412711,checked
Ювелирные изделия,fold_03,name_near,knrm_name_v2,independent,93,9,0.6574571262071263,0.25627469791783825,0.6717882873796852,0.014331161172558948,checked
Ювелирные изделия,fold_03,name_near,ce_priodistill,diagnostic_non_independent,93,9,0.6574571262071263,0.6965197956577267,0.6605408927989573,0.003083766591831072,checked
Ювелирные изделия,fold_03,name_near,ce_fashion_specialist,diagnostic_non_independent,93,9,0.6574571262071263,0.7361391694725028,0.6648143970724616,0.00735727086533533,checked
Ювелирные изделия,fold_03,name_other,zs_llm_blend,independent,4566,577,0.6339655344180523,0.3210765293622267,0.6358909371394386,0.0019254027213863045,checked
Ювелирные изделия,fold_03,name_other,knrm_name_v2,independent,4566,577,0.6339655344180523,0.3102184029439162,0.6096012470571754,-0.024364287360876813,checked
Ювелирные изделия,fold_03,name_other,ce_priodistill,diagnostic_non_independent,4566,577,0.6339655344180523,0.6108578005475332,0.6332452344227775,-0.0007202999952747868,checked
Ювелирные изделия,fold_03,name_other,ce_fashion_specialist,diagnostic_non_independent,4566,577,0.6339655344180523,0.6046838324506015,0.6334513281291371,-0.0005142062889151866,checked
Ювелирные изделия,fold_03,attrs_present,zs_llm_blend,independent,4666,586,0.6351403327602787,0.3177131516782072,0.6364190795911363,0.0012787468308576022,checked
Ювелирные изделия,fold_03,attrs_present,knrm_name_v2,independent,4666,586,0.6351403327602787,0.30789989321170724,0.6122109970722635,-0.02292933568801525,checked
Ювелирные изделия,fold_03,attrs_present,ce_priodistill,diagnostic_non_independent,4666,586,0.6351403327602787,0.6124786573615213,0.634501760560488,-0.0006385721997906879,checked
Ювелирные изделия,fold_03,attrs_present,ce_fashion_specialist,diagnostic_non_independent,4666,586,0.6351403327602787,0.6071279293212348,0.6348070876094815,-0.0003332451507972456,checked
Ювелирные изделия,fold_03,brand_agree,zs_llm_blend,independent,547,155,0.7319291108816749,0.6316854662301207,0.7417568836190646,0.009827772737389662,checked
Ювелирные изделия,fold_03,brand_agree,knrm_name_v2,independent,547,155,0.7319291108816749,0.4535073117583717,0.7134262441466521,-0.01850286673502277,checked
Ювелирные изделия,fold_03,brand_agree,ce_priodistill,diagnostic_non_independent,547,155,0.7319291108816749,0.6995705301623104,0.7297307429970453,-0.0021983678846295707,checked
Ювелирные изделия,fold_03,brand_agree,ce_fashion_specialist,diagnostic_non_independent,547,155,0.7319291108816749,0.6983623707590154,0.7311261556382634,-0.0008029552434114517,checked
Ювелирные изделия,fold_03,brand_conflict,zs_llm_blend,independent,398,67,0.7083768492669924,0.5196887016743104,0.709865922935187,0.0014890736681946182,checked
Ювелирные изделия,fold_03,brand_conflict,knrm_name_v2,independent,398,67,0.7083768492669924,0.36390419369543126,0.6492089821441543,-0.05916786712283806,checked
Ювелирные изделия,fold_03,brand_conflict,ce_priodistill,diagnostic_non_independent,398,67,0.7083768492669924,0.7093628492745491,0.711319762404424,0.0029429131374315576,checked
Ювелирные изделия,fold_03,brand_conflict,ce_fashion_specialist,diagnostic_non_independent,398,67,0.7083768492669924,0.6937064047897317,0.7113329869835242,0.0029561377165318037,checked
Ювелирные изделия,fold_03,brand_one_missing,zs_llm_blend,independent,3721,364,0.57677847179824,0.2611389928688064,0.580025270131281,0.003246798333040979,checked
Ювелирные изделия,fold_03,brand_one_missing,knrm_name_v2,independent,3721,364,0.57677847179824,0.2287480810689181,0.5608931860824771,-0.015885285715762976,checked
Ювелирные изделия,fold_03,brand_one_missing,ce_priodistill,diagnostic_non_independent,3721,364,0.57677847179824,0.5504057978165022,0.5768229727419596,4.4500943719549824e-05,checked
Ювелирные изделия,fold_03,brand_one_missing,ce_fashion_specialist,diagnostic_non_independent,3721,364,0.57677847179824,0.5464680108508886,0.577254173037018,0.0004757012387779369,checked
Ювелирные изделия,fold_03,model_agree,zs_llm_blend,independent,312,71,0.6241839804668095,0.41550067868919366,0.6210124316469494,-0.0031715488198600372,checked
Ювелирные изделия,fold_03,model_agree,knrm_name_v2,independent,312,71,0.6241839804668095,0.33873803880537207,0.5986824499390315,-0.025501530527777927,checked
Ювелирные изделия,fold_03,model_agree,ce_priodistill,diagnostic_non_independent,312,71,0.6241839804668095,0.6367254320703055,0.6271827060835404,0.0029987256167309795,checked
Ювелирные изделия,fold_03,model_agree,ce_fashion_specialist,diagnostic_non_independent,312,71,0.6241839804668095,0.627667314345588,0.6258275158101347,0.0016435353433252864,checked
Ювелирные изделия,fold_03,model_both_missing,zs_llm_blend,independent,152,12,0.6010505210983097,0.19474850649722772,0.5830495622878518,-0.018000958810457934,checked
Ювелирные изделия,fold_03,model_both_missing,knrm_name_v2,independent,152,12,0.6010505210983097,0.2069307035675322,0.5549422746681518,-0.04610824643015787,checked
Ювелирные изделия,fold_03,model_both_missing,ce_priodistill,diagnostic_non_independent,152,12,0.6010505210983097,0.5665514456303931,0.6121784056549466,0.011127884556636936,checked
Ювелирные изделия,fold_03,model_both_missing,ce_fashion_specialist,diagnostic_non_independent,152,12,0.6010505210983097,0.5697383818161743,0.6108385388977494,0.009788017799439719,checked
Ювелирные изделия,fold_03,model_conflict,zs_llm_blend,independent,1195,253,0.7146305496105647,0.5519772304554241,0.7190576783078636,0.004427128697298888,checked
Ювелирные изделия,fold_03,model_conflict,knrm_name_v2,independent,1195,253,0.7146305496105647,0.39525058335401386,0.6854404870157415,-0.029190062594823263,checked
Ювелирные изделия,fold_03,model_conflict,ce_priodistill,diagnostic_non_independent,1195,253,0.7146305496105647,0.6956703086901821,0.7133219891629999,-0.0013085604475647772,checked
Ювелирные изделия,fold_03,model_conflict,ce_fashion_specialist,diagnostic_non_independent,1195,253,0.7146305496105647,0.6853323856523681,0.7133917798696582,-0.0012387697409065312,checked
Ювелирные изделия,fold_03,model_one_missing,zs_llm_blend,independent,3007,250,0.5549566467600731,0.25454661299422926,0.5581795539028523,0.0032229071427792855,checked
Ювелирные изделия,fold_03,model_one_missing,knrm_name_v2,independent,3007,250,0.5549566467600731,0.2043827157058306,0.5472165764764861,-0.0077400702835869195,checked
Ювелирные изделия,fold_03,model_one_missing,ce_priodistill,diagnostic_non_independent,3007,250,0.5549566467600731,0.518419913048678,0.5539922385676829,-0.000964408192390187,checked
Ювелирные изделия,fold_03,model_one_missing,ce_fashion_specialist,diagnostic_non_independent,3007,250,0.5549566467600731,0.5159846426662761,0.5550324504780183,7.580371794524421e-05,checked
Ювелирные изделия,fold_03,article_agree,zs_llm_blend,independent,58,37,0.9877640533989209,0.9834653050869266,0.990783686415851,0.00301963301693009,checked
Ювелирные изделия,fold_03,article_agree,knrm_name_v2,independent,58,37,0.9877640533989209,0.6457227430330787,0.9838010446526961,-0.003963008746224794,checked
Ювелирные изделия,fold_03,article_agree,ce_priodistill,diagnostic_non_independent,58,37,0.9877640533989209,0.9846130646481729,0.9877640533989209,0.0,checked
Ювелирные изделия,fold_03,article_agree,ce_fashion_specialist,diagnostic_non_independent,58,37,0.9877640533989209,0.9837599194749462,0.9877640533989209,0.0,checked
Ювелирные изделия,fold_03,article_conflict,zs_llm_blend,independent,1319,255,0.6751102908618798,0.4824479837099555,0.6820420998703651,0.0069318090084853345,checked
Ювелирные изделия,fold_03,article_conflict,knrm_name_v2,independent,1319,255,0.6751102908618798,0.40600832206240567,0.6482024803527697,-0.026907810509110064,checked
Ювелирные изделия,fold_03,article_conflict,ce_priodistill,diagnostic_non_independent,1319,255,0.6751102908618798,0.650623293523763,0.67363870237594,-0.0014715884859397566,checked
Ювелирные изделия,fold_03,article_conflict,ce_fashion_specialist,diagnostic_non_independent,1319,255,0.6751102908618798,0.6300210126598147,0.6734794588505792,-0.0016308320113005426,checked
Ювелирные изделия,fold_03,article_one_missing,zs_llm_blend,independent,3289,294,0.5157516165394463,0.23814537470304944,0.5236069762064046,0.007855359666958273,checked
Ювелирные изделия,fold_03,article_one_missing,knrm_name_v2,independent,3289,294,0.5157516165394463,0.205608522943066,0.5052532056274689,-0.010498410911977452,checked
Ювелирные изделия,fold_03,article_one_missing,ce_priodistill,diagnostic_non_independent,3289,294,0.5157516165394463,0.48881595776359016,0.5157222138747706,-2.9402664675770573e-05,checked
Ювелирные изделия,fold_03,article_one_missing,ce_fashion_specialist,diagnostic_non_independent,3289,294,0.5157516165394463,0.4869781890936556,0.5164678643419396,0.0007162478024932417,checked
Ювелирные изделия,fold_03,size_comparable_agree,zs_llm_blend,independent,310,87,0.8943138166204939,0.5073548303188772,0.8827624754017485,-0.011551341218745459,checked
Ювелирные изделия,fold_03,size_comparable_agree,knrm_name_v2,independent,310,87,0.8943138166204939,0.5975016539008591,0.8926760867264111,-0.00163772989408284,checked
Ювелирные изделия,fold_03,size_comparable_agree,ce_priodistill,diagnostic_non_independent,310,87,0.8943138166204939,0.8870438705008152,0.8952263399886287,0.0009125233681347433,checked
Ювелирные изделия,fold_03,size_comparable_agree,ce_fashion_specialist,diagnostic_non_independent,310,87,0.8943138166204939,0.8840450479132872,0.8947511502017255,0.0004373335812315471,checked
Ювелирные изделия,fold_03,size_comparable_mismatch,zs_llm_blend,independent,1763,306,0.5520904148157836,0.3442077993682015,0.55866664139611,0.006576226580326416,checked
Ювелирные изделия,fold_03,size_comparable_mismatch,knrm_name_v2,independent,1763,306,0.5520904148157836,0.34678076871757557,0.5414770118739769,-0.010613402941806682,checked
Ювелирные изделия,fold_03,size_comparable_mismatch,ce_priodistill,diagnostic_non_independent,1763,306,0.5520904148157836,0.5412010236554278,0.5511013793578714,-0.0009890354579121796,checked
Ювелирные изделия,fold_03,size_comparable_mismatch,ce_fashion_specialist,diagnostic_non_independent,1763,306,0.5520904148157836,0.5342827758132055,0.5511826932907625,-0.0009077215250210546,checked
Ювелирные изделия,fold_03,size_not_comparable,zs_llm_blend,independent,2593,193,0.5971849127078899,0.354602948138285,0.6046273632134364,0.007442450505546483,checked
Ювелирные изделия,fold_03,size_not_comparable,knrm_name_v2,independent,2593,193,0.5971849127078899,0.1572485459630314,0.5734386178958117,-0.023746294812078128,checked
Ювелирные изделия,fold_03,size_not_comparable,ce_priodistill,diagnostic_non_independent,2593,193,0.5971849127078899,0.5558713635243719,0.5970700697822993,-0.00011484292559060805,checked
Ювелирные изделия,fold_03,size_not_comparable,ce_fashion_specialist,diagnostic_non_independent,2593,193,0.5971849127078899,0.556662868394078,0.5981133682622837,0.0009284555543938033,checked
Ювелирные изделия,fold_03,numeric_conflict,zs_llm_blend,independent,815,179,0.6307413152704558,0.45519700092583415,0.6344391071605373,0.003697791890081459,checked
Ювелирные изделия,fold_03,numeric_conflict,knrm_name_v2,independent,815,179,0.6307413152704558,0.40678705834940887,0.6128542379936102,-0.017887077276845686,checked
Ювелирные изделия,fold_03,numeric_conflict,ce_priodistill,diagnostic_non_independent,815,179,0.6307413152704558,0.6210344810107282,0.6299408022709306,-0.0008005129995252158,checked
Ювелирные изделия,fold_03,numeric_conflict,ce_fashion_specialist,diagnostic_non_independent,815,179,0.6307413152704558,0.6233466449865681,0.631381192029102,0.0006398767586461851,checked
Ювелирные изделия,fold_03,numeric_missing,zs_llm_blend,independent,1443,118,0.565847515645614,0.29840603590832376,0.5580116925174499,-0.00783582312816411,checked
Ювелирные изделия,fold_03,numeric_missing,knrm_name_v2,independent,1443,118,0.565847515645614,0.18751293747680808,0.5235513873019833,-0.04229612834363072,checked
Ювелирные изделия,fold_03,numeric_missing,ce_priodistill,diagnostic_non_independent,1443,118,0.565847515645614,0.5478219118350764,0.5672744341692754,0.0014269185236613913,checked
Ювелирные изделия,fold_03,numeric_missing,ce_fashion_specialist,diagnostic_non_independent,1443,118,0.565847515645614,0.55160265866563,0.569351621075801,0.0035041054301869767,checked
Ювелирные изделия,fold_03,numeric_overlap,zs_llm_blend,independent,2408,289,0.6675217307404844,0.33094974466491756,0.6711921602660114,0.003670429525526986,checked
Ювелирные изделия,fold_03,numeric_overlap,knrm_name_v2,independent,2408,289,0.6675217307404844,0.3369497910963716,0.6508372415130679,-0.0166844892274165,checked
Ювелирные изделия,fold_03,numeric_overlap,ce_priodistill,diagnostic_non_independent,2408,289,0.6675217307404844,0.6331728779204864,0.6661729095882022,-0.001348821152282187,checked
Ювелирные изделия,fold_03,numeric_overlap,ce_fashion_specialist,diagnostic_non_independent,2408,289,0.6675217307404844,0.6204110169209501,0.6652971626288505,-0.002224568111633851,checked
Ювелирные изделия,fold_03,text_long,zs_llm_blend,independent,2958,373,0.6355149054414907,0.34516088526633104,0.639335156025551,0.003820250584060325,checked
Ювелирные изделия,fold_03,text_long,knrm_name_v2,independent,2958,373,0.6355149054414907,0.2981235048558792,0.6100086054286097,-0.02550630001288101,checked
Ювелирные изделия,fold_03,text_long,ce_priodistill,diagnostic_non_independent,2958,373,0.6355149054414907,0.6099553814173229,0.6347810006067762,-0.0007339048347144717,checked
Ювелирные изделия,fold_03,text_long,ce_fashion_specialist,diagnostic_non_independent,2958,373,0.6355149054414907,0.6038895075937617,0.6348857047300864,-0.0006292007114042653,checked
Ювелирные изделия,fold_03,text_medium,zs_llm_blend,independent,1097,140,0.6361494152539666,0.2474868451656536,0.6241409605420182,-0.012008454711948446,checked
Ювелирные изделия,fold_03,text_medium,knrm_name_v2,independent,1097,140,0.6361494152539666,0.36233576792898065,0.6267031643150902,-0.00944625093887641,checked
Ювелирные изделия,fold_03,text_medium,ce_priodistill,diagnostic_non_independent,1097,140,0.6361494152539666,0.6207683414502317,0.6367378888132861,0.0005884735593194579,checked
Ювелирные изделия,fold_03,text_medium,ce_fashion_specialist,diagnostic_non_independent,1097,140,0.6361494152539666,0.61395853354314,0.6371637466923901,0.0010143314384234436,checked
Ювелирные изделия,fold_03,text_very_long,zs_llm_blend,independent,611,73,0.6447899937691303,0.37771396171090466,0.6493301954624118,0.004540201693281509,checked
Ювелирные изделия,fold_03,text_very_long,knrm_name_v2,independent,611,73,0.6447899937691303,0.2915854050771008,0.6203161257097197,-0.024473868059410542,checked
Ювелирные изделия,fold_03,text_very_long,ce_priodistill,diagnostic_non_independent,611,73,0.6447899937691303,0.6265319579648982,0.6450330847800421,0.00024309101091180008,checked
Ювелирные изделия,fold_03,text_very_long,ce_fashion_specialist,diagnostic_non_independent,611,73,0.6447899937691303,0.6267497032356061,0.6460105132083478,0.0012205194392175267,checked
Ювелирные изделия,fold_03,score_01_05,zs_llm_blend,independent,32,0,,,,,undefined_one_class
Ювелирные изделия,fold_03,score_01_05,knrm_name_v2,independent,32,0,,,,,undefined_one_class
Ювелирные изделия,fold_03,score_01_05,ce_priodistill,diagnostic_non_independent,32,0,,,,,undefined_one_class
Ювелирные изделия,fold_03,score_01_05,ce_fashion_specialist,diagnostic_non_independent,32,0,,,,,undefined_one_class
Ювелирные изделия,fold_03,score_05_20,zs_llm_blend,independent,1074,3,0.008307624130904075,0.006151314361366518,0.009269162210338681,0.0009615380794346061,checked
Ювелирные изделия,fold_03,score_05_20,knrm_name_v2,independent,1074,3,0.008307624130904075,0.0036516003373542848,0.007685834250978074,-0.0006217898799260012,checked
Ювелирные изделия,fold_03,score_05_20,ce_priodistill,diagnostic_non_independent,1074,3,0.008307624130904075,0.06552209127503758,0.011418347267587624,0.003110723136683549,checked
Ювелирные изделия,fold_03,score_05_20,ce_fashion_specialist,diagnostic_non_independent,1074,3,0.008307624130904075,0.06163355053227147,0.018082368082368083,0.009774743951464007,checked
Ювелирные изделия,fold_03,score_20_50,zs_llm_blend,independent,1861,43,0.03716297961261231,0.030280574171857515,0.06188627620811736,0.024723296595505054,checked
Ювелирные изделия,fold_03,score_20_50,knrm_name_v2,independent,1861,43,0.03716297961261231,0.036574400122405044,0.03683458941057886,-0.0003283902020334503,checked
Ювелирные изделия,fold_03,score_20_50,ce_priodistill,diagnostic_non_independent,1861,43,0.03716297961261231,0.03852106150075775,0.03405082780639274,-0.003112151806219564,checked
Ювелирные изделия,fold_03,score_20_50,ce_fashion_specialist,diagnostic_non_independent,1861,43,0.03716297961261231,0.03422032442726039,0.03388680474854815,-0.0032761748640641603,checked
Ювелирные изделия,fold_03,score_50_80,zs_llm_blend,independent,1516,395,0.47078176994085064,0.2817551900264966,0.4698227966566887,-0.0009589732841619458,checked
Ювелирные изделия,fold_03,score_50_80,knrm_name_v2,independent,1516,395,0.47078176994085064,0.3682102846550107,0.4737570067969409,0.0029752368560902465,checked
Ювелирные изделия,fold_03,score_50_80,ce_priodistill,diagnostic_non_independent,1516,395,0.47078176994085064,0.45397762798930363,0.4752683284301452,0.004486558489294579,checked
Ювелирные изделия,fold_03,score_50_80,ce_fashion_specialist,diagnostic_non_independent,1516,395,0.47078176994085064,0.4565435041530939,0.4737304547553506,0.0029486848144999467,checked
Ювелирные изделия,fold_03,score_80_95,zs_llm_blend,independent,164,126,0.8875785483420915,0.8700937234566539,0.9083139014773078,0.02073535313521635,checked
Ювелирные изделия,fold_03,score_80_95,knrm_name_v2,independent,164,126,0.8875785483420915,0.787617869697688,0.8196353755548866,-0.06794317278720485,checked
Ювелирные изделия,fold_03,score_80_95,ce_priodistill,diagnostic_non_independent,164,126,0.8875785483420915,0.8645231716089901,0.8815422811144376,-0.006036267227653935,checked
Ювелирные изделия,fold_03,score_80_95,ce_fashion_specialist,diagnostic_non_independent,164,126,0.8875785483420915,0.8469248664896076,0.8817213228771092,-0.005857225464982241,checked
Ювелирные изделия,fold_03,score_95_99,zs_llm_blend,independent,17,17,,,,,undefined_one_class
Ювелирные изделия,fold_03,score_95_99,knrm_name_v2,independent,17,17,,,,,undefined_one_class
Ювелирные изделия,fold_03,score_95_99,ce_priodistill,diagnostic_non_independent,17,17,,,,,undefined_one_class
Ювелирные изделия,fold_03,score_95_99,ce_fashion_specialist,diagnostic_non_independent,17,17,,,,,undefined_one_class
Ювелирные изделия,fold_03,score_99_100,zs_llm_blend,independent,2,2,,,,,undefined_one_class
Ювелирные изделия,fold_03,score_99_100,knrm_name_v2,independent,2,2,,,,,undefined_one_class
Ювелирные изделия,fold_03,score_99_100,ce_priodistill,diagnostic_non_independent,2,2,,,,,undefined_one_class
Ювелирные изделия,fold_03,score_99_100,ce_fashion_specialist,diagnostic_non_independent,2,2,,,,,undefined_one_class
Ювелирные изделия,fold_03,text_asymmetric,zs_llm_blend,independent,1876,157,0.5351950836995031,0.24801912928110706,0.5425839150751828,0.007388831375679694,checked
Ювелирные изделия,fold_03,text_asymmetric,knrm_name_v2,independent,1876,157,0.5351950836995031,0.1890100513424118,0.5225562823547003,-0.012638801344802775,checked
Ювелирные изделия,fold_03,text_asymmetric,ce_priodistill,diagnostic_non_independent,1876,157,0.5351950836995031,0.5361529669344266,0.5374719534283258,0.0022768697288226836,checked
Ювелирные изделия,fold_03,text_asymmetric,ce_fashion_specialist,diagnostic_non_independent,1876,157,0.5351950836995031,0.5261746101952319,0.5377028301941814,0.0025077464946783312,checked
Ювелирные изделия,fold_04,all,zs_llm_blend,independent,4665,567,0.6067626481236219,0.32922947376359907,0.6020003457230266,-0.004762302400595275,checked
Ювелирные изделия,fold_04,all,knrm_name_v2,independent,4665,567,0.6067626481236219,0.29275114302737965,0.5745136433499437,-0.0322490047736782,checked
Ювелирные изделия,fold_04,all,ce_priodistill,diagnostic_non_independent,4665,567,0.6067626481236219,0.5957372781573655,0.6084134256061097,0.0016507774824877641,checked
Ювелирные изделия,fold_04,all,ce_fashion_specialist,diagnostic_non_independent,4665,567,0.6067626481236219,0.5830404534798255,0.6077236209619018,0.0009609728382798943,checked
Ювелирные изделия,fold_04,name_exact,zs_llm_blend,independent,15,0,,,,,undefined_one_class
Ювелирные изделия,fold_04,name_exact,knrm_name_v2,independent,15,0,,,,,undefined_one_class
Ювелирные изделия,fold_04,name_exact,ce_priodistill,diagnostic_non_independent,15,0,,,,,undefined_one_class
Ювелирные изделия,fold_04,name_exact,ce_fashion_specialist,diagnostic_non_independent,15,0,,,,,undefined_one_class
Ювелирные изделия,fold_04,name_near,zs_llm_blend,independent,87,5,0.5722222222222222,0.5253968253968253,0.8111111111111111,0.23888888888888893,checked
Ювелирные изделия,fold_04,name_near,knrm_name_v2,independent,87,5,0.5722222222222222,0.2895726495726496,0.7888888888888888,0.21666666666666656,checked
Ювелирные изделия,fold_04,name_near,ce_priodistill,diagnostic_non_independent,87,5,0.5722222222222222,0.6226190476190475,0.5722222222222222,0.0,checked
Ювелирные изделия,fold_04,name_near,ce_fashion_specialist,diagnostic_non_independent,87,5,0.5722222222222222,0.5722222222222222,0.5722222222222222,0.0,checked
Ювелирные изделия,fold_04,name_other,zs_llm_blend,independent,4563,562,0.6084855208970886,0.33540108393622137,0.6018127218199846,-0.006672799077104052,checked
Ювелирные изделия,fold_04,name_other,knrm_name_v2,independent,4563,562,0.6084855208970886,0.29657592250555626,0.5746561181022246,-0.033829402794864016,checked
Ювелирные изделия,fold_04,name_other,ce_priodistill,diagnostic_non_independent,4563,562,0.6084855208970886,0.5999870172141971,0.6104166224160614,0.0019311015189727998,checked
Ювелирные изделия,fold_04,name_other,ce_fashion_specialist,diagnostic_non_independent,4563,562,0.6084855208970886,0.5865535936850315,0.6095306879092424,0.001045167012153736,checked
Ювелирные изделия,fold_04,attrs_present,zs_llm_blend,independent,4665,567,0.6067626481236219,0.32922947376359907,0.6020003457230266,-0.004762302400595275,checked
Ювелирные изделия,fold_04,attrs_present,knrm_name_v2,independent,4665,567,0.6067626481236219,0.29275114302737965,0.5745136433499437,-0.0322490047736782,checked
Ювелирные изделия,fold_04,attrs_present,ce_priodistill,diagnostic_non_independent,4665,567,0.6067626481236219,0.5957372781573655,0.6084134256061097,0.0016507774824877641,checked
Ювелирные изделия,fold_04,attrs_present,ce_fashion_specialist,diagnostic_non_independent,4665,567,0.6067626481236219,0.5830404534798255,0.6077236209619018,0.0009609728382798943,checked
Ювелирные изделия,fold_04,brand_agree,zs_llm_blend,independent,524,121,0.6789977457006326,0.5581352699190718,0.6747722040005845,-0.004225541700048185,checked
Ювелирные изделия,fold_04,brand_agree,knrm_name_v2,independent,524,121,0.6789977457006326,0.37961911555784383,0.6265498228435185,-0.05244792285711419,checked
Ювелирные изделия,fold_04,brand_agree,ce_priodistill,diagnostic_non_independent,524,121,0.6789977457006326,0.6757516438133555,0.6802012078461487,0.0012034621455160321,checked
Ювелирные изделия,fold_04,brand_agree,ce_fashion_specialist,diagnostic_non_independent,524,121,0.6789977457006326,0.6722829691103419,0.6787604964538534,-0.00023724924677925863,checked
Ювелирные изделия,fold_04,brand_conflict,zs_llm_blend,independent,398,66,0.6600602206075037,0.43164267829794456,0.6423040138036246,-0.017756206803879127,checked
Ювелирные изделия,fold_04,brand_conflict,knrm_name_v2,independent,398,66,0.6600602206075037,0.41902998864234425,0.6264618816904542,-0.03359833891704944,checked
Ювелирные изделия,fold_04,brand_conflict,ce_priodistill,diagnostic_non_independent,398,66,0.6600602206075037,0.6458898799439899,0.6563114309289038,-0.0037487896785999286,checked
Ювелирные изделия,fold_04,brand_conflict,ce_fashion_specialist,diagnostic_non_independent,398,66,0.6600602206075037,0.6579589107498734,0.6579297453541892,-0.0021304752533144455,checked
Ювелирные изделия,fold_04,brand_one_missing,zs_llm_blend,independent,3743,380,0.5660276549661316,0.3012600604085513,0.56593911610628,-8.85388598516057e-05,checked
Ювелирные изделия,fold_04,brand_one_missing,knrm_name_v2,independent,3743,380,0.5660276549661316,0.25557441631058114,0.5456450709225527,-0.020382584043578955,checked
Ювелирные изделия,fold_04,brand_one_missing,ce_priodistill,diagnostic_non_independent,3743,380,0.5660276549661316,0.5546160893901089,0.5690899954398443,0.003062340473712677,checked
Ювелирные изделия,fold_04,brand_one_missing,ce_fashion_specialist,diagnostic_non_independent,3743,380,0.5660276549661316,0.532894216346308,0.5677832096896762,0.0017555547235446056,checked
Ювелирные изделия,fold_04,model_agree,zs_llm_blend,independent,278,68,0.5674905900227248,0.5263357757607435,0.5885831244169845,0.02109253439425962,checked
Ювелирные изделия,fold_04,model_agree,knrm_name_v2,independent,278,68,0.5674905900227248,0.41814917026753073,0.5823432713355194,0.014852681312794602,checked
Ювелирные изделия,fold_04,model_agree,ce_priodistill,diagnostic_non_independent,278,68,0.5674905900227248,0.5646462651684596,0.5695281424107035,0.0020375523879786472,checked
Ювелирные изделия,fold_04,model_agree,ce_fashion_specialist,diagnostic_non_independent,278,68,0.5674905900227248,0.5530595038058913,0.5683223354235631,0.0008317454008383018,checked
Ювелирные изделия,fold_04,model_both_missing,zs_llm_blend,independent,174,23,0.5785922570850746,0.3520182474024411,0.601021091947814,0.02242883486273939,checked
Ювелирные изделия,fold_04,model_both_missing,knrm_name_v2,independent,174,23,0.5785922570850746,0.25502477955425074,0.5304606739024469,-0.04813158318262767,checked
Ювелирные изделия,fold_04,model_both_missing,ce_priodistill,diagnostic_non_independent,174,23,0.5785922570850746,0.6497012686168852,0.5883409237868206,0.009748666701746012,checked
Ювелирные изделия,fold_04,model_both_missing,ce_fashion_specialist,diagnostic_non_independent,174,23,0.5785922570850746,0.6058619234355737,0.583583670525731,0.004991413440656456,checked
Ювелирные изделия,fold_04,model_conflict,zs_llm_blend,independent,1180,217,0.6733918267368766,0.4802218290185126,0.6643547695243247,-0.00903705721255188,checked
Ювелирные изделия,fold_04,model_conflict,knrm_name_v2,independent,1180,217,0.6733918267368766,0.3710628152654226,0.6173116542066965,-0.05608017253018005,checked
Ювелирные изделия,fold_04,model_conflict,ce_priodistill,diagnostic_non_independent,1180,217,0.6733918267368766,0.6650633153252461,0.6742118238095037,0.0008199970726271433,checked
Ювелирные изделия,fold_04,model_conflict,ce_fashion_specialist,diagnostic_non_independent,1180,217,0.6733918267368766,0.6701678450090607,0.674320357302169,0.000928530565292407,checked
Ювелирные изделия,fold_04,model_one_missing,zs_llm_blend,independent,3033,259,0.5584843863268687,0.2795561954813533,0.5541904025637272,-0.004293983763141496,checked
Ювелирные изделия,fold_04,model_one_missing,knrm_name_v2,independent,3033,259,0.5584843863268687,0.18686378263001335,0.541980309819211,-0.016504076507657728,checked
Ювелирные изделия,fold_04,model_one_missing,ce_priodistill,diagnostic_non_independent,3033,259,0.5584843863268687,0.539296273117932,0.560852493119107,0.0023681067922383114,checked
Ювелирные изделия,fold_04,model_one_missing,ce_fashion_specialist,diagnostic_non_independent,3033,259,0.5584843863268687,0.511293910640844,0.5588683370708222,0.00038395074395347617,checked
Ювелирные изделия,fold_04,article_agree,zs_llm_blend,independent,61,34,0.9617518360007794,0.9204790039060705,0.9550303150922519,-0.006721520908527512,checked
Ювелирные изделия,fold_04,article_agree,knrm_name_v2,independent,61,34,0.9617518360007794,0.599372092094044,0.8681367077938522,-0.09361512820692719,checked
Ювелирные изделия,fold_04,article_agree,ce_priodistill,diagnostic_non_independent,61,34,0.9617518360007794,0.9571165121647648,0.9627298133986352,0.000977977397855767,checked
Ювелирные изделия,fold_04,article_agree,ce_fashion_specialist,diagnostic_non_independent,61,34,0.9617518360007794,0.9578191654267784,0.9627298133986352,0.000977977397855767,checked
Ювелирные изделия,fold_04,article_conflict,zs_llm_blend,independent,1230,200,0.6264858355332724,0.40587774710073166,0.6104974176181012,-0.01598841791517125,checked
Ювелирные изделия,fold_04,article_conflict,knrm_name_v2,independent,1230,200,0.6264858355332724,0.35871441146697586,0.609072553637378,-0.017413281895894417,checked
Ювелирные изделия,fold_04,article_conflict,ce_priodistill,diagnostic_non_independent,1230,200,0.6264858355332724,0.6238448641914399,0.6276561696499088,0.0011703341166363623,checked
Ювелирные изделия,fold_04,article_conflict,ce_fashion_specialist,diagnostic_non_independent,1230,200,0.6264858355332724,0.6289435670154904,0.6276490439749408,0.0011632084416683952,checked
Ювелирные изделия,fold_04,article_one_missing,zs_llm_blend,independent,3374,333,0.5216637086667597,0.2842401435306144,0.5281814568979273,0.006517748231167575,checked
Ювелирные изделия,fold_04,article_one_missing,knrm_name_v2,independent,3374,333,0.5216637086667597,0.2424887405270371,0.5095638768132367,-0.012099831853523035,checked
Ювелирные изделия,fold_04,article_one_missing,ce_priodistill,diagnostic_non_independent,3374,333,0.5216637086667597,0.508349094308789,0.5242825621236421,0.0026188534568823973,checked
Ювелирные изделия,fold_04,article_one_missing,ce_fashion_specialist,diagnostic_non_independent,3374,333,0.5216637086667597,0.4825633216255855,0.5227621577469327,0.0010984490801729807,checked
Ювелирные изделия,fold_04,size_comparable_agree,zs_llm_blend,independent,290,81,0.842899502387978,0.6328529792712203,0.8353094848141567,-0.007590017573821273,checked
Ювелирные изделия,fold_04,size_comparable_agree,knrm_name_v2,independent,290,81,0.842899502387978,0.5496965684781182,0.8165846058026534,-0.0263148965853246,checked
Ювелирные изделия,fold_04,size_comparable_agree,ce_priodistill,diagnostic_non_independent,290,81,0.842899502387978,0.8429887516825465,0.8427267438697111,-0.00017275851826681343,checked
Ювелирные изделия,fold_04,size_comparable_agree,ce_fashion_specialist,diagnostic_non_independent,290,81,0.842899502387978,0.8357066378460197,0.8430128173565955,0.00011331496861755053,checked
Ювелирные изделия,fold_04,size_comparable_mismatch,zs_llm_blend,independent,1687,283,0.4901021893934912,0.300072004691446,0.4817664792215896,-0.0083357101719016,checked
Ювелирные изделия,fold_04,size_comparable_mismatch,knrm_name_v2,independent,1687,283,0.4901021893934912,0.3586408487092283,0.5005543024884557,0.010452113094964466,checked
Ювелирные изделия,fold_04,size_comparable_mismatch,ce_priodistill,diagnostic_non_independent,1687,283,0.4901021893934912,0.5022313070826981,0.49380270536480714,0.003700515971315932,checked
Ювелирные изделия,fold_04,size_comparable_mismatch,ce_fashion_specialist,diagnostic_non_independent,1687,283,0.4901021893934912,0.5028333569207013,0.4941729386725378,0.004070749279046604,checked
Ювелирные изделия,fold_04,size_not_comparable,zs_llm_blend,independent,2688,203,0.6160065102828541,0.34284944242070853,0.6276938188840168,0.011687308601162627,checked
Ювелирные изделия,fold_04,size_not_comparable,knrm_name_v2,independent,2688,203,0.6160065102828541,0.13368476323498396,0.5678428841696472,-0.0481636261132069,checked
Ювелирные изделия,fold_04,size_not_comparable,ce_priodistill,diagnostic_non_independent,2688,203,0.6160065102828541,0.5844473291077146,0.6175030779976323,0.0014965677147781298,checked
Ювелирные изделия,fold_04,size_not_comparable,ce_fashion_specialist,diagnostic_non_independent,2688,203,0.6160065102828541,0.5564886599640005,0.6171421804123093,0.0011356701294551463,checked
Ювелирные изделия,fold_04,numeric_conflict,zs_llm_blend,independent,817,147,0.5674925906305689,0.4062984441061117,0.5565197090450327,-0.01097288158553622,checked
Ювелирные изделия,fold_04,numeric_conflict,knrm_name_v2,independent,817,147,0.5674925906305689,0.368213121267828,0.5702983009085221,0.0028057102779531773,checked
Ювелирные изделия,fold_04,numeric_conflict,ce_priodistill,diagnostic_non_independent,817,147,0.5674925906305689,0.5594350721765396,0.566699066524854,-0.0007935241057148712,checked
Ювелирные изделия,fold_04,numeric_conflict,ce_fashion_specialist,diagnostic_non_independent,817,147,0.5674925906305689,0.5720202419579361,0.5659448232839982,-0.0015477673465706943,checked
Ювелирные изделия,fold_04,numeric_missing,zs_llm_blend,independent,1503,150,0.660181288966745,0.34411524461283427,0.6609284984297219,0.0007472094629769055,checked
Ювелирные изделия,fold_04,numeric_missing,knrm_name_v2,independent,1503,150,0.660181288966745,0.2705617032938519,0.6013394862958585,-0.058841802670886456,checked
Ювелирные изделия,fold_04,numeric_missing,ce_priodistill,diagnostic_non_independent,1503,150,0.660181288966745,0.6477085270740515,0.6643665847901707,0.00418529582342575,checked
Ювелирные изделия,fold_04,numeric_missing,ce_fashion_specialist,diagnostic_non_independent,1503,150,0.660181288966745,0.6201596053997447,0.6643361766968829,0.004154887730137946,checked
Ювелирные изделия,fold_04,numeric_overlap,zs_llm_blend,independent,2345,270,0.6021758387603805,0.32630898074165693,0.5975891009308636,-0.004586737829516907,checked
Ювелирные изделия,fold_04,numeric_overlap,knrm_name_v2,independent,2345,270,0.6021758387603805,0.2609941623360173,0.5782621474698644,-0.023913691290516126,checked
Ювелирные изделия,fold_04,numeric_overlap,ce_priodistill,diagnostic_non_independent,2345,270,0.6021758387603805,0.5865488340845142,0.6023738818007176,0.00019804304033710363,checked
Ювелирные изделия,fold_04,numeric_overlap,ce_fashion_specialist,diagnostic_non_independent,2345,270,0.6021758387603805,0.5752725553313618,0.6020709416379267,-0.00010489712245376204,checked
Ювелирные изделия,fold_04,text_long,zs_llm_blend,independent,2987,334,0.6030143333985236,0.3102613766869207,0.5971083168090892,-0.00590601658943446,checked
Ювелирные изделия,fold_04,text_long,knrm_name_v2,independent,2987,334,0.6030143333985236,0.2462951792423188,0.5553636319660583,-0.0476507014324653,checked
Ювелирные изделия,fold_04,text_long,ce_priodistill,diagnostic_non_independent,2987,334,0.6030143333985236,0.6016697893702437,0.6052442549943481,0.002229921595824469,checked
Ювелирные изделия,fold_04,text_long,ce_fashion_specialist,diagnostic_non_independent,2987,334,0.6030143333985236,0.5883320902668566,0.6041626295528859,0.0011482961543622938,checked
Ювелирные изделия,fold_04,text_medium,zs_llm_blend,independent,1077,150,0.6183778933345649,0.32265941136865783,0.6124349977939808,-0.005942895540584137,checked
Ювелирные изделия,fold_04,text_medium,knrm_name_v2,independent,1077,150,0.6183778933345649,0.39234521815066203,0.6069807002323194,-0.011397193102245518,checked
Ювелирные изделия,fold_04,text_medium,ce_priodistill,diagnostic_non_independent,1077,150,0.6183778933345649,0.5806651651623682,0.6175199416590484,-0.0008579516755164995,checked
Ювелирные изделия,fold_04,text_medium,ce_fashion_specialist,diagnostic_non_independent,1077,150,0.6183778933345649,0.5711407371211973,0.6177669632315854,-0.0006109301029795233,checked
Ювелирные изделия,fold_04,text_very_long,zs_llm_blend,independent,601,83,0.6195584325345784,0.47882584384238974,0.6201597466679413,0.0006013141333628402,checked
Ювелирные изделия,fold_04,text_very_long,knrm_name_v2,independent,601,83,0.6195584325345784,0.3463817841310124,0.6012056087206398,-0.018352823813938657,checked
Ювелирные изделия,fold_04,text_very_long,ce_priodistill,diagnostic_non_independent,601,83,0.6195584325345784,0.626805407598532,0.6214032295137828,0.0018447969792043661,checked
Ювелирные изделия,fold_04,text_very_long,ce_fashion_specialist,diagnostic_non_independent,601,83,0.6195584325345784,0.6220530658967375,0.6169030497532237,-0.002655382781354687,checked
Ювелирные изделия,fold_04,score_01_05,zs_llm_blend,independent,35,1,0.06666666666666667,0.034482758620689655,0.04,-0.026666666666666665,checked
Ювелирные изделия,fold_04,score_01_05,knrm_name_v2,independent,35,1,0.06666666666666667,0.125,0.1,0.03333333333333334,checked
Ювелирные изделия,fold_04,score_01_05,ce_priodistill,diagnostic_non_independent,35,1,0.06666666666666667,0.06666666666666667,0.07692307692307693,0.010256410256410262,checked
Ювелирные изделия,fold_04,score_01_05,ce_fashion_specialist,diagnostic_non_independent,35,1,0.06666666666666667,0.07142857142857142,0.08333333333333333,0.016666666666666663,checked
Ювелирные изделия,fold_04,score_05_20,zs_llm_blend,independent,1038,1,0.002898550724637681,0.006211180124223602,0.004132231404958678,0.0012336806803209966,checked
Ювелирные изделия,fold_04,score_05_20,knrm_name_v2,independent,1038,1,0.002898550724637681,0.00641025641025641,0.005291005291005291,0.0023924545663676095,checked
Ювелирные изделия,fold_04,score_05_20,ce_priodistill,diagnostic_non_independent,1038,1,0.002898550724637681,0.0045662100456621,0.0030581039755351682,0.00015955325089748703,checked
Ювелирные изделия,fold_04,score_05_20,ce_fashion_specialist,diagnostic_non_independent,1038,1,0.002898550724637681,0.00980392156862745,0.0033444816053511705,0.0004459308807134893,checked
Ювелирные изделия,fold_04,score_20_50,zs_llm_blend,independent,1978,43,0.0625376520646015,0.0488566262684059,0.07847433825908723,0.015936686194485725,checked
Ювелирные изделия,fold_04,score_20_50,knrm_name_v2,independent,1978,43,0.0625376520646015,0.02351898242503221,0.05113904883380939,-0.011398603230792115,checked
Ювелирные изделия,fold_04,score_20_50,ce_priodistill,diagnostic_non_independent,1978,43,0.0625376520646015,0.06920732273120576,0.07650547811339765,0.01396782604879615,checked
Ювелирные изделия,fold_04,score_20_50,ce_fashion_specialist,diagnostic_non_independent,1978,43,0.0625376520646015,0.05386212813138447,0.06644512578059034,0.003907473715988832,checked
Ювелирные изделия,fold_04,score_50_80,zs_llm_blend,independent,1424,383,0.4917768147582232,0.32094589382108535,0.4776279478107589,-0.014148866947464311,checked
Ювелирные изделия,fold_04,score_50_80,knrm_name_v2,independent,1424,383,0.4917768147582232,0.3584299956619195,0.47927064172385336,-0.01250617303436985,checked
Ювелирные изделия,fold_04,score_50_80,ce_priodistill,diagnostic_non_independent,1424,383,0.4917768147582232,0.46902310068840974,0.49182200838635937,4.519362813615313e-05,checked
Ювелирные изделия,fold_04,score_50_80,ce_fashion_specialist,diagnostic_non_independent,1424,383,0.4917768147582232,0.458604532174709,0.4946064037952267,0.002829589037003477,checked
Ювелирные изделия,fold_04,score_80_95,zs_llm_blend,independent,173,122,0.7946077644145255,0.750096992304986,0.8057403744300417,0.011132610015516131,checked
Ювелирные изделия,fold_04,score_80_95,knrm_name_v2,independent,173,122,0.7946077644145255,0.6778590604284112,0.7141337231340047,-0.08047404128052082,checked
Ювелирные изделия,fold_04,score_80_95,ce_priodistill,diagnostic_non_independent,173,122,0.7946077644145255,0.7969033557254392,0.7926787713826361,-0.0019289930318894255,checked
Ювелирные изделия,fold_04,score_80_95,ce_fashion_specialist,diagnostic_non_independent,173,122,0.7946077644145255,0.769741997688912,0.7885810330473759,-0.006026731367149596,checked
Ювелирные изделия,fold_04,score_95_99,zs_llm_blend,independent,16,16,,,,,undefined_one_class
Ювелирные изделия,fold_04,score_95_99,knrm_name_v2,independent,16,16,,,,,undefined_one_class
Ювелирные изделия,fold_04,score_95_99,ce_priodistill,diagnostic_non_independent,16,16,,,,,undefined_one_class
Ювелирные изделия,fold_04,score_95_99,ce_fashion_specialist,diagnostic_non_independent,16,16,,,,,undefined_one_class
Ювелирные изделия,fold_04,score_99_100,zs_llm_blend,independent,1,1,,,,,undefined_one_class
Ювелирные изделия,fold_04,score_99_100,knrm_name_v2,independent,1,1,,,,,undefined_one_class
Ювелирные изделия,fold_04,score_99_100,ce_priodistill,diagnostic_non_independent,1,1,,,,,undefined_one_class
Ювелирные изделия,fold_04,score_99_100,ce_fashion_specialist,diagnostic_non_independent,1,1,,,,,undefined_one_class
Ювелирные изделия,fold_04,text_asymmetric,zs_llm_blend,independent,1959,167,0.5063142118023972,0.26306709721577104,0.5040976827208699,-0.002216529081527363,checked
Ювелирные изделия,fold_04,text_asymmetric,knrm_name_v2,independent,1959,167,0.5063142118023972,0.2139898888813113,0.4959415640029499,-0.010372647799447299,checked
Ювелирные изделия,fold_04,text_asymmetric,ce_priodistill,diagnostic_non_independent,1959,167,0.5063142118023972,0.49440790633815423,0.5087986122014695,0.002484400399072273,checked
Ювелирные изделия,fold_04,text_asymmetric,ce_fashion_specialist,diagnostic_non_independent,1959,167,0.5063142118023972,0.4873409404526091,0.5062245720439451,-8.963975845210914e-05,checked
